{"type":"FeatureCollection","metadados":{"gerado_por":"tools/importar_camadas.js","gerado_em":"2026-10-07T20:41:07.728Z","camada":"Biomas","meio":"biotico","fonte":"Biomas do Estado de São Paulo (Cerrado e Mata Atlântica)","data_ref":"","origem_arquivo":"Biomas.shp","crs_origem":"EPSG:4326","simplificacao_graus":0.0009043717329571147,"escala_alvo":500000,"vertices_antes":255247,"vertices_depois":29005,"valores_trocados":0,"real":true},"features":[{"type":"Feature","properties":{"Bioma":"Cerrado"},"geometry":{"type":"MultiPolygon","coordinates":[[[[-47.283836,-20.328335],[-47.290131,-20.328769],[-47.292582,-20.325705],[-47.29283,-20.320497],[-47.289207,-20.307822],[-47.297859,-20.289897],[-47.298099,-20.281235],[-47.29163,-20.275817],[-47.284393,-20.277772],[-47.281565,-20.276871],[-47.272298,-20.263628],[-47.272044,-20.260956],[-47.276356,-20.254301],[-47.280391,-20.251174],[-47.285892,-20.251633],[-47.289473,-20.256013],[-47.292411,-20.256844],[-47.297386,-20.253997],[-47.303628,-20.255198],[-47.309578,-20.254078],[-47.315434,-20.250318],[-47.317063,-20.246982],[-47.312926,-20.236713],[-47.306276,-20.227156],[-47.290818,-20.213607],[-47.279114,-20.209862],[-47.277418,-20.207058],[-47.278124,-20.204219],[-47.287333,-20.194914],[-47.293547,-20.19259],[-47.298037,-20.195679],[-47.305865,-20.209229],[-47.315249,-20.217012],[-47.319883,-20.218672],[-47.324897,-20.214481],[-47.328667,-20.203115],[-47.342029,-20.200632],[-47.349266,-20.192813],[-47.353068,-20.193572],[-47.356129,-20.199029],[-47.359966,-20.202215],[-47.366738,-20.202665],[-47.370657,-20.197415],[-47.367252,-20.187373],[-47.368735,-20.176897],[-47.373681,-20.167897],[-47.375958,-20.159979],[-47.369797,-20.147971],[-47.370209,-20.140874],[-47.374461,-20.138891],[-47.381578,-20.140344],[-47.384532,-20.144253],[-47.386082,-20.152187],[-47.388904,-20.154197],[-47.401897,-20.150336],[-47.404759,-20.150774],[-47.407827,-20.156367],[-47.412334,-20.157529],[-47.414358,-20.159839],[-47.412248,-20.168772],[-47.415815,-20.173339],[-47.41514,-20.179522],[-47.417502,-20.188737],[-47.425041,-20.192764],[-47.423618,-20.198518],[-47.425993,-20.206537],[-47.4299,-20.208782],[-47.435998,-20.205693],[-47.439016,-20.205982],[-47.447073,-20.21754],[-47.452215,-20.222275],[-47.461778,-20.225761],[-47.461908,-20.23022],[-47.45925,-20.235775],[-47.463589,-20.242492],[-47.460135,-20.247074],[-47.45949,-20.251792],[-47.456492,-20.253605],[-47.448839,-20.252947],[-47.444776,-20.242387],[-47.437403,-20.243],[-47.432549,-20.238583],[-47.42556,-20.238313],[-47.416918,-20.233612],[-47.413839,-20.229503],[-47.401951,-20.222219],[-47.38715,-20.233344],[-47.385243,-20.241976],[-47.378054,-20.24469],[-47.37516,-20.248774],[-47.366256,-20.24822],[-47.365652,-20.240918],[-47.361732,-20.238819],[-47.352127,-20.243719],[-47.350554,-20.247336],[-47.350859,-20.251856],[-47.352077,-20.254759],[-47.35566,-20.257212],[-47.358209,-20.265885],[-47.365059,-20.276418],[-47.364519,-20.283001],[-47.358028,-20.292042],[-47.361926,-20.298269],[-47.366088,-20.299399],[-47.370343,-20.295119],[-47.379234,-20.293308],[-47.384629,-20.298925],[-47.400151,-20.300231],[-47.405999,-20.306775],[-47.404103,-20.313994],[-47.407605,-20.319675],[-47.406658,-20.328335],[-47.402055,-20.333034],[-47.401797,-20.33627],[-47.40684,-20.340218],[-47.41182,-20.33644],[-47.415889,-20.336467],[-47.419686,-20.345206],[-47.419467,-20.348841],[-47.41762,-20.351103],[-47.411682,-20.353518],[-47.408675,-20.358962],[-47.399426,-20.361932],[-47.398118,-20.364456],[-47.398838,-20.366705],[-47.401477,-20.368358],[-47.411996,-20.368417],[-47.417757,-20.370702],[-47.428956,-20.367863],[-47.439227,-20.372449],[-47.440301,-20.374912],[-47.439477,-20.379242],[-47.433843,-20.38402],[-47.427516,-20.384994],[-47.412502,-20.381093],[-47.409649,-20.381491],[-47.407735,-20.385379],[-47.410589,-20.392308],[-47.404939,-20.396631],[-47.396397,-20.396174],[-47.390648,-20.392635],[-47.386746,-20.387076],[-47.380044,-20.386035],[-47.376769,-20.387792],[-47.373076,-20.398213],[-47.378002,-20.402652],[-47.379548,-20.407875],[-47.376529,-20.411592],[-47.363581,-20.416052],[-47.361062,-20.422442],[-47.364828,-20.425292],[-47.371414,-20.422163],[-47.380981,-20.422309],[-47.385422,-20.430472],[-47.383041,-20.435565],[-47.378412,-20.439304],[-47.379333,-20.444482],[-47.377881,-20.44711],[-47.361606,-20.446669],[-47.358321,-20.449427],[-47.361184,-20.457962],[-47.3673,-20.461441],[-47.373087,-20.471808],[-47.371327,-20.481707],[-47.366638,-20.482303],[-47.357415,-20.472288],[-47.35131,-20.468544],[-47.346194,-20.469737],[-47.343667,-20.47281],[-47.343949,-20.477136],[-47.355803,-20.48485],[-47.360948,-20.495795],[-47.360528,-20.499807],[-47.355328,-20.50634],[-47.355281,-20.51188],[-47.349744,-20.514277],[-47.346216,-20.518675],[-47.343048,-20.518977],[-47.338867,-20.51451],[-47.333191,-20.514369],[-47.328468,-20.51198],[-47.319783,-20.51264],[-47.309639,-20.518219],[-47.305554,-20.516071],[-47.299178,-20.515844],[-47.297835,-20.513995],[-47.298043,-20.509382],[-47.295585,-20.5071],[-47.29133,-20.507065],[-47.286152,-20.511417],[-47.283452,-20.511901],[-47.276889,-20.505537],[-47.271293,-20.507272],[-47.264146,-20.504526],[-47.258138,-20.505822],[-47.251906,-20.500038],[-47.246222,-20.501757],[-47.235177,-20.500839],[-47.232305,-20.502955],[-47.231781,-20.512915],[-47.229712,-20.515759],[-47.226275,-20.515759],[-47.221915,-20.510823],[-47.218666,-20.510197],[-47.215384,-20.513034],[-47.211986,-20.520522],[-47.208936,-20.521938],[-47.201614,-20.516422],[-47.198579,-20.516251],[-47.195098,-20.518719],[-47.194046,-20.524853],[-47.189174,-20.528749],[-47.186153,-20.529216],[-47.180657,-20.526394],[-47.169409,-20.531064],[-47.163653,-20.531568],[-47.161689,-20.533385],[-47.160179,-20.539032],[-47.161433,-20.541704],[-47.169259,-20.547772],[-47.172128,-20.546562],[-47.174014,-20.542569],[-47.176333,-20.541179],[-47.182543,-20.54028],[-47.188209,-20.543701],[-47.193218,-20.540737],[-47.197268,-20.541326],[-47.199899,-20.544287],[-47.201931,-20.555316],[-47.206029,-20.559303],[-47.211194,-20.5599],[-47.213665,-20.558411],[-47.214246,-20.555864],[-47.209934,-20.546795],[-47.213651,-20.543009],[-47.214649,-20.539048],[-47.218997,-20.533303],[-47.224844,-20.530235],[-47.228014,-20.52603],[-47.23417,-20.526459],[-47.237696,-20.523622],[-47.240709,-20.523248],[-47.244737,-20.527911],[-47.248944,-20.529582],[-47.252001,-20.533708],[-47.259231,-20.531955],[-47.261658,-20.532703],[-47.26674,-20.537169],[-47.269114,-20.543477],[-47.271823,-20.543796],[-47.276185,-20.541848],[-47.279776,-20.543622],[-47.279026,-20.562119],[-47.285119,-20.571379],[-47.289073,-20.570674],[-47.291535,-20.565627],[-47.291164,-20.552245],[-47.298776,-20.550159],[-47.301125,-20.542583],[-47.306615,-20.542086],[-47.308185,-20.544546],[-47.30787,-20.552171],[-47.310414,-20.556052],[-47.314038,-20.568547],[-47.313093,-20.572191],[-47.307602,-20.575693],[-47.306507,-20.580947],[-47.300084,-20.591214],[-47.294469,-20.5977],[-47.289371,-20.599705],[-47.271055,-20.593691],[-47.267834,-20.590087],[-47.26313,-20.588048],[-47.245581,-20.589482],[-47.232356,-20.595105],[-47.223766,-20.592078],[-47.209412,-20.590018],[-47.199135,-20.591672],[-47.195812,-20.595229],[-47.193142,-20.602564],[-47.194635,-20.611466],[-47.205674,-20.622253],[-47.208811,-20.629734],[-47.213693,-20.634012],[-47.223444,-20.638204],[-47.225309,-20.644484],[-47.224896,-20.650372],[-47.229647,-20.655409],[-47.236729,-20.658262],[-47.254907,-20.658246],[-47.262027,-20.652963],[-47.269487,-20.650084],[-47.273667,-20.645659],[-47.280566,-20.642747],[-47.285828,-20.636928],[-47.292539,-20.633101],[-47.295137,-20.633041],[-47.297381,-20.635051],[-47.304229,-20.650657],[-47.306974,-20.65943],[-47.306285,-20.664824],[-47.310309,-20.677411],[-47.309195,-20.681487],[-47.303443,-20.68571],[-47.305538,-20.695787],[-47.304574,-20.698461],[-47.300431,-20.700279],[-47.295055,-20.697797],[-47.289593,-20.698402],[-47.28152,-20.706372],[-47.278205,-20.712238],[-47.280901,-20.717904],[-47.278995,-20.723471],[-47.274933,-20.723475],[-47.271664,-20.718372],[-47.268139,-20.717134],[-47.265156,-20.71954],[-47.263825,-20.725515],[-47.259993,-20.7268],[-47.25045,-20.716195],[-47.244185,-20.714184],[-47.237787,-20.718394],[-47.238455,-20.724726],[-47.236825,-20.727224],[-47.227308,-20.726783],[-47.222871,-20.732942],[-47.221196,-20.738218],[-47.222316,-20.75429],[-47.217045,-20.759681],[-47.207111,-20.765516],[-47.2023,-20.766757],[-47.19438,-20.764502],[-47.192316,-20.762487],[-47.188824,-20.752567],[-47.183257,-20.748182],[-47.18529,-20.75033],[-47.188798,-20.770163],[-47.192961,-20.771711],[-47.195867,-20.775247],[-47.206715,-20.775519],[-47.210178,-20.77855],[-47.212343,-20.783524],[-47.216011,-20.783989],[-47.220094,-20.789881],[-47.225069,-20.792372],[-47.230012,-20.790506],[-47.241756,-20.781208],[-47.253096,-20.783707],[-47.25579,-20.786883],[-47.255734,-20.794464],[-47.261116,-20.798754],[-47.26478,-20.797982],[-47.270905,-20.792411],[-47.274989,-20.792926],[-47.279421,-20.79145],[-47.286795,-20.793526],[-47.29922,-20.784642],[-47.305821,-20.783303],[-47.308617,-20.786919],[-47.305954,-20.799462],[-47.315366,-20.805816],[-47.318691,-20.803969],[-47.322594,-20.795115],[-47.328881,-20.793224],[-47.338569,-20.792686],[-47.349762,-20.795995],[-47.352565,-20.793803],[-47.353168,-20.788416],[-47.356747,-20.786581],[-47.36158,-20.786953],[-47.366633,-20.79084],[-47.37585,-20.79434],[-47.381492,-20.79085],[-47.39499,-20.786687],[-47.402914,-20.796278],[-47.405874,-20.797478],[-47.409582,-20.794916],[-47.409776,-20.787952],[-47.417692,-20.783656],[-47.415919,-20.776948],[-47.417156,-20.770354],[-47.407014,-20.766256],[-47.400028,-20.768582],[-47.397153,-20.76775],[-47.392582,-20.760203],[-47.391233,-20.751572],[-47.383471,-20.750035],[-47.381356,-20.748361],[-47.382125,-20.738441],[-47.380185,-20.736304],[-47.374435,-20.734302],[-47.37272,-20.726858],[-47.36805,-20.726308],[-47.360126,-20.730216],[-47.356505,-20.729018],[-47.356331,-20.719571],[-47.354285,-20.714801],[-47.355077,-20.711617],[-47.357561,-20.710059],[-47.362649,-20.711267],[-47.367041,-20.709924],[-47.376631,-20.710846],[-47.380932,-20.713349],[-47.387942,-20.724727],[-47.392392,-20.725523],[-47.397244,-20.723755],[-47.399094,-20.721136],[-47.401192,-20.710118],[-47.399587,-20.704485],[-47.397348,-20.702539],[-47.391758,-20.70215],[-47.383506,-20.696549],[-47.382583,-20.692383],[-47.387654,-20.685828],[-47.387726,-20.681474],[-47.37989,-20.670472],[-47.367822,-20.662209],[-47.367311,-20.64823],[-47.358162,-20.643311],[-47.355901,-20.637452],[-47.354778,-20.626149],[-47.349734,-20.618983],[-47.339463,-20.614615],[-47.336564,-20.61123],[-47.335739,-20.606379],[-47.336869,-20.601703],[-47.341924,-20.597578],[-47.35259,-20.595771],[-47.359853,-20.598756],[-47.360688,-20.605656],[-47.363381,-20.607879],[-47.367663,-20.606285],[-47.369972,-20.601902],[-47.372658,-20.600469],[-47.380788,-20.603906],[-47.390659,-20.604575],[-47.391518,-20.608641],[-47.386623,-20.616971],[-47.381679,-20.619957],[-47.381596,-20.62365],[-47.392894,-20.632668],[-47.40039,-20.633919],[-47.40537,-20.638083],[-47.41151,-20.638835],[-47.416166,-20.644412],[-47.412989,-20.652182],[-47.408801,-20.65809],[-47.404725,-20.660852],[-47.404219,-20.666979],[-47.396752,-20.671902],[-47.399742,-20.679211],[-47.398282,-20.686852],[-47.402897,-20.688704],[-47.408724,-20.686724],[-47.411162,-20.684628],[-47.413546,-20.678515],[-47.421689,-20.674162],[-47.43085,-20.677258],[-47.43672,-20.687494],[-47.439903,-20.68975],[-47.443412,-20.690033],[-47.447066,-20.687611],[-47.446126,-20.680732],[-47.448688,-20.677884],[-47.455366,-20.678391],[-47.467659,-20.682412],[-47.473593,-20.680183],[-47.474835,-20.677247],[-47.47341,-20.674651],[-47.457291,-20.67021],[-47.453913,-20.665197],[-47.45482,-20.662871],[-47.457483,-20.661521],[-47.47205,-20.660022],[-47.474077,-20.657769],[-47.47388,-20.654951],[-47.46998,-20.648798],[-47.464803,-20.64448],[-47.45179,-20.643149],[-47.450868,-20.640172],[-47.45348,-20.636647],[-47.453639,-20.633603],[-47.445828,-20.627299],[-47.439316,-20.625201],[-47.429395,-20.627493],[-47.426,-20.625789],[-47.426668,-20.621108],[-47.435335,-20.618107],[-47.44092,-20.614003],[-47.441758,-20.611336],[-47.440425,-20.608993],[-47.430023,-20.609478],[-47.424282,-20.603649],[-47.420496,-20.602753],[-47.408396,-20.605866],[-47.404269,-20.605239],[-47.401778,-20.602491],[-47.399657,-20.594826],[-47.396409,-20.593834],[-47.391296,-20.595081],[-47.388228,-20.592516],[-47.385486,-20.587412],[-47.386897,-20.583625],[-47.392071,-20.582464],[-47.401018,-20.585797],[-47.409879,-20.584756],[-47.4213,-20.586378],[-47.422978,-20.583457],[-47.421036,-20.576672],[-47.421386,-20.56774],[-47.417839,-20.558992],[-47.422717,-20.555278],[-47.430385,-20.558416],[-47.432674,-20.561451],[-47.43092,-20.567655],[-47.436048,-20.5766],[-47.439759,-20.578563],[-47.455196,-20.581833],[-47.460776,-20.586772],[-47.461942,-20.596241],[-47.470709,-20.601581],[-47.470917,-20.61462],[-47.473504,-20.62038],[-47.486603,-20.624819],[-47.491823,-20.633449],[-47.497241,-20.637852],[-47.501534,-20.639304],[-47.504448,-20.637167],[-47.504563,-20.630804],[-47.49361,-20.619375],[-47.494251,-20.616907],[-47.497966,-20.61374],[-47.497923,-20.610963],[-47.484487,-20.593661],[-47.47422,-20.589854],[-47.474498,-20.585881],[-47.481339,-20.583188],[-47.482323,-20.579404],[-47.476594,-20.572879],[-47.473053,-20.573048],[-47.468909,-20.575323],[-47.465509,-20.574152],[-47.461761,-20.567549],[-47.459741,-20.55892],[-47.460794,-20.556325],[-47.465314,-20.553507],[-47.46794,-20.553445],[-47.473666,-20.55987],[-47.487158,-20.559553],[-47.491952,-20.565889],[-47.499622,-20.56562],[-47.505495,-20.569437],[-47.513677,-20.565994],[-47.519568,-20.569662],[-47.526604,-20.569029],[-47.531249,-20.573551],[-47.531592,-20.576997],[-47.520683,-20.582554],[-47.5194,-20.586439],[-47.521601,-20.588613],[-47.529372,-20.590326],[-47.53568,-20.595281],[-47.539404,-20.595242],[-47.542361,-20.593316],[-47.541866,-20.585649],[-47.543296,-20.58327],[-47.548649,-20.583678],[-47.551543,-20.587087],[-47.552191,-20.592441],[-47.549192,-20.598144],[-47.544643,-20.601902],[-47.541507,-20.608801],[-47.541803,-20.612024],[-47.54512,-20.613655],[-47.552403,-20.607809],[-47.564389,-20.602765],[-47.564622,-20.588176],[-47.57375,-20.581507],[-47.572656,-20.569586],[-47.58952,-20.557217],[-47.591479,-20.553001],[-47.590186,-20.549709],[-47.586386,-20.547176],[-47.576654,-20.546586],[-47.57064,-20.544664],[-47.562332,-20.547515],[-47.56003,-20.545338],[-47.558908,-20.540208],[-47.550642,-20.536344],[-47.545672,-20.536732],[-47.540694,-20.541635],[-47.533966,-20.539659],[-47.52961,-20.54185],[-47.523649,-20.542418],[-47.519236,-20.546203],[-47.517347,-20.553354],[-47.511405,-20.555175],[-47.503631,-20.553546],[-47.48721,-20.540426],[-47.478231,-20.544133],[-47.475363,-20.543742],[-47.470614,-20.528998],[-47.459783,-20.525947],[-47.45702,-20.523442],[-47.456151,-20.514273],[-47.461176,-20.507143],[-47.465428,-20.505122],[-47.470991,-20.506932],[-47.482992,-20.515983],[-47.487447,-20.515582],[-47.489002,-20.513168],[-47.488429,-20.502329],[-47.491018,-20.490807],[-47.489097,-20.487293],[-47.486457,-20.486083],[-47.474903,-20.487997],[-47.46015,-20.486819],[-47.455991,-20.48281],[-47.457741,-20.478742],[-47.464871,-20.47729],[-47.470868,-20.472821],[-47.480132,-20.473417],[-47.487039,-20.471371],[-47.494888,-20.477896],[-47.498776,-20.47824],[-47.50377,-20.474807],[-47.507438,-20.474164],[-47.523347,-20.482094],[-47.543601,-20.47936],[-47.546389,-20.481334],[-47.546977,-20.48738],[-47.548735,-20.48964],[-47.557569,-20.487891],[-47.562798,-20.492369],[-47.570864,-20.493854],[-47.576099,-20.49748],[-47.583371,-20.496359],[-47.589432,-20.488703],[-47.593332,-20.487957],[-47.597711,-20.490373],[-47.600896,-20.496365],[-47.602258,-20.515917],[-47.60866,-20.520712],[-47.612982,-20.518249],[-47.615924,-20.504966],[-47.620668,-20.501834],[-47.621701,-20.499527],[-47.620418,-20.496777],[-47.611003,-20.49093],[-47.610852,-20.487201],[-47.62145,-20.48395],[-47.629685,-20.484607],[-47.636334,-20.490379],[-47.638734,-20.50965],[-47.644881,-20.520711],[-47.650773,-20.528145],[-47.663661,-20.530522],[-47.665509,-20.540172],[-47.66803,-20.542726],[-47.684477,-20.549744],[-47.685589,-20.560881],[-47.692932,-20.565885],[-47.696307,-20.579146],[-47.698822,-20.580528],[-47.701574,-20.579834],[-47.703563,-20.570203],[-47.705942,-20.568866],[-47.710265,-20.569132],[-47.714762,-20.572537],[-47.71803,-20.58279],[-47.724174,-20.589113],[-47.727316,-20.588292],[-47.730821,-20.584014],[-47.742251,-20.58509],[-47.746185,-20.581279],[-47.74115,-20.573084],[-47.722783,-20.564573],[-47.722454,-20.560591],[-47.726314,-20.555671],[-47.733209,-20.553606],[-47.744056,-20.560662],[-47.748723,-20.561022],[-47.750632,-20.557982],[-47.748742,-20.549583],[-47.749885,-20.542969],[-47.752084,-20.540253],[-47.757459,-20.536063],[-47.762561,-20.535085],[-47.771338,-20.541576],[-47.777245,-20.541942],[-47.780461,-20.535152],[-47.785956,-20.532093],[-47.793548,-20.522693],[-47.794517,-20.518955],[-47.793857,-20.516649],[-47.7913,-20.515185],[-47.771038,-20.521027],[-47.759654,-20.517451],[-47.752063,-20.517352],[-47.746667,-20.520291],[-47.742981,-20.525641],[-47.736045,-20.52849],[-47.731467,-20.532224],[-47.720693,-20.533091],[-47.713861,-20.527129],[-47.704311,-20.523006],[-47.698544,-20.51401],[-47.694421,-20.512923],[-47.686576,-20.513772],[-47.682016,-20.510776],[-47.682117,-20.506933],[-47.689585,-20.49675],[-47.698369,-20.497524],[-47.709675,-20.496106],[-47.720739,-20.4983],[-47.723552,-20.496691],[-47.724122,-20.493248],[-47.722568,-20.490834],[-47.71751,-20.48901],[-47.69784,-20.488982],[-47.691137,-20.486868],[-47.676673,-20.473557],[-47.675435,-20.469312],[-47.676742,-20.466376],[-47.687625,-20.461708],[-47.697407,-20.46048],[-47.707792,-20.462169],[-47.714483,-20.465356],[-47.720359,-20.464838],[-47.722104,-20.461509],[-47.718011,-20.455426],[-47.719459,-20.450973],[-47.725773,-20.449468],[-47.739108,-20.452452],[-47.745717,-20.44713],[-47.747588,-20.44263],[-47.747477,-20.437588],[-47.744092,-20.43409],[-47.738132,-20.43168],[-47.726169,-20.431658],[-47.719783,-20.434325],[-47.714231,-20.440366],[-47.705686,-20.439685],[-47.696835,-20.444463],[-47.686154,-20.442347],[-47.683949,-20.444045],[-47.681835,-20.450926],[-47.678297,-20.452388],[-47.673512,-20.448413],[-47.666574,-20.447156],[-47.665899,-20.444055],[-47.668123,-20.439484],[-47.666024,-20.436612],[-47.660873,-20.435774],[-47.65138,-20.440313],[-47.647829,-20.439746],[-47.646443,-20.436977],[-47.649668,-20.431259],[-47.648868,-20.427992],[-47.644872,-20.42641],[-47.636938,-20.429976],[-47.633888,-20.429635],[-47.632088,-20.426723],[-47.633516,-20.42032],[-47.628454,-20.416824],[-47.621912,-20.420677],[-47.615267,-20.429173],[-47.610505,-20.442402],[-47.604714,-20.448987],[-47.606519,-20.45619],[-47.603597,-20.45917],[-47.596161,-20.459261],[-47.594607,-20.456897],[-47.594777,-20.452715],[-47.592435,-20.45062],[-47.589834,-20.450743],[-47.581174,-20.4581],[-47.576756,-20.459372],[-47.569302,-20.453953],[-47.560858,-20.454921],[-47.555391,-20.450392],[-47.548645,-20.449145],[-47.543142,-20.45058],[-47.534532,-20.456828],[-47.529996,-20.457819],[-47.527565,-20.456265],[-47.523549,-20.446858],[-47.514356,-20.445316],[-47.509303,-20.441805],[-47.503152,-20.444251],[-47.495608,-20.442731],[-47.489896,-20.449202],[-47.481738,-20.444541],[-47.472968,-20.449638],[-47.46062,-20.452839],[-47.446678,-20.451421],[-47.438144,-20.452586],[-47.436149,-20.45009],[-47.436117,-20.445319],[-47.442161,-20.438983],[-47.453544,-20.439617],[-47.459658,-20.432743],[-47.469106,-20.4346],[-47.504423,-20.425159],[-47.511457,-20.426876],[-47.517608,-20.431144],[-47.520395,-20.43007],[-47.524277,-20.424951],[-47.528244,-20.4245],[-47.534992,-20.432374],[-47.535745,-20.438113],[-47.538276,-20.440284],[-47.544941,-20.439644],[-47.550498,-20.436981],[-47.55727,-20.438326],[-47.563244,-20.434201],[-47.565896,-20.435353],[-47.571496,-20.443374],[-47.586464,-20.441949],[-47.588768,-20.440309],[-47.595582,-20.427291],[-47.610011,-20.415609],[-47.611595,-20.411863],[-47.60964,-20.405057],[-47.602051,-20.401253],[-47.596587,-20.402424],[-47.585474,-20.408792],[-47.579708,-20.404008],[-47.570524,-20.404453],[-47.557793,-20.396941],[-47.54775,-20.395528],[-47.525064,-20.397973],[-47.518239,-20.403287],[-47.515565,-20.40237],[-47.511706,-20.397861],[-47.508516,-20.397591],[-47.503542,-20.400599],[-47.500763,-20.4072],[-47.498112,-20.408792],[-47.494821,-20.408398],[-47.489121,-20.404607],[-47.481559,-20.406869],[-47.475665,-20.402874],[-47.467889,-20.404693],[-47.461296,-20.404483],[-47.456837,-20.401175],[-47.458242,-20.393494],[-47.464585,-20.390804],[-47.481597,-20.389687],[-47.483668,-20.387647],[-47.483733,-20.38394],[-47.480801,-20.378068],[-47.453362,-20.367566],[-47.450909,-20.36171],[-47.452218,-20.358458],[-47.461861,-20.353623],[-47.466474,-20.352972],[-47.471316,-20.353682],[-47.479773,-20.357907],[-47.486527,-20.36313],[-47.492515,-20.380309],[-47.494643,-20.383341],[-47.497746,-20.384358],[-47.503983,-20.382449],[-47.511568,-20.385547],[-47.515975,-20.385226],[-47.51802,-20.382226],[-47.518039,-20.376065],[-47.525731,-20.373832],[-47.526754,-20.366398],[-47.530331,-20.364023],[-47.544714,-20.373658],[-47.553827,-20.368913],[-47.557558,-20.369535],[-47.572088,-20.384728],[-47.588292,-20.383094],[-47.597099,-20.387179],[-47.60652,-20.385383],[-47.608385,-20.377739],[-47.604517,-20.369689],[-47.598813,-20.365291],[-47.587547,-20.362954],[-47.580515,-20.359542],[-47.571997,-20.358718],[-47.557102,-20.352675],[-47.548262,-20.353782],[-47.545775,-20.352629],[-47.544834,-20.349143],[-47.547059,-20.340573],[-47.550028,-20.337982],[-47.55501,-20.336843],[-47.56173,-20.343252],[-47.569841,-20.346622],[-47.588609,-20.348062],[-47.602032,-20.343935],[-47.610881,-20.345304],[-47.614867,-20.349672],[-47.615987,-20.3585],[-47.619068,-20.364846],[-47.629227,-20.378692],[-47.635222,-20.382007],[-47.642574,-20.381333],[-47.644695,-20.378633],[-47.644137,-20.37579],[-47.636689,-20.372495],[-47.632733,-20.367481],[-47.628942,-20.348128],[-47.631686,-20.334832],[-47.637366,-20.32989],[-47.646593,-20.316525],[-47.651084,-20.316761],[-47.669326,-20.327469],[-47.676373,-20.328341],[-47.681879,-20.327021],[-47.686062,-20.323534],[-47.685988,-20.319527],[-47.682989,-20.315002],[-47.683876,-20.31225],[-47.690951,-20.311168],[-47.714532,-20.319834],[-47.719355,-20.327946],[-47.724432,-20.331447],[-47.729857,-20.33216],[-47.734504,-20.331208],[-47.736716,-20.329165],[-47.737695,-20.318962],[-47.746699,-20.315219],[-47.75045,-20.308641],[-47.750431,-20.305326],[-47.746803,-20.300309],[-47.727501,-20.294555],[-47.725291,-20.29119],[-47.731374,-20.284592],[-47.731599,-20.281267],[-47.728852,-20.276577],[-47.732631,-20.271738],[-47.736537,-20.271389],[-47.741563,-20.277047],[-47.745857,-20.27768],[-47.74869,-20.275911],[-47.750233,-20.271409],[-47.75514,-20.268789],[-47.755186,-20.265102],[-47.749662,-20.258278],[-47.742736,-20.255489],[-47.736022,-20.255856],[-47.730446,-20.261037],[-47.723526,-20.26424],[-47.712029,-20.274436],[-47.695975,-20.283145],[-47.689045,-20.28166],[-47.682101,-20.284607],[-47.678513,-20.282991],[-47.677628,-20.27962],[-47.681801,-20.274644],[-47.683623,-20.268578],[-47.69013,-20.269014],[-47.701555,-20.266791],[-47.706789,-20.262655],[-47.70994,-20.255754],[-47.714404,-20.251069],[-47.73343,-20.239756],[-47.739524,-20.240601],[-47.742733,-20.238952],[-47.745754,-20.233399],[-47.744245,-20.229755],[-47.73611,-20.225805],[-47.7298,-20.229292],[-47.718547,-20.227599],[-47.713856,-20.223985],[-47.714811,-20.220095],[-47.731927,-20.214839],[-47.739619,-20.210194],[-47.745118,-20.210797],[-47.751887,-20.214491],[-47.755075,-20.214197],[-47.763613,-20.207806],[-47.766692,-20.202676],[-47.773075,-20.199369],[-47.784713,-20.200292],[-47.794216,-20.204707],[-47.802035,-20.204608],[-47.817857,-20.19579],[-47.842862,-20.206412],[-47.864335,-20.202937],[-47.86937,-20.199449],[-47.872373,-20.20018],[-47.873713,-20.206221],[-47.87861,-20.213089],[-47.889364,-20.23791],[-47.898684,-20.241895],[-47.91433,-20.242637],[-47.925538,-20.248713],[-47.925975,-20.253496],[-47.920466,-20.2597],[-47.917731,-20.27413],[-47.90431,-20.298262],[-47.902942,-20.304045],[-47.905875,-20.307326],[-47.918828,-20.307412],[-47.922376,-20.313119],[-47.9251,-20.314548],[-47.931662,-20.313201],[-47.944601,-20.291215],[-47.959395,-20.288049],[-47.96528,-20.291708],[-47.973678,-20.306165],[-47.985054,-20.314722],[-47.99126,-20.313963],[-47.995156,-20.308113],[-47.997861,-20.306993],[-48.012464,-20.311302],[-48.018285,-20.314868],[-48.025549,-20.314905],[-48.030256,-20.312132],[-48.032744,-20.305743],[-48.03396,-20.294605],[-48.031723,-20.288971],[-48.032008,-20.284178],[-48.035966,-20.273032],[-48.035696,-20.267702],[-48.040451,-20.260622],[-48.040366,-20.2507],[-48.041826,-20.248147],[-48.04946,-20.246933],[-48.058938,-20.249526],[-48.079651,-20.247939],[-48.084303,-20.248987],[-48.089339,-20.25383],[-48.096068,-20.251289],[-48.101364,-20.253381],[-48.10546,-20.252955],[-48.116299,-20.248455],[-48.119807,-20.245513],[-48.128861,-20.22549],[-48.124039,-20.215587],[-48.108556,-20.207083],[-48.097131,-20.207566],[-48.083449,-20.213843],[-48.078468,-20.211001],[-48.075112,-20.206673],[-48.07169,-20.205445],[-48.064521,-20.206117],[-48.059232,-20.209072],[-48.054435,-20.209481],[-48.047126,-20.202675],[-48.041074,-20.200327],[-48.022971,-20.200887],[-48.015657,-20.196245],[-48.010502,-20.194966],[-48.005287,-20.195166],[-47.999983,-20.197941],[-47.992716,-20.19648],[-47.976363,-20.198473],[-47.957218,-20.188561],[-47.950045,-20.172961],[-47.954706,-20.142045],[-47.955331,-20.127272],[-47.953781,-20.11829],[-47.949009,-20.111222],[-47.938959,-20.101535],[-47.929736,-20.111938],[-47.90701,-20.123579],[-47.898899,-20.12525],[-47.893522,-20.124024],[-47.8902,-20.114981],[-47.882714,-20.106868],[-47.879923,-20.114602],[-47.869886,-20.116311],[-47.8615,-20.120787],[-47.853941,-20.122781],[-47.849913,-20.121478],[-47.847252,-20.116955],[-47.849329,-20.093344],[-47.846302,-20.088499],[-47.839435,-20.087359],[-47.81491,-20.088158],[-47.811857,-20.090071],[-47.804691,-20.100802],[-47.79335,-20.109201],[-47.773167,-20.141335],[-47.766744,-20.142397],[-47.753214,-20.150122],[-47.745309,-20.146503],[-47.734929,-20.147234],[-47.732963,-20.144978],[-47.73312,-20.14222],[-47.7393,-20.137215],[-47.739816,-20.13347],[-47.737598,-20.131203],[-47.73052,-20.130841],[-47.728205,-20.129447],[-47.728201,-20.118073],[-47.721761,-20.11279],[-47.723745,-20.104237],[-47.723226,-20.09463],[-47.710675,-20.079033],[-47.707298,-20.077216],[-47.704232,-20.078852],[-47.703861,-20.083049],[-47.71187,-20.095635],[-47.713652,-20.112344],[-47.710326,-20.11406],[-47.702119,-20.110959],[-47.700225,-20.108261],[-47.700488,-20.099967],[-47.693003,-20.096265],[-47.689527,-20.098778],[-47.688667,-20.110249],[-47.69733,-20.127672],[-47.703907,-20.131575],[-47.710959,-20.133287],[-47.714051,-20.136554],[-47.719287,-20.146341],[-47.7199,-20.158179],[-47.716113,-20.162913],[-47.705934,-20.160991],[-47.695137,-20.16638],[-47.68389,-20.157943],[-47.679163,-20.147856],[-47.673974,-20.146089],[-47.667836,-20.14775],[-47.665788,-20.150282],[-47.665314,-20.162587],[-47.667282,-20.164789],[-47.681732,-20.170259],[-47.683118,-20.175385],[-47.679328,-20.181646],[-47.675693,-20.181835],[-47.671225,-20.178652],[-47.668432,-20.178627],[-47.66634,-20.180604],[-47.665732,-20.185501],[-47.660223,-20.190503],[-47.642063,-20.188757],[-47.62829,-20.18937],[-47.614868,-20.193574],[-47.608884,-20.199648],[-47.6002,-20.20323],[-47.588063,-20.20435],[-47.581759,-20.200081],[-47.570909,-20.196622],[-47.563324,-20.19861],[-47.559511,-20.193189],[-47.554911,-20.191549],[-47.546874,-20.199884],[-47.517091,-20.205898],[-47.512597,-20.203946],[-47.51216,-20.197497],[-47.505913,-20.191805],[-47.506951,-20.183721],[-47.501028,-20.181945],[-47.494917,-20.185321],[-47.4957,-20.194299],[-47.49223,-20.197866],[-47.491186,-20.202986],[-47.486455,-20.207311],[-47.483234,-20.207613],[-47.472813,-20.202347],[-47.467411,-20.203333],[-47.459505,-20.201484],[-47.455617,-20.197678],[-47.45631,-20.192906],[-47.463562,-20.184869],[-47.464485,-20.179088],[-47.47125,-20.176399],[-47.478033,-20.167083],[-47.477933,-20.16312],[-47.473536,-20.159266],[-47.470682,-20.149934],[-47.467008,-20.146478],[-47.458628,-20.144335],[-47.447688,-20.148281],[-47.437773,-20.143595],[-47.433526,-20.137601],[-47.425003,-20.138155],[-47.421443,-20.132199],[-47.416342,-20.129561],[-47.414063,-20.123535],[-47.40556,-20.11975],[-47.400747,-20.112223],[-47.402623,-20.108228],[-47.405341,-20.107204],[-47.410117,-20.108235],[-47.418088,-20.113397],[-47.426087,-20.112704],[-47.428377,-20.111291],[-47.430022,-20.107195],[-47.432855,-20.105983],[-47.435457,-20.107013],[-47.438879,-20.111556],[-47.442007,-20.111806],[-47.449215,-20.106987],[-47.450274,-20.104657],[-47.441197,-20.094461],[-47.441194,-20.090217],[-47.445172,-20.088849],[-47.454309,-20.093002],[-47.459004,-20.090761],[-47.458984,-20.087786],[-47.454508,-20.082453],[-47.454652,-20.076904],[-47.447956,-20.071142],[-47.446998,-20.068484],[-47.450282,-20.065291],[-47.459752,-20.066556],[-47.462416,-20.061693],[-47.466399,-20.059485],[-47.469286,-20.055664],[-47.468646,-20.052826],[-47.462785,-20.048481],[-47.46327,-20.040038],[-47.467203,-20.035171],[-47.465383,-20.030021],[-47.467409,-20.017814],[-47.462269,-20.012745],[-47.461547,-20.010006],[-47.468503,-20.004068],[-47.472369,-19.995297],[-47.468185,-19.980422],[-47.468329,-19.975263],[-47.471763,-19.972557],[-47.476854,-19.97123],[-47.478559,-19.967956],[-47.475309,-19.962579],[-47.469514,-19.961227],[-47.464341,-19.963448],[-47.453985,-19.979356],[-47.451173,-19.987276],[-47.439452,-19.994693],[-47.434246,-20.003935],[-47.42518,-20.012132],[-47.424664,-20.017928],[-47.426119,-20.019554],[-47.428128,-20.018779],[-47.427662,-20.022593],[-47.430726,-20.023196],[-47.431404,-20.018964],[-47.434065,-20.024198],[-47.443164,-20.027535],[-47.444717,-20.029741],[-47.44256,-20.039143],[-47.43685,-20.052443],[-47.422018,-20.060553],[-47.405788,-20.081881],[-47.401178,-20.083817],[-47.378714,-20.083301],[-47.37435,-20.084796],[-47.370044,-20.092457],[-47.358198,-20.104199],[-47.348535,-20.105306],[-47.337058,-20.113282],[-47.331405,-20.113429],[-47.328735,-20.11588],[-47.322774,-20.116693],[-47.316661,-20.121833],[-47.310234,-20.123623],[-47.305797,-20.133521],[-47.29197,-20.149204],[-47.284737,-20.153241],[-47.27606,-20.153147],[-47.265319,-20.157159],[-47.257296,-20.165522],[-47.255419,-20.171692],[-47.257424,-20.183771],[-47.255909,-20.190966],[-47.250355,-20.199013],[-47.231234,-20.21899],[-47.232407,-20.227076],[-47.233574,-20.229886],[-47.237992,-20.233518],[-47.239797,-20.244232],[-47.247915,-20.25926],[-47.247003,-20.261721],[-47.253238,-20.2638],[-47.2575,-20.269657],[-47.258573,-20.274818],[-47.260403,-20.275089],[-47.259469,-20.276454],[-47.263894,-20.279385],[-47.263231,-20.280658],[-47.264544,-20.28076],[-47.264911,-20.283063],[-47.269582,-20.282841],[-47.26931,-20.284505],[-47.27139,-20.284681],[-47.272591,-20.28598],[-47.271419,-20.286753],[-47.276548,-20.290911],[-47.279707,-20.301859],[-47.281516,-20.303554],[-47.281675,-20.312413],[-47.28281,-20.315057],[-47.28393,-20.313721],[-47.285884,-20.316304],[-47.284165,-20.317784],[-47.28545,-20.320533],[-47.283775,-20.320837],[-47.285183,-20.321806],[-47.283615,-20.322543],[-47.284488,-20.32539],[-47.285793,-20.325447],[-47.283785,-20.328207],[-47.283836,-20.328335]]],[[[-47.195925,-20.926872],[-47.194036,-20.949441],[-47.201085,-20.955112],[-47.209476,-20.957139],[-47.212216,-20.962506],[-47.220377,-20.969319],[-47.225305,-20.97805],[-47.223547,-20.981257],[-47.216493,-20.982636],[-47.215315,-20.988771],[-47.212513,-20.992273],[-47.215377,-21.006855],[-47.213999,-21.013361],[-47.205231,-21.019024],[-47.194667,-21.02271],[-47.189563,-21.02964],[-47.190016,-21.032933],[-47.201345,-21.047137],[-47.203114,-21.051555],[-47.202687,-21.055566],[-47.196707,-21.060689],[-47.193134,-21.070106],[-47.186654,-21.075909],[-47.18639,-21.080031],[-47.191149,-21.085553],[-47.191822,-21.090731],[-47.186264,-21.095208],[-47.172623,-21.098785],[-47.162622,-21.096192],[-47.153709,-21.097848],[-47.147055,-21.094072],[-47.141079,-21.0937],[-47.131254,-21.098711],[-47.122631,-21.108146],[-47.122277,-21.114992],[-47.126989,-21.121742],[-47.125775,-21.124988],[-47.130943,-21.129045],[-47.133522,-21.133308],[-47.126909,-21.144041],[-47.122597,-21.145431],[-47.118168,-21.150017],[-47.117672,-21.155007],[-47.121951,-21.161388],[-47.121806,-21.16511],[-47.124427,-21.16701],[-47.12042,-21.171053],[-47.118463,-21.176094],[-47.118832,-21.185881],[-47.114417,-21.187583],[-47.098185,-21.207301],[-47.095622,-21.207019],[-47.089817,-21.210499],[-47.08618,-21.207146],[-47.082408,-21.208818],[-47.074674,-21.207648],[-47.068848,-21.20923],[-47.063958,-21.207446],[-47.062352,-21.20863],[-47.06871,-21.215822],[-47.072443,-21.225593],[-47.079643,-21.231785],[-47.076312,-21.235036],[-47.078675,-21.243493],[-47.087544,-21.249698],[-47.096748,-21.264315],[-47.097749,-21.278087],[-47.090941,-21.293982],[-47.09218,-21.297855],[-47.10917,-21.314911],[-47.120154,-21.318973],[-47.125605,-21.325092],[-47.128385,-21.325836],[-47.130919,-21.324504],[-47.145267,-21.306796],[-47.144653,-21.298172],[-47.146109,-21.296246],[-47.149251,-21.295744],[-47.164718,-21.304701],[-47.18073,-21.326232],[-47.190545,-21.330756],[-47.198349,-21.329189],[-47.201277,-21.325629],[-47.205303,-21.298881],[-47.201762,-21.292556],[-47.190607,-21.280712],[-47.185876,-21.273327],[-47.174576,-21.266771],[-47.164404,-21.258277],[-47.164029,-21.252296],[-47.16588,-21.249138],[-47.168739,-21.248334],[-47.180871,-21.259859],[-47.193628,-21.262721],[-47.200634,-21.275725],[-47.213054,-21.290787],[-47.214699,-21.307076],[-47.212039,-21.317113],[-47.214414,-21.32278],[-47.220969,-21.322841],[-47.235529,-21.316866],[-47.247385,-21.319465],[-47.255061,-21.318936],[-47.260098,-21.315117],[-47.262673,-21.309777],[-47.262154,-21.304255],[-47.254042,-21.296127],[-47.240763,-21.292269],[-47.235259,-21.284039],[-47.235991,-21.280775],[-47.241386,-21.277135],[-47.245752,-21.276109],[-47.252866,-21.276998],[-47.265466,-21.281536],[-47.269946,-21.285466],[-47.271533,-21.28906],[-47.272911,-21.304202],[-47.27504,-21.30752],[-47.27754,-21.308055],[-47.283339,-21.305207],[-47.296871,-21.303817],[-47.302285,-21.307372],[-47.304919,-21.313492],[-47.303911,-21.329484],[-47.310453,-21.338646],[-47.328333,-21.34815],[-47.344287,-21.352967],[-47.351161,-21.352609],[-47.361102,-21.347754],[-47.362008,-21.343277],[-47.348224,-21.332067],[-47.346744,-21.32814],[-47.359162,-21.317094],[-47.359858,-21.303077],[-47.356423,-21.292355],[-47.357241,-21.283866],[-47.361025,-21.277116],[-47.370188,-21.268137],[-47.373698,-21.26],[-47.371319,-21.254895],[-47.36803,-21.253732],[-47.364378,-21.254647],[-47.360341,-21.259066],[-47.346616,-21.268747],[-47.340198,-21.269212],[-47.335589,-21.265636],[-47.333898,-21.255975],[-47.338655,-21.245831],[-47.339887,-21.239339],[-47.339013,-21.234077],[-47.336002,-21.230372],[-47.335603,-21.225062],[-47.34042,-21.218035],[-47.340855,-21.213725],[-47.33359,-21.204964],[-47.33061,-21.203872],[-47.323937,-21.204451],[-47.315249,-21.210936],[-47.312687,-21.211363],[-47.307575,-21.20766],[-47.305369,-21.20123],[-47.298434,-21.200485],[-47.285856,-21.206643],[-47.283062,-21.21042],[-47.280171,-21.21121],[-47.273372,-21.208777],[-47.262889,-21.200314],[-47.249875,-21.197312],[-47.222605,-21.202161],[-47.189834,-21.21261],[-47.186817,-21.211814],[-47.185514,-21.209185],[-47.187479,-21.20609],[-47.201731,-21.199772],[-47.202006,-21.19682],[-47.198765,-21.193515],[-47.197863,-21.189696],[-47.201815,-21.178341],[-47.205805,-21.174526],[-47.209413,-21.175827],[-47.213288,-21.183418],[-47.220386,-21.186585],[-47.224796,-21.185628],[-47.227851,-21.180365],[-47.230549,-21.179159],[-47.2329,-21.17986],[-47.23774,-21.185084],[-47.246685,-21.185814],[-47.255021,-21.176218],[-47.259228,-21.174563],[-47.264448,-21.174836],[-47.279604,-21.182193],[-47.280375,-21.184849],[-47.277971,-21.192477],[-47.281211,-21.195513],[-47.291724,-21.189655],[-47.299098,-21.187537],[-47.316271,-21.188663],[-47.322384,-21.192167],[-47.335632,-21.189205],[-47.337267,-21.186883],[-47.33682,-21.182793],[-47.3241,-21.176931],[-47.317395,-21.160585],[-47.318697,-21.158283],[-47.321489,-21.157479],[-47.327317,-21.161895],[-47.329893,-21.16221],[-47.335245,-21.16096],[-47.346479,-21.154629],[-47.346735,-21.150759],[-47.34504,-21.14885],[-47.334376,-21.150447],[-47.331063,-21.147539],[-47.332148,-21.144076],[-47.337619,-21.140016],[-47.339893,-21.135893],[-47.333602,-21.124815],[-47.332778,-21.119638],[-47.336246,-21.115905],[-47.340747,-21.1148],[-47.351197,-21.122538],[-47.358931,-21.12556],[-47.36068,-21.141971],[-47.374828,-21.149132],[-47.372389,-21.161797],[-47.375778,-21.16599],[-47.380516,-21.16881],[-47.382118,-21.179597],[-47.384934,-21.180841],[-47.389885,-21.17859],[-47.392936,-21.179357],[-47.394095,-21.187276],[-47.404104,-21.190173],[-47.404127,-21.196854],[-47.406312,-21.199136],[-47.411696,-21.19904],[-47.417856,-21.195593],[-47.42547,-21.19637],[-47.442244,-21.218076],[-47.44845,-21.222631],[-47.449947,-21.230856],[-47.448603,-21.236586],[-47.450194,-21.240946],[-47.447039,-21.244114],[-47.437133,-21.241167],[-47.433685,-21.236348],[-47.43274,-21.230773],[-47.430497,-21.228714],[-47.410144,-21.229378],[-47.40796,-21.227667],[-47.406067,-21.221732],[-47.403494,-21.220298],[-47.397252,-21.222179],[-47.38904,-21.233975],[-47.38789,-21.2385],[-47.3894,-21.256412],[-47.392862,-21.258288],[-47.40252,-21.257047],[-47.407499,-21.258124],[-47.409295,-21.264532],[-47.40719,-21.276266],[-47.409754,-21.278421],[-47.415429,-21.279043],[-47.417534,-21.281218],[-47.417152,-21.284069],[-47.411088,-21.291209],[-47.411896,-21.2945],[-47.415268,-21.295612],[-47.424596,-21.292371],[-47.432267,-21.295471],[-47.433556,-21.299697],[-47.431869,-21.306081],[-47.43432,-21.311595],[-47.44062,-21.318371],[-47.449178,-21.322672],[-47.451292,-21.331844],[-47.455483,-21.333958],[-47.45838,-21.333484],[-47.462207,-21.329986],[-47.466465,-21.330221],[-47.469167,-21.328834],[-47.47037,-21.318246],[-47.474769,-21.310841],[-47.485551,-21.300726],[-47.494949,-21.303403],[-47.504212,-21.311607],[-47.51142,-21.309029],[-47.515637,-21.309799],[-47.518831,-21.313462],[-47.517805,-21.321143],[-47.524537,-21.343569],[-47.520495,-21.362615],[-47.526834,-21.375452],[-47.533231,-21.3785],[-47.546864,-21.380688],[-47.558721,-21.378522],[-47.565773,-21.374863],[-47.571088,-21.377935],[-47.576557,-21.378803],[-47.582846,-21.371264],[-47.590967,-21.367268],[-47.606221,-21.368245],[-47.611394,-21.372348],[-47.610349,-21.378007],[-47.61145,-21.385262],[-47.605541,-21.38954],[-47.604765,-21.396096],[-47.598654,-21.403456],[-47.590023,-21.42336],[-47.567616,-21.437315],[-47.567592,-21.442006],[-47.573061,-21.447852],[-47.570553,-21.457509],[-47.562536,-21.463876],[-47.559564,-21.472087],[-47.553513,-21.474242],[-47.548944,-21.477276],[-47.544412,-21.48318],[-47.534528,-21.487745],[-47.51841,-21.489648],[-47.510076,-21.487188],[-47.508989,-21.484371],[-47.510609,-21.476787],[-47.515498,-21.471875],[-47.516033,-21.469058],[-47.507507,-21.463234],[-47.504472,-21.458697],[-47.505066,-21.454501],[-47.510003,-21.448932],[-47.506095,-21.442084],[-47.506964,-21.438824],[-47.518301,-21.43674],[-47.52425,-21.437819],[-47.529339,-21.436303],[-47.532299,-21.433388],[-47.534058,-21.425837],[-47.532549,-21.415744],[-47.537963,-21.407901],[-47.538101,-21.404873],[-47.535378,-21.402652],[-47.528781,-21.403954],[-47.522942,-21.4015],[-47.512275,-21.383973],[-47.495524,-21.378864],[-47.488238,-21.373358],[-47.4822,-21.373149],[-47.478848,-21.378196],[-47.471981,-21.382972],[-47.46299,-21.386606],[-47.452235,-21.39503],[-47.4449,-21.397065],[-47.440522,-21.400348],[-47.437691,-21.407489],[-47.436917,-21.420961],[-47.434566,-21.425872],[-47.430921,-21.426977],[-47.420519,-21.423947],[-47.416672,-21.425794],[-47.415932,-21.432701],[-47.418221,-21.44147],[-47.425098,-21.450308],[-47.421595,-21.464054],[-47.419637,-21.481672],[-47.415749,-21.489718],[-47.41153,-21.493149],[-47.407971,-21.494428],[-47.402381,-21.493687],[-47.388074,-21.484376],[-47.382401,-21.477306],[-47.377698,-21.463364],[-47.368742,-21.455997],[-47.36427,-21.456491],[-47.363074,-21.463509],[-47.357952,-21.467474],[-47.356041,-21.473893],[-47.35174,-21.477481],[-47.351779,-21.484277],[-47.339849,-21.489116],[-47.339888,-21.494438],[-47.338042,-21.498718],[-47.340463,-21.503349],[-47.339778,-21.506242],[-47.336969,-21.50761],[-47.325328,-21.507016],[-47.323662,-21.509505],[-47.325184,-21.515602],[-47.324154,-21.518267],[-47.314073,-21.520836],[-47.30768,-21.523897],[-47.306149,-21.526196],[-47.30761,-21.52956],[-47.313013,-21.530398],[-47.315325,-21.532526],[-47.312443,-21.53959],[-47.313998,-21.545911],[-47.316362,-21.546783],[-47.325373,-21.545629],[-47.330766,-21.542618],[-47.340357,-21.546167],[-47.343173,-21.548528],[-47.343175,-21.554605],[-47.348527,-21.560009],[-47.348526,-21.569658],[-47.33737,-21.576732],[-47.339417,-21.588607],[-47.338642,-21.596374],[-47.334244,-21.607986],[-47.33132,-21.611864],[-47.330586,-21.616606],[-47.326954,-21.619803],[-47.323796,-21.627263],[-47.31632,-21.625791],[-47.309356,-21.629012],[-47.306928,-21.627373],[-47.305511,-21.62128],[-47.303411,-21.619379],[-47.299017,-21.619275],[-47.29372,-21.616974],[-47.287699,-21.619214],[-47.284761,-21.618393],[-47.280233,-21.610231],[-47.274827,-21.607558],[-47.273065,-21.603865],[-47.274679,-21.600421],[-47.28276,-21.59928],[-47.285061,-21.597293],[-47.284986,-21.593767],[-47.282702,-21.589762],[-47.282674,-21.581712],[-47.280661,-21.580532],[-47.275861,-21.580869],[-47.270807,-21.578387],[-47.269007,-21.574819],[-47.268698,-21.566069],[-47.261844,-21.560395],[-47.259491,-21.553801],[-47.244215,-21.553898],[-47.238551,-21.55854],[-47.234937,-21.569571],[-47.226259,-21.582061],[-47.227732,-21.587398],[-47.234653,-21.595397],[-47.237181,-21.602949],[-47.242009,-21.604042],[-47.245592,-21.598054],[-47.250186,-21.595925],[-47.255756,-21.595998],[-47.263114,-21.599441],[-47.264586,-21.60176],[-47.26492,-21.610678],[-47.272713,-21.621169],[-47.276984,-21.630678],[-47.305792,-21.65393],[-47.317802,-21.65984],[-47.317357,-21.663301],[-47.310759,-21.670388],[-47.304069,-21.671895],[-47.296077,-21.670381],[-47.292415,-21.673089],[-47.290759,-21.677226],[-47.29097,-21.683709],[-47.293558,-21.689923],[-47.296427,-21.691459],[-47.302854,-21.690258],[-47.314266,-21.679995],[-47.318494,-21.678043],[-47.327658,-21.678035],[-47.33088,-21.679196],[-47.332558,-21.681544],[-47.326428,-21.696362],[-47.323295,-21.713832],[-47.318286,-21.722008],[-47.310169,-21.72694],[-47.298372,-21.72777],[-47.294955,-21.732026],[-47.284807,-21.73462],[-47.28072,-21.737901],[-47.282132,-21.743349],[-47.288214,-21.74897],[-47.290412,-21.75485],[-47.295193,-21.759844],[-47.3084,-21.769702],[-47.31797,-21.774955],[-47.32281,-21.775975],[-47.331725,-21.775852],[-47.343005,-21.773086],[-47.36612,-21.762782],[-47.368166,-21.757322],[-47.367195,-21.75245],[-47.35297,-21.731684],[-47.352135,-21.724792],[-47.355568,-21.720893],[-47.364636,-21.723469],[-47.371204,-21.720478],[-47.369048,-21.69726],[-47.374704,-21.69056],[-47.385755,-21.693368],[-47.406499,-21.712967],[-47.408669,-21.730816],[-47.411357,-21.731849],[-47.420377,-21.729691],[-47.424896,-21.73029],[-47.428657,-21.734072],[-47.430718,-21.74164],[-47.432773,-21.743569],[-47.436062,-21.743353],[-47.4389,-21.739142],[-47.442119,-21.737993],[-47.448133,-21.738975],[-47.451928,-21.744584],[-47.456053,-21.744948],[-47.462573,-21.735459],[-47.457564,-21.72529],[-47.458461,-21.721594],[-47.460937,-21.720604],[-47.474207,-21.721521],[-47.479374,-21.718088],[-47.487066,-21.716537],[-47.490595,-21.718732],[-47.492377,-21.727676],[-47.495634,-21.733013],[-47.502594,-21.739604],[-47.511126,-21.741943],[-47.513563,-21.740274],[-47.515599,-21.734128],[-47.505859,-21.729231],[-47.504874,-21.726391],[-47.505958,-21.721915],[-47.510342,-21.717098],[-47.517633,-21.718387],[-47.520725,-21.716237],[-47.52105,-21.711834],[-47.526449,-21.700523],[-47.525374,-21.695499],[-47.527281,-21.691295],[-47.522979,-21.685982],[-47.522689,-21.683524],[-47.524525,-21.681321],[-47.530356,-21.679099],[-47.531566,-21.673448],[-47.528675,-21.671328],[-47.524144,-21.672241],[-47.518162,-21.670217],[-47.513009,-21.67044],[-47.495268,-21.681083],[-47.482646,-21.676105],[-47.472141,-21.677305],[-47.466483,-21.674239],[-47.460919,-21.674027],[-47.457066,-21.676213],[-47.452491,-21.682376],[-47.448126,-21.6825],[-47.446234,-21.680137],[-47.446502,-21.676949],[-47.452608,-21.667592],[-47.456337,-21.66397],[-47.468209,-21.659504],[-47.471642,-21.650993],[-47.475466,-21.650648],[-47.480509,-21.653143],[-47.49935,-21.650805],[-47.507011,-21.647876],[-47.522424,-21.647704],[-47.539276,-21.641497],[-47.542494,-21.639029],[-47.544602,-21.634752],[-47.547332,-21.633952],[-47.549733,-21.63505],[-47.552426,-21.64081],[-47.555578,-21.642825],[-47.571873,-21.639504],[-47.582652,-21.640698],[-47.588168,-21.648586],[-47.589322,-21.657458],[-47.591329,-21.659949],[-47.594076,-21.660831],[-47.603955,-21.659275],[-47.612253,-21.662833],[-47.622164,-21.660754],[-47.646293,-21.659799],[-47.650236,-21.65707],[-47.653106,-21.652001],[-47.657468,-21.649907],[-47.665422,-21.65435],[-47.668441,-21.654289],[-47.67137,-21.64866],[-47.669355,-21.642093],[-47.670011,-21.637541],[-47.680499,-21.634691],[-47.6848,-21.638399],[-47.681777,-21.648902],[-47.683486,-21.655308],[-47.6867,-21.659672],[-47.686141,-21.666449],[-47.692534,-21.675411],[-47.692261,-21.679238],[-47.687404,-21.688261],[-47.686455,-21.701093],[-47.688074,-21.7036],[-47.693027,-21.706215],[-47.694033,-21.708597],[-47.691459,-21.712041],[-47.686626,-21.714456],[-47.68229,-21.714736],[-47.679475,-21.717116],[-47.677713,-21.722764],[-47.679681,-21.731315],[-47.677411,-21.737209],[-47.678464,-21.742877],[-47.681613,-21.746941],[-47.691425,-21.752567],[-47.695455,-21.760554],[-47.696569,-21.767765],[-47.70366,-21.776643],[-47.710174,-21.792705],[-47.717599,-21.796944],[-47.729982,-21.797464],[-47.73906,-21.801314],[-47.744315,-21.801861],[-47.746698,-21.798589],[-47.744287,-21.790288],[-47.750976,-21.773852],[-47.750798,-21.765533],[-47.746337,-21.759147],[-47.742078,-21.747646],[-47.739199,-21.733604],[-47.73308,-21.724358],[-47.73333,-21.708827],[-47.730833,-21.699259],[-47.73349,-21.693568],[-47.745776,-21.680312],[-47.74598,-21.674061],[-47.742038,-21.669845],[-47.741431,-21.666152],[-47.746958,-21.657879],[-47.757587,-21.657745],[-47.764474,-21.661038],[-47.774095,-21.669278],[-47.777524,-21.669401],[-47.783813,-21.662895],[-47.78211,-21.656789],[-47.783238,-21.653947],[-47.786808,-21.652404],[-47.796308,-21.652217],[-47.802116,-21.644137],[-47.801406,-21.63764],[-47.797069,-21.633968],[-47.767083,-21.624162],[-47.765276,-21.621353],[-47.766354,-21.618695],[-47.772341,-21.616443],[-47.789288,-21.623023],[-47.798765,-21.622135],[-47.801589,-21.618825],[-47.803995,-21.608845],[-47.807411,-21.608217],[-47.814603,-21.613308],[-47.818332,-21.613143],[-47.829224,-21.594242],[-47.836346,-21.591891],[-47.841523,-21.585974],[-47.846558,-21.585924],[-47.850616,-21.584179],[-47.857306,-21.577631],[-47.865737,-21.57724],[-47.871617,-21.572959],[-47.876895,-21.574339],[-47.883152,-21.571672],[-47.890865,-21.572896],[-47.901257,-21.569801],[-47.910972,-21.572509],[-47.916956,-21.568387],[-47.9192,-21.562861],[-47.921665,-21.561287],[-47.932989,-21.565973],[-47.94091,-21.575429],[-47.948092,-21.578214],[-47.951681,-21.584607],[-47.955917,-21.585319],[-47.958348,-21.582493],[-47.957565,-21.575274],[-47.962641,-21.570418],[-47.962752,-21.565109],[-47.966467,-21.559999],[-47.969491,-21.549906],[-47.973591,-21.547605],[-47.977692,-21.541799],[-47.988799,-21.54254],[-47.992971,-21.541519],[-47.998814,-21.533611],[-48.004578,-21.534284],[-48.007599,-21.53691],[-48.004197,-21.54425],[-48.005689,-21.554654],[-47.990543,-21.565155],[-47.986963,-21.580582],[-47.97737,-21.583317],[-47.970837,-21.59678],[-47.970473,-21.602359],[-47.963094,-21.607056],[-47.960122,-21.607388],[-47.956322,-21.604053],[-47.953321,-21.603745],[-47.944247,-21.609885],[-47.935547,-21.611561],[-47.931727,-21.61548],[-47.922804,-21.614419],[-47.917286,-21.619013],[-47.897662,-21.626825],[-47.890325,-21.624699],[-47.884318,-21.624894],[-47.87487,-21.627878],[-47.869627,-21.631876],[-47.863068,-21.630292],[-47.854529,-21.630875],[-47.846348,-21.627972],[-47.837201,-21.631459],[-47.833299,-21.635601],[-47.822034,-21.637215],[-47.820138,-21.642436],[-47.825016,-21.64616],[-47.826643,-21.650752],[-47.830283,-21.654312],[-47.830665,-21.658821],[-47.833744,-21.663177],[-47.83432,-21.67262],[-47.841977,-21.680196],[-47.845372,-21.692416],[-47.837622,-21.705926],[-47.833875,-21.705818],[-47.829036,-21.698854],[-47.825468,-21.697785],[-47.811246,-21.710009],[-47.807717,-21.722787],[-47.810459,-21.726532],[-47.820607,-21.73371],[-47.818848,-21.739839],[-47.820594,-21.746088],[-47.819363,-21.748792],[-47.805429,-21.749082],[-47.80362,-21.746602],[-47.803566,-21.736002],[-47.796746,-21.733439],[-47.793262,-21.735167],[-47.79074,-21.74155],[-47.782248,-21.741232],[-47.779091,-21.743603],[-47.779888,-21.750677],[-47.775689,-21.755144],[-47.775412,-21.758415],[-47.780444,-21.761677],[-47.786025,-21.770723],[-47.792594,-21.773263],[-47.795324,-21.779311],[-47.801771,-21.783564],[-47.806801,-21.78265],[-47.811391,-21.784511],[-47.826798,-21.78465],[-47.833195,-21.788554],[-47.834083,-21.79382],[-47.832453,-21.800818],[-47.838264,-21.804385],[-47.839452,-21.806915],[-47.838679,-21.810639],[-47.834922,-21.814577],[-47.834723,-21.818257],[-47.840044,-21.822203],[-47.841481,-21.828011],[-47.848106,-21.830518],[-47.851472,-21.835769],[-47.852264,-21.840144],[-47.858924,-21.847832],[-47.862156,-21.847502],[-47.864651,-21.844814],[-47.867147,-21.833002],[-47.874345,-21.831156],[-47.877559,-21.824882],[-47.883507,-21.822573],[-47.883987,-21.815561],[-47.889189,-21.811091],[-47.887941,-21.802277],[-47.879127,-21.787063],[-47.88089,-21.781187],[-47.879798,-21.775273],[-47.88266,-21.770845],[-47.888571,-21.767137],[-47.901549,-21.765731],[-47.908179,-21.771269],[-47.919744,-21.775121],[-47.928119,-21.780126],[-47.930328,-21.787532],[-47.927241,-21.790679],[-47.924437,-21.790098],[-47.920832,-21.786362],[-47.915536,-21.78568],[-47.910751,-21.781102],[-47.907327,-21.781365],[-47.904225,-21.784048],[-47.90329,-21.789205],[-47.905423,-21.795001],[-47.907669,-21.796262],[-47.91513,-21.796174],[-47.922842,-21.803053],[-47.9237,-21.805639],[-47.920462,-21.810951],[-47.921328,-21.817785],[-47.917452,-21.821667],[-47.910017,-21.823467],[-47.902418,-21.836981],[-47.898485,-21.840489],[-47.899981,-21.849262],[-47.893004,-21.851702],[-47.890976,-21.857037],[-47.88587,-21.860586],[-47.886849,-21.865053],[-47.891546,-21.869578],[-47.891326,-21.87656],[-47.894314,-21.88295],[-47.893265,-21.885539],[-47.887582,-21.887793],[-47.884886,-21.887258],[-47.877174,-21.876432],[-47.867175,-21.878254],[-47.861977,-21.880748],[-47.854977,-21.874756],[-47.848753,-21.874037],[-47.846335,-21.875987],[-47.845934,-21.878584],[-47.849685,-21.886384],[-47.84796,-21.892384],[-47.8494,-21.898917],[-47.846906,-21.900774],[-47.839386,-21.900823],[-47.833385,-21.90532],[-47.825593,-21.902672],[-47.819423,-21.89523],[-47.812662,-21.896957],[-47.81019,-21.896303],[-47.808739,-21.894261],[-47.808548,-21.887114],[-47.799537,-21.881708],[-47.788537,-21.881147],[-47.783096,-21.868486],[-47.777146,-21.862502],[-47.771384,-21.859902],[-47.770443,-21.857031],[-47.775325,-21.852776],[-47.777225,-21.847792],[-47.781443,-21.842903],[-47.789273,-21.840247],[-47.796297,-21.828751],[-47.797681,-21.817206],[-47.80051,-21.810187],[-47.800426,-21.805854],[-47.798177,-21.80342],[-47.794926,-21.803622],[-47.790579,-21.807618],[-47.780925,-21.811914],[-47.776988,-21.810772],[-47.774039,-21.80734],[-47.769876,-21.807725],[-47.762299,-21.814825],[-47.765098,-21.823675],[-47.764247,-21.829066],[-47.761712,-21.831042],[-47.750329,-21.832524],[-47.747847,-21.82527],[-47.742779,-21.819265],[-47.737191,-21.814795],[-47.731677,-21.812898],[-47.728554,-21.813629],[-47.725656,-21.81756],[-47.714502,-21.821852],[-47.711787,-21.824261],[-47.713235,-21.837395],[-47.71552,-21.838643],[-47.723989,-21.838441],[-47.727048,-21.840674],[-47.730074,-21.849995],[-47.731108,-21.86076],[-47.729628,-21.863084],[-47.726951,-21.863798],[-47.715739,-21.859891],[-47.711717,-21.8617],[-47.708734,-21.871287],[-47.710479,-21.873569],[-47.716399,-21.875894],[-47.71741,-21.879131],[-47.71461,-21.882316],[-47.70956,-21.882836],[-47.707649,-21.884425],[-47.709364,-21.892295],[-47.702641,-21.898276],[-47.701085,-21.907998],[-47.697896,-21.915971],[-47.698911,-21.918974],[-47.704267,-21.920963],[-47.713071,-21.920112],[-47.719866,-21.92506],[-47.725716,-21.923726],[-47.729034,-21.924739],[-47.738856,-21.941681],[-47.741895,-21.941629],[-47.747289,-21.938541],[-47.752296,-21.938705],[-47.753841,-21.942185],[-47.750001,-21.949904],[-47.752935,-21.95331],[-47.763918,-21.951275],[-47.766289,-21.94581],[-47.772249,-21.943424],[-47.77506,-21.937714],[-47.78012,-21.935392],[-47.785376,-21.937994],[-47.800855,-21.939388],[-47.808099,-21.945823],[-47.809489,-21.950442],[-47.8123,-21.952158],[-47.823614,-21.946342],[-47.826911,-21.9414],[-47.830079,-21.941146],[-47.838684,-21.945999],[-47.84702,-21.957747],[-47.845524,-21.960665],[-47.840884,-21.962118],[-47.83394,-21.954759],[-47.823465,-21.956478],[-47.821952,-21.958591],[-47.821703,-21.963887],[-47.815081,-21.967054],[-47.81275,-21.972805],[-47.806716,-21.97522],[-47.806339,-21.982715],[-47.800932,-21.987436],[-47.800152,-21.994436],[-47.801451,-21.998377],[-47.805043,-22.000522],[-47.812848,-21.999822],[-47.815164,-22.001951],[-47.818641,-22.035653],[-47.816529,-22.038412],[-47.801688,-22.042923],[-47.798638,-22.046001],[-47.794311,-22.047409],[-47.793015,-22.05038],[-47.794968,-22.053684],[-47.806102,-22.06079],[-47.80921,-22.067561],[-47.815684,-22.072777],[-47.81558,-22.080789],[-47.809809,-22.087421],[-47.809486,-22.094399],[-47.810466,-22.097191],[-47.817317,-22.1034],[-47.818142,-22.109723],[-47.812002,-22.115346],[-47.802071,-22.116791],[-47.788649,-22.114702],[-47.779862,-22.11073],[-47.771664,-22.113653],[-47.763373,-22.111998],[-47.76045,-22.118212],[-47.758008,-22.119669],[-47.755129,-22.119025],[-47.751992,-22.115893],[-47.749029,-22.115656],[-47.743983,-22.121816],[-47.734839,-22.121922],[-47.730035,-22.123768],[-47.728389,-22.127157],[-47.729884,-22.132614],[-47.728592,-22.135746],[-47.726372,-22.137286],[-47.721594,-22.137117],[-47.716468,-22.134404],[-47.714515,-22.127596],[-47.708603,-22.120326],[-47.705626,-22.111691],[-47.700973,-22.109617],[-47.693315,-22.110021],[-47.684635,-22.104518],[-47.680458,-22.100015],[-47.677761,-22.094078],[-47.67281,-22.09009],[-47.662175,-22.088847],[-47.655677,-22.082741],[-47.655957,-22.076409],[-47.665327,-22.070613],[-47.675942,-22.068408],[-47.682826,-22.072257],[-47.694358,-22.076043],[-47.704229,-22.068991],[-47.718206,-22.069908],[-47.727,-22.066148],[-47.747453,-22.066085],[-47.757733,-22.064417],[-47.766417,-22.058524],[-47.764017,-22.046794],[-47.744326,-22.035624],[-47.730512,-22.034949],[-47.713156,-22.030905],[-47.699418,-22.034552],[-47.693675,-22.03421],[-47.680348,-22.015452],[-47.670462,-22.005783],[-47.665833,-22.004372],[-47.659844,-22.004702],[-47.655339,-22.007341],[-47.652537,-22.021619],[-47.654738,-22.024792],[-47.663719,-22.026712],[-47.664726,-22.032697],[-47.656195,-22.040434],[-47.650178,-22.055663],[-47.642422,-22.061474],[-47.630755,-22.061693],[-47.626923,-22.059625],[-47.620424,-22.051009],[-47.611653,-22.044498],[-47.60862,-22.036203],[-47.602067,-22.033743],[-47.599303,-22.029305],[-47.601694,-22.02501],[-47.605312,-22.023796],[-47.612663,-22.026057],[-47.617174,-22.030434],[-47.622411,-22.027898],[-47.631207,-22.011444],[-47.632866,-22.00358],[-47.631251,-21.999002],[-47.624542,-21.998946],[-47.621884,-21.996152],[-47.627918,-21.985331],[-47.632461,-21.984989],[-47.636992,-21.991196],[-47.643761,-21.990869],[-47.650679,-21.993302],[-47.65639,-21.992681],[-47.666852,-21.982761],[-47.671252,-21.970814],[-47.688021,-21.967515],[-47.691464,-21.955964],[-47.696535,-21.946938],[-47.703193,-21.941117],[-47.702553,-21.935388],[-47.70023,-21.933054],[-47.69391,-21.931731],[-47.691297,-21.9297],[-47.689832,-21.92252],[-47.687131,-21.920581],[-47.683477,-21.921894],[-47.681202,-21.9297],[-47.674846,-21.935752],[-47.671578,-21.936299],[-47.667383,-21.933564],[-47.666675,-21.93031],[-47.670723,-21.926358],[-47.670869,-21.921293],[-47.664061,-21.908913],[-47.662884,-21.897108],[-47.647808,-21.884504],[-47.644556,-21.875984],[-47.645111,-21.87303],[-47.647609,-21.87149],[-47.659554,-21.871707],[-47.66379,-21.864844],[-47.670132,-21.866076],[-47.673095,-21.864491],[-47.673575,-21.861647],[-47.67061,-21.855714],[-47.66438,-21.852147],[-47.663129,-21.849668],[-47.667907,-21.840458],[-47.671017,-21.839823],[-47.676162,-21.841597],[-47.679196,-21.838783],[-47.678066,-21.82205],[-47.671683,-21.81463],[-47.671231,-21.811439],[-47.675009,-21.809145],[-47.688061,-21.811468],[-47.694433,-21.806667],[-47.695979,-21.803076],[-47.696319,-21.793254],[-47.693786,-21.786165],[-47.685489,-21.771158],[-47.672539,-21.75918],[-47.668039,-21.760819],[-47.663767,-21.775715],[-47.659342,-21.783857],[-47.650076,-21.788868],[-47.644709,-21.79723],[-47.641809,-21.798433],[-47.638922,-21.797073],[-47.636544,-21.790215],[-47.633137,-21.786034],[-47.63794,-21.779149],[-47.636059,-21.77183],[-47.64699,-21.762031],[-47.63886,-21.749271],[-47.635598,-21.748365],[-47.630732,-21.752179],[-47.623733,-21.752448],[-47.622314,-21.754767],[-47.622754,-21.760449],[-47.616207,-21.767557],[-47.612136,-21.76651],[-47.609175,-21.759471],[-47.605367,-21.759103],[-47.599046,-21.763941],[-47.598778,-21.769987],[-47.59186,-21.776745],[-47.59029,-21.783401],[-47.582078,-21.78744],[-47.583529,-21.794253],[-47.582655,-21.796659],[-47.557582,-21.81115],[-47.554671,-21.819151],[-47.555924,-21.822448],[-47.569075,-21.828163],[-47.571371,-21.83223],[-47.577219,-21.835003],[-47.579492,-21.839922],[-47.583995,-21.842148],[-47.586027,-21.846466],[-47.5937,-21.848395],[-47.597714,-21.856218],[-47.592854,-21.866858],[-47.586756,-21.869201],[-47.582966,-21.872608],[-47.579063,-21.873199],[-47.572323,-21.870815],[-47.562159,-21.862186],[-47.560543,-21.853382],[-47.551587,-21.851571],[-47.549169,-21.842997],[-47.543075,-21.836058],[-47.544369,-21.8287],[-47.543275,-21.825724],[-47.535452,-21.820966],[-47.528751,-21.813804],[-47.52939,-21.810775],[-47.537535,-21.803866],[-47.53936,-21.796934],[-47.552632,-21.7879],[-47.563999,-21.784882],[-47.568455,-21.778476],[-47.568321,-21.771431],[-47.563924,-21.767023],[-47.556506,-21.763359],[-47.545125,-21.75019],[-47.533722,-21.744216],[-47.527108,-21.744664],[-47.514122,-21.749973],[-47.509167,-21.753896],[-47.509468,-21.761145],[-47.506042,-21.765266],[-47.505459,-21.770679],[-47.502899,-21.772469],[-47.497501,-21.770744],[-47.492803,-21.771276],[-47.48657,-21.768555],[-47.480736,-21.772608],[-47.472534,-21.771553],[-47.463715,-21.775175],[-47.457928,-21.770748],[-47.451963,-21.772249],[-47.44704,-21.770108],[-47.444514,-21.770589],[-47.441011,-21.775129],[-47.432614,-21.777732],[-47.431246,-21.787197],[-47.422422,-21.804212],[-47.418018,-21.80592],[-47.405147,-21.801388],[-47.397416,-21.806955],[-47.39426,-21.81843],[-47.39774,-21.823578],[-47.403426,-21.826219],[-47.406425,-21.829452],[-47.40724,-21.834163],[-47.405535,-21.836661],[-47.402866,-21.837157],[-47.396822,-21.83518],[-47.383684,-21.83583],[-47.367431,-21.829003],[-47.354903,-21.828523],[-47.349873,-21.824525],[-47.345254,-21.825448],[-47.34332,-21.828218],[-47.35358,-21.84314],[-47.365448,-21.848319],[-47.370777,-21.852389],[-47.377626,-21.8517],[-47.397878,-21.855497],[-47.40556,-21.85187],[-47.409945,-21.847898],[-47.415414,-21.846094],[-47.436278,-21.847941],[-47.446784,-21.843949],[-47.450731,-21.845293],[-47.451207,-21.848719],[-47.445498,-21.859638],[-47.436271,-21.863214],[-47.429455,-21.871062],[-47.428975,-21.87655],[-47.422628,-21.884596],[-47.418481,-21.894943],[-47.418723,-21.904419],[-47.425264,-21.913507],[-47.429848,-21.923186],[-47.430378,-21.92918],[-47.427853,-21.93465],[-47.424868,-21.935779],[-47.418574,-21.93395],[-47.405975,-21.923328],[-47.403281,-21.922497],[-47.399278,-21.922762],[-47.389464,-21.928615],[-47.383176,-21.93729],[-47.380439,-21.938674],[-47.365561,-21.935079],[-47.358815,-21.937151],[-47.349555,-21.937093],[-47.345199,-21.935178],[-47.33983,-21.927127],[-47.336766,-21.926976],[-47.333291,-21.929233],[-47.331424,-21.932747],[-47.333144,-21.939416],[-47.34492,-21.947428],[-47.349631,-21.95666],[-47.352785,-21.957426],[-47.358986,-21.952872],[-47.363551,-21.952539],[-47.375231,-21.963818],[-47.373908,-21.982698],[-47.369927,-21.984095],[-47.363566,-21.980227],[-47.359608,-21.979486],[-47.35407,-21.981609],[-47.351492,-21.986652],[-47.3519,-21.999074],[-47.346932,-22.002465],[-47.340608,-22.00132],[-47.330812,-21.996707],[-47.320207,-21.995142],[-47.309545,-21.988598],[-47.297247,-21.989493],[-47.289324,-21.984831],[-47.289585,-21.976233],[-47.286033,-21.972516],[-47.279544,-21.969421],[-47.259157,-21.96909],[-47.256718,-21.967669],[-47.254391,-21.961949],[-47.256513,-21.959865],[-47.261364,-21.958723],[-47.262454,-21.955231],[-47.258211,-21.950647],[-47.258691,-21.945059],[-47.253082,-21.933378],[-47.248849,-21.915452],[-47.240773,-21.908049],[-47.230584,-21.901565],[-47.226798,-21.894172],[-47.225019,-21.886713],[-47.226097,-21.876739],[-47.225092,-21.86249],[-47.222049,-21.858811],[-47.208847,-21.856566],[-47.204421,-21.85122],[-47.192818,-21.844487],[-47.191233,-21.839373],[-47.192252,-21.833245],[-47.197403,-21.826328],[-47.220872,-21.820889],[-47.233765,-21.812515],[-47.240321,-21.799035],[-47.240597,-21.783557],[-47.237158,-21.7782],[-47.226145,-21.770685],[-47.20697,-21.766771],[-47.2058,-21.763168],[-47.207377,-21.753075],[-47.205296,-21.748955],[-47.200145,-21.74806],[-47.189252,-21.750724],[-47.18429,-21.748752],[-47.183721,-21.739223],[-47.192904,-21.724867],[-47.195668,-21.707189],[-47.193285,-21.700672],[-47.183349,-21.695904],[-47.183313,-21.688954],[-47.175276,-21.675949],[-47.170869,-21.673638],[-47.164257,-21.672598],[-47.163158,-21.666122],[-47.160122,-21.662195],[-47.161991,-21.646556],[-47.152562,-21.630228],[-47.153762,-21.627801],[-47.158992,-21.625874],[-47.160623,-21.62383],[-47.160751,-21.61965],[-47.157236,-21.61236],[-47.158825,-21.608018],[-47.164257,-21.601373],[-47.163995,-21.597676],[-47.157353,-21.591774],[-47.147612,-21.590989],[-47.139535,-21.585054],[-47.130426,-21.582669],[-47.126613,-21.579165],[-47.125491,-21.575412],[-47.126748,-21.572079],[-47.131595,-21.567671],[-47.131692,-21.562291],[-47.134289,-21.558549],[-47.139151,-21.559226],[-47.143119,-21.563911],[-47.146779,-21.565757],[-47.151325,-21.565873],[-47.154532,-21.562717],[-47.155251,-21.555253],[-47.159105,-21.550407],[-47.163289,-21.551079],[-47.165298,-21.557165],[-47.168716,-21.558509],[-47.171133,-21.557282],[-47.182603,-21.542891],[-47.187542,-21.543061],[-47.192926,-21.546135],[-47.196475,-21.545534],[-47.198444,-21.542887],[-47.198512,-21.534173],[-47.202641,-21.530189],[-47.206278,-21.530354],[-47.211049,-21.535095],[-47.223492,-21.533959],[-47.227128,-21.526329],[-47.232075,-21.521938],[-47.23595,-21.514985],[-47.241544,-21.514177],[-47.247894,-21.520441],[-47.251975,-21.522329],[-47.259145,-21.520611],[-47.265945,-21.514126],[-47.267476,-21.509916],[-47.272211,-21.505251],[-47.271557,-21.500408],[-47.274391,-21.494208],[-47.272357,-21.488632],[-47.27536,-21.479982],[-47.274782,-21.465199],[-47.276676,-21.458753],[-47.272459,-21.45114],[-47.263595,-21.448167],[-47.256122,-21.4434],[-47.244268,-21.429552],[-47.245694,-21.41207],[-47.239664,-21.394706],[-47.242344,-21.366182],[-47.235696,-21.351335],[-47.232661,-21.349398],[-47.22796,-21.349417],[-47.2082,-21.355626],[-47.207126,-21.359759],[-47.212345,-21.365295],[-47.211323,-21.370265],[-47.202958,-21.376234],[-47.19962,-21.383871],[-47.193208,-21.386087],[-47.182708,-21.376358],[-47.180831,-21.370601],[-47.174321,-21.36048],[-47.170726,-21.346283],[-47.165564,-21.336396],[-47.160499,-21.332436],[-47.155702,-21.331877],[-47.150229,-21.334263],[-47.140477,-21.345439],[-47.141663,-21.354379],[-47.140456,-21.360386],[-47.135925,-21.364914],[-47.132326,-21.36484],[-47.130581,-21.362666],[-47.129044,-21.35073],[-47.11839,-21.348086],[-47.112649,-21.345009],[-47.111035,-21.340706],[-47.112152,-21.336418],[-47.110579,-21.333597],[-47.104987,-21.328386],[-47.095604,-21.324262],[-47.092374,-21.318492],[-47.076223,-21.303333],[-47.071763,-21.272936],[-47.063924,-21.260571],[-47.057336,-21.243093],[-47.051766,-21.247612],[-47.051899,-21.25124],[-47.049876,-21.253472],[-47.051012,-21.257942],[-47.04482,-21.262245],[-47.044853,-21.26684],[-47.042327,-21.268728],[-47.042623,-21.277342],[-47.039259,-21.280536],[-47.041854,-21.284123],[-47.040629,-21.284718],[-47.042151,-21.288341],[-47.040438,-21.289345],[-47.042142,-21.289946],[-47.037273,-21.293545],[-47.03767,-21.295166],[-47.028961,-21.299857],[-47.040666,-21.318119],[-47.042098,-21.323116],[-47.040834,-21.327787],[-47.031713,-21.337995],[-47.02146,-21.340363],[-47.0067,-21.349852],[-47.001834,-21.35153],[-47.000225,-21.355695],[-47.004471,-21.362626],[-47.007834,-21.365315],[-47.0098,-21.370017],[-47.010224,-21.374747],[-47.008229,-21.378973],[-47.009361,-21.386027],[-47.01651,-21.387589],[-47.019612,-21.394862],[-47.027515,-21.395676],[-47.036844,-21.402762],[-47.049302,-21.399544],[-47.05343,-21.400514],[-47.057787,-21.404392],[-47.063246,-21.404939],[-47.073009,-21.39449],[-47.07985,-21.391652],[-47.093145,-21.389027],[-47.10016,-21.382999],[-47.107394,-21.382704],[-47.11378,-21.385792],[-47.118031,-21.390301],[-47.121152,-21.398501],[-47.12155,-21.421849],[-47.127051,-21.431172],[-47.131439,-21.446092],[-47.136912,-21.451744],[-47.138252,-21.460069],[-47.136554,-21.467626],[-47.132954,-21.473601],[-47.133993,-21.484212],[-47.137442,-21.491802],[-47.145397,-21.496613],[-47.144898,-21.503082],[-47.148954,-21.50709],[-47.149578,-21.509861],[-47.144225,-21.521353],[-47.138259,-21.523316],[-47.134027,-21.527638],[-47.128213,-21.528777],[-47.124579,-21.532789],[-47.115366,-21.532947],[-47.099513,-21.55284],[-47.101995,-21.559287],[-47.099976,-21.564732],[-47.10247,-21.570445],[-47.09643,-21.579502],[-47.096081,-21.582238],[-47.106998,-21.58936],[-47.116138,-21.599252],[-47.117666,-21.60571],[-47.116939,-21.618049],[-47.114392,-21.624226],[-47.106798,-21.631251],[-47.109339,-21.638724],[-47.106084,-21.646601],[-47.110705,-21.654365],[-47.110539,-21.657602],[-47.10852,-21.659143],[-47.089944,-21.6632],[-47.083091,-21.672658],[-47.078274,-21.686529],[-47.078879,-21.693211],[-47.082455,-21.69943],[-47.078384,-21.714054],[-47.082779,-21.726919],[-47.08629,-21.732272],[-47.113049,-21.749807],[-47.139613,-21.762438],[-47.147738,-21.771077],[-47.146703,-21.795062],[-47.135369,-21.80376],[-47.13348,-21.823489],[-47.130761,-21.832609],[-47.134976,-21.842489],[-47.1522,-21.862887],[-47.154116,-21.871405],[-47.152707,-21.879764],[-47.150655,-21.882039],[-47.124192,-21.894092],[-47.118959,-21.894304],[-47.113198,-21.889529],[-47.102516,-21.870206],[-47.087575,-21.863834],[-47.070924,-21.867329],[-47.065333,-21.86437],[-47.062797,-21.861321],[-47.063906,-21.853723],[-47.058027,-21.85173],[-47.051543,-21.846756],[-47.052739,-21.839811],[-47.051398,-21.837126],[-47.036139,-21.834239],[-47.033006,-21.831599],[-47.031297,-21.824309],[-47.016064,-21.81678],[-47.01266,-21.811408],[-47.000837,-21.805582],[-46.997427,-21.801897],[-46.983902,-21.776054],[-46.981565,-21.769836],[-46.98151,-21.762824],[-46.978169,-21.760924],[-46.973203,-21.764852],[-46.965164,-21.785302],[-46.960445,-21.790026],[-46.960188,-21.79923],[-46.965661,-21.80243],[-46.967594,-21.805867],[-46.963654,-21.815627],[-46.947824,-21.822188],[-46.939634,-21.820692],[-46.93634,-21.821509],[-46.925983,-21.829553],[-46.926478,-21.832336],[-46.930988,-21.83569],[-46.930411,-21.839976],[-46.925678,-21.842213],[-46.922286,-21.847133],[-46.909099,-21.847287],[-46.901183,-21.853326],[-46.895371,-21.853903],[-46.893541,-21.856463],[-46.894013,-21.861194],[-46.898324,-21.869579],[-46.899391,-21.876533],[-46.906271,-21.883426],[-46.906836,-21.889983],[-46.911661,-21.894516],[-46.918453,-21.894966],[-46.923264,-21.901584],[-46.922918,-21.914078],[-46.936159,-21.921943],[-46.938169,-21.937843],[-46.940539,-21.941002],[-46.943451,-21.941084],[-46.946822,-21.939077],[-46.959421,-21.922385],[-46.966245,-21.917979],[-46.971412,-21.912482],[-46.974037,-21.905599],[-46.967002,-21.895934],[-46.965937,-21.888251],[-46.968021,-21.882098],[-46.972804,-21.878527],[-46.985341,-21.877556],[-46.99773,-21.883837],[-47.015167,-21.881358],[-47.021056,-21.884144],[-47.030409,-21.88293],[-47.036637,-21.883699],[-47.041041,-21.879045],[-47.04411,-21.878573],[-47.047492,-21.881099],[-47.048024,-21.884238],[-47.038778,-21.896256],[-47.038307,-21.899969],[-47.042288,-21.903431],[-47.050605,-21.902844],[-47.053385,-21.904567],[-47.051982,-21.934217],[-47.054848,-21.938293],[-47.070938,-21.95159],[-47.082825,-21.957503],[-47.09696,-21.959668],[-47.107118,-21.953422],[-47.107328,-21.944865],[-47.11151,-21.942852],[-47.118952,-21.946702],[-47.127814,-21.946208],[-47.137244,-21.949757],[-47.143738,-21.959256],[-47.151839,-21.962452],[-47.173085,-21.964652],[-47.177622,-21.967072],[-47.178709,-21.969856],[-47.17258,-21.976531],[-47.161783,-21.982077],[-47.155686,-21.988991],[-47.150654,-21.99212],[-47.146057,-22.011053],[-47.138934,-22.021519],[-47.123118,-22.033136],[-47.112359,-22.036006],[-47.094753,-22.06098],[-47.083116,-22.068881],[-47.075248,-22.069853],[-47.062812,-22.064933],[-47.049303,-22.061878],[-47.032954,-22.068195],[-47.028318,-22.067911],[-47.017786,-22.063229],[-47.010869,-22.063167],[-46.99312,-22.075082],[-46.974404,-22.077622],[-46.964176,-22.077077],[-46.941877,-22.093347],[-46.933155,-22.091979],[-46.928005,-22.086927],[-46.9251,-22.086093],[-46.912968,-22.087729],[-46.906643,-22.090263],[-46.898542,-22.10881],[-46.890897,-22.113763],[-46.878854,-22.11378],[-46.876867,-22.116468],[-46.877761,-22.120075],[-46.886779,-22.128499],[-46.915762,-22.132444],[-46.926297,-22.137472],[-46.936894,-22.147184],[-46.937563,-22.152178],[-46.935953,-22.157349],[-46.933324,-22.15952],[-46.924307,-22.160567],[-46.911453,-22.158902],[-46.904447,-22.16165],[-46.904695,-22.173234],[-46.898214,-22.192387],[-46.899018,-22.201749],[-46.904128,-22.204683],[-46.90861,-22.211825],[-46.920572,-22.216759],[-46.927436,-22.227938],[-46.930206,-22.235592],[-46.934859,-22.236282],[-46.942013,-22.233991],[-46.946787,-22.235759],[-46.951542,-22.235236],[-46.955544,-22.237978],[-46.960037,-22.238102],[-46.964365,-22.240531],[-46.972352,-22.241958],[-46.98016,-22.247852],[-46.983419,-22.247898],[-46.986048,-22.245492],[-46.986109,-22.23717],[-46.990225,-22.229426],[-46.993299,-22.228251],[-47.001742,-22.230034],[-47.00634,-22.223606],[-47.004962,-22.214894],[-46.989856,-22.202562],[-46.990155,-22.198024],[-46.998487,-22.193623],[-47.000042,-22.188243],[-46.997531,-22.183248],[-46.992094,-22.177767],[-46.991964,-22.17473],[-46.999775,-22.169477],[-47.004581,-22.161814],[-47.010007,-22.157285],[-47.012762,-22.149766],[-47.025821,-22.14653],[-47.032533,-22.150761],[-47.039063,-22.15975],[-47.036864,-22.166768],[-47.029277,-22.177069],[-47.028811,-22.185051],[-47.038364,-22.203549],[-47.046861,-22.206161],[-47.052627,-22.211558],[-47.055116,-22.216924],[-47.054695,-22.223835],[-47.038213,-22.246866],[-47.037015,-22.26276],[-47.057851,-22.280731],[-47.065899,-22.283521],[-47.071548,-22.28085],[-47.087626,-22.278681],[-47.0901,-22.277275],[-47.091373,-22.273701],[-47.089996,-22.262436],[-47.081053,-22.254761],[-47.080428,-22.251747],[-47.091253,-22.243438],[-47.104662,-22.221702],[-47.109387,-22.218769],[-47.113971,-22.218277],[-47.127469,-22.225842],[-47.131017,-22.230747],[-47.132478,-22.243023],[-47.142611,-22.251984],[-47.144363,-22.255315],[-47.144489,-22.260616],[-47.141452,-22.273012],[-47.142625,-22.279475],[-47.139859,-22.286512],[-47.13211,-22.297881],[-47.116758,-22.311156],[-47.104256,-22.310906],[-47.090738,-22.307524],[-47.083973,-22.310811],[-47.0775,-22.308511],[-47.074088,-22.309692],[-47.07001,-22.319412],[-47.061295,-22.329539],[-47.058412,-22.347729],[-47.060137,-22.355991],[-47.049598,-22.367658],[-47.049612,-22.380583],[-47.053484,-22.392536],[-47.066125,-22.400825],[-47.063799,-22.419058],[-47.064688,-22.42437],[-47.070697,-22.431639],[-47.072828,-22.446458],[-47.081388,-22.462935],[-47.091556,-22.468305],[-47.097284,-22.469352],[-47.104692,-22.463879],[-47.111224,-22.461714],[-47.112804,-22.456277],[-47.11015,-22.451311],[-47.11089,-22.445323],[-47.112645,-22.44195],[-47.11805,-22.43991],[-47.130826,-22.449245],[-47.14059,-22.46175],[-47.14123,-22.465642],[-47.136581,-22.473683],[-47.138173,-22.477227],[-47.144393,-22.479221],[-47.154181,-22.478499],[-47.159062,-22.475057],[-47.161938,-22.466451],[-47.166056,-22.461224],[-47.171892,-22.459871],[-47.177933,-22.462287],[-47.183147,-22.472591],[-47.187308,-22.476563],[-47.189067,-22.485804],[-47.195627,-22.48758],[-47.208341,-22.473166],[-47.204183,-22.462517],[-47.194184,-22.447753],[-47.193717,-22.443756],[-47.199381,-22.438889],[-47.216502,-22.437688],[-47.221758,-22.435804],[-47.223312,-22.432892],[-47.218315,-22.426922],[-47.203068,-22.426398],[-47.197182,-22.422997],[-47.194665,-22.419219],[-47.193704,-22.398153],[-47.201416,-22.381162],[-47.198547,-22.37637],[-47.196937,-22.368515],[-47.200871,-22.36171],[-47.205221,-22.360226],[-47.211103,-22.361291],[-47.216171,-22.35897],[-47.222278,-22.345054],[-47.22663,-22.341748],[-47.233701,-22.339677],[-47.235239,-22.334694],[-47.233655,-22.326395],[-47.23564,-22.323462],[-47.245977,-22.317962],[-47.24743,-22.310214],[-47.246215,-22.307741],[-47.242674,-22.305797],[-47.235737,-22.305812],[-47.224567,-22.317649],[-47.221453,-22.317607],[-47.214156,-22.313675],[-47.21177,-22.304941],[-47.196514,-22.291465],[-47.194419,-22.278929],[-47.189815,-22.26902],[-47.187434,-22.253039],[-47.201197,-22.238435],[-47.204515,-22.230858],[-47.203271,-22.225306],[-47.209401,-22.219139],[-47.212456,-22.204995],[-47.214889,-22.203451],[-47.219762,-22.203722],[-47.223885,-22.201033],[-47.231926,-22.187822],[-47.231253,-22.178113],[-47.233652,-22.162644],[-47.238113,-22.152308],[-47.237036,-22.140006],[-47.240896,-22.132692],[-47.237091,-22.123739],[-47.240849,-22.114875],[-47.237408,-22.107352],[-47.239486,-22.10455],[-47.250227,-22.098113],[-47.252162,-22.095079],[-47.251468,-22.092752],[-47.244919,-22.087058],[-47.243924,-22.081182],[-47.248325,-22.071446],[-47.254246,-22.065262],[-47.254607,-22.062688],[-47.251627,-22.057943],[-47.243823,-22.058117],[-47.240884,-22.056001],[-47.240956,-22.053141],[-47.245249,-22.046182],[-47.250769,-22.043457],[-47.265353,-22.04275],[-47.271367,-22.039649],[-47.286864,-22.025534],[-47.295745,-22.028795],[-47.300636,-22.02835],[-47.303078,-22.02668],[-47.304413,-22.022158],[-47.307818,-22.020911],[-47.319236,-22.025737],[-47.328619,-22.027066],[-47.335116,-22.030607],[-47.339364,-22.031033],[-47.34243,-22.029625],[-47.346014,-22.024315],[-47.357457,-22.018675],[-47.360018,-22.018773],[-47.371866,-22.032283],[-47.384997,-22.038966],[-47.39103,-22.044717],[-47.392933,-22.050043],[-47.397329,-22.052144],[-47.398546,-22.054575],[-47.392375,-22.066997],[-47.387654,-22.070922],[-47.367798,-22.078273],[-47.361913,-22.088261],[-47.362219,-22.097438],[-47.374854,-22.111621],[-47.378284,-22.121055],[-47.39379,-22.127431],[-47.40151,-22.142249],[-47.409333,-22.14575],[-47.416954,-22.144916],[-47.438146,-22.136445],[-47.44494,-22.130617],[-47.446055,-22.127684],[-47.444797,-22.124322],[-47.445446,-22.119068],[-47.438757,-22.113317],[-47.436959,-22.106204],[-47.437708,-22.104066],[-47.442387,-22.10304],[-47.454966,-22.112366],[-47.458725,-22.112617],[-47.466844,-22.105948],[-47.470103,-22.095678],[-47.468866,-22.092004],[-47.463062,-22.08758],[-47.451477,-22.084202],[-47.44751,-22.08066],[-47.437513,-22.064555],[-47.427088,-22.053738],[-47.425399,-22.047525],[-47.427949,-22.04546],[-47.438686,-22.045902],[-47.444891,-22.043567],[-47.445269,-22.036184],[-47.45141,-22.032146],[-47.460057,-22.019829],[-47.459363,-22.011418],[-47.470658,-22.001412],[-47.470592,-21.998589],[-47.46708,-21.994375],[-47.468105,-21.991022],[-47.479662,-21.988846],[-47.486986,-21.990962],[-47.490333,-21.989557],[-47.49229,-21.985035],[-47.487179,-21.972108],[-47.489677,-21.967125],[-47.492245,-21.965989],[-47.497801,-21.967906],[-47.506644,-21.967007],[-47.511827,-21.964061],[-47.515168,-21.959101],[-47.51041,-21.940098],[-47.504993,-21.934717],[-47.501096,-21.926001],[-47.49462,-21.921701],[-47.485415,-21.925126],[-47.482274,-21.922871],[-47.48218,-21.919324],[-47.4891,-21.91273],[-47.492387,-21.911901],[-47.508336,-21.918749],[-47.516918,-21.927267],[-47.525575,-21.92997],[-47.530005,-21.929548],[-47.536955,-21.926432],[-47.540922,-21.921019],[-47.540089,-21.913943],[-47.532709,-21.901663],[-47.534172,-21.898167],[-47.537927,-21.897806],[-47.54693,-21.902531],[-47.552929,-21.896294],[-47.555594,-21.895704],[-47.561318,-21.899031],[-47.570025,-21.898285],[-47.5738,-21.90111],[-47.582898,-21.916118],[-47.582118,-21.919409],[-47.576812,-21.924181],[-47.576616,-21.926971],[-47.583582,-21.931681],[-47.58571,-21.936097],[-47.576818,-21.958975],[-47.57473,-21.961133],[-47.568539,-21.963221],[-47.565524,-21.967681],[-47.564547,-21.978749],[-47.560066,-21.979989],[-47.552142,-21.974677],[-47.55197,-21.971809],[-47.559432,-21.962329],[-47.559932,-21.959832],[-47.5516,-21.952392],[-47.547907,-21.951906],[-47.539969,-21.961326],[-47.539491,-21.967273],[-47.535414,-21.973879],[-47.531899,-21.974844],[-47.526214,-21.972488],[-47.523418,-21.974032],[-47.523124,-21.977407],[-47.526844,-21.982305],[-47.525814,-21.985461],[-47.517916,-21.98786],[-47.512271,-21.985557],[-47.50667,-21.986384],[-47.504904,-21.988773],[-47.505568,-21.996583],[-47.497103,-21.99904],[-47.495309,-22.001472],[-47.497739,-22.007415],[-47.494357,-22.015129],[-47.498681,-22.020825],[-47.506732,-22.02368],[-47.517281,-22.022843],[-47.520883,-22.028573],[-47.531823,-22.032852],[-47.536092,-22.038089],[-47.534426,-22.041648],[-47.526916,-22.042749],[-47.512207,-22.050288],[-47.508523,-22.056007],[-47.506301,-22.065031],[-47.50771,-22.068137],[-47.512762,-22.069747],[-47.52164,-22.077199],[-47.530976,-22.079645],[-47.541291,-22.08925],[-47.540433,-22.092395],[-47.532705,-22.098893],[-47.525718,-22.120541],[-47.522918,-22.124265],[-47.52595,-22.132603],[-47.52489,-22.139713],[-47.520815,-22.141877],[-47.514417,-22.136306],[-47.508959,-22.138078],[-47.504366,-22.137845],[-47.497669,-22.143808],[-47.493043,-22.152299],[-47.48728,-22.152858],[-47.479679,-22.149281],[-47.47199,-22.150608],[-47.459381,-22.159774],[-47.45551,-22.158677],[-47.453806,-22.154104],[-47.45091,-22.152541],[-47.443243,-22.154244],[-47.437423,-22.157359],[-47.436081,-22.160257],[-47.43691,-22.163105],[-47.449338,-22.168334],[-47.451091,-22.170462],[-47.450557,-22.17547],[-47.453873,-22.181287],[-47.450514,-22.185185],[-47.449974,-22.189286],[-47.446898,-22.194142],[-47.451195,-22.20235],[-47.453935,-22.204013],[-47.463223,-22.203588],[-47.469848,-22.207689],[-47.472905,-22.20751],[-47.479163,-22.200723],[-47.481404,-22.195903],[-47.485981,-22.193879],[-47.489591,-22.188499],[-47.492419,-22.187843],[-47.500689,-22.194188],[-47.508254,-22.197299],[-47.51253,-22.201525],[-47.512354,-22.205288],[-47.507721,-22.20758],[-47.506411,-22.209955],[-47.51058,-22.218359],[-47.512758,-22.219762],[-47.518984,-22.217149],[-47.524597,-22.217245],[-47.529725,-22.212452],[-47.535854,-22.213807],[-47.538502,-22.218664],[-47.542083,-22.220217],[-47.553369,-22.215436],[-47.562016,-22.215527],[-47.566864,-22.210595],[-47.572821,-22.212104],[-47.580866,-22.210312],[-47.583014,-22.208124],[-47.582578,-22.203095],[-47.577859,-22.1985],[-47.569909,-22.199226],[-47.568017,-22.194086],[-47.570522,-22.191081],[-47.581097,-22.189176],[-47.581485,-22.179216],[-47.579102,-22.177326],[-47.573748,-22.177122],[-47.568509,-22.173959],[-47.565344,-22.166363],[-47.557786,-22.165294],[-47.550502,-22.155205],[-47.550188,-22.15281],[-47.551925,-22.150598],[-47.557187,-22.149047],[-47.564513,-22.15224],[-47.577491,-22.148471],[-47.587406,-22.143404],[-47.596733,-22.141705],[-47.601963,-22.1452],[-47.600514,-22.154327],[-47.602518,-22.157904],[-47.606584,-22.159411],[-47.613122,-22.159166],[-47.625196,-22.165124],[-47.625123,-22.168223],[-47.622336,-22.171274],[-47.61014,-22.178777],[-47.610315,-22.183781],[-47.61578,-22.187493],[-47.628013,-22.188532],[-47.642196,-22.18458],[-47.643024,-22.180284],[-47.637044,-22.174997],[-47.637009,-22.170442],[-47.645395,-22.162615],[-47.65171,-22.162972],[-47.653919,-22.161711],[-47.655563,-22.157629],[-47.654849,-22.150364],[-47.656599,-22.147806],[-47.65926,-22.1471],[-47.662021,-22.148671],[-47.663619,-22.153231],[-47.669901,-22.157108],[-47.672113,-22.163915],[-47.676146,-22.16465],[-47.680259,-22.160652],[-47.684004,-22.160487],[-47.691477,-22.165838],[-47.693606,-22.172071],[-47.700751,-22.172824],[-47.708394,-22.180548],[-47.718294,-22.181994],[-47.727062,-22.191189],[-47.730471,-22.192187],[-47.740723,-22.191559],[-47.758696,-22.201267],[-47.763521,-22.206393],[-47.763903,-22.210773],[-47.761297,-22.212472],[-47.75178,-22.212713],[-47.741054,-22.211371],[-47.731722,-22.208079],[-47.720736,-22.200148],[-47.711479,-22.196132],[-47.708511,-22.196195],[-47.705668,-22.19833],[-47.705626,-22.201624],[-47.713112,-22.205121],[-47.71688,-22.210551],[-47.716968,-22.217313],[-47.713837,-22.22039],[-47.701569,-22.222121],[-47.697622,-22.21766],[-47.695177,-22.207326],[-47.683117,-22.206846],[-47.676843,-22.204733],[-47.666036,-22.210555],[-47.662341,-22.215101],[-47.662115,-22.220665],[-47.657487,-22.223321],[-47.656399,-22.226105],[-47.665248,-22.235976],[-47.672876,-22.234599],[-47.677239,-22.236564],[-47.67858,-22.250789],[-47.680513,-22.253542],[-47.692236,-22.251936],[-47.701828,-22.257137],[-47.704324,-22.255796],[-47.706979,-22.250805],[-47.711108,-22.24977],[-47.722477,-22.255637],[-47.746862,-22.257517],[-47.755109,-22.261401],[-47.759462,-22.266612],[-47.759692,-22.276331],[-47.770241,-22.278039],[-47.775185,-22.281645],[-47.775456,-22.288767],[-47.77156,-22.295156],[-47.769452,-22.304199],[-47.764931,-22.304838],[-47.760102,-22.302908],[-47.752437,-22.30373],[-47.733028,-22.296316],[-47.722657,-22.301972],[-47.715828,-22.298175],[-47.704375,-22.300272],[-47.695496,-22.286239],[-47.687241,-22.282819],[-47.677783,-22.27371],[-47.669891,-22.272806],[-47.662849,-22.269012],[-47.660125,-22.26434],[-47.654903,-22.261276],[-47.639921,-22.269104],[-47.635143,-22.281713],[-47.624408,-22.29061],[-47.615112,-22.293974],[-47.612968,-22.297269],[-47.614129,-22.30469],[-47.616243,-22.306711],[-47.622709,-22.305813],[-47.628268,-22.307295],[-47.640537,-22.301881],[-47.647611,-22.307392],[-47.653852,-22.308406],[-47.658214,-22.313792],[-47.658104,-22.318037],[-47.650421,-22.328541],[-47.650861,-22.347159],[-47.653408,-22.3496],[-47.661512,-22.350034],[-47.672199,-22.356625],[-47.672975,-22.359371],[-47.671516,-22.365427],[-47.676513,-22.377411],[-47.67056,-22.388469],[-47.670359,-22.397284],[-47.664142,-22.401557],[-47.659197,-22.413244],[-47.659053,-22.418891],[-47.661474,-22.424848],[-47.657673,-22.436682],[-47.661879,-22.440432],[-47.668551,-22.440334],[-47.671133,-22.441824],[-47.672052,-22.447011],[-47.669416,-22.45274],[-47.673042,-22.456351],[-47.675419,-22.461721],[-47.680604,-22.461538],[-47.693255,-22.456268],[-47.699483,-22.458873],[-47.699291,-22.462019],[-47.695496,-22.466228],[-47.687818,-22.468125],[-47.686631,-22.474992],[-47.688837,-22.477787],[-47.69611,-22.478334],[-47.698768,-22.48127],[-47.698171,-22.48401],[-47.69451,-22.486345],[-47.693519,-22.488713],[-47.699658,-22.503274],[-47.699076,-22.513507],[-47.695234,-22.522863],[-47.697702,-22.525899],[-47.703,-22.527243],[-47.708697,-22.526682],[-47.712091,-22.530198],[-47.711274,-22.533619],[-47.706161,-22.536455],[-47.704911,-22.541348],[-47.710168,-22.549184],[-47.711069,-22.563216],[-47.713363,-22.572871],[-47.717832,-22.574249],[-47.725706,-22.566613],[-47.739152,-22.559864],[-47.745777,-22.558946],[-47.752363,-22.5663],[-47.761101,-22.57125],[-47.76567,-22.576008],[-47.773901,-22.572965],[-47.778266,-22.573514],[-47.78301,-22.576661],[-47.793497,-22.580321],[-47.80217,-22.580253],[-47.814906,-22.575825],[-47.831846,-22.5801],[-47.839434,-22.578833],[-47.848254,-22.574478],[-47.851116,-22.576728],[-47.852351,-22.584149],[-47.865872,-22.597162],[-47.872801,-22.595577],[-47.884583,-22.59692],[-47.894503,-22.595839],[-47.902289,-22.597626],[-47.910355,-22.602979],[-47.915392,-22.603441],[-47.922403,-22.603275],[-47.936531,-22.600126],[-47.94298,-22.601558],[-47.949717,-22.597496],[-47.958074,-22.599975],[-47.969595,-22.592977],[-47.972872,-22.587734],[-47.977462,-22.583977],[-47.980583,-22.583352],[-47.985711,-22.587497],[-47.999833,-22.593921],[-48.009306,-22.609601],[-48.011412,-22.625336],[-48.007542,-22.646253],[-48.012307,-22.653692],[-48.016441,-22.654418],[-48.028965,-22.651926],[-48.03376,-22.646811],[-48.042453,-22.646171],[-48.046682,-22.639682],[-48.052562,-22.639754],[-48.058785,-22.636495],[-48.062679,-22.639038],[-48.056505,-22.657851],[-48.048295,-22.664598],[-48.032931,-22.665615],[-48.026955,-22.671406],[-48.014235,-22.674774],[-48.008605,-22.67242],[-48.003238,-22.673266],[-47.990756,-22.668884],[-47.982041,-22.67031],[-47.977043,-22.66956],[-47.974668,-22.671512],[-47.968372,-22.685323],[-47.964786,-22.687764],[-47.953784,-22.686211],[-47.952209,-22.67991],[-47.948864,-22.676272],[-47.94667,-22.665536],[-47.943914,-22.663832],[-47.938724,-22.663706],[-47.936467,-22.665979],[-47.935475,-22.679439],[-47.929174,-22.681451],[-47.914085,-22.693689],[-47.907044,-22.690368],[-47.903444,-22.68254],[-47.903629,-22.679554],[-47.907902,-22.675189],[-47.910644,-22.66908],[-47.909855,-22.664267],[-47.907129,-22.663264],[-47.902104,-22.664224],[-47.889525,-22.659964],[-47.878096,-22.651034],[-47.869186,-22.652595],[-47.860091,-22.660531],[-47.860439,-22.665796],[-47.858793,-22.668454],[-47.856125,-22.669013],[-47.851713,-22.666345],[-47.845707,-22.666045],[-47.841961,-22.668003],[-47.839635,-22.672211],[-47.84014,-22.675973],[-47.846249,-22.682104],[-47.846772,-22.690539],[-47.851682,-22.699538],[-47.849237,-22.709485],[-47.835252,-22.717083],[-47.831208,-22.721676],[-47.835586,-22.729308],[-47.832021,-22.736757],[-47.83886,-22.747798],[-47.840752,-22.75652],[-47.853775,-22.763815],[-47.862373,-22.762911],[-47.865765,-22.766869],[-47.868419,-22.767689],[-47.87335,-22.766582],[-47.880697,-22.758489],[-47.890183,-22.755177],[-47.910327,-22.751475],[-47.92215,-22.752584],[-47.924642,-22.753919],[-47.92808,-22.759594],[-47.930073,-22.767332],[-47.936857,-22.770565],[-47.9407,-22.770718],[-47.9549,-22.764035],[-47.955494,-22.757055],[-47.961609,-22.750208],[-47.966416,-22.75127],[-47.972307,-22.757206],[-47.976337,-22.756913],[-47.979604,-22.752376],[-47.982055,-22.751315],[-47.998127,-22.755885],[-48.0056,-22.747941],[-48.011218,-22.737476],[-48.015406,-22.73817],[-48.018815,-22.742441],[-48.019609,-22.747016],[-48.023188,-22.748861],[-48.030216,-22.746048],[-48.033282,-22.738599],[-48.035823,-22.738111],[-48.042039,-22.740234],[-48.046539,-22.735048],[-48.049076,-22.734269],[-48.055437,-22.73855],[-48.076483,-22.742998],[-48.080175,-22.746072],[-48.081981,-22.750817],[-48.086398,-22.753327],[-48.097772,-22.754617],[-48.101626,-22.748896],[-48.1054,-22.747729],[-48.112012,-22.752453],[-48.117343,-22.759163],[-48.134666,-22.761227],[-48.141413,-22.76788],[-48.150585,-22.766834],[-48.156379,-22.763619],[-48.153974,-22.753392],[-48.158844,-22.742229],[-48.152147,-22.729135],[-48.136532,-22.717428],[-48.13525,-22.707076],[-48.137345,-22.702867],[-48.136348,-22.699675],[-48.13311,-22.698678],[-48.111045,-22.702073],[-48.105409,-22.705518],[-48.098238,-22.712756],[-48.089225,-22.713642],[-48.086567,-22.712305],[-48.083409,-22.704237],[-48.07578,-22.695909],[-48.07569,-22.68926],[-48.084609,-22.681712],[-48.09111,-22.673308],[-48.098755,-22.671251],[-48.106077,-22.66453],[-48.112778,-22.664738],[-48.160058,-22.653634],[-48.17541,-22.654668],[-48.183333,-22.649617],[-48.191027,-22.648237],[-48.196392,-22.652373],[-48.202785,-22.667088],[-48.20263,-22.677904],[-48.18785,-22.689085],[-48.189331,-22.692619],[-48.196309,-22.69413],[-48.207135,-22.686982],[-48.210887,-22.680023],[-48.224493,-22.676334],[-48.222787,-22.650609],[-48.228909,-22.64052],[-48.238937,-22.630807],[-48.245819,-22.631853],[-48.251277,-22.629812],[-48.25702,-22.629979],[-48.266028,-22.621977],[-48.268361,-22.617685],[-48.271051,-22.616751],[-48.283771,-22.621978],[-48.300488,-22.631237],[-48.300253,-22.634276],[-48.293598,-22.642458],[-48.292401,-22.654335],[-48.288485,-22.658389],[-48.287775,-22.663413],[-48.284927,-22.668429],[-48.280354,-22.671381],[-48.271423,-22.668183],[-48.259282,-22.668967],[-48.251041,-22.675268],[-48.248278,-22.68357],[-48.252128,-22.706457],[-48.258882,-22.712441],[-48.267683,-22.714602],[-48.274107,-22.719005],[-48.278841,-22.728715],[-48.279032,-22.735869],[-48.283864,-22.739571],[-48.289161,-22.748335],[-48.287744,-22.751274],[-48.276481,-22.755683],[-48.27353,-22.754549],[-48.26945,-22.748414],[-48.262037,-22.745145],[-48.259184,-22.745719],[-48.254224,-22.750213],[-48.258148,-22.756885],[-48.264634,-22.759545],[-48.267832,-22.763992],[-48.264095,-22.776534],[-48.266191,-22.783617],[-48.266211,-22.793032],[-48.270997,-22.804678],[-48.266665,-22.810074],[-48.267211,-22.813904],[-48.26991,-22.815994],[-48.277985,-22.815651],[-48.286982,-22.823484],[-48.284478,-22.835928],[-48.278851,-22.845067],[-48.26228,-22.854319],[-48.262058,-22.858163],[-48.266529,-22.867916],[-48.265139,-22.870851],[-48.260885,-22.871893],[-48.258168,-22.870973],[-48.255794,-22.863485],[-48.250419,-22.861337],[-48.246608,-22.856866],[-48.242614,-22.857695],[-48.240605,-22.862829],[-48.238156,-22.86449],[-48.235427,-22.864328],[-48.232501,-22.861735],[-48.231116,-22.858112],[-48.235401,-22.851505],[-48.235815,-22.847634],[-48.23361,-22.845303],[-48.227298,-22.844539],[-48.225295,-22.839821],[-48.21859,-22.832889],[-48.215966,-22.824357],[-48.220972,-22.815456],[-48.217685,-22.812096],[-48.213833,-22.811192],[-48.206209,-22.812855],[-48.202217,-22.819053],[-48.192429,-22.822013],[-48.18759,-22.838733],[-48.19478,-22.84842],[-48.199272,-22.851082],[-48.200272,-22.854864],[-48.198415,-22.856922],[-48.192617,-22.858484],[-48.18693,-22.864213],[-48.177872,-22.866064],[-48.175057,-22.863984],[-48.172595,-22.852738],[-48.169276,-22.849183],[-48.167547,-22.843977],[-48.164848,-22.842851],[-48.158227,-22.843885],[-48.151319,-22.839356],[-48.149306,-22.833933],[-48.143038,-22.825528],[-48.140721,-22.815332],[-48.138107,-22.811807],[-48.120678,-22.807795],[-48.109625,-22.797135],[-48.098891,-22.796129],[-48.090123,-22.792786],[-48.082603,-22.795503],[-48.075743,-22.795814],[-48.06901,-22.792223],[-48.060804,-22.793873],[-48.049192,-22.792134],[-48.039669,-22.801384],[-48.036845,-22.807946],[-48.032812,-22.811235],[-48.027254,-22.811124],[-48.021539,-22.808172],[-48.018288,-22.809186],[-48.015299,-22.813622],[-48.01252,-22.827151],[-48.010154,-22.829738],[-48.006303,-22.830551],[-47.997606,-22.827588],[-47.992883,-22.829041],[-47.987507,-22.828587],[-47.98308,-22.83557],[-47.977821,-22.83659],[-47.97179,-22.834838],[-47.969747,-22.836275],[-47.96851,-22.840152],[-47.969968,-22.851753],[-47.968403,-22.861032],[-47.970825,-22.862894],[-47.980574,-22.863033],[-47.989191,-22.868919],[-47.991995,-22.87452],[-47.992595,-22.891113],[-47.999239,-22.896835],[-48.004175,-22.903679],[-48.006408,-22.912886],[-48.004646,-22.920924],[-48.005521,-22.930628],[-48.007455,-22.936578],[-48.00394,-22.946821],[-48.004771,-22.950027],[-48.011552,-22.95369],[-48.019985,-22.950659],[-48.0276,-22.952385],[-48.030438,-22.951017],[-48.033131,-22.946792],[-48.038308,-22.945845],[-48.041233,-22.947406],[-48.052373,-22.960693],[-48.057934,-22.961986],[-48.060611,-22.958521],[-48.05934,-22.943801],[-48.054036,-22.938606],[-48.050859,-22.933389],[-48.050656,-22.930306],[-48.053811,-22.927172],[-48.066246,-22.930151],[-48.069784,-22.928605],[-48.070055,-22.925183],[-48.065205,-22.919054],[-48.062968,-22.913501],[-48.064293,-22.910006],[-48.078164,-22.906779],[-48.081375,-22.910889],[-48.086691,-22.913615],[-48.089197,-22.921156],[-48.093427,-22.923803],[-48.100433,-22.922698],[-48.107489,-22.919086],[-48.110646,-22.919801],[-48.112069,-22.921973],[-48.111534,-22.924465],[-48.104608,-22.930921],[-48.097526,-22.933935],[-48.096399,-22.939558],[-48.100744,-22.946759],[-48.105455,-22.959869],[-48.10464,-22.967336],[-48.10172,-22.973402],[-48.102165,-22.982511],[-48.106576,-22.986717],[-48.111324,-22.988523],[-48.114076,-22.99281],[-48.118552,-22.995131],[-48.120479,-22.997965],[-48.120567,-23.005648],[-48.122897,-23.011771],[-48.119344,-23.01803],[-48.119939,-23.02177],[-48.12438,-23.023975],[-48.13848,-23.020949],[-48.154409,-23.012545],[-48.164649,-23.018712],[-48.170552,-23.020616],[-48.171872,-23.023758],[-48.168831,-23.029292],[-48.168204,-23.040233],[-48.176883,-23.049002],[-48.176889,-23.05387],[-48.180373,-23.063964],[-48.18286,-23.066692],[-48.188959,-23.0679],[-48.195086,-23.071126],[-48.194839,-23.077258],[-48.197111,-23.084634],[-48.206254,-23.08706],[-48.214585,-23.094015],[-48.214317,-23.097707],[-48.208683,-23.105644],[-48.210285,-23.111226],[-48.208972,-23.119238],[-48.20476,-23.121251],[-48.194344,-23.118029],[-48.188748,-23.118989],[-48.17087,-23.128696],[-48.1693,-23.13114],[-48.171402,-23.139178],[-48.166457,-23.161413],[-48.168384,-23.164135],[-48.175929,-23.166754],[-48.179131,-23.170547],[-48.177136,-23.197868],[-48.182474,-23.199762],[-48.190846,-23.195696],[-48.194864,-23.196107],[-48.200339,-23.200281],[-48.20091,-23.208137],[-48.204014,-23.210556],[-48.207939,-23.210145],[-48.218008,-23.203029],[-48.222059,-23.203156],[-48.228454,-23.211695],[-48.23112,-23.219812],[-48.227986,-23.228753],[-48.222483,-23.232633],[-48.215885,-23.246512],[-48.21222,-23.249901],[-48.207322,-23.249827],[-48.204685,-23.251468],[-48.197843,-23.264635],[-48.196385,-23.274725],[-48.184557,-23.277811],[-48.17717,-23.285096],[-48.177126,-23.29238],[-48.17482,-23.298114],[-48.175192,-23.316655],[-48.179898,-23.322847],[-48.181298,-23.328018],[-48.213838,-23.338685],[-48.222964,-23.337803],[-48.237018,-23.340841],[-48.241905,-23.340244],[-48.249475,-23.342902],[-48.256971,-23.363438],[-48.27038,-23.369493],[-48.273173,-23.374114],[-48.281819,-23.381614],[-48.286112,-23.390049],[-48.286313,-23.404798],[-48.297518,-23.417033],[-48.308954,-23.41948],[-48.320214,-23.423816],[-48.32751,-23.437742],[-48.33363,-23.441159],[-48.343769,-23.442587],[-48.359229,-23.442352],[-48.378911,-23.452449],[-48.392556,-23.452125],[-48.40043,-23.459229],[-48.408294,-23.454797],[-48.413237,-23.455651],[-48.415539,-23.457867],[-48.415974,-23.461037],[-48.413156,-23.46927],[-48.407288,-23.473993],[-48.406507,-23.477065],[-48.408503,-23.47938],[-48.418731,-23.481806],[-48.430055,-23.47544],[-48.42966,-23.466719],[-48.433513,-23.459499],[-48.430718,-23.445603],[-48.431379,-23.441792],[-48.434804,-23.433172],[-48.447495,-23.416961],[-48.448085,-23.405325],[-48.451222,-23.398164],[-48.456914,-23.392804],[-48.464509,-23.381612],[-48.468439,-23.381775],[-48.477572,-23.388405],[-48.491202,-23.389747],[-48.495535,-23.396791],[-48.505129,-23.400011],[-48.508007,-23.405516],[-48.511658,-23.406414],[-48.522755,-23.40206],[-48.526914,-23.393047],[-48.528951,-23.391606],[-48.53305,-23.392387],[-48.539938,-23.39688],[-48.546242,-23.392426],[-48.553174,-23.393629],[-48.559607,-23.392344],[-48.567831,-23.386012],[-48.58191,-23.378861],[-48.58651,-23.361616],[-48.627513,-23.355385],[-48.634981,-23.343477],[-48.646258,-23.337891],[-48.65661,-23.335986],[-48.666199,-23.340271],[-48.672366,-23.345856],[-48.674154,-23.353359],[-48.680567,-23.357221],[-48.687925,-23.356214],[-48.698778,-23.347212],[-48.707462,-23.35015],[-48.713073,-23.349355],[-48.716784,-23.347459],[-48.719384,-23.343138],[-48.713315,-23.330286],[-48.714191,-23.327811],[-48.719362,-23.324415],[-48.727144,-23.328629],[-48.74379,-23.328874],[-48.750045,-23.333798],[-48.751605,-23.337713],[-48.749721,-23.352266],[-48.751849,-23.361987],[-48.764499,-23.369899],[-48.771205,-23.369596],[-48.777998,-23.363557],[-48.789477,-23.358669],[-48.793031,-23.352199],[-48.794263,-23.341322],[-48.796364,-23.339598],[-48.801191,-23.338876],[-48.809548,-23.342561],[-48.811451,-23.34859],[-48.819749,-23.356064],[-48.818639,-23.363567],[-48.821675,-23.369448],[-48.825103,-23.369463],[-48.829969,-23.36547],[-48.835812,-23.357007],[-48.841111,-23.356338],[-48.846833,-23.358082],[-48.855317,-23.350935],[-48.869021,-23.350023],[-48.871892,-23.352892],[-48.870416,-23.35965],[-48.871553,-23.361958],[-48.878346,-23.366581],[-48.885056,-23.36272],[-48.888737,-23.363707],[-48.89129,-23.372641],[-48.894791,-23.377558],[-48.898196,-23.377378],[-48.902004,-23.374303],[-48.905297,-23.374908],[-48.909662,-23.38579],[-48.913807,-23.391136],[-48.916837,-23.391832],[-48.924391,-23.389216],[-48.936626,-23.379847],[-48.939517,-23.379161],[-48.942258,-23.380916],[-48.948407,-23.395916],[-48.947509,-23.398212],[-48.937556,-23.405296],[-48.936269,-23.407657],[-48.938735,-23.412106],[-48.944021,-23.414991],[-48.949127,-23.421227],[-48.948581,-23.425545],[-48.943977,-23.426389],[-48.924327,-23.418393],[-48.917003,-23.419041],[-48.914866,-23.423251],[-48.91698,-23.437799],[-48.920169,-23.445047],[-48.919255,-23.449763],[-48.910607,-23.451606],[-48.900638,-23.457847],[-48.877578,-23.461826],[-48.87386,-23.46757],[-48.867318,-23.469989],[-48.863296,-23.473169],[-48.863037,-23.478558],[-48.859355,-23.486775],[-48.863018,-23.492955],[-48.872999,-23.499689],[-48.874619,-23.502305],[-48.87691,-23.512647],[-48.873066,-23.518972],[-48.874483,-23.523728],[-48.873462,-23.526651],[-48.85783,-23.536296],[-48.84674,-23.54644],[-48.827644,-23.550749],[-48.822212,-23.549058],[-48.819658,-23.545583],[-48.820152,-23.542714],[-48.834544,-23.534456],[-48.84608,-23.51942],[-48.854808,-23.514254],[-48.857123,-23.506498],[-48.85624,-23.503676],[-48.852619,-23.500701],[-48.836896,-23.497677],[-48.83305,-23.495443],[-48.830974,-23.492184],[-48.831127,-23.481691],[-48.828016,-23.473915],[-48.812199,-23.466007],[-48.811946,-23.463439],[-48.816344,-23.452066],[-48.824187,-23.447871],[-48.822032,-23.439166],[-48.8139,-23.436048],[-48.802993,-23.437581],[-48.79448,-23.434447],[-48.784786,-23.434361],[-48.781004,-23.432073],[-48.768237,-23.429809],[-48.757858,-23.425657],[-48.743748,-23.426138],[-48.733583,-23.419436],[-48.719841,-23.418954],[-48.71385,-23.420257],[-48.706808,-23.418839],[-48.7022,-23.420812],[-48.696058,-23.419992],[-48.687653,-23.412569],[-48.67856,-23.409529],[-48.67221,-23.411091],[-48.666461,-23.417678],[-48.656984,-23.416425],[-48.652296,-23.414271],[-48.649042,-23.408198],[-48.642197,-23.406878],[-48.634476,-23.401547],[-48.626082,-23.404533],[-48.603706,-23.397217],[-48.598913,-23.399727],[-48.595764,-23.404133],[-48.59259,-23.414093],[-48.585437,-23.420447],[-48.586727,-23.428131],[-48.584655,-23.434299],[-48.585465,-23.444142],[-48.583623,-23.446569],[-48.579921,-23.447529],[-48.574064,-23.446692],[-48.559708,-23.429859],[-48.550588,-23.426276],[-48.542274,-23.434486],[-48.542113,-23.440117],[-48.539911,-23.445141],[-48.543136,-23.449564],[-48.544635,-23.456995],[-48.539052,-23.461727],[-48.535505,-23.462388],[-48.519015,-23.457816],[-48.515397,-23.455556],[-48.512772,-23.449739],[-48.510123,-23.44876],[-48.507222,-23.45002],[-48.500342,-23.46166],[-48.491672,-23.462075],[-48.48629,-23.460662],[-48.483761,-23.461632],[-48.479538,-23.467762],[-48.481467,-23.473415],[-48.488114,-23.479488],[-48.488841,-23.48222],[-48.484009,-23.487878],[-48.483285,-23.497085],[-48.476658,-23.500863],[-48.475784,-23.504398],[-48.477791,-23.509098],[-48.481917,-23.511988],[-48.485693,-23.51747],[-48.483624,-23.525391],[-48.488284,-23.529595],[-48.488284,-23.5331],[-48.485815,-23.534769],[-48.466025,-23.537198],[-48.460857,-23.544501],[-48.451411,-23.541424],[-48.444585,-23.550369],[-48.432767,-23.548721],[-48.422439,-23.555778],[-48.41872,-23.554348],[-48.417536,-23.548638],[-48.414365,-23.546403],[-48.411493,-23.546967],[-48.408054,-23.551255],[-48.405154,-23.552162],[-48.402574,-23.550924],[-48.401211,-23.547069],[-48.398838,-23.545353],[-48.381684,-23.547609],[-48.375841,-23.54229],[-48.362173,-23.54154],[-48.356888,-23.543493],[-48.353176,-23.54709],[-48.345155,-23.547076],[-48.340798,-23.550679],[-48.337985,-23.551203],[-48.334575,-23.55001],[-48.329974,-23.544669],[-48.325789,-23.543311],[-48.320309,-23.54404],[-48.316705,-23.548538],[-48.313801,-23.549317],[-48.308727,-23.545284],[-48.290364,-23.540942],[-48.284201,-23.537991],[-48.26663,-23.540699],[-48.261692,-23.538817],[-48.256779,-23.533538],[-48.246127,-23.534072],[-48.239792,-23.53041],[-48.230554,-23.520284],[-48.218248,-23.512377],[-48.214901,-23.507686],[-48.204813,-23.507174],[-48.191141,-23.500181],[-48.185865,-23.489943],[-48.186458,-23.483273],[-48.180643,-23.477615],[-48.178142,-23.472367],[-48.157018,-23.470486],[-48.150918,-23.465146],[-48.141445,-23.463624],[-48.12911,-23.457197],[-48.123664,-23.458339],[-48.114956,-23.456206],[-48.112643,-23.458807],[-48.112401,-23.463749],[-48.10959,-23.465436],[-48.106242,-23.464891],[-48.100211,-23.460978],[-48.094254,-23.461619],[-48.090233,-23.46475],[-48.081353,-23.466774],[-48.075867,-23.463838],[-48.073114,-23.463893],[-48.066862,-23.466922],[-48.061176,-23.474078],[-48.052096,-23.478686],[-48.04658,-23.487146],[-48.041541,-23.488399],[-48.031439,-23.494819],[-48.027145,-23.493752],[-48.02261,-23.488179],[-48.016076,-23.487466],[-48.009796,-23.484805],[-48.003151,-23.485442],[-48.000775,-23.491568],[-47.998067,-23.49316],[-47.990828,-23.490964],[-47.976151,-23.494638],[-47.97151,-23.490586],[-47.968326,-23.490199],[-47.965612,-23.492533],[-47.965044,-23.498005],[-47.961028,-23.504293],[-47.964524,-23.522268],[-47.963849,-23.527045],[-47.951718,-23.539307],[-47.948804,-23.544835],[-47.966857,-23.566092],[-47.967985,-23.592729],[-47.971737,-23.594899],[-47.977683,-23.591232],[-47.982195,-23.591909],[-47.991624,-23.600195],[-48.000189,-23.615741],[-48.007568,-23.616201],[-48.015443,-23.621048],[-48.02146,-23.62153],[-48.026649,-23.624344],[-48.029691,-23.629451],[-48.035893,-23.634487],[-48.037753,-23.643107],[-48.037178,-23.64775],[-48.028122,-23.657677],[-48.024105,-23.658041],[-48.021274,-23.655631],[-48.019783,-23.648791],[-48.016003,-23.642623],[-48.011138,-23.637742],[-48.001768,-23.634905],[-47.99081,-23.635583],[-47.982665,-23.630165],[-47.974508,-23.629525],[-47.969925,-23.626036],[-47.965228,-23.625616],[-47.957034,-23.622042],[-47.950933,-23.622512],[-47.946167,-23.618653],[-47.941454,-23.619181],[-47.936729,-23.616914],[-47.932264,-23.617097],[-47.924807,-23.613589],[-47.916865,-23.613865],[-47.911547,-23.610196],[-47.905149,-23.611581],[-47.896959,-23.60343],[-47.886077,-23.604027],[-47.883653,-23.606096],[-47.882453,-23.611233],[-47.867534,-23.62411],[-47.85771,-23.629159],[-47.846304,-23.631416],[-47.841024,-23.634696],[-47.84207,-23.641344],[-47.855335,-23.647384],[-47.857305,-23.649673],[-47.857414,-23.652934],[-47.851572,-23.664379],[-47.846176,-23.667852],[-47.84072,-23.668389],[-47.835156,-23.672231],[-47.834363,-23.684019],[-47.827837,-23.697964],[-47.825995,-23.710466],[-47.83276,-23.713679],[-47.843958,-23.712721],[-47.862865,-23.703586],[-47.86845,-23.698014],[-47.872866,-23.696601],[-47.878153,-23.700487],[-47.875846,-23.707622],[-47.876677,-23.713315],[-47.884914,-23.713966],[-47.897218,-23.723995],[-47.906631,-23.728364],[-47.914341,-23.722822],[-47.919112,-23.722011],[-47.929211,-23.723603],[-47.94178,-23.720331],[-47.946904,-23.722881],[-47.956453,-23.724294],[-47.958828,-23.722572],[-47.961601,-23.7155],[-47.965083,-23.714628],[-47.96739,-23.716113],[-47.970519,-23.723456],[-47.969028,-23.734733],[-47.970008,-23.739719],[-47.97222,-23.744158],[-47.975295,-23.74571],[-47.978354,-23.744375],[-47.982032,-23.736134],[-47.995209,-23.721825],[-48.000376,-23.706709],[-48.005046,-23.705371],[-48.011926,-23.710382],[-48.024139,-23.712961],[-48.034394,-23.710718],[-48.040441,-23.711608],[-48.048886,-23.722492],[-48.056842,-23.722343],[-48.066134,-23.724906],[-48.071108,-23.729613],[-48.076295,-23.730722],[-48.085174,-23.735305],[-48.092171,-23.740498],[-48.094971,-23.744541],[-48.098553,-23.745342],[-48.100915,-23.743579],[-48.101186,-23.738615],[-48.102961,-23.736278],[-48.112121,-23.733599],[-48.116629,-23.730198],[-48.12749,-23.729908],[-48.132181,-23.728215],[-48.141356,-23.72009],[-48.140719,-23.717546],[-48.136408,-23.714806],[-48.133059,-23.709558],[-48.126199,-23.709402],[-48.120076,-23.705195],[-48.112821,-23.702512],[-48.105215,-23.703886],[-48.098074,-23.701127],[-48.091864,-23.702054],[-48.087959,-23.699711],[-48.08754,-23.694543],[-48.091629,-23.690168],[-48.104339,-23.690054],[-48.107805,-23.688063],[-48.109276,-23.681738],[-48.107973,-23.672367],[-48.108989,-23.669492],[-48.112465,-23.66849],[-48.120405,-23.672987],[-48.123938,-23.672372],[-48.128231,-23.66783],[-48.130441,-23.662025],[-48.136228,-23.660075],[-48.145153,-23.652508],[-48.144691,-23.643834],[-48.147089,-23.639283],[-48.162002,-23.639002],[-48.168021,-23.635057],[-48.177454,-23.634605],[-48.185018,-23.625275],[-48.190198,-23.611445],[-48.195352,-23.608978],[-48.1989,-23.603794],[-48.202661,-23.602997],[-48.210067,-23.605462],[-48.216408,-23.602011],[-48.219726,-23.602165],[-48.225197,-23.610184],[-48.226978,-23.620097],[-48.229003,-23.621411],[-48.233898,-23.621364],[-48.236845,-23.6184],[-48.234672,-23.613179],[-48.235257,-23.610905],[-48.245348,-23.597344],[-48.252093,-23.593946],[-48.255645,-23.594668],[-48.260783,-23.600465],[-48.271119,-23.603127],[-48.270674,-23.61767],[-48.27271,-23.619313],[-48.278717,-23.619505],[-48.284119,-23.621847],[-48.285559,-23.625098],[-48.284755,-23.636032],[-48.286674,-23.639246],[-48.292646,-23.64251],[-48.303667,-23.645942],[-48.314359,-23.653352],[-48.321397,-23.651011],[-48.330399,-23.653386],[-48.333186,-23.649613],[-48.328567,-23.640303],[-48.329007,-23.635982],[-48.331875,-23.634411],[-48.337904,-23.634234],[-48.346087,-23.627055],[-48.353066,-23.626784],[-48.361843,-23.630152],[-48.365878,-23.633984],[-48.375593,-23.635432],[-48.3792,-23.639879],[-48.383602,-23.6528],[-48.39149,-23.663644],[-48.402924,-23.672601],[-48.412819,-23.676743],[-48.419805,-23.675253],[-48.424414,-23.676138],[-48.428847,-23.674253],[-48.439092,-23.675891],[-48.442941,-23.673272],[-48.440769,-23.665789],[-48.441263,-23.659772],[-48.44426,-23.656383],[-48.445307,-23.65228],[-48.448702,-23.6493],[-48.449042,-23.639749],[-48.452406,-23.636709],[-48.453414,-23.632724],[-48.46099,-23.620891],[-48.459161,-23.617314],[-48.445709,-23.610542],[-48.445883,-23.604227],[-48.449895,-23.599419],[-48.46557,-23.600469],[-48.47319,-23.5972],[-48.476617,-23.597578],[-48.480905,-23.602924],[-48.481873,-23.607346],[-48.4853,-23.610433],[-48.484869,-23.615942],[-48.488573,-23.620039],[-48.490105,-23.626676],[-48.494587,-23.628316],[-48.500554,-23.624302],[-48.507888,-23.625585],[-48.51203,-23.630839],[-48.516787,-23.633225],[-48.518128,-23.637813],[-48.524644,-23.647486],[-48.529155,-23.64965],[-48.541873,-23.644846],[-48.542968,-23.642417],[-48.542095,-23.63809],[-48.543688,-23.635954],[-48.550952,-23.632193],[-48.56125,-23.630519],[-48.562716,-23.620524],[-48.567724,-23.615954],[-48.579877,-23.611578],[-48.590311,-23.613199],[-48.594002,-23.616093],[-48.593655,-23.620727],[-48.580096,-23.625968],[-48.569328,-23.634928],[-48.569343,-23.645825],[-48.573228,-23.648611],[-48.587404,-23.636356],[-48.597017,-23.636497],[-48.603753,-23.639125],[-48.607102,-23.637767],[-48.606527,-23.628616],[-48.611729,-23.621464],[-48.616282,-23.599341],[-48.619437,-23.594937],[-48.620206,-23.591054],[-48.623457,-23.589218],[-48.627882,-23.590455],[-48.635492,-23.598635],[-48.646495,-23.605179],[-48.659332,-23.609655],[-48.671492,-23.620728],[-48.674315,-23.625804],[-48.679755,-23.629535],[-48.682856,-23.629706],[-48.689053,-23.626341],[-48.69609,-23.625827],[-48.715931,-23.632997],[-48.718251,-23.638435],[-48.716908,-23.641439],[-48.713479,-23.642139],[-48.707154,-23.638412],[-48.703855,-23.638066],[-48.701004,-23.63986],[-48.700685,-23.644299],[-48.702938,-23.64752],[-48.71789,-23.65604],[-48.72147,-23.662061],[-48.730954,-23.664797],[-48.738949,-23.662423],[-48.744088,-23.665164],[-48.751928,-23.665574],[-48.757903,-23.662229],[-48.763818,-23.661851],[-48.770943,-23.657514],[-48.777023,-23.655863],[-48.794443,-23.659046],[-48.80428,-23.667546],[-48.813458,-23.667069],[-48.816664,-23.670889],[-48.817892,-23.678537],[-48.825494,-23.684672],[-48.8337,-23.68106],[-48.838207,-23.681625],[-48.843589,-23.680288],[-48.850197,-23.682547],[-48.85763,-23.679158],[-48.869899,-23.68649],[-48.877194,-23.682684],[-48.888988,-23.685219],[-48.893943,-23.693158],[-48.89311,-23.69899],[-48.897612,-23.702286],[-48.898309,-23.705177],[-48.889685,-23.717503],[-48.880751,-23.724611],[-48.876384,-23.73534],[-48.879389,-23.73917],[-48.886335,-23.740369],[-48.897261,-23.730744],[-48.907541,-23.728827],[-48.914115,-23.729875],[-48.916283,-23.734427],[-48.911379,-23.742847],[-48.91419,-23.750801],[-48.91278,-23.753859],[-48.892301,-23.764242],[-48.883396,-23.765319],[-48.879366,-23.774639],[-48.863343,-23.783358],[-48.860505,-23.783628],[-48.851713,-23.779954],[-48.843647,-23.78376],[-48.836663,-23.789803],[-48.82989,-23.787634],[-48.827311,-23.777898],[-48.825406,-23.776089],[-48.816946,-23.777381],[-48.813978,-23.78269],[-48.810726,-23.783727],[-48.806497,-23.782165],[-48.79938,-23.77463],[-48.794809,-23.772134],[-48.789571,-23.776162],[-48.789105,-23.782901],[-48.786135,-23.785201],[-48.783092,-23.784452],[-48.77595,-23.778229],[-48.765706,-23.776816],[-48.756122,-23.778385],[-48.753651,-23.782703],[-48.754777,-23.790594],[-48.751367,-23.795832],[-48.745323,-23.798757],[-48.730495,-23.792808],[-48.71683,-23.797157],[-48.710214,-23.801347],[-48.702058,-23.80198],[-48.69759,-23.79984],[-48.696965,-23.792814],[-48.692886,-23.791615],[-48.677803,-23.803623],[-48.662093,-23.806145],[-48.642427,-23.81437],[-48.641117,-23.816352],[-48.640448,-23.827423],[-48.634212,-23.835462],[-48.630158,-23.836648],[-48.624392,-23.835421],[-48.61215,-23.841717],[-48.597749,-23.846123],[-48.587608,-23.85763],[-48.578636,-23.861796],[-48.574463,-23.861721],[-48.567373,-23.856711],[-48.556691,-23.860365],[-48.54858,-23.869963],[-48.536155,-23.875305],[-48.526497,-23.881841],[-48.522085,-23.882526],[-48.512823,-23.887445],[-48.508984,-23.893357],[-48.499533,-23.898902],[-48.496611,-23.905963],[-48.490545,-23.909292],[-48.483153,-23.915935],[-48.479492,-23.921452],[-48.477845,-23.929488],[-48.467677,-23.936506],[-48.467123,-23.93987],[-48.469808,-23.945507],[-48.470122,-23.950625],[-48.467417,-23.954867],[-48.462957,-23.957293],[-48.462293,-23.959767],[-48.464515,-23.965656],[-48.473178,-23.978389],[-48.473456,-23.981316],[-48.470497,-23.98765],[-48.470882,-23.99367],[-48.465275,-23.9971],[-48.464384,-24.002187],[-48.466563,-24.004371],[-48.471168,-24.005636],[-48.47756,-24.011922],[-48.484998,-24.016563],[-48.489015,-24.015395],[-48.492225,-24.009985],[-48.497361,-24.00819],[-48.506224,-24.013934],[-48.52085,-24.011149],[-48.52759,-24.011965],[-48.538335,-24.018167],[-48.542144,-24.035291],[-48.545997,-24.039145],[-48.550597,-24.037123],[-48.559349,-24.023058],[-48.562458,-24.020613],[-48.576801,-24.022937],[-48.581583,-24.028126],[-48.588809,-24.047719],[-48.600391,-24.060658],[-48.608017,-24.06123],[-48.617077,-24.066717],[-48.62001,-24.072485],[-48.623963,-24.089225],[-48.628737,-24.095515],[-48.637255,-24.097542],[-48.640811,-24.096606],[-48.644585,-24.092734],[-48.647781,-24.082185],[-48.638377,-24.064397],[-48.638367,-24.061792],[-48.645638,-24.052599],[-48.649986,-24.049487],[-48.650524,-24.042114],[-48.664414,-24.031285],[-48.664778,-24.023927],[-48.667394,-24.019315],[-48.674956,-24.011889],[-48.678927,-24.004245],[-48.685664,-23.999799],[-48.692849,-23.989549],[-48.700236,-23.984378],[-48.719555,-23.98534],[-48.72766,-23.98436],[-48.735547,-23.98616],[-48.747177,-23.996845],[-48.758175,-24.003487],[-48.761362,-24.011047],[-48.760817,-24.013789],[-48.757192,-24.017048],[-48.756986,-24.021239],[-48.753992,-24.025255],[-48.753665,-24.030285],[-48.746988,-24.032054],[-48.745075,-24.033889],[-48.746046,-24.039197],[-48.75075,-24.042077],[-48.751956,-24.04563],[-48.74254,-24.054933],[-48.741752,-24.057287],[-48.743157,-24.059797],[-48.746538,-24.061483],[-48.753055,-24.057598],[-48.757019,-24.058532],[-48.759134,-24.067794],[-48.765061,-24.076098],[-48.766016,-24.080861],[-48.769022,-24.085029],[-48.768933,-24.087612],[-48.76601,-24.091269],[-48.765702,-24.097414],[-48.762603,-24.102381],[-48.763848,-24.112112],[-48.767765,-24.116817],[-48.769941,-24.122879],[-48.769327,-24.129142],[-48.772204,-24.13128],[-48.779468,-24.131757],[-48.788463,-24.137522],[-48.79208,-24.141987],[-48.800977,-24.13912],[-48.804935,-24.139812],[-48.807633,-24.143971],[-48.807698,-24.148981],[-48.813634,-24.155852],[-48.811822,-24.161315],[-48.812673,-24.167275],[-48.814767,-24.168944],[-48.81878,-24.168899],[-48.826178,-24.161006],[-48.82453,-24.150697],[-48.825329,-24.14409],[-48.819112,-24.140347],[-48.818255,-24.137562],[-48.823441,-24.128297],[-48.826897,-24.125414],[-48.82708,-24.122542],[-48.815285,-24.115479],[-48.810373,-24.108157],[-48.801629,-24.104169],[-48.792893,-24.104598],[-48.786471,-24.100907],[-48.780237,-24.096407],[-48.77794,-24.0908],[-48.778702,-24.081374],[-48.787148,-24.075029],[-48.786384,-24.072255],[-48.781668,-24.069939],[-48.780266,-24.067111],[-48.78301,-24.061057],[-48.787297,-24.0581],[-48.791041,-24.049679],[-48.791408,-24.044195],[-48.787401,-24.039486],[-48.788015,-24.035316],[-48.78982,-24.03368],[-48.796659,-24.032265],[-48.799721,-24.021978],[-48.825184,-24.000582],[-48.824817,-23.995893],[-48.814712,-23.993056],[-48.813089,-23.991129],[-48.813271,-23.98845],[-48.823918,-23.979134],[-48.831988,-23.978158],[-48.834016,-23.972284],[-48.83982,-23.96722],[-48.843589,-23.959223],[-48.885328,-23.941775],[-48.890561,-23.935839],[-48.893602,-23.923633],[-48.906021,-23.921277],[-48.909532,-23.916525],[-48.90994,-23.910747],[-48.914164,-23.905301],[-48.92909,-23.898856],[-48.936527,-23.892915],[-48.940663,-23.886752],[-48.956533,-23.880222],[-48.971348,-23.882557],[-48.980515,-23.891604],[-48.978653,-23.90242],[-48.988321,-23.908067],[-48.985152,-23.917201],[-48.976511,-23.924825],[-48.96984,-23.936747],[-48.967329,-23.94753],[-48.960456,-23.954053],[-48.960325,-23.961131],[-48.952853,-23.967604],[-48.951584,-23.974152],[-48.949429,-23.97682],[-48.943605,-23.977689],[-48.933403,-23.974834],[-48.923414,-23.977268],[-48.920202,-23.979622],[-48.920442,-23.987126],[-48.924898,-23.993681],[-48.939318,-23.997714],[-48.941868,-24.000778],[-48.941589,-24.005893],[-48.937222,-24.008508],[-48.933995,-24.013746],[-48.927034,-24.011997],[-48.921915,-24.01382],[-48.91892,-24.023365],[-48.911895,-24.029462],[-48.90235,-24.029292],[-48.897866,-24.033546],[-48.901722,-24.04168],[-48.905546,-24.045209],[-48.907314,-24.050539],[-48.904507,-24.054455],[-48.897781,-24.056655],[-48.894791,-24.061313],[-48.895462,-24.065396],[-48.903177,-24.076987],[-48.900116,-24.099183],[-48.903505,-24.101938],[-48.91055,-24.100602],[-48.91304,-24.103586],[-48.909632,-24.124457],[-48.904439,-24.128745],[-48.904412,-24.132241],[-48.907433,-24.135548],[-48.914868,-24.137545],[-48.917502,-24.14213],[-48.920631,-24.143952],[-48.929544,-24.14096],[-48.934801,-24.14177],[-48.938117,-24.140341],[-48.939904,-24.132417],[-48.938572,-24.128041],[-48.938786,-24.118079],[-48.935053,-24.103797],[-48.935931,-24.100314],[-48.938802,-24.09798],[-48.943547,-24.097747],[-48.946091,-24.095961],[-48.94488,-24.087928],[-48.950419,-24.075217],[-48.961366,-24.070939],[-48.964324,-24.071306],[-48.966184,-24.074322],[-48.96487,-24.079865],[-48.969466,-24.085465],[-48.967037,-24.094747],[-48.968954,-24.101556],[-48.965801,-24.107599],[-48.961479,-24.111056],[-48.96133,-24.114794],[-48.973571,-24.133025],[-48.97815,-24.133917],[-48.986985,-24.12938],[-48.990304,-24.130838],[-48.994035,-24.139736],[-48.992615,-24.143357],[-48.986591,-24.146258],[-48.986933,-24.151644],[-49.023209,-24.18176],[-49.029568,-24.188867],[-49.047967,-24.227076],[-49.050768,-24.228101],[-49.05341,-24.227016],[-49.055375,-24.219837],[-49.054913,-24.204193],[-49.052629,-24.195539],[-49.023543,-24.160919],[-49.011235,-24.149615],[-49.010134,-24.146846],[-49.012193,-24.143932],[-49.016793,-24.143845],[-49.035593,-24.156727],[-49.054007,-24.175495],[-49.061872,-24.181466],[-49.066764,-24.180367],[-49.068874,-24.172321],[-49.071291,-24.171619],[-49.07407,-24.172849],[-49.077395,-24.189643],[-49.076725,-24.197482],[-49.09628,-24.219118],[-49.104275,-24.223759],[-49.111542,-24.234589],[-49.11888,-24.240968],[-49.124553,-24.241687],[-49.129641,-24.238842],[-49.132814,-24.240039],[-49.136623,-24.246928],[-49.147554,-24.260199],[-49.14639,-24.273104],[-49.147678,-24.275557],[-49.150823,-24.27695],[-49.157604,-24.276418],[-49.171486,-24.287082],[-49.183617,-24.281268],[-49.186573,-24.28135],[-49.198488,-24.294364],[-49.209756,-24.302076],[-49.218055,-24.302387],[-49.223558,-24.294994],[-49.229191,-24.292094],[-49.23346,-24.292101],[-49.23989,-24.295213],[-49.246309,-24.2951],[-49.250727,-24.296898],[-49.25955,-24.296074],[-49.265209,-24.297517],[-49.270104,-24.295453],[-49.290161,-24.274059],[-49.290971,-24.267293],[-49.284841,-24.264012],[-49.283811,-24.261448],[-49.289732,-24.25511],[-49.286166,-24.247345],[-49.291273,-24.23098],[-49.295079,-24.230084],[-49.300895,-24.233125],[-49.308395,-24.228104],[-49.315515,-24.229611],[-49.323917,-24.226807],[-49.32974,-24.227959],[-49.349172,-24.217997],[-49.353313,-24.217911],[-49.356042,-24.212933],[-49.356195,-24.209428],[-49.34122,-24.202598],[-49.344736,-24.197852],[-49.346243,-24.191539],[-49.342675,-24.186567],[-49.339443,-24.174114],[-49.339754,-24.15609],[-49.332079,-24.150151],[-49.336247,-24.143903],[-49.335917,-24.136801],[-49.337823,-24.135931],[-49.341141,-24.138517],[-49.343983,-24.13418],[-49.348481,-24.13203],[-49.35182,-24.132368],[-49.362012,-24.127513],[-49.365053,-24.122301],[-49.362046,-24.119322],[-49.364234,-24.117751],[-49.36739,-24.118317],[-49.370034,-24.114127],[-49.377144,-24.117709],[-49.383021,-24.114675],[-49.387214,-24.115582],[-49.389574,-24.119033],[-49.393207,-24.113957],[-49.399872,-24.111677],[-49.403054,-24.108908],[-49.408731,-24.108162],[-49.408409,-24.105709],[-49.404417,-24.102499],[-49.407949,-24.097923],[-49.404689,-24.097034],[-49.404945,-24.095226],[-49.410293,-24.094398],[-49.411682,-24.092293],[-49.414162,-24.096199],[-49.416019,-24.09159],[-49.420294,-24.090083],[-49.422502,-24.091909],[-49.426679,-24.086995],[-49.430694,-24.087668],[-49.43149,-24.080175],[-49.429181,-24.076947],[-49.435379,-24.07433],[-49.429569,-24.068285],[-49.43524,-24.06708],[-49.438834,-24.068266],[-49.440251,-24.062985],[-49.43786,-24.057862],[-49.446782,-24.057028],[-49.452099,-24.054668],[-49.457161,-24.04931],[-49.457669,-24.044039],[-49.46147,-24.039347],[-49.461668,-24.03006],[-49.458218,-24.024832],[-49.458631,-24.015157],[-49.455602,-24.011321],[-49.452363,-24.010098],[-49.427886,-24.010071],[-49.407767,-24.019335],[-49.402372,-24.018247],[-49.396314,-24.014236],[-49.384423,-24.011926],[-49.381656,-24.013176],[-49.378653,-24.017486],[-49.371597,-24.01757],[-49.363166,-24.023108],[-49.359673,-24.023648],[-49.353174,-24.021214],[-49.348501,-24.010997],[-49.341718,-24.006391],[-49.331982,-24.005783],[-49.32566,-24.010722],[-49.318476,-24.007681],[-49.313507,-24.008021],[-49.311496,-24.010957],[-49.311922,-24.021255],[-49.306234,-24.02922],[-49.2999,-24.032495],[-49.296518,-24.044876],[-49.290447,-24.054721],[-49.28841,-24.090548],[-49.281244,-24.096615],[-49.276082,-24.096243],[-49.26978,-24.093568],[-49.266122,-24.088001],[-49.261222,-24.073272],[-49.249041,-24.066766],[-49.23868,-24.053786],[-49.230841,-24.051753],[-49.224027,-24.055348],[-49.219995,-24.054922],[-49.217451,-24.05084],[-49.21708,-24.044627],[-49.212525,-24.038711],[-49.208168,-24.035045],[-49.189473,-24.025575],[-49.17243,-24.027417],[-49.165369,-24.03237],[-49.163292,-24.038122],[-49.165826,-24.045811],[-49.164766,-24.05023],[-49.159131,-24.052938],[-49.154104,-24.057487],[-49.148459,-24.069976],[-49.145202,-24.072069],[-49.140501,-24.070866],[-49.136637,-24.056019],[-49.125464,-24.045765],[-49.120073,-24.045334],[-49.113372,-24.04933],[-49.10189,-24.043645],[-49.093378,-24.046088],[-49.078055,-24.041031],[-49.075085,-24.042762],[-49.074755,-24.04646],[-49.086856,-24.063252],[-49.082964,-24.070524],[-49.083607,-24.078631],[-49.081455,-24.080165],[-49.07614,-24.080623],[-49.072131,-24.084594],[-49.069249,-24.085461],[-49.064025,-24.082368],[-49.05712,-24.083093],[-49.050196,-24.07658],[-49.052278,-24.067019],[-49.062569,-24.061161],[-49.065661,-24.047993],[-49.059974,-24.042869],[-49.050729,-24.029722],[-49.03857,-24.025318],[-49.032896,-24.018697],[-49.025903,-24.019844],[-49.021324,-24.016612],[-49.013845,-24.015407],[-49.01149,-24.008736],[-49.016442,-23.999987],[-49.022433,-23.997649],[-49.030557,-23.996833],[-49.034211,-23.990326],[-49.039768,-23.989292],[-49.044338,-23.985929],[-49.04909,-23.985551],[-49.051278,-23.98268],[-49.050336,-23.978747],[-49.047487,-23.976238],[-49.028676,-23.976833],[-49.025148,-23.973473],[-49.024418,-23.969684],[-49.025648,-23.967153],[-49.035541,-23.966236],[-49.039818,-23.961613],[-49.044114,-23.959656],[-49.044968,-23.957313],[-49.043089,-23.954429],[-49.036379,-23.951999],[-49.035866,-23.944483],[-49.030306,-23.941343],[-49.022954,-23.934142],[-49.024061,-23.930651],[-49.030767,-23.927694],[-49.029624,-23.919548],[-49.03906,-23.914548],[-49.041945,-23.907009],[-49.040994,-23.903975],[-49.036212,-23.900344],[-49.034867,-23.893454],[-49.025723,-23.888076],[-49.020708,-23.880686],[-49.021138,-23.877363],[-49.025143,-23.876005],[-49.035006,-23.880472],[-49.042346,-23.881516],[-49.044589,-23.877602],[-49.040789,-23.871074],[-49.044373,-23.867813],[-49.051579,-23.868662],[-49.057478,-23.875625],[-49.060968,-23.877571],[-49.073414,-23.877584],[-49.079606,-23.875411],[-49.082252,-23.868665],[-49.092675,-23.861016],[-49.094971,-23.851904],[-49.104548,-23.846019],[-49.10837,-23.841791],[-49.10819,-23.839257],[-49.104823,-23.834947],[-49.096649,-23.827961],[-49.097284,-23.822565],[-49.109527,-23.812258],[-49.12113,-23.811391],[-49.124968,-23.805164],[-49.131479,-23.803144],[-49.136256,-23.797884],[-49.152696,-23.798945],[-49.158821,-23.805301],[-49.167665,-23.806777],[-49.178455,-23.806155],[-49.18396,-23.80444],[-49.191863,-23.806339],[-49.199097,-23.80155],[-49.208392,-23.800337],[-49.224843,-23.801289],[-49.230499,-23.799583],[-49.231832,-23.795217],[-49.225111,-23.787439],[-49.226076,-23.779018],[-49.224426,-23.77395],[-49.231277,-23.76699],[-49.23123,-23.762805],[-49.228612,-23.75751],[-49.235312,-23.743138],[-49.241078,-23.741322],[-49.243338,-23.737122],[-49.2465,-23.734867],[-49.256402,-23.735336],[-49.260279,-23.728017],[-49.267114,-23.729082],[-49.273186,-23.726779],[-49.27944,-23.727699],[-49.282703,-23.730403],[-49.283334,-23.733021],[-49.281198,-23.739156],[-49.286629,-23.746063],[-49.289802,-23.746108],[-49.293178,-23.742321],[-49.296987,-23.740584],[-49.302597,-23.74195],[-49.307565,-23.740289],[-49.312252,-23.741755],[-49.316931,-23.741317],[-49.321694,-23.736591],[-49.321048,-23.729746],[-49.32239,-23.724487],[-49.317037,-23.717905],[-49.303302,-23.711409],[-49.303375,-23.70508],[-49.298625,-23.696894],[-49.301608,-23.686308],[-49.296981,-23.681235],[-49.289644,-23.679955],[-49.286641,-23.676402],[-49.286028,-23.657626],[-49.287716,-23.647186],[-49.286054,-23.638341],[-49.29016,-23.621822],[-49.285418,-23.6077],[-49.283316,-23.606077],[-49.280181,-23.606359],[-49.274033,-23.61088],[-49.267422,-23.618723],[-49.261662,-23.620442],[-49.257629,-23.619289],[-49.253814,-23.613454],[-49.252764,-23.608262],[-49.253699,-23.604959],[-49.26308,-23.597382],[-49.266337,-23.578366],[-49.275729,-23.574261],[-49.278905,-23.568402],[-49.280088,-23.562125],[-49.279216,-23.55831],[-49.272813,-23.549513],[-49.269053,-23.547623],[-49.259282,-23.547001],[-49.250478,-23.549716],[-49.241318,-23.536932],[-49.237367,-23.536305],[-49.229227,-23.544685],[-49.234327,-23.556865],[-49.231517,-23.568033],[-49.221765,-23.577127],[-49.203724,-23.583769],[-49.194399,-23.58528],[-49.189053,-23.589897],[-49.182929,-23.58795],[-49.176133,-23.591133],[-49.164641,-23.590135],[-49.163019,-23.588289],[-49.162061,-23.581438],[-49.154483,-23.577654],[-49.144252,-23.565468],[-49.145456,-23.561411],[-49.152153,-23.560328],[-49.157162,-23.556226],[-49.162616,-23.554681],[-49.165638,-23.551484],[-49.170562,-23.550408],[-49.172252,-23.548292],[-49.171294,-23.542562],[-49.174838,-23.537659],[-49.173612,-23.53345],[-49.174218,-23.524045],[-49.167789,-23.516439],[-49.160136,-23.51235],[-49.152787,-23.504698],[-49.152193,-23.502152],[-49.156264,-23.49807],[-49.168245,-23.494798],[-49.17038,-23.492729],[-49.168113,-23.487423],[-49.161472,-23.485019],[-49.160365,-23.481895],[-49.161423,-23.479214],[-49.171638,-23.477705],[-49.184566,-23.47175],[-49.187719,-23.459992],[-49.186751,-23.451121],[-49.189403,-23.444084],[-49.19277,-23.440008],[-49.191921,-23.437374],[-49.186609,-23.435157],[-49.185363,-23.432545],[-49.192679,-23.423405],[-49.192626,-23.410429],[-49.183862,-23.402251],[-49.180884,-23.403017],[-49.177423,-23.406803],[-49.173842,-23.406757],[-49.170068,-23.400445],[-49.163534,-23.398935],[-49.161351,-23.395694],[-49.160992,-23.388807],[-49.163142,-23.382941],[-49.161808,-23.377895],[-49.167664,-23.370283],[-49.167062,-23.355506],[-49.164987,-23.349602],[-49.16286,-23.348377],[-49.157678,-23.348648],[-49.153055,-23.345695],[-49.148317,-23.347385],[-49.147561,-23.352448],[-49.152551,-23.36848],[-49.146509,-23.376566],[-49.139577,-23.377174],[-49.133658,-23.374598],[-49.125148,-23.376382],[-49.121631,-23.379844],[-49.112955,-23.382826],[-49.106591,-23.386897],[-49.094264,-23.397324],[-49.088843,-23.398105],[-49.08589,-23.395549],[-49.086744,-23.389161],[-49.085627,-23.384399],[-49.079032,-23.377867],[-49.076682,-23.377003],[-49.071538,-23.378856],[-49.063185,-23.378154],[-49.052379,-23.373055],[-49.04809,-23.36774],[-49.047486,-23.361914],[-49.038919,-23.35726],[-49.034059,-23.357565],[-49.026954,-23.361583],[-49.02306,-23.359778],[-49.021444,-23.355143],[-49.017897,-23.351754],[-49.012409,-23.35252],[-49.008437,-23.356282],[-49.004622,-23.35556],[-49.002259,-23.351748],[-49.004249,-23.345936],[-49.002525,-23.341709],[-49.003391,-23.337312],[-48.999477,-23.329895],[-48.99845,-23.322563],[-49.001701,-23.319812],[-49.011409,-23.320331],[-49.025524,-23.330287],[-49.02857,-23.329034],[-49.030806,-23.324287],[-49.035997,-23.322099],[-49.035385,-23.311493],[-49.031704,-23.304745],[-49.029163,-23.303177],[-49.023095,-23.303318],[-49.017674,-23.296343],[-49.018583,-23.293563],[-49.024765,-23.290563],[-49.028838,-23.285426],[-49.031604,-23.285676],[-49.047838,-23.294792],[-49.051158,-23.295601],[-49.056683,-23.294426],[-49.063751,-23.297995],[-49.07393,-23.299564],[-49.078889,-23.298147],[-49.080626,-23.291613],[-49.083978,-23.289805],[-49.09635,-23.292663],[-49.104524,-23.296237],[-49.107954,-23.294745],[-49.110684,-23.290445],[-49.113594,-23.289865],[-49.122269,-23.294802],[-49.129056,-23.294116],[-49.138154,-23.299107],[-49.141241,-23.297136],[-49.143325,-23.28873],[-49.154073,-23.28572],[-49.16657,-23.277588],[-49.176445,-23.27867],[-49.191346,-23.272557],[-49.19822,-23.27257],[-49.200254,-23.273992],[-49.201265,-23.277743],[-49.195947,-23.282971],[-49.195007,-23.288869],[-49.203243,-23.296034],[-49.206013,-23.302079],[-49.204473,-23.321795],[-49.207442,-23.329069],[-49.214607,-23.3381],[-49.217381,-23.347191],[-49.21781,-23.353615],[-49.215446,-23.360556],[-49.218218,-23.370446],[-49.237465,-23.381592],[-49.247068,-23.379678],[-49.252562,-23.372281],[-49.262584,-23.370501],[-49.264819,-23.364951],[-49.268922,-23.360995],[-49.272808,-23.360385],[-49.282429,-23.362254],[-49.285854,-23.361095],[-49.290343,-23.354581],[-49.285949,-23.347673],[-49.287059,-23.343773],[-49.292857,-23.34276],[-49.30269,-23.345259],[-49.316639,-23.336599],[-49.31622,-23.333662],[-49.313263,-23.331903],[-49.297174,-23.331359],[-49.294099,-23.324937],[-49.288069,-23.321714],[-49.281744,-23.308424],[-49.274504,-23.304468],[-49.268811,-23.298995],[-49.270355,-23.288681],[-49.268118,-23.277713],[-49.261686,-23.272784],[-49.25961,-23.260893],[-49.253958,-23.256575],[-49.252845,-23.253972],[-49.256417,-23.246039],[-49.268531,-23.244286],[-49.270887,-23.241959],[-49.270495,-23.238982],[-49.265554,-23.235677],[-49.261893,-23.230556],[-49.255784,-23.229422],[-49.252866,-23.225611],[-49.247784,-23.223854],[-49.245306,-23.219878],[-49.239962,-23.217484],[-49.235939,-23.212021],[-49.23865,-23.204604],[-49.235442,-23.202296],[-49.222813,-23.202931],[-49.216511,-23.20586],[-49.209045,-23.20414],[-49.201863,-23.207586],[-49.190328,-23.20172],[-49.180144,-23.201397],[-49.178204,-23.203265],[-49.17795,-23.206242],[-49.182525,-23.221771],[-49.170882,-23.228002],[-49.165815,-23.228189],[-49.162667,-23.225486],[-49.161953,-23.217781],[-49.157044,-23.212955],[-49.159244,-23.204206],[-49.147558,-23.196292],[-49.143873,-23.198669],[-49.143867,-23.205729],[-49.139643,-23.213485],[-49.135729,-23.213226],[-49.129719,-23.208456],[-49.123596,-23.210583],[-49.118194,-23.209974],[-49.116016,-23.211635],[-49.117073,-23.216577],[-49.127483,-23.226177],[-49.127026,-23.229386],[-49.12474,-23.230797],[-49.100398,-23.219822],[-49.087458,-23.217624],[-49.082318,-23.211257],[-49.074867,-23.210443],[-49.068164,-23.20584],[-49.061768,-23.206743],[-49.052429,-23.203749],[-49.045535,-23.211755],[-49.040479,-23.211431],[-49.032674,-23.207995],[-49.0249,-23.20995],[-49.016968,-23.217239],[-49.014126,-23.226683],[-49.011604,-23.228727],[-49.00676,-23.227137],[-48.99972,-23.219273],[-48.992947,-23.219542],[-48.991023,-23.224068],[-48.992617,-23.23183],[-48.986123,-23.237732],[-48.98568,-23.245304],[-48.983314,-23.24769],[-48.979187,-23.24674],[-48.968268,-23.234502],[-48.964128,-23.233534],[-48.957297,-23.236387],[-48.951492,-23.248581],[-48.952028,-23.259826],[-48.940337,-23.268539],[-48.936342,-23.26746],[-48.932048,-23.260218],[-48.925831,-23.257328],[-48.918203,-23.25728],[-48.913054,-23.254271],[-48.904624,-23.253715],[-48.901433,-23.249652],[-48.894468,-23.245735],[-48.882113,-23.254708],[-48.873298,-23.250131],[-48.866187,-23.250586],[-48.861142,-23.247113],[-48.857796,-23.247022],[-48.854541,-23.250086],[-48.854465,-23.257717],[-48.850645,-23.263852],[-48.846163,-23.267198],[-48.841242,-23.268089],[-48.834246,-23.263271],[-48.832329,-23.247611],[-48.833971,-23.241079],[-48.830848,-23.236577],[-48.823936,-23.23554],[-48.813691,-23.240332],[-48.800982,-23.23915],[-48.798576,-23.237075],[-48.794442,-23.22252],[-48.791579,-23.221956],[-48.780484,-23.225539],[-48.773464,-23.222688],[-48.766198,-23.217172],[-48.765395,-23.213253],[-48.766623,-23.210796],[-48.780947,-23.206846],[-48.783134,-23.203535],[-48.780979,-23.197488],[-48.774303,-23.19068],[-48.773594,-23.182108],[-48.764573,-23.175257],[-48.756115,-23.17393],[-48.75182,-23.171326],[-48.745456,-23.173385],[-48.737968,-23.170526],[-48.732622,-23.173942],[-48.726896,-23.186342],[-48.72402,-23.186692],[-48.72002,-23.184736],[-48.709287,-23.1851],[-48.699476,-23.190588],[-48.688481,-23.186066],[-48.687492,-23.181422],[-48.688585,-23.175445],[-48.687001,-23.169008],[-48.684106,-23.165073],[-48.680493,-23.164506],[-48.676714,-23.166914],[-48.674613,-23.17273],[-48.672313,-23.174451],[-48.66881,-23.173742],[-48.665058,-23.169424],[-48.661149,-23.16982],[-48.658418,-23.173647],[-48.65358,-23.176117],[-48.649665,-23.186988],[-48.639674,-23.190833],[-48.633455,-23.196785],[-48.623864,-23.195478],[-48.621044,-23.19238],[-48.622752,-23.186167],[-48.622174,-23.179882],[-48.62393,-23.175724],[-48.622451,-23.173017],[-48.619742,-23.172316],[-48.613179,-23.174234],[-48.611487,-23.176396],[-48.611471,-23.183303],[-48.603847,-23.185416],[-48.598578,-23.181256],[-48.601081,-23.171987],[-48.599779,-23.168777],[-48.595348,-23.165314],[-48.585515,-23.164723],[-48.581492,-23.167774],[-48.579641,-23.178372],[-48.576346,-23.179953],[-48.571728,-23.178732],[-48.567549,-23.174427],[-48.565906,-23.170338],[-48.559363,-23.166541],[-48.557485,-23.158169],[-48.55156,-23.154356],[-48.552434,-23.146761],[-48.559331,-23.137635],[-48.557081,-23.132779],[-48.554549,-23.131793],[-48.550511,-23.132822],[-48.544071,-23.137007],[-48.534509,-23.132523],[-48.530757,-23.12879],[-48.518657,-23.130024],[-48.513358,-23.125502],[-48.502969,-23.122142],[-48.500326,-23.118887],[-48.499203,-23.11488],[-48.505052,-23.107026],[-48.503408,-23.103346],[-48.4854,-23.100239],[-48.475511,-23.102866],[-48.471726,-23.109559],[-48.467751,-23.112388],[-48.464856,-23.111805],[-48.459065,-23.10673],[-48.452714,-23.105299],[-48.447251,-23.108056],[-48.439415,-23.10668],[-48.426526,-23.110589],[-48.418791,-23.120031],[-48.418869,-23.127702],[-48.415182,-23.130326],[-48.410768,-23.129849],[-48.403923,-23.122907],[-48.397025,-23.120762],[-48.387755,-23.123952],[-48.384245,-23.118847],[-48.380327,-23.117347],[-48.370562,-23.120138],[-48.361858,-23.120584],[-48.359596,-23.12257],[-48.358253,-23.12746],[-48.352263,-23.13029],[-48.350647,-23.132465],[-48.351487,-23.1375],[-48.358968,-23.146627],[-48.358478,-23.150661],[-48.354568,-23.153436],[-48.349228,-23.15359],[-48.340629,-23.145166],[-48.33721,-23.144106],[-48.320349,-23.146894],[-48.308299,-23.151008],[-48.301004,-23.157167],[-48.297066,-23.15672],[-48.293626,-23.153707],[-48.290627,-23.153312],[-48.27908,-23.163166],[-48.258626,-23.17547],[-48.249996,-23.186843],[-48.245991,-23.186589],[-48.240738,-23.181881],[-48.234822,-23.184325],[-48.23009,-23.183704],[-48.224111,-23.185312],[-48.217659,-23.18193],[-48.219762,-23.172463],[-48.227786,-23.168567],[-48.234355,-23.159095],[-48.239485,-23.155335],[-48.24628,-23.143117],[-48.253833,-23.140243],[-48.255879,-23.134122],[-48.255187,-23.131449],[-48.250232,-23.127067],[-48.246734,-23.118571],[-48.249908,-23.110895],[-48.248019,-23.101314],[-48.24953,-23.09556],[-48.246308,-23.087897],[-48.248644,-23.079086],[-48.242898,-23.072882],[-48.243151,-23.068001],[-48.247004,-23.064191],[-48.255019,-23.061901],[-48.257452,-23.0591],[-48.258858,-23.052581],[-48.272011,-23.04637],[-48.281784,-23.035761],[-48.290285,-23.029952],[-48.290671,-23.0212],[-48.29529,-23.013197],[-48.293118,-23.010589],[-48.28393,-23.010654],[-48.278678,-23.005925],[-48.270682,-23.004281],[-48.255733,-23.00706],[-48.243938,-23.004217],[-48.233432,-23.00874],[-48.224314,-23.009336],[-48.218513,-23.01263],[-48.211682,-23.013539],[-48.189588,-22.996299],[-48.184345,-22.987856],[-48.184099,-22.981959],[-48.186198,-22.976132],[-48.185113,-22.969538],[-48.187436,-22.965148],[-48.202998,-22.963104],[-48.227224,-22.965579],[-48.232605,-22.963609],[-48.243052,-22.951713],[-48.248053,-22.94986],[-48.26296,-22.950979],[-48.277408,-22.958631],[-48.29219,-22.949026],[-48.295507,-22.949901],[-48.300176,-22.954794],[-48.307561,-22.956204],[-48.314824,-22.9528],[-48.321262,-22.954152],[-48.328527,-22.950102],[-48.339094,-22.953899],[-48.341233,-22.952309],[-48.34165,-22.949798],[-48.336547,-22.944229],[-48.335948,-22.941441],[-48.342158,-22.932907],[-48.338466,-22.926068],[-48.338347,-22.921823],[-48.34074,-22.919679],[-48.350615,-22.919849],[-48.35345,-22.918585],[-48.360358,-22.900021],[-48.365202,-22.899873],[-48.372364,-22.909847],[-48.375711,-22.910892],[-48.37946,-22.907993],[-48.381136,-22.898483],[-48.383289,-22.895961],[-48.389203,-22.895301],[-48.396669,-22.899176],[-48.402886,-22.898657],[-48.405062,-22.900902],[-48.405752,-22.905825],[-48.410645,-22.90786],[-48.41238,-22.910153],[-48.411637,-22.913014],[-48.407836,-22.916447],[-48.409269,-22.92238],[-48.407881,-22.92628],[-48.404576,-22.927343],[-48.398474,-22.92502],[-48.395015,-22.916896],[-48.392209,-22.914429],[-48.389539,-22.91424],[-48.385043,-22.91723],[-48.380956,-22.932351],[-48.378611,-22.933669],[-48.373317,-22.933523],[-48.3713,-22.935826],[-48.371674,-22.942388],[-48.375078,-22.947077],[-48.373061,-22.954892],[-48.386612,-22.966383],[-48.387176,-22.972748],[-48.382872,-22.97456],[-48.37623,-22.970348],[-48.372149,-22.972467],[-48.371052,-22.975745],[-48.373148,-22.981002],[-48.366108,-22.990462],[-48.35348,-22.987315],[-48.349841,-22.988101],[-48.347592,-22.991108],[-48.348574,-22.994119],[-48.353792,-22.999339],[-48.355077,-23.015411],[-48.360278,-23.02825],[-48.367311,-23.030619],[-48.381873,-23.023749],[-48.387771,-23.027484],[-48.388153,-23.030045],[-48.385869,-23.034446],[-48.386429,-23.038497],[-48.38272,-23.045598],[-48.386695,-23.054768],[-48.394527,-23.055824],[-48.39756,-23.054538],[-48.398983,-23.047912],[-48.40647,-23.037953],[-48.408819,-23.024839],[-48.41745,-23.018965],[-48.42329,-23.017525],[-48.424457,-23.013679],[-48.422991,-23.004695],[-48.427082,-23.00206],[-48.4315,-23.00193],[-48.442999,-23.006714],[-48.448243,-23.01352],[-48.453753,-23.016851],[-48.453008,-23.029129],[-48.455325,-23.033525],[-48.454613,-23.03858],[-48.456821,-23.04078],[-48.46093,-23.040255],[-48.468827,-23.035862],[-48.47941,-23.026475],[-48.482881,-23.026173],[-48.488011,-23.028906],[-48.494476,-23.027238],[-48.503729,-23.027827],[-48.504851,-23.030359],[-48.503975,-23.03853],[-48.508021,-23.04841],[-48.50435,-23.055825],[-48.50385,-23.073068],[-48.508147,-23.081778],[-48.512599,-23.08535],[-48.513311,-23.094975],[-48.517702,-23.098702],[-48.522249,-23.099013],[-48.528486,-23.097226],[-48.53899,-23.101042],[-48.548855,-23.099147],[-48.565006,-23.110568],[-48.574898,-23.110329],[-48.577187,-23.11594],[-48.571879,-23.123173],[-48.571894,-23.1273],[-48.582924,-23.138605],[-48.59584,-23.142142],[-48.602373,-23.140719],[-48.60822,-23.134905],[-48.61093,-23.133955],[-48.634016,-23.140011],[-48.640607,-23.138303],[-48.653293,-23.127096],[-48.656263,-23.122159],[-48.662651,-23.123187],[-48.668214,-23.122289],[-48.674564,-23.125515],[-48.678283,-23.134086],[-48.684808,-23.134946],[-48.6989,-23.142386],[-48.6991,-23.155139],[-48.706008,-23.162832],[-48.725195,-23.164075],[-48.735254,-23.155961],[-48.751123,-23.152781],[-48.756283,-23.153692],[-48.759564,-23.152637],[-48.76638,-23.141333],[-48.769938,-23.138589],[-48.78299,-23.136729],[-48.790513,-23.131518],[-48.793666,-23.131957],[-48.79914,-23.136478],[-48.808232,-23.138418],[-48.81868,-23.135401],[-48.83508,-23.118649],[-48.839168,-23.121368],[-48.842513,-23.143058],[-48.849266,-23.149052],[-48.85818,-23.14936],[-48.864787,-23.145532],[-48.866596,-23.137233],[-48.864792,-23.128281],[-48.866724,-23.125811],[-48.877537,-23.125795],[-48.882903,-23.127243],[-48.895434,-23.125926],[-48.911581,-23.11625],[-48.927009,-23.112342],[-48.930596,-23.110071],[-48.976923,-23.104523],[-48.984978,-23.100522],[-48.989111,-23.094832],[-48.99369,-23.09199],[-48.996491,-23.084988],[-49.007361,-23.082239],[-49.014761,-23.076469],[-49.022677,-23.078502],[-49.032041,-23.084819],[-49.037114,-23.084234],[-49.044039,-23.080147],[-49.050225,-23.08474],[-49.056966,-23.084659],[-49.061414,-23.086528],[-49.069459,-23.084586],[-49.077615,-23.086062],[-49.088483,-23.082497],[-49.092878,-23.085677],[-49.09867,-23.085554],[-49.105061,-23.08857],[-49.108631,-23.09754],[-49.113461,-23.099231],[-49.11589,-23.097258],[-49.119836,-23.085084],[-49.117038,-23.077008],[-49.125327,-23.071779],[-49.124614,-23.059344],[-49.131551,-23.056328],[-49.137862,-23.061006],[-49.142443,-23.060992],[-49.147583,-23.053121],[-49.148469,-23.045543],[-49.151049,-23.043796],[-49.154506,-23.044596],[-49.160894,-23.050727],[-49.170225,-23.051976],[-49.174358,-23.056999],[-49.180831,-23.058671],[-49.186572,-23.064393],[-49.19043,-23.063232],[-49.192964,-23.0575],[-49.20622,-23.048521],[-49.217982,-23.050059],[-49.225544,-23.055242],[-49.227847,-23.064066],[-49.22394,-23.070756],[-49.217455,-23.074262],[-49.218122,-23.077622],[-49.222962,-23.07977],[-49.229766,-23.078097],[-49.234344,-23.070973],[-49.248824,-23.069217],[-49.251903,-23.062219],[-49.257485,-23.059596],[-49.260711,-23.054608],[-49.279564,-23.053829],[-49.280673,-23.049793],[-49.275245,-23.043946],[-49.274625,-23.039132],[-49.271392,-23.035574],[-49.271219,-23.032809],[-49.279057,-23.028066],[-49.287517,-23.010722],[-49.295883,-23.010191],[-49.298777,-23.008661],[-49.301184,-22.99979],[-49.300219,-22.996608],[-49.297749,-22.994731],[-49.291226,-22.995323],[-49.28876,-22.994009],[-49.288168,-22.986045],[-49.284556,-22.976387],[-49.278845,-22.973424],[-49.274338,-22.974472],[-49.268981,-22.979441],[-49.264006,-22.980762],[-49.257965,-22.991268],[-49.251842,-22.994362],[-49.247773,-22.992043],[-49.249522,-22.986241],[-49.248542,-22.983688],[-49.24036,-22.982247],[-49.23848,-22.979012],[-49.240396,-22.975907],[-49.250692,-22.973189],[-49.265287,-22.964622],[-49.269082,-22.959581],[-49.272065,-22.959413],[-49.278153,-22.962448],[-49.284842,-22.960862],[-49.295196,-22.951049],[-49.295806,-22.947008],[-49.290324,-22.942533],[-49.291235,-22.936445],[-49.288727,-22.93124],[-49.289271,-22.924315],[-49.287246,-22.922136],[-49.281738,-22.921777],[-49.280029,-22.924049],[-49.279669,-22.930257],[-49.276308,-22.932739],[-49.263183,-22.930007],[-49.260931,-22.927195],[-49.26168,-22.923343],[-49.26003,-22.915046],[-49.257376,-22.910232],[-49.254241,-22.908878],[-49.248646,-22.91238],[-49.245357,-22.925596],[-49.241203,-22.927719],[-49.23894,-22.926475],[-49.236172,-22.9216],[-49.233719,-22.909893],[-49.222505,-22.906748],[-49.218927,-22.908868],[-49.215092,-22.9213],[-49.212893,-22.922558],[-49.209832,-22.921918],[-49.207913,-22.918453],[-49.207973,-22.908025],[-49.209917,-22.900237],[-49.20542,-22.886947],[-49.206321,-22.882692],[-49.204783,-22.875391],[-49.210387,-22.868674],[-49.214284,-22.860033],[-49.222208,-22.857408],[-49.227451,-22.860266],[-49.233283,-22.860752],[-49.240902,-22.85509],[-49.243595,-22.854642],[-49.246474,-22.857096],[-49.248146,-22.867001],[-49.251798,-22.86774],[-49.259603,-22.866226],[-49.267252,-22.872822],[-49.270742,-22.872495],[-49.280072,-22.866897],[-49.282766,-22.868019],[-49.285857,-22.872126],[-49.290543,-22.873158],[-49.293872,-22.870624],[-49.295176,-22.863957],[-49.298069,-22.862622],[-49.307019,-22.868475],[-49.312763,-22.867994],[-49.319997,-22.863969],[-49.329413,-22.867753],[-49.340829,-22.865156],[-49.353562,-22.869936],[-49.356803,-22.868356],[-49.358823,-22.863863],[-49.36656,-22.860188],[-49.368381,-22.857016],[-49.368637,-22.85199],[-49.373672,-22.845518],[-49.376733,-22.844671],[-49.396645,-22.860394],[-49.397068,-22.862893],[-49.394419,-22.869688],[-49.399033,-22.879614],[-49.411921,-22.881678],[-49.414276,-22.887938],[-49.416525,-22.889522],[-49.419316,-22.889228],[-49.428336,-22.883406],[-49.431301,-22.885366],[-49.432201,-22.891504],[-49.434969,-22.894108],[-49.443682,-22.892805],[-49.452362,-22.893955],[-49.454886,-22.889419],[-49.453579,-22.88561],[-49.447165,-22.8776],[-49.437089,-22.872104],[-49.435188,-22.868946],[-49.436658,-22.862072],[-49.439485,-22.858346],[-49.44282,-22.857683],[-49.448915,-22.860252],[-49.456347,-22.872393],[-49.460219,-22.874802],[-49.465775,-22.875142],[-49.473954,-22.866996],[-49.486681,-22.863876],[-49.494101,-22.855237],[-49.495195,-22.849905],[-49.493736,-22.837849],[-49.496658,-22.834574],[-49.515324,-22.835201],[-49.526193,-22.837774],[-49.529433,-22.83648],[-49.530515,-22.83359],[-49.522256,-22.820611],[-49.524159,-22.809136],[-49.523206,-22.800209],[-49.518475,-22.795828],[-49.514057,-22.797922],[-49.505443,-22.810068],[-49.500656,-22.812652],[-49.49179,-22.812445],[-49.486738,-22.80929],[-49.47947,-22.809066],[-49.475461,-22.81057],[-49.471092,-22.815681],[-49.470255,-22.821699],[-49.46731,-22.825197],[-49.457308,-22.832105],[-49.452828,-22.831525],[-49.448931,-22.820643],[-49.453923,-22.81398],[-49.454404,-22.808394],[-49.460164,-22.804045],[-49.460287,-22.791246],[-49.463906,-22.782071],[-49.46064,-22.771303],[-49.464311,-22.769229],[-49.469433,-22.771333],[-49.479387,-22.784173],[-49.484847,-22.785961],[-49.502614,-22.781785],[-49.506158,-22.774039],[-49.515208,-22.768988],[-49.516058,-22.766247],[-49.511436,-22.749181],[-49.508408,-22.742165],[-49.503892,-22.736887],[-49.503578,-22.732955],[-49.506812,-22.729914],[-49.516837,-22.731831],[-49.523844,-22.729293],[-49.530677,-22.707967],[-49.525556,-22.701598],[-49.525794,-22.698634],[-49.528786,-22.696543],[-49.540712,-22.696323],[-49.551312,-22.694252],[-49.552486,-22.67652],[-49.559282,-22.670102],[-49.566788,-22.666778],[-49.567842,-22.662011],[-49.56603,-22.656178],[-49.57107,-22.653273],[-49.58635,-22.655769],[-49.594237,-22.661158],[-49.599968,-22.658294],[-49.603685,-22.658925],[-49.606247,-22.665791],[-49.612483,-22.670803],[-49.615946,-22.677366],[-49.617455,-22.687877],[-49.622621,-22.697435],[-49.630235,-22.700022],[-49.642625,-22.694431],[-49.650878,-22.692373],[-49.659035,-22.693977],[-49.662816,-22.71085],[-49.666032,-22.717532],[-49.664752,-22.727648],[-49.669616,-22.730773],[-49.675837,-22.728333],[-49.679618,-22.728983],[-49.683459,-22.733876],[-49.685901,-22.74166],[-49.696671,-22.74519],[-49.7028,-22.744432],[-49.70592,-22.737722],[-49.703242,-22.727647],[-49.704215,-22.723507],[-49.720876,-22.718513],[-49.724958,-22.710196],[-49.730218,-22.70783],[-49.737044,-22.711969],[-49.746706,-22.711249],[-49.749658,-22.712651],[-49.752712,-22.719582],[-49.745882,-22.727575],[-49.746768,-22.734124],[-49.75062,-22.736815],[-49.758309,-22.733125],[-49.762081,-22.734015],[-49.763166,-22.73637],[-49.761694,-22.746894],[-49.765119,-22.751887],[-49.76873,-22.754105],[-49.772137,-22.753913],[-49.775823,-22.751451],[-49.776913,-22.741705],[-49.779966,-22.739453],[-49.789644,-22.740285],[-49.795833,-22.744218],[-49.808163,-22.745678],[-49.812409,-22.747536],[-49.820994,-22.746752],[-49.831428,-22.75305],[-49.841401,-22.754867],[-49.845214,-22.757631],[-49.847217,-22.763022],[-49.852365,-22.768755],[-49.868993,-22.77537],[-49.87332,-22.772398],[-49.887668,-22.767201],[-49.889586,-22.763769],[-49.888117,-22.758873],[-49.889314,-22.755566],[-49.896647,-22.750006],[-49.90771,-22.749159],[-49.911326,-22.747621],[-49.913606,-22.745085],[-49.915115,-22.738355],[-49.91796,-22.734994],[-49.920636,-22.734332],[-49.923475,-22.736093],[-49.926448,-22.743396],[-49.930559,-22.745891],[-49.943081,-22.739031],[-49.951497,-22.740801],[-49.958909,-22.739509],[-49.968628,-22.756918],[-49.975876,-22.764194],[-49.983659,-22.769182],[-50.007049,-22.775676],[-50.020575,-22.770922],[-50.023456,-22.771325],[-50.025026,-22.775561],[-50.017733,-22.785235],[-50.021145,-22.789552],[-50.027534,-22.790363],[-50.04263,-22.786173],[-50.051749,-22.789977],[-50.065087,-22.790332],[-50.071458,-22.787813],[-50.073022,-22.774579],[-50.087164,-22.764984],[-50.089455,-22.754103],[-50.098224,-22.744106],[-50.091181,-22.729673],[-50.092693,-22.713943],[-50.089365,-22.695327],[-50.091446,-22.692409],[-50.094657,-22.692347],[-50.099778,-22.696775],[-50.105152,-22.697416],[-50.108569,-22.700123],[-50.113757,-22.701363],[-50.118044,-22.705072],[-50.127918,-22.707809],[-50.131594,-22.70671],[-50.135881,-22.701234],[-50.143393,-22.69575],[-50.149183,-22.694126],[-50.154895,-22.697335],[-50.158975,-22.706715],[-50.169256,-22.707499],[-50.177668,-22.713573],[-50.182755,-22.719632],[-50.191009,-22.721187],[-50.197243,-22.721198],[-50.206615,-22.718209],[-50.21077,-22.705495],[-50.219053,-22.700041],[-50.222749,-22.700204],[-50.225368,-22.703536],[-50.220386,-22.716154],[-50.222435,-22.724237],[-50.232388,-22.734842],[-50.240571,-22.737298],[-50.250715,-22.733404],[-50.258443,-22.711033],[-50.256815,-22.70679],[-50.249644,-22.701214],[-50.246921,-22.696925],[-50.246796,-22.68183],[-50.250307,-22.679822],[-50.266825,-22.681093],[-50.277842,-22.691282],[-50.278863,-22.702507],[-50.282379,-22.71356],[-50.295788,-22.728361],[-50.297319,-22.73916],[-50.302343,-22.741496],[-50.309831,-22.748347],[-50.318883,-22.749787],[-50.324853,-22.744896],[-50.330186,-22.743028],[-50.3348,-22.736397],[-50.337452,-22.721399],[-50.335145,-22.711897],[-50.335255,-22.693682],[-50.341785,-22.692377],[-50.351459,-22.686647],[-50.36005,-22.679247],[-50.363554,-22.670837],[-50.366299,-22.668039],[-50.372071,-22.666124],[-50.37921,-22.667116],[-50.381964,-22.66597],[-50.387955,-22.655682],[-50.385974,-22.647754],[-50.392459,-22.643044],[-50.39277,-22.638314],[-50.395524,-22.632551],[-50.398834,-22.631999],[-50.405927,-22.63622],[-50.411178,-22.636417],[-50.416263,-22.639193],[-50.423187,-22.63324],[-50.425908,-22.632524],[-50.434072,-22.63516],[-50.43678,-22.638897],[-50.442925,-22.642714],[-50.442776,-22.645894],[-50.435944,-22.650977],[-50.434945,-22.653893],[-50.437314,-22.657307],[-50.443189,-22.659083],[-50.448817,-22.670122],[-50.451154,-22.671097],[-50.456031,-22.669434],[-50.465953,-22.669385],[-50.46906,-22.671336],[-50.469065,-22.674365],[-50.465901,-22.678669],[-50.467573,-22.698616],[-50.466002,-22.715277],[-50.469686,-22.723906],[-50.474118,-22.725004],[-50.477654,-22.722421],[-50.480761,-22.717101],[-50.481842,-22.708179],[-50.483656,-22.706455],[-50.486494,-22.706299],[-50.488708,-22.708149],[-50.491023,-22.714267],[-50.492171,-22.721622],[-50.491517,-22.730992],[-50.48835,-22.739608],[-50.497204,-22.748256],[-50.502103,-22.750313],[-50.508657,-22.749272],[-50.519197,-22.738673],[-50.525223,-22.735576],[-50.528162,-22.737146],[-50.530014,-22.746135],[-50.532823,-22.74887],[-50.537043,-22.750208],[-50.550843,-22.750261],[-50.558044,-22.748048],[-50.56225,-22.742853],[-50.568448,-22.742952],[-50.573555,-22.739341],[-50.581584,-22.73746],[-50.583776,-22.735438],[-50.584814,-22.727058],[-50.582554,-22.720175],[-50.582898,-22.709926],[-50.585702,-22.707683],[-50.592742,-22.708031],[-50.596569,-22.703778],[-50.594499,-22.686893],[-50.589512,-22.681006],[-50.58917,-22.677815],[-50.597452,-22.673733],[-50.60101,-22.664709],[-50.607872,-22.657752],[-50.615176,-22.657036],[-50.618103,-22.653282],[-50.616144,-22.641891],[-50.617195,-22.634386],[-50.614912,-22.632175],[-50.607318,-22.63126],[-50.606452,-22.628534],[-50.60848,-22.624617],[-50.614277,-22.619729],[-50.626418,-22.616411],[-50.632258,-22.612053],[-50.636123,-22.606735],[-50.637691,-22.598092],[-50.639546,-22.595915],[-50.642957,-22.595848],[-50.648351,-22.60171],[-50.651404,-22.602711],[-50.664989,-22.597333],[-50.668018,-22.593761],[-50.665611,-22.581228],[-50.655067,-22.57418],[-50.64508,-22.570451],[-50.631985,-22.558908],[-50.629765,-22.553841],[-50.632603,-22.550763],[-50.638352,-22.551191],[-50.649624,-22.560615],[-50.658898,-22.564302],[-50.670758,-22.562276],[-50.676067,-22.567754],[-50.684511,-22.569789],[-50.687336,-22.57683],[-50.690275,-22.579598],[-50.701734,-22.583498],[-50.711739,-22.590355],[-50.724497,-22.588852],[-50.72949,-22.597883],[-50.743544,-22.601832],[-50.749784,-22.607895],[-50.757379,-22.608212],[-50.765077,-22.611884],[-50.775492,-22.609725],[-50.785009,-22.604653],[-50.799935,-22.602733],[-50.802954,-22.59459],[-50.806606,-22.592666],[-50.809115,-22.593721],[-50.810434,-22.596311],[-50.810849,-22.608474],[-50.815222,-22.61037],[-50.824097,-22.603147],[-50.833054,-22.599838],[-50.83632,-22.58621],[-50.842218,-22.573881],[-50.845009,-22.572772],[-50.852117,-22.573632],[-50.855768,-22.571245],[-50.856863,-22.561779],[-50.859593,-22.554161],[-50.856716,-22.543315],[-50.859877,-22.535869],[-50.869404,-22.529533],[-50.878017,-22.527962],[-50.879345,-22.525064],[-50.877049,-22.520258],[-50.877905,-22.517534],[-50.888182,-22.515599],[-50.894066,-22.512453],[-50.904785,-22.50387],[-50.904911,-22.50119],[-50.902505,-22.497765],[-50.903157,-22.494883],[-50.909697,-22.492304],[-50.916758,-22.486633],[-50.919588,-22.486451],[-50.922943,-22.490135],[-50.92066,-22.498604],[-50.927086,-22.508482],[-50.924339,-22.521189],[-50.925539,-22.528121],[-50.933692,-22.529322],[-50.945849,-22.536215],[-50.951893,-22.537582],[-50.957904,-22.541863],[-50.968551,-22.540457],[-50.972026,-22.542631],[-50.971076,-22.550242],[-50.976781,-22.557034],[-50.976448,-22.562225],[-50.969912,-22.565014],[-50.952831,-22.559818],[-50.944898,-22.563176],[-50.942376,-22.566599],[-50.942212,-22.571583],[-50.945552,-22.575798],[-50.949281,-22.576728],[-50.958894,-22.572151],[-50.962194,-22.572232],[-50.967982,-22.578556],[-50.976698,-22.577191],[-50.97972,-22.581637],[-50.983973,-22.584465],[-50.983877,-22.588232],[-50.977628,-22.59365],[-50.976515,-22.597097],[-50.979995,-22.606329],[-50.969969,-22.617522],[-50.969062,-22.625592],[-50.97311,-22.629163],[-50.983675,-22.629219],[-50.994552,-22.623172],[-50.998528,-22.624149],[-50.99948,-22.626621],[-50.99778,-22.630515],[-50.993792,-22.633633],[-50.97992,-22.638597],[-50.977521,-22.642754],[-50.980944,-22.647304],[-50.992369,-22.654852],[-50.999722,-22.655998],[-51.01165,-22.651576],[-51.015617,-22.641599],[-51.015592,-22.62411],[-51.012251,-22.618807],[-51.006505,-22.614294],[-50.999268,-22.600809],[-51.005909,-22.579858],[-51.009728,-22.579226],[-51.012798,-22.581315],[-51.014666,-22.590774],[-51.023346,-22.598633],[-51.030662,-22.612755],[-51.037764,-22.61621],[-51.04683,-22.616559],[-51.052991,-22.62312],[-51.059803,-22.623257],[-51.064751,-22.621527],[-51.086972,-22.605503],[-51.093709,-22.603992],[-51.098776,-22.600595],[-51.101679,-22.597017],[-51.103706,-22.589764],[-51.109736,-22.589165],[-51.112234,-22.587283],[-51.113221,-22.576027],[-51.120426,-22.562008],[-51.117968,-22.555212],[-51.112428,-22.547171],[-51.112528,-22.536819],[-51.114976,-22.531233],[-51.120471,-22.530316],[-51.123359,-22.531839],[-51.133996,-22.548691],[-51.134788,-22.553607],[-51.138858,-22.559684],[-51.147362,-22.568663],[-51.155514,-22.572054],[-51.160484,-22.580936],[-51.164955,-22.585004],[-51.1759,-22.588272],[-51.188641,-22.588287],[-51.196733,-22.590902],[-51.211203,-22.591379],[-51.220551,-22.589093],[-51.227288,-22.581767],[-51.232896,-22.577832],[-51.240888,-22.574794],[-51.245924,-22.569112],[-51.250692,-22.557579],[-51.24961,-22.544787],[-51.250809,-22.540372],[-51.26204,-22.533861],[-51.264913,-22.530661],[-51.274563,-22.527785],[-51.284624,-22.519431],[-51.287308,-22.513434],[-51.294349,-22.509197],[-51.294501,-22.505964],[-51.289529,-22.502051],[-51.287328,-22.494541],[-51.285963,-22.484821],[-51.288995,-22.480003],[-51.291666,-22.478599],[-51.31193,-22.47849],[-51.314124,-22.476538],[-51.315246,-22.471256],[-51.318464,-22.469367],[-51.324467,-22.471543],[-51.328999,-22.476949],[-51.334113,-22.478496],[-51.335981,-22.486386],[-51.338235,-22.488481],[-51.344145,-22.486954],[-51.348773,-22.478419],[-51.357411,-22.474365],[-51.362988,-22.474478],[-51.374965,-22.48135],[-51.381544,-22.482411],[-51.390247,-22.486593],[-51.4024,-22.494468],[-51.404654,-22.499371],[-51.409491,-22.50362],[-51.426378,-22.505109],[-51.43317,-22.501163],[-51.435946,-22.501034],[-51.447754,-22.513842],[-51.45853,-22.51411],[-51.470039,-22.512394],[-51.483775,-22.51496],[-51.490264,-22.519709],[-51.493761,-22.528227],[-51.499045,-22.532184],[-51.519862,-22.535731],[-51.521889,-22.533283],[-51.522384,-22.526368],[-51.524492,-22.523824],[-51.530945,-22.522729],[-51.559277,-22.508627],[-51.56791,-22.507258],[-51.576087,-22.499109],[-51.577746,-22.493268],[-51.58999,-22.483584],[-51.595729,-22.471655],[-51.595336,-22.453527],[-51.590895,-22.442816],[-51.589964,-22.435878],[-51.590091,-22.410179],[-51.57942,-22.395684],[-51.579705,-22.388327],[-51.598021,-22.382282],[-51.623104,-22.385654],[-51.638059,-22.38564],[-51.647141,-22.378632],[-51.651542,-22.379314],[-51.661557,-22.384158],[-51.664481,-22.383939],[-51.668483,-22.376565],[-51.665394,-22.361217],[-51.674929,-22.342873],[-51.678456,-22.340362],[-51.685288,-22.342054],[-51.687925,-22.345127],[-51.685806,-22.358764],[-51.68811,-22.363883],[-51.701587,-22.378224],[-51.709175,-22.383004],[-51.718621,-22.395945],[-51.72792,-22.401661],[-51.730814,-22.405158],[-51.732129,-22.40989],[-51.729126,-22.428261],[-51.732014,-22.432652],[-51.732641,-22.440114],[-51.735571,-22.447243],[-51.746492,-22.45877],[-51.753407,-22.462842],[-51.757384,-22.469214],[-51.769983,-22.469829],[-51.774048,-22.467132],[-51.774612,-22.455942],[-51.780383,-22.450385],[-51.784144,-22.439288],[-51.785347,-22.431265],[-51.783563,-22.422089],[-51.786229,-22.418888],[-51.795981,-22.41303],[-51.797416,-22.405562],[-51.802638,-22.400202],[-51.802731,-22.397483],[-51.80007,-22.393331],[-51.802584,-22.388798],[-51.801751,-22.385323],[-51.795765,-22.384403],[-51.787736,-22.389203],[-51.785054,-22.38942],[-51.782513,-22.387098],[-51.781753,-22.380277],[-51.779311,-22.378524],[-51.775235,-22.379423],[-51.76874,-22.38546],[-51.759546,-22.387737],[-51.75559,-22.392088],[-51.742673,-22.389208],[-51.740784,-22.385189],[-51.74387,-22.380612],[-51.744477,-22.376671],[-51.741171,-22.366377],[-51.742692,-22.363431],[-51.745381,-22.362651],[-51.753752,-22.364839],[-51.763303,-22.365087],[-51.766686,-22.363689],[-51.771453,-22.359608],[-51.775816,-22.351406],[-51.775803,-22.325869],[-51.779617,-22.324544],[-51.787924,-22.327287],[-51.791425,-22.327083],[-51.797704,-22.318461],[-51.81846,-22.30447],[-51.823778,-22.299024],[-51.826055,-22.293998],[-51.826066,-22.289907],[-51.821481,-22.279304],[-51.820269,-22.268851],[-51.811773,-22.247663],[-51.807979,-22.2448],[-51.800944,-22.245828],[-51.788714,-22.243565],[-51.786601,-22.237653],[-51.789962,-22.230046],[-51.789404,-22.226333],[-51.782638,-22.220089],[-51.765118,-22.214126],[-51.759246,-22.213224],[-51.75221,-22.214584],[-51.750588,-22.218066],[-51.749986,-22.229583],[-51.744441,-22.237531],[-51.735505,-22.241828],[-51.732667,-22.240423],[-51.731356,-22.233541],[-51.728024,-22.229916],[-51.707592,-22.222258],[-51.693112,-22.22059],[-51.688324,-22.214484],[-51.685569,-22.213425],[-51.683028,-22.214383],[-51.676138,-22.221679],[-51.672039,-22.235415],[-51.668709,-22.236403],[-51.661055,-22.233442],[-51.655123,-22.235295],[-51.651263,-22.238817],[-51.649106,-22.248757],[-51.637515,-22.254928],[-51.638661,-22.259635],[-51.645206,-22.263534],[-51.663509,-22.260901],[-51.666322,-22.262233],[-51.667055,-22.26539],[-51.657214,-22.275008],[-51.652767,-22.275466],[-51.637818,-22.281615],[-51.632213,-22.289228],[-51.631281,-22.295969],[-51.627998,-22.300575],[-51.631344,-22.306766],[-51.631093,-22.309439],[-51.629028,-22.311939],[-51.62365,-22.313491],[-51.616186,-22.319177],[-51.610865,-22.327475],[-51.610026,-22.334043],[-51.613827,-22.340543],[-51.612975,-22.344943],[-51.608392,-22.346675],[-51.589843,-22.345435],[-51.581769,-22.347613],[-51.577049,-22.351741],[-51.563751,-22.351496],[-51.556875,-22.353339],[-51.554849,-22.355571],[-51.554642,-22.363611],[-51.546605,-22.365429],[-51.541444,-22.369851],[-51.541497,-22.37308],[-51.548004,-22.382696],[-51.546897,-22.387263],[-51.540571,-22.391864],[-51.536832,-22.392729],[-51.526796,-22.389251],[-51.514773,-22.389509],[-51.51111,-22.391087],[-51.510587,-22.404868],[-51.51895,-22.412565],[-51.520921,-22.41743],[-51.519981,-22.427204],[-51.514663,-22.430482],[-51.511815,-22.430741],[-51.507954,-22.428475],[-51.504392,-22.41591],[-51.499806,-22.410611],[-51.496967,-22.395687],[-51.492102,-22.392268],[-51.482264,-22.390311],[-51.472735,-22.393601],[-51.469601,-22.403004],[-51.467344,-22.404826],[-51.460558,-22.402085],[-51.454397,-22.403186],[-51.451395,-22.400383],[-51.451513,-22.388989],[-51.446823,-22.384495],[-51.431449,-22.385794],[-51.421754,-22.38171],[-51.41229,-22.382374],[-51.405067,-22.378299],[-51.401943,-22.37964],[-51.396291,-22.390882],[-51.394568,-22.423754],[-51.397729,-22.432588],[-51.395069,-22.436117],[-51.391892,-22.435684],[-51.382487,-22.42989],[-51.361093,-22.426064],[-51.35459,-22.4281],[-51.352052,-22.437482],[-51.347871,-22.439193],[-51.343827,-22.438636],[-51.335536,-22.431396],[-51.332506,-22.42642],[-51.32918,-22.413033],[-51.330455,-22.407643],[-51.326792,-22.404604],[-51.320034,-22.406249],[-51.312788,-22.403985],[-51.306413,-22.407326],[-51.302127,-22.413283],[-51.278027,-22.418903],[-51.272759,-22.418549],[-51.263763,-22.411769],[-51.260726,-22.406362],[-51.258025,-22.405975],[-51.25313,-22.40801],[-51.250391,-22.406968],[-51.249014,-22.39991],[-51.242313,-22.394814],[-51.245671,-22.388802],[-51.245188,-22.386171],[-51.242152,-22.384542],[-51.236889,-22.385402],[-51.234234,-22.382794],[-51.234852,-22.376507],[-51.241791,-22.370234],[-51.246678,-22.368292],[-51.24801,-22.365912],[-51.237462,-22.352118],[-51.243924,-22.339693],[-51.239235,-22.323391],[-51.24057,-22.320655],[-51.246086,-22.31845],[-51.248803,-22.313679],[-51.256689,-22.31013],[-51.26426,-22.312251],[-51.27453,-22.309197],[-51.283883,-22.314932],[-51.289197,-22.313823],[-51.290195,-22.310282],[-51.288276,-22.305926],[-51.291259,-22.301559],[-51.2913,-22.297834],[-51.281347,-22.286034],[-51.284961,-22.280543],[-51.288121,-22.267848],[-51.286075,-22.265579],[-51.279591,-22.264089],[-51.275444,-22.265636],[-51.269739,-22.264837],[-51.264304,-22.270686],[-51.257815,-22.269406],[-51.253065,-22.266056],[-51.246291,-22.267592],[-51.244066,-22.265825],[-51.243027,-22.259176],[-51.239069,-22.253366],[-51.242025,-22.249909],[-51.255119,-22.248061],[-51.258328,-22.240203],[-51.26376,-22.239865],[-51.268876,-22.236622],[-51.275837,-22.236583],[-51.27946,-22.22865],[-51.286962,-22.223417],[-51.287199,-22.220053],[-51.28142,-22.215709],[-51.279277,-22.20858],[-51.281105,-22.205352],[-51.290262,-22.203732],[-51.295955,-22.198949],[-51.293835,-22.18702],[-51.28929,-22.179595],[-51.284288,-22.178225],[-51.276397,-22.184231],[-51.272434,-22.189888],[-51.265144,-22.192967],[-51.260223,-22.192862],[-51.254927,-22.188444],[-51.254958,-22.179839],[-51.250402,-22.17695],[-51.244594,-22.170289],[-51.240514,-22.170429],[-51.235086,-22.176564],[-51.230861,-22.177575],[-51.219457,-22.169758],[-51.21739,-22.165549],[-51.220675,-22.159004],[-51.221729,-22.150903],[-51.22011,-22.149007],[-51.214027,-22.146902],[-51.202076,-22.149764],[-51.199492,-22.152302],[-51.198777,-22.157238],[-51.200488,-22.164061],[-51.197635,-22.169725],[-51.197279,-22.178169],[-51.194123,-22.182423],[-51.190269,-22.183044],[-51.171835,-22.174418],[-51.168745,-22.171567],[-51.166536,-22.167097],[-51.166278,-22.158467],[-51.163875,-22.155869],[-51.156502,-22.153018],[-51.151337,-22.146004],[-51.15152,-22.140409],[-51.148554,-22.138331],[-51.138992,-22.142272],[-51.135667,-22.145074],[-51.134609,-22.147956],[-51.136221,-22.155677],[-51.127584,-22.165493],[-51.124275,-22.167034],[-51.121093,-22.166918],[-51.113249,-22.162243],[-51.106437,-22.161073],[-51.1044,-22.158167],[-51.102876,-22.148924],[-51.10051,-22.146965],[-51.096422,-22.148242],[-51.091971,-22.156463],[-51.087824,-22.156803],[-51.085397,-22.154354],[-51.082565,-22.146599],[-51.079747,-22.146012],[-51.075208,-22.147833],[-51.072319,-22.146499],[-51.071525,-22.144064],[-51.073121,-22.137909],[-51.067968,-22.133016],[-51.068543,-22.130228],[-51.074462,-22.12495],[-51.07612,-22.121265],[-51.076149,-22.112492],[-51.071126,-22.098975],[-51.062529,-22.088882],[-51.048488,-22.092286],[-51.043897,-22.087258],[-51.037459,-22.085852],[-51.036763,-22.081574],[-51.044756,-22.07509],[-51.045839,-22.070848],[-51.042747,-22.062021],[-51.038711,-22.058249],[-51.039081,-22.051108],[-51.034934,-22.048626],[-51.023868,-22.047995],[-51.022191,-22.045711],[-51.021773,-22.040506],[-51.019031,-22.037944],[-51.015113,-22.037349],[-51.005277,-22.041326],[-50.996285,-22.042561],[-50.988818,-22.047088],[-50.983803,-22.046657],[-50.981168,-22.04787],[-50.980275,-22.050384],[-50.985211,-22.082667],[-50.984703,-22.087155],[-50.981787,-22.089925],[-50.975776,-22.089438],[-50.970694,-22.093094],[-50.963532,-22.093514],[-50.957803,-22.101101],[-50.959708,-22.105087],[-50.968017,-22.105664],[-50.970945,-22.107659],[-50.970778,-22.111397],[-50.967048,-22.117106],[-50.974376,-22.124194],[-50.97359,-22.137943],[-50.981033,-22.14341],[-50.985077,-22.151902],[-50.990739,-22.157061],[-50.99178,-22.162546],[-50.988882,-22.166069],[-50.97904,-22.166719],[-50.971802,-22.159702],[-50.9656,-22.150515],[-50.959241,-22.147194],[-50.95373,-22.147619],[-50.949018,-22.15662],[-50.949921,-22.168595],[-50.955162,-22.178954],[-50.95136,-22.189171],[-50.954069,-22.194796],[-50.953985,-22.203321],[-50.950399,-22.215046],[-50.945745,-22.219453],[-50.937796,-22.220592],[-50.935256,-22.226015],[-50.940868,-22.234412],[-50.949649,-22.23799],[-50.967241,-22.237349],[-50.9733,-22.240572],[-50.974047,-22.243909],[-50.968521,-22.254057],[-50.974244,-22.266266],[-50.970318,-22.271149],[-50.96573,-22.272698],[-50.948475,-22.269374],[-50.939931,-22.272408],[-50.937119,-22.279702],[-50.941296,-22.291493],[-50.945733,-22.295761],[-50.945345,-22.301494],[-50.939574,-22.30335],[-50.931966,-22.301884],[-50.917637,-22.30587],[-50.912917,-22.30988],[-50.905945,-22.319821],[-50.893146,-22.32554],[-50.882319,-22.32821],[-50.87026,-22.326354],[-50.863408,-22.321287],[-50.86327,-22.317457],[-50.867068,-22.314839],[-50.877655,-22.314378],[-50.88013,-22.311238],[-50.875121,-22.302637],[-50.87129,-22.299546],[-50.870896,-22.296956],[-50.873798,-22.292391],[-50.882544,-22.289979],[-50.884395,-22.285578],[-50.888408,-22.281564],[-50.88869,-22.278093],[-50.886301,-22.275558],[-50.881958,-22.275292],[-50.868383,-22.279453],[-50.860397,-22.27837],[-50.855059,-22.275398],[-50.852992,-22.268159],[-50.849015,-22.26565],[-50.844442,-22.267585],[-50.83954,-22.277414],[-50.835776,-22.279918],[-50.833775,-22.284376],[-50.828938,-22.288808],[-50.827656,-22.293957],[-50.817165,-22.307405],[-50.797394,-22.310435],[-50.795521,-22.313037],[-50.795882,-22.318054],[-50.793475,-22.320198],[-50.786233,-22.318528],[-50.776305,-22.318761],[-50.770575,-22.313609],[-50.760191,-22.311395],[-50.754684,-22.303329],[-50.745831,-22.303038],[-50.737927,-22.297278],[-50.733915,-22.297128],[-50.710943,-22.311525],[-50.703854,-22.322429],[-50.702209,-22.330741],[-50.697987,-22.336631],[-50.696956,-22.341867],[-50.698684,-22.347125],[-50.707025,-22.354197],[-50.707747,-22.377143],[-50.701865,-22.388853],[-50.690885,-22.395864],[-50.672186,-22.397482],[-50.662913,-22.391455],[-50.653563,-22.391347],[-50.632308,-22.399136],[-50.625911,-22.405366],[-50.615266,-22.40829],[-50.611883,-22.407882],[-50.609176,-22.405248],[-50.609142,-22.399153],[-50.604528,-22.394624],[-50.606562,-22.387682],[-50.60593,-22.384797],[-50.583023,-22.365211],[-50.582784,-22.362691],[-50.586602,-22.35528],[-50.581668,-22.349053],[-50.573923,-22.347849],[-50.570378,-22.351663],[-50.568586,-22.356572],[-50.56524,-22.357767],[-50.558051,-22.349778],[-50.554444,-22.348448],[-50.544097,-22.348633],[-50.532731,-22.342471],[-50.528534,-22.333276],[-50.529225,-22.328562],[-50.532996,-22.322228],[-50.53284,-22.31266],[-50.529982,-22.305451],[-50.524197,-22.300796],[-50.521899,-22.296366],[-50.518253,-22.295275],[-50.515018,-22.296984],[-50.511732,-22.306455],[-50.504194,-22.310397],[-50.494351,-22.312336],[-50.480531,-22.310302],[-50.467666,-22.311506],[-50.45782,-22.310405],[-50.451513,-22.313465],[-50.449111,-22.321519],[-50.445152,-22.324186],[-50.438402,-22.322973],[-50.431687,-22.316594],[-50.42582,-22.317559],[-50.419682,-22.322289],[-50.410948,-22.320431],[-50.408016,-22.323773],[-50.408163,-22.331104],[-50.404604,-22.334174],[-50.393195,-22.334783],[-50.386075,-22.333358],[-50.377813,-22.339628],[-50.373941,-22.338977],[-50.369468,-22.335724],[-50.366071,-22.33596],[-50.357024,-22.345701],[-50.351622,-22.348721],[-50.341285,-22.350085],[-50.333446,-22.34875],[-50.304674,-22.356721],[-50.300673,-22.359199],[-50.298102,-22.365285],[-50.29406,-22.36853],[-50.280391,-22.369147],[-50.274345,-22.365406],[-50.265663,-22.369542],[-50.252099,-22.368074],[-50.243344,-22.37851],[-50.237995,-22.379874],[-50.235929,-22.38182],[-50.234092,-22.401399],[-50.237521,-22.406981],[-50.2381,-22.413669],[-50.234098,-22.420238],[-50.229001,-22.422352],[-50.223989,-22.428255],[-50.223734,-22.434747],[-50.220375,-22.444767],[-50.217361,-22.446869],[-50.211988,-22.445579],[-50.200697,-22.446524],[-50.196852,-22.450577],[-50.193453,-22.457544],[-50.190411,-22.459639],[-50.184019,-22.457269],[-50.180592,-22.448711],[-50.173707,-22.447157],[-50.160985,-22.440596],[-50.156631,-22.442745],[-50.154134,-22.447831],[-50.138727,-22.465648],[-50.126052,-22.462254],[-50.118036,-22.464594],[-50.111113,-22.468572],[-50.105037,-22.463194],[-50.096627,-22.464469],[-50.08877,-22.460044],[-50.081928,-22.460772],[-50.078568,-22.458186],[-50.076401,-22.452417],[-50.081807,-22.446881],[-50.078653,-22.440426],[-50.078898,-22.436505],[-50.086251,-22.426765],[-50.086595,-22.42417],[-50.083865,-22.420792],[-50.072838,-22.418005],[-50.068265,-22.414789],[-50.064978,-22.415906],[-50.062273,-22.422792],[-50.055652,-22.428615],[-50.045943,-22.426782],[-50.039116,-22.414829],[-50.029327,-22.416502],[-50.026564,-22.418821],[-50.025177,-22.428795],[-50.023544,-22.431027],[-50.01156,-22.431416],[-50.001442,-22.434736],[-49.994813,-22.43477],[-49.985541,-22.444751],[-49.983039,-22.445774],[-49.980638,-22.445103],[-49.977582,-22.441433],[-49.979063,-22.430923],[-49.97689,-22.4279],[-49.969934,-22.428225],[-49.968426,-22.434497],[-49.965592,-22.436464],[-49.962552,-22.436059],[-49.956834,-22.431179],[-49.953059,-22.430529],[-49.940813,-22.437203],[-49.938288,-22.435634],[-49.932691,-22.425421],[-49.933879,-22.419594],[-49.932656,-22.41701],[-49.926982,-22.416123],[-49.918684,-22.418935],[-49.909789,-22.427744],[-49.905466,-22.44499],[-49.898432,-22.448205],[-49.88911,-22.449664],[-49.884494,-22.452527],[-49.881226,-22.457809],[-49.879622,-22.469237],[-49.874458,-22.47864],[-49.87345,-22.484515],[-49.877095,-22.494803],[-49.882153,-22.500208],[-49.881814,-22.508522],[-49.886793,-22.518764],[-49.884929,-22.526917],[-49.882025,-22.52919],[-49.869769,-22.529059],[-49.863518,-22.522541],[-49.860925,-22.515174],[-49.854358,-22.513284],[-49.851481,-22.509666],[-49.844049,-22.496466],[-49.844749,-22.488319],[-49.849384,-22.476741],[-49.848344,-22.47367],[-49.833201,-22.469166],[-49.830737,-22.471135],[-49.831085,-22.477216],[-49.829683,-22.479509],[-49.814526,-22.48308],[-49.810731,-22.477524],[-49.808092,-22.462805],[-49.804697,-22.460281],[-49.786092,-22.463683],[-49.783406,-22.466311],[-49.783798,-22.468752],[-49.789139,-22.474855],[-49.789575,-22.481632],[-49.794465,-22.487463],[-49.797548,-22.495921],[-49.79466,-22.507823],[-49.792162,-22.510422],[-49.782666,-22.512874],[-49.778597,-22.516563],[-49.768913,-22.51876],[-49.763542,-22.524993],[-49.755588,-22.527676],[-49.751418,-22.523703],[-49.751223,-22.509744],[-49.753479,-22.503818],[-49.75079,-22.500904],[-49.741037,-22.503374],[-49.733435,-22.507993],[-49.722367,-22.505926],[-49.710516,-22.508489],[-49.702143,-22.50519],[-49.69391,-22.50677],[-49.691974,-22.503533],[-49.693955,-22.499086],[-49.706266,-22.489737],[-49.709169,-22.485144],[-49.70812,-22.479199],[-49.701701,-22.474212],[-49.699014,-22.465524],[-49.700343,-22.46235],[-49.707242,-22.455921],[-49.712596,-22.445506],[-49.710395,-22.441831],[-49.700928,-22.440813],[-49.69677,-22.436572],[-49.693657,-22.435929],[-49.687385,-22.439823],[-49.683349,-22.446403],[-49.676359,-22.446137],[-49.672678,-22.448304],[-49.669499,-22.453032],[-49.670696,-22.461823],[-49.669092,-22.464541],[-49.662735,-22.465443],[-49.651253,-22.463529],[-49.646698,-22.46759],[-49.648298,-22.475928],[-49.646147,-22.483461],[-49.647304,-22.491623],[-49.642192,-22.497084],[-49.641858,-22.499633],[-49.644032,-22.503051],[-49.659406,-22.512997],[-49.660719,-22.516296],[-49.656961,-22.520607],[-49.641574,-22.521896],[-49.632721,-22.527873],[-49.635905,-22.534978],[-49.643619,-22.537668],[-49.650612,-22.543772],[-49.654907,-22.553791],[-49.653862,-22.559824],[-49.645441,-22.56601],[-49.641279,-22.58147],[-49.634307,-22.585089],[-49.627266,-22.580461],[-49.621934,-22.573524],[-49.608242,-22.566559],[-49.608105,-22.563179],[-49.614121,-22.55476],[-49.613379,-22.54966],[-49.609966,-22.546968],[-49.596197,-22.544741],[-49.592875,-22.541973],[-49.590481,-22.53492],[-49.582572,-22.529258],[-49.581671,-22.512276],[-49.583921,-22.498918],[-49.582831,-22.494184],[-49.578788,-22.489751],[-49.57754,-22.481695],[-49.570293,-22.479983],[-49.566135,-22.472813],[-49.557962,-22.466651],[-49.547728,-22.466627],[-49.541079,-22.476774],[-49.53711,-22.478827],[-49.533831,-22.478732],[-49.531875,-22.476573],[-49.535186,-22.459186],[-49.542973,-22.454629],[-49.545515,-22.448893],[-49.54001,-22.44247],[-49.539683,-22.43436],[-49.536416,-22.431988],[-49.528184,-22.431009],[-49.52298,-22.420407],[-49.52514,-22.417466],[-49.533353,-22.41216],[-49.544593,-22.407275],[-49.563615,-22.384847],[-49.563641,-22.38185],[-49.560743,-22.377699],[-49.562299,-22.36068],[-49.556968,-22.354822],[-49.561477,-22.346502],[-49.558878,-22.343341],[-49.550573,-22.342505],[-49.546209,-22.337463],[-49.54586,-22.334162],[-49.548537,-22.328388],[-49.547089,-22.325384],[-49.542827,-22.324602],[-49.532815,-22.328715],[-49.529168,-22.328564],[-49.523257,-22.324604],[-49.520903,-22.315688],[-49.51568,-22.313888],[-49.509698,-22.315773],[-49.506974,-22.318321],[-49.505781,-22.324078],[-49.499209,-22.335433],[-49.489431,-22.346267],[-49.484222,-22.366077],[-49.491382,-22.376868],[-49.506401,-22.377104],[-49.513865,-22.387178],[-49.509865,-22.399899],[-49.510111,-22.413475],[-49.507604,-22.416117],[-49.50347,-22.416299],[-49.483344,-22.402043],[-49.477274,-22.401323],[-49.469343,-22.405898],[-49.465277,-22.41131],[-49.464625,-22.41738],[-49.462725,-22.419582],[-49.459282,-22.419786],[-49.452232,-22.415504],[-49.446631,-22.416116],[-49.444189,-22.418468],[-49.444673,-22.421767],[-49.450976,-22.427829],[-49.456216,-22.429684],[-49.457603,-22.432223],[-49.451313,-22.442899],[-49.444531,-22.442566],[-49.427488,-22.436876],[-49.423923,-22.434512],[-49.419272,-22.42698],[-49.416003,-22.425713],[-49.407091,-22.428332],[-49.40209,-22.42769],[-49.392879,-22.431779],[-49.384726,-22.428354],[-49.382416,-22.430331],[-49.381151,-22.438314],[-49.372014,-22.438951],[-49.362362,-22.434825],[-49.361635,-22.432002],[-49.364845,-22.428139],[-49.36497,-22.425459],[-49.362761,-22.422525],[-49.356984,-22.421462],[-49.353896,-22.422008],[-49.349094,-22.425607],[-49.346074,-22.433625],[-49.343063,-22.436362],[-49.340066,-22.436605],[-49.334593,-22.428083],[-49.33256,-22.416736],[-49.329518,-22.412566],[-49.32747,-22.405191],[-49.319649,-22.4041],[-49.313067,-22.401012],[-49.307757,-22.392893],[-49.3005,-22.390903],[-49.295864,-22.391903],[-49.290369,-22.39048],[-49.28509,-22.394654],[-49.276949,-22.393547],[-49.27276,-22.401001],[-49.263396,-22.405908],[-49.256636,-22.406753],[-49.255367,-22.409747],[-49.257459,-22.418035],[-49.255864,-22.420716],[-49.24306,-22.422445],[-49.238775,-22.426447],[-49.231783,-22.42831],[-49.230804,-22.432579],[-49.234739,-22.440438],[-49.233282,-22.443423],[-49.230443,-22.444106],[-49.219249,-22.440573],[-49.216125,-22.441972],[-49.217185,-22.459914],[-49.221463,-22.466732],[-49.226377,-22.471287],[-49.225123,-22.475639],[-49.218766,-22.475729],[-49.213602,-22.472731],[-49.208295,-22.476865],[-49.204597,-22.477148],[-49.200679,-22.475425],[-49.191795,-22.464035],[-49.183596,-22.46285],[-49.177193,-22.466565],[-49.167921,-22.477212],[-49.154105,-22.478699],[-49.136426,-22.49003],[-49.134891,-22.494144],[-49.137708,-22.496922],[-49.149286,-22.498365],[-49.154562,-22.495659],[-49.158179,-22.496417],[-49.159403,-22.498767],[-49.158597,-22.508904],[-49.153547,-22.513015],[-49.140257,-22.509494],[-49.133034,-22.509199],[-49.127154,-22.513828],[-49.120862,-22.533088],[-49.120574,-22.542752],[-49.117625,-22.554843],[-49.113198,-22.560195],[-49.110021,-22.560453],[-49.107765,-22.558358],[-49.108037,-22.541965],[-49.104094,-22.538348],[-49.099373,-22.538146],[-49.096989,-22.540056],[-49.096435,-22.554095],[-49.094349,-22.556505],[-49.091335,-22.55655],[-49.085468,-22.552165],[-49.067302,-22.554404],[-49.065043,-22.549123],[-49.071163,-22.542623],[-49.069657,-22.532643],[-49.064044,-22.526068],[-49.060943,-22.526109],[-49.057316,-22.528491],[-49.053394,-22.52744],[-49.050522,-22.525157],[-49.048753,-22.51796],[-49.04602,-22.516811],[-49.043166,-22.51772],[-49.039444,-22.522783],[-49.035519,-22.536267],[-49.035999,-22.54386],[-49.03376,-22.548104],[-49.015274,-22.556151],[-49.011373,-22.565787],[-49.011404,-22.573759],[-49.014672,-22.575511],[-49.019114,-22.573387],[-49.022274,-22.573759],[-49.023993,-22.576249],[-49.022683,-22.583553],[-49.023846,-22.586648],[-49.028428,-22.588393],[-49.034498,-22.587663],[-49.038829,-22.590353],[-49.039338,-22.595062],[-49.036551,-22.603595],[-49.038034,-22.60667],[-49.043988,-22.610361],[-49.045555,-22.622312],[-49.056943,-22.626015],[-49.064754,-22.622964],[-49.072671,-22.62689],[-49.082978,-22.629046],[-49.087402,-22.624797],[-49.097087,-22.619336],[-49.101135,-22.61233],[-49.104668,-22.611844],[-49.106813,-22.613689],[-49.106996,-22.616647],[-49.102107,-22.62865],[-49.101326,-22.638801],[-49.107532,-22.644845],[-49.122421,-22.643555],[-49.127257,-22.648822],[-49.126524,-22.651419],[-49.122372,-22.654239],[-49.109359,-22.655543],[-49.10528,-22.658628],[-49.101285,-22.666758],[-49.091622,-22.66826],[-49.090173,-22.670611],[-49.091445,-22.675835],[-49.090527,-22.679123],[-49.078501,-22.683992],[-49.075638,-22.688664],[-49.072554,-22.689586],[-49.070309,-22.688521],[-49.067118,-22.683351],[-49.062284,-22.680941],[-49.052084,-22.678879],[-49.046762,-22.664527],[-49.039206,-22.664296],[-49.036025,-22.662723],[-49.035806,-22.658589],[-49.039629,-22.653881],[-49.039813,-22.651044],[-49.034336,-22.646545],[-49.03305,-22.636753],[-49.028563,-22.632676],[-49.021602,-22.629677],[-49.023038,-22.62272],[-49.019463,-22.617879],[-49.01505,-22.617409],[-49.012523,-22.618822],[-49.011278,-22.626893],[-49.007716,-22.63111],[-49.000698,-22.63353],[-48.992773,-22.633713],[-48.989801,-22.63177],[-48.98675,-22.623839],[-48.976645,-22.621611],[-48.969911,-22.617242],[-48.960131,-22.616159],[-48.936774,-22.617762],[-48.930987,-22.61382],[-48.921551,-22.61332],[-48.919038,-22.609612],[-48.921788,-22.605169],[-48.935126,-22.602289],[-48.93725,-22.599712],[-48.938146,-22.594636],[-48.940138,-22.593107],[-48.943656,-22.59361],[-48.949533,-22.599058],[-48.956772,-22.599721],[-48.96329,-22.598331],[-48.967189,-22.59523],[-48.968736,-22.589355],[-48.976816,-22.574426],[-48.97998,-22.573022],[-48.986237,-22.5732],[-48.990108,-22.570738],[-48.989226,-22.558994],[-48.99418,-22.554414],[-48.992698,-22.547671],[-48.997018,-22.541861],[-48.997657,-22.536039],[-48.996056,-22.529595],[-49.007864,-22.523248],[-49.010699,-22.510038],[-49.008537,-22.503724],[-49.00969,-22.499146],[-49.018766,-22.493868],[-49.022995,-22.486825],[-49.018706,-22.480771],[-49.021149,-22.475395],[-49.02049,-22.472749],[-49.01518,-22.468743],[-49.007538,-22.467229],[-49.005239,-22.465221],[-49.005161,-22.462804],[-49.008233,-22.457744],[-49.011519,-22.456829],[-49.019325,-22.459106],[-49.026711,-22.458019],[-49.03441,-22.46156],[-49.045069,-22.45493],[-49.050932,-22.453413],[-49.053686,-22.456175],[-49.052654,-22.464263],[-49.056053,-22.469013],[-49.055825,-22.477903],[-49.058857,-22.479623],[-49.064582,-22.478133],[-49.070437,-22.479436],[-49.074045,-22.477839],[-49.076057,-22.474985],[-49.073203,-22.469157],[-49.071776,-22.46115],[-49.072113,-22.452929],[-49.074826,-22.449557],[-49.081458,-22.447132],[-49.090995,-22.446133],[-49.093523,-22.44785],[-49.095007,-22.454579],[-49.099985,-22.456437],[-49.104093,-22.456171],[-49.105971,-22.454045],[-49.107001,-22.447025],[-49.114154,-22.442846],[-49.113232,-22.435704],[-49.11715,-22.430179],[-49.128234,-22.427445],[-49.133783,-22.422184],[-49.133385,-22.41903],[-49.12868,-22.415886],[-49.127023,-22.411357],[-49.121274,-22.408205],[-49.118622,-22.403553],[-49.11273,-22.400981],[-49.109864,-22.401955],[-49.102967,-22.409534],[-49.097575,-22.41157],[-49.094866,-22.41675],[-49.087006,-22.416998],[-49.079009,-22.422999],[-49.075216,-22.427731],[-49.068114,-22.429345],[-49.062098,-22.42812],[-49.051008,-22.424146],[-49.046175,-22.420389],[-49.046509,-22.414408],[-49.048398,-22.412085],[-49.051729,-22.4115],[-49.057385,-22.413859],[-49.060437,-22.41261],[-49.064867,-22.399661],[-49.067778,-22.398883],[-49.072421,-22.400171],[-49.080131,-22.397049],[-49.092289,-22.380271],[-49.093499,-22.372188],[-49.099057,-22.366575],[-49.10459,-22.365804],[-49.106845,-22.364072],[-49.106475,-22.356469],[-49.116298,-22.344052],[-49.116566,-22.333533],[-49.125347,-22.329843],[-49.129011,-22.324278],[-49.136654,-22.323433],[-49.137926,-22.317322],[-49.134642,-22.31337],[-49.129672,-22.311878],[-49.109679,-22.297317],[-49.108022,-22.292408],[-49.100658,-22.286671],[-49.096919,-22.271875],[-49.082716,-22.265326],[-49.05847,-22.257789],[-49.04502,-22.25112],[-49.040074,-22.247853],[-49.0322,-22.236282],[-49.021987,-22.236469],[-49.010171,-22.238779],[-49.007276,-22.236289],[-49.007357,-22.232187],[-49.019846,-22.217885],[-49.032838,-22.215494],[-49.039219,-22.217847],[-49.042623,-22.222534],[-49.047199,-22.223262],[-49.058418,-22.216806],[-49.059079,-22.21381],[-49.056711,-22.21022],[-49.046901,-22.204123],[-49.043766,-22.198662],[-49.045046,-22.186726],[-49.051519,-22.179566],[-49.066244,-22.17546],[-49.070253,-22.171911],[-49.075539,-22.170517],[-49.082877,-22.172933],[-49.091978,-22.178569],[-49.104338,-22.177496],[-49.111742,-22.180789],[-49.117231,-22.179701],[-49.122723,-22.16477],[-49.122098,-22.15702],[-49.120625,-22.152545],[-49.109522,-22.140731],[-49.108139,-22.137273],[-49.110559,-22.134363],[-49.120649,-22.134145],[-49.127488,-22.141901],[-49.132274,-22.144748],[-49.144276,-22.148006],[-49.148212,-22.150422],[-49.149092,-22.153156],[-49.144001,-22.158978],[-49.134751,-22.165367],[-49.13218,-22.178745],[-49.129156,-22.18489],[-49.120484,-22.189205],[-49.118108,-22.193701],[-49.117973,-22.197805],[-49.12512,-22.210804],[-49.125264,-22.215828],[-49.123918,-22.219528],[-49.11701,-22.225351],[-49.114114,-22.235316],[-49.115483,-22.246895],[-49.119588,-22.24836],[-49.127344,-22.245077],[-49.128443,-22.241161],[-49.126527,-22.235887],[-49.128754,-22.233447],[-49.152177,-22.230882],[-49.157673,-22.228703],[-49.166491,-22.229945],[-49.170103,-22.22823],[-49.179461,-22.206253],[-49.177861,-22.201426],[-49.168898,-22.197175],[-49.1676,-22.193849],[-49.172741,-22.188668],[-49.175621,-22.178863],[-49.179369,-22.176689],[-49.182793,-22.177118],[-49.185668,-22.180534],[-49.18986,-22.190902],[-49.193,-22.194656],[-49.192904,-22.202387],[-49.201792,-22.2096],[-49.209745,-22.211404],[-49.211895,-22.213588],[-49.210349,-22.220644],[-49.204298,-22.223177],[-49.190882,-22.216862],[-49.187465,-22.216657],[-49.18517,-22.218188],[-49.183959,-22.223193],[-49.190278,-22.235283],[-49.189289,-22.237651],[-49.184177,-22.241265],[-49.186013,-22.248705],[-49.184639,-22.251634],[-49.181699,-22.252435],[-49.176404,-22.250781],[-49.171065,-22.244564],[-49.166548,-22.246213],[-49.166355,-22.261825],[-49.171359,-22.274632],[-49.16759,-22.286324],[-49.16907,-22.288866],[-49.171787,-22.289549],[-49.17961,-22.285362],[-49.17919,-22.278315],[-49.181037,-22.275357],[-49.196633,-22.272501],[-49.199436,-22.270643],[-49.202614,-22.265207],[-49.20218,-22.247462],[-49.205861,-22.240659],[-49.215378,-22.232979],[-49.245992,-22.228172],[-49.249398,-22.217058],[-49.263287,-22.211046],[-49.274312,-22.202485],[-49.282083,-22.200916],[-49.285191,-22.191742],[-49.287376,-22.189884],[-49.290963,-22.190483],[-49.296419,-22.196205],[-49.31579,-22.196878],[-49.324877,-22.181488],[-49.320988,-22.171464],[-49.311569,-22.158954],[-49.309761,-22.152739],[-49.304573,-22.148194],[-49.302401,-22.144137],[-49.285566,-22.139872],[-49.281706,-22.141868],[-49.277007,-22.149697],[-49.268976,-22.149206],[-49.266405,-22.147259],[-49.267779,-22.140981],[-49.264998,-22.134218],[-49.269984,-22.129448],[-49.271585,-22.123934],[-49.264808,-22.117726],[-49.259901,-22.099722],[-49.252918,-22.095415],[-49.255457,-22.085863],[-49.246648,-22.06024],[-49.240728,-22.055124],[-49.240335,-22.042695],[-49.236237,-22.03302],[-49.236879,-22.023049],[-49.235168,-22.01779],[-49.236543,-22.003532],[-49.230863,-21.997059],[-49.223089,-21.999169],[-49.219443,-22.006489],[-49.218199,-22.01793],[-49.223942,-22.025973],[-49.223628,-22.030045],[-49.199712,-22.042423],[-49.196748,-22.041737],[-49.194232,-22.038793],[-49.195464,-22.031308],[-49.19162,-22.024217],[-49.188192,-22.021228],[-49.182582,-22.020274],[-49.178163,-22.014566],[-49.176876,-22.004185],[-49.172388,-22.003588],[-49.164031,-22.011235],[-49.159883,-22.010046],[-49.155944,-21.997238],[-49.157537,-21.994728],[-49.164555,-21.992133],[-49.165429,-21.988456],[-49.163486,-21.986478],[-49.152993,-21.983323],[-49.149457,-21.978009],[-49.146948,-21.976683],[-49.129221,-21.980737],[-49.124817,-21.984836],[-49.107073,-21.992544],[-49.103509,-21.9977],[-49.103141,-22.0071],[-49.105235,-22.012998],[-49.10303,-22.02087],[-49.09942,-22.022328],[-49.089213,-22.018751],[-49.085474,-22.020911],[-49.085317,-22.027433],[-49.093224,-22.035355],[-49.090459,-22.040905],[-49.090834,-22.043565],[-49.102289,-22.055834],[-49.107532,-22.057875],[-49.110211,-22.06212],[-49.122841,-22.064394],[-49.133534,-22.060211],[-49.138861,-22.060469],[-49.145331,-22.069026],[-49.152398,-22.067727],[-49.155977,-22.069342],[-49.157798,-22.075743],[-49.16042,-22.077283],[-49.174554,-22.069886],[-49.181769,-22.071711],[-49.18461,-22.073845],[-49.185117,-22.077533],[-49.180642,-22.084782],[-49.181144,-22.088936],[-49.18511,-22.093059],[-49.192366,-22.091964],[-49.195684,-22.092949],[-49.197763,-22.096556],[-49.189705,-22.108897],[-49.186285,-22.117017],[-49.181345,-22.121643],[-49.179112,-22.128516],[-49.175373,-22.132843],[-49.170938,-22.133788],[-49.167106,-22.132272],[-49.163289,-22.126093],[-49.165751,-22.122627],[-49.173591,-22.118601],[-49.178587,-22.111513],[-49.178247,-22.106161],[-49.167352,-22.099932],[-49.150305,-22.096638],[-49.141762,-22.088228],[-49.13937,-22.077466],[-49.132478,-22.073964],[-49.12614,-22.073929],[-49.1162,-22.079462],[-49.111397,-22.08465],[-49.102225,-22.083436],[-49.09396,-22.086631],[-49.084581,-22.087443],[-49.076866,-22.083507],[-49.068047,-22.086971],[-49.065256,-22.083642],[-49.068004,-22.068453],[-49.065732,-22.060564],[-49.061297,-22.057491],[-49.058244,-22.059142],[-49.050555,-22.077181],[-49.04506,-22.078959],[-49.039887,-22.078001],[-49.038315,-22.073863],[-49.044708,-22.067805],[-49.044156,-22.063231],[-49.038381,-22.061255],[-49.031998,-22.06381],[-49.029301,-22.063509],[-49.02745,-22.061343],[-49.027174,-22.053766],[-49.019567,-22.052718],[-49.017535,-22.050385],[-49.017998,-22.043921],[-49.024999,-22.038406],[-49.026886,-22.030142],[-49.024876,-22.02841],[-49.011165,-22.024724],[-49.007179,-22.019759],[-49.013297,-22.008725],[-49.007594,-22.002743],[-49.007983,-22.000152],[-49.012112,-21.997027],[-49.012988,-21.994621],[-49.011772,-21.99219],[-49.007449,-21.989889],[-49.007056,-21.986461],[-49.009469,-21.984484],[-49.023777,-21.984306],[-49.028995,-21.982112],[-49.030334,-21.979274],[-49.028628,-21.969489],[-49.023326,-21.956367],[-49.018708,-21.9495],[-49.01447,-21.946173],[-49.00907,-21.948193],[-49.006238,-21.947727],[-48.994842,-21.935023],[-48.993596,-21.931191],[-48.994515,-21.928215],[-48.997069,-21.926931],[-49.00449,-21.926894],[-49.006443,-21.923062],[-49.000102,-21.914079],[-48.987024,-21.906601],[-48.984186,-21.908573],[-48.981064,-21.917235],[-48.984344,-21.923182],[-48.98236,-21.926745],[-48.970818,-21.928622],[-48.958502,-21.919629],[-48.95442,-21.921197],[-48.95251,-21.923595],[-48.952259,-21.927037],[-48.95416,-21.931153],[-48.965923,-21.941175],[-48.968556,-21.945581],[-48.968549,-21.949586],[-48.963025,-21.956585],[-48.958517,-21.957942],[-48.949399,-21.953822],[-48.938118,-21.953106],[-48.9264,-21.965528],[-48.922401,-21.964934],[-48.918565,-21.959948],[-48.915294,-21.958918],[-48.908203,-21.965712],[-48.899039,-21.966042],[-48.896483,-21.967838],[-48.896274,-21.970644],[-48.900145,-21.975773],[-48.89986,-21.981035],[-48.904293,-21.990263],[-48.907859,-21.996011],[-48.915002,-22.002502],[-48.917018,-22.014381],[-48.920796,-22.01643],[-48.927796,-22.015922],[-48.929959,-22.019598],[-48.927115,-22.023943],[-48.920529,-22.027553],[-48.917475,-22.031707],[-48.918076,-22.041499],[-48.916308,-22.048989],[-48.920617,-22.054946],[-48.919235,-22.062957],[-48.905735,-22.063785],[-48.889245,-22.059447],[-48.885781,-22.061597],[-48.884799,-22.066547],[-48.885795,-22.073193],[-48.891031,-22.083538],[-48.891363,-22.092245],[-48.890146,-22.094677],[-48.88403,-22.098548],[-48.88853,-22.112884],[-48.883044,-22.122365],[-48.88471,-22.124954],[-48.897406,-22.133727],[-48.898397,-22.13675],[-48.882155,-22.15453],[-48.880323,-22.162028],[-48.876449,-22.163041],[-48.867568,-22.161114],[-48.864568,-22.164633],[-48.870428,-22.17426],[-48.876754,-22.178594],[-48.885904,-22.179974],[-48.886747,-22.182319],[-48.884773,-22.186267],[-48.885188,-22.188778],[-48.893873,-22.201526],[-48.900448,-22.202968],[-48.901964,-22.206598],[-48.898068,-22.211391],[-48.887558,-22.212079],[-48.877121,-22.203747],[-48.870081,-22.195611],[-48.864058,-22.192375],[-48.8601,-22.193811],[-48.85857,-22.19774],[-48.857752,-22.21151],[-48.851495,-22.217868],[-48.843132,-22.219586],[-48.837894,-22.225928],[-48.839535,-22.235496],[-48.844304,-22.24302],[-48.842394,-22.256169],[-48.837487,-22.261335],[-48.837088,-22.263673],[-48.845614,-22.2699],[-48.847324,-22.274696],[-48.843123,-22.283448],[-48.828839,-22.297564],[-48.826581,-22.305986],[-48.813223,-22.311027],[-48.805016,-22.322337],[-48.806225,-22.331493],[-48.813585,-22.332725],[-48.821471,-22.340594],[-48.828119,-22.342341],[-48.831429,-22.346447],[-48.838888,-22.34643],[-48.844269,-22.342524],[-48.848216,-22.343287],[-48.849613,-22.345252],[-48.850157,-22.35458],[-48.85742,-22.358775],[-48.863548,-22.356573],[-48.869504,-22.348275],[-48.876116,-22.34277],[-48.88258,-22.341212],[-48.888781,-22.343287],[-48.89133,-22.346292],[-48.892691,-22.355999],[-48.883697,-22.379438],[-48.877316,-22.38538],[-48.865358,-22.391936],[-48.863129,-22.397064],[-48.857062,-22.399868],[-48.852672,-22.406449],[-48.838041,-22.406483],[-48.813051,-22.415782],[-48.80977,-22.422192],[-48.809325,-22.432227],[-48.810918,-22.435562],[-48.817217,-22.440996],[-48.815109,-22.446701],[-48.811844,-22.447197],[-48.805555,-22.444004],[-48.800272,-22.444269],[-48.794993,-22.447184],[-48.786842,-22.455426],[-48.783288,-22.455288],[-48.776498,-22.452146],[-48.764052,-22.457634],[-48.763807,-22.461566],[-48.772244,-22.469486],[-48.783846,-22.475],[-48.784175,-22.477521],[-48.780868,-22.482844],[-48.787112,-22.490096],[-48.785924,-22.494218],[-48.780877,-22.496575],[-48.777897,-22.496024],[-48.771132,-22.483229],[-48.763057,-22.473987],[-48.758781,-22.471492],[-48.753696,-22.473565],[-48.752884,-22.485571],[-48.766768,-22.496895],[-48.77805,-22.511447],[-48.793646,-22.527391],[-48.791624,-22.539151],[-48.787929,-22.543533],[-48.782832,-22.54403],[-48.774698,-22.536329],[-48.772092,-22.532534],[-48.770732,-22.524971],[-48.764504,-22.516383],[-48.755145,-22.5157],[-48.750356,-22.513495],[-48.744419,-22.514975],[-48.733031,-22.510563],[-48.72573,-22.512309],[-48.717979,-22.50894],[-48.715801,-22.501159],[-48.708801,-22.496774],[-48.705875,-22.497838],[-48.704288,-22.500609],[-48.706676,-22.506036],[-48.706045,-22.508996],[-48.695824,-22.511131],[-48.69262,-22.513281],[-48.689995,-22.523185],[-48.67494,-22.538324],[-48.680281,-22.550555],[-48.696143,-22.552021],[-48.700048,-22.554755],[-48.700721,-22.557643],[-48.697302,-22.564203],[-48.700394,-22.569196],[-48.704702,-22.570023],[-48.711786,-22.565701],[-48.715718,-22.566447],[-48.716843,-22.569772],[-48.715008,-22.577544],[-48.723587,-22.58101],[-48.725129,-22.586907],[-48.727904,-22.589233],[-48.739401,-22.588975],[-48.751089,-22.592928],[-48.762078,-22.592405],[-48.767042,-22.588961],[-48.767359,-22.579396],[-48.769304,-22.576836],[-48.776607,-22.576161],[-48.784723,-22.573304],[-48.79275,-22.575031],[-48.794458,-22.577719],[-48.794075,-22.580354],[-48.784567,-22.585966],[-48.778631,-22.596852],[-48.77846,-22.600564],[-48.782467,-22.605621],[-48.781501,-22.610234],[-48.77939,-22.611851],[-48.776666,-22.611711],[-48.767318,-22.604796],[-48.760751,-22.606753],[-48.759609,-22.610935],[-48.76381,-22.626906],[-48.760075,-22.634553],[-48.7572,-22.637011],[-48.750739,-22.637331],[-48.738654,-22.631025],[-48.729916,-22.632583],[-48.728884,-22.636195],[-48.739473,-22.658652],[-48.738753,-22.663169],[-48.736192,-22.665269],[-48.731977,-22.663876],[-48.730306,-22.658749],[-48.728197,-22.656972],[-48.724319,-22.657038],[-48.719544,-22.659266],[-48.715507,-22.656544],[-48.71644,-22.629148],[-48.713771,-22.616017],[-48.714383,-22.611039],[-48.711433,-22.606904],[-48.704066,-22.603583],[-48.701406,-22.604579],[-48.699408,-22.608225],[-48.700444,-22.618968],[-48.697076,-22.628299],[-48.697901,-22.633259],[-48.703208,-22.643718],[-48.702318,-22.649163],[-48.699981,-22.650305],[-48.695226,-22.649014],[-48.689795,-22.650049],[-48.683412,-22.642438],[-48.679244,-22.641541],[-48.675966,-22.64292],[-48.673666,-22.647071],[-48.671266,-22.648293],[-48.663242,-22.64359],[-48.659908,-22.64404],[-48.657381,-22.648464],[-48.657758,-22.654431],[-48.655292,-22.656719],[-48.65199,-22.656248],[-48.647265,-22.65156],[-48.643695,-22.651611],[-48.638945,-22.659034],[-48.639113,-22.665422],[-48.635885,-22.668875],[-48.633147,-22.676145],[-48.624234,-22.678425],[-48.621193,-22.688039],[-48.617074,-22.691879],[-48.609343,-22.691414],[-48.602688,-22.687444],[-48.599028,-22.674362],[-48.594085,-22.670362],[-48.591035,-22.670855],[-48.586365,-22.674429],[-48.577487,-22.673345],[-48.567616,-22.678829],[-48.56062,-22.679977],[-48.549717,-22.676231],[-48.544326,-22.671074],[-48.54079,-22.671151],[-48.538893,-22.673746],[-48.538173,-22.680461],[-48.529816,-22.690349],[-48.532847,-22.694713],[-48.538462,-22.697269],[-48.539388,-22.703349],[-48.536177,-22.705669],[-48.529373,-22.704245],[-48.527113,-22.707263],[-48.528794,-22.713214],[-48.539074,-22.718572],[-48.539851,-22.729227],[-48.534711,-22.733439],[-48.52951,-22.741844],[-48.530046,-22.748288],[-48.52571,-22.753812],[-48.53277,-22.76684],[-48.535607,-22.767864],[-48.541084,-22.766658],[-48.54374,-22.769769],[-48.544466,-22.781454],[-48.539816,-22.788874],[-48.541516,-22.801027],[-48.540424,-22.805217],[-48.542885,-22.810441],[-48.542103,-22.816065],[-48.543535,-22.824905],[-48.538954,-22.830201],[-48.539894,-22.841143],[-48.536079,-22.849554],[-48.528928,-22.852452],[-48.510366,-22.848692],[-48.502664,-22.855518],[-48.498673,-22.856019],[-48.496533,-22.853526],[-48.49728,-22.837652],[-48.495252,-22.832647],[-48.49071,-22.828786],[-48.483401,-22.829007],[-48.480927,-22.823573],[-48.477775,-22.821961],[-48.471814,-22.824868],[-48.472152,-22.830313],[-48.470504,-22.834332],[-48.461991,-22.837155],[-48.462698,-22.844414],[-48.461259,-22.846968],[-48.452043,-22.846554],[-48.44714,-22.851653],[-48.439316,-22.850746],[-48.436833,-22.848847],[-48.435853,-22.841871],[-48.433693,-22.839682],[-48.424038,-22.838174],[-48.414771,-22.842007],[-48.410339,-22.839979],[-48.408184,-22.83021],[-48.408528,-22.820678],[-48.405998,-22.818585],[-48.395937,-22.817302],[-48.393156,-22.815413],[-48.391278,-22.803591],[-48.393574,-22.801562],[-48.399469,-22.802589],[-48.406463,-22.800661],[-48.416032,-22.790997],[-48.425689,-22.789219],[-48.429641,-22.784874],[-48.432473,-22.768324],[-48.437794,-22.763936],[-48.448076,-22.763469],[-48.461717,-22.756576],[-48.481719,-22.757998],[-48.48446,-22.756802],[-48.48536,-22.747769],[-48.488425,-22.743833],[-48.497302,-22.737699],[-48.496158,-22.728475],[-48.501102,-22.71848],[-48.49983,-22.705815],[-48.505694,-22.696633],[-48.506122,-22.692988],[-48.503046,-22.68807],[-48.500488,-22.686982],[-48.496131,-22.688064],[-48.488065,-22.693501],[-48.483765,-22.691598],[-48.485234,-22.683617],[-48.495922,-22.67233],[-48.495759,-22.669069],[-48.489609,-22.660192],[-48.478552,-22.657834],[-48.47275,-22.653121],[-48.464587,-22.651747],[-48.453943,-22.653522],[-48.447338,-22.64791],[-48.446477,-22.639493],[-48.453805,-22.620055],[-48.452259,-22.61211],[-48.449014,-22.609058],[-48.447225,-22.602438],[-48.443576,-22.598101],[-48.433923,-22.597299],[-48.42357,-22.592393],[-48.419683,-22.587034],[-48.418391,-22.579348],[-48.420045,-22.565533],[-48.419442,-22.55715],[-48.41432,-22.547683],[-48.408637,-22.542446],[-48.399201,-22.540727],[-48.395406,-22.536799],[-48.394728,-22.533157],[-48.398828,-22.526962],[-48.40893,-22.525331],[-48.412802,-22.522558],[-48.412471,-22.515882],[-48.416295,-22.510507],[-48.416753,-22.506664],[-48.415034,-22.493134],[-48.412717,-22.490533],[-48.406729,-22.488816],[-48.400208,-22.484015],[-48.395423,-22.485605],[-48.39297,-22.489815],[-48.390462,-22.491133],[-48.385319,-22.490193],[-48.381955,-22.486731],[-48.378534,-22.486333],[-48.364447,-22.494983],[-48.355028,-22.498909],[-48.343117,-22.501536],[-48.332779,-22.506359],[-48.330298,-22.504868],[-48.32435,-22.493334],[-48.319612,-22.489984],[-48.312365,-22.487644],[-48.309604,-22.48321],[-48.302385,-22.478193],[-48.299766,-22.469053],[-48.294813,-22.465928],[-48.290984,-22.460489],[-48.289076,-22.450352],[-48.286287,-22.445784],[-48.281266,-22.444184],[-48.274231,-22.444826],[-48.258796,-22.45806],[-48.2531,-22.469639],[-48.249249,-22.471885],[-48.247185,-22.476262],[-48.244686,-22.477603],[-48.241898,-22.476909],[-48.238197,-22.472878],[-48.237924,-22.462737],[-48.234933,-22.455511],[-48.232735,-22.453895],[-48.228615,-22.453793],[-48.222179,-22.457638],[-48.226013,-22.465645],[-48.224893,-22.469026],[-48.213716,-22.469535],[-48.207354,-22.472307],[-48.206929,-22.474835],[-48.210172,-22.481598],[-48.213366,-22.484003],[-48.228957,-22.48635],[-48.233148,-22.492141],[-48.24803,-22.497213],[-48.259776,-22.504747],[-48.272082,-22.507169],[-48.275367,-22.512128],[-48.27454,-22.520151],[-48.263918,-22.531964],[-48.25863,-22.532802],[-48.252059,-22.529293],[-48.248063,-22.531254],[-48.247698,-22.534891],[-48.252108,-22.541865],[-48.254578,-22.549265],[-48.254196,-22.552917],[-48.25092,-22.556614],[-48.246799,-22.55677],[-48.238439,-22.550483],[-48.215787,-22.554359],[-48.212545,-22.548507],[-48.200833,-22.539175],[-48.198444,-22.533602],[-48.193569,-22.528898],[-48.190201,-22.529298],[-48.182768,-22.535706],[-48.177647,-22.535429],[-48.172836,-22.531642],[-48.16352,-22.518315],[-48.162221,-22.507052],[-48.159102,-22.502923],[-48.156,-22.502108],[-48.151402,-22.506723],[-48.15428,-22.513101],[-48.150764,-22.532519],[-48.155219,-22.540258],[-48.153819,-22.543873],[-48.151026,-22.545334],[-48.146305,-22.545185],[-48.135769,-22.541233],[-48.128767,-22.536564],[-48.116509,-22.538861],[-48.110943,-22.534379],[-48.106812,-22.534579],[-48.098579,-22.542948],[-48.100163,-22.548998],[-48.100141,-22.5571],[-48.098826,-22.559327],[-48.086273,-22.56014],[-48.079879,-22.556788],[-48.074386,-22.561109],[-48.066028,-22.561142],[-48.055915,-22.564008],[-48.039913,-22.580808],[-48.039666,-22.583813],[-48.041706,-22.587879],[-48.040653,-22.590375],[-48.029958,-22.591774],[-48.02595,-22.589586],[-48.021385,-22.582947],[-48.023028,-22.578929],[-48.029546,-22.57771],[-48.031536,-22.575014],[-48.03035,-22.569516],[-48.024302,-22.56257],[-48.024098,-22.556009],[-48.021654,-22.55393],[-48.013254,-22.551419],[-48.00727,-22.538641],[-48.003096,-22.536097],[-47.997783,-22.536795],[-47.99354,-22.540214],[-47.987874,-22.542259],[-47.97803,-22.542256],[-47.971993,-22.544071],[-47.964464,-22.540579],[-47.954539,-22.541732],[-47.949068,-22.544474],[-47.944501,-22.544906],[-47.93955,-22.540248],[-47.94038,-22.531274],[-47.938651,-22.528649],[-47.929855,-22.528984],[-47.917196,-22.524445],[-47.911493,-22.52432],[-47.906143,-22.526136],[-47.901455,-22.536058],[-47.892632,-22.539708],[-47.890584,-22.544003],[-47.886431,-22.546838],[-47.88474,-22.552809],[-47.872702,-22.553905],[-47.867959,-22.551863],[-47.86222,-22.540235],[-47.854701,-22.533977],[-47.841697,-22.533572],[-47.834881,-22.540389],[-47.825751,-22.538309],[-47.820038,-22.524966],[-47.812529,-22.516452],[-47.812575,-22.509976],[-47.80981,-22.504932],[-47.802451,-22.498074],[-47.799608,-22.492083],[-47.788327,-22.481931],[-47.779268,-22.478241],[-47.769395,-22.480504],[-47.764297,-22.47289],[-47.761347,-22.471637],[-47.750452,-22.476997],[-47.738751,-22.479844],[-47.735574,-22.479191],[-47.732782,-22.474915],[-47.732446,-22.467531],[-47.740261,-22.45682],[-47.741605,-22.449841],[-47.739647,-22.445785],[-47.734765,-22.441365],[-47.732751,-22.434187],[-47.725812,-22.430321],[-47.720822,-22.424221],[-47.723061,-22.41582],[-47.720591,-22.402514],[-47.718787,-22.399642],[-47.712938,-22.395844],[-47.70924,-22.381445],[-47.705518,-22.374785],[-47.70833,-22.359767],[-47.707797,-22.354039],[-47.715648,-22.348092],[-47.720747,-22.336464],[-47.726538,-22.332236],[-47.742691,-22.329403],[-47.745287,-22.331175],[-47.745365,-22.336088],[-47.747562,-22.338562],[-47.750686,-22.338582],[-47.757314,-22.335618],[-47.771843,-22.341428],[-47.779896,-22.334341],[-47.794322,-22.33323],[-47.797687,-22.327814],[-47.806236,-22.323214],[-47.814483,-22.331074],[-47.817492,-22.337866],[-47.820474,-22.345734],[-47.819134,-22.355702],[-47.820294,-22.358087],[-47.832249,-22.36007],[-47.840243,-22.367194],[-47.848532,-22.367119],[-47.852181,-22.369681],[-47.855265,-22.369812],[-47.858402,-22.367748],[-47.866531,-22.355876],[-47.872912,-22.353428],[-47.873121,-22.346955],[-47.881223,-22.335667],[-47.89156,-22.331179],[-47.897399,-22.332477],[-47.900556,-22.330817],[-47.900247,-22.324266],[-47.892193,-22.322151],[-47.89053,-22.318612],[-47.892522,-22.312037],[-47.898042,-22.309008],[-47.90139,-22.301681],[-47.905883,-22.29835],[-47.907491,-22.29329],[-47.912255,-22.292294],[-47.916476,-22.297581],[-47.924559,-22.299364],[-47.927154,-22.297675],[-47.930911,-22.288024],[-47.939551,-22.287177],[-47.942543,-22.290083],[-47.94116,-22.298585],[-47.945174,-22.301622],[-47.946541,-22.30605],[-47.953296,-22.311934],[-47.959791,-22.314258],[-47.965589,-22.325444],[-47.963572,-22.329232],[-47.960027,-22.330786],[-47.952611,-22.329084],[-47.948965,-22.330399],[-47.943691,-22.336006],[-47.944312,-22.342739],[-47.94663,-22.344873],[-47.960524,-22.345741],[-47.971431,-22.34869],[-47.975026,-22.350989],[-47.976462,-22.355743],[-47.967218,-22.366375],[-47.968038,-22.36864],[-47.973685,-22.372784],[-47.977186,-22.373417],[-47.990082,-22.370785],[-47.994801,-22.376336],[-48.000211,-22.37839],[-48.007281,-22.389049],[-48.019679,-22.392088],[-48.026618,-22.385948],[-48.034308,-22.387012],[-48.040729,-22.384681],[-48.047234,-22.377032],[-48.05039,-22.36855],[-48.054156,-22.364669],[-48.063038,-22.365094],[-48.069795,-22.361835],[-48.074598,-22.357315],[-48.08362,-22.356163],[-48.087775,-22.360395],[-48.091101,-22.367095],[-48.10047,-22.37369],[-48.104361,-22.384744],[-48.114376,-22.397083],[-48.119313,-22.399763],[-48.128928,-22.409172],[-48.139342,-22.414913],[-48.143239,-22.415692],[-48.146971,-22.414619],[-48.15015,-22.410524],[-48.147251,-22.401649],[-48.148529,-22.39038],[-48.147158,-22.379029],[-48.150014,-22.371035],[-48.147649,-22.364956],[-48.149323,-22.360188],[-48.156161,-22.356781],[-48.159085,-22.349937],[-48.158755,-22.347131],[-48.155107,-22.343712],[-48.155671,-22.340372],[-48.178389,-22.334832],[-48.18586,-22.328085],[-48.191189,-22.319665],[-48.200778,-22.312177],[-48.209658,-22.299678],[-48.21574,-22.296266],[-48.22455,-22.284474],[-48.235178,-22.275139],[-48.242314,-22.272125],[-48.252031,-22.260749],[-48.263891,-22.253011],[-48.272889,-22.253154],[-48.279289,-22.257637],[-48.287228,-22.256953],[-48.290374,-22.255473],[-48.296834,-22.246657],[-48.302558,-22.245505],[-48.305139,-22.247336],[-48.306682,-22.256589],[-48.309966,-22.26207],[-48.313952,-22.264195],[-48.321863,-22.262819],[-48.322702,-22.258167],[-48.319475,-22.246413],[-48.322189,-22.244443],[-48.328851,-22.244155],[-48.335143,-22.237505],[-48.33978,-22.228444],[-48.335996,-22.223063],[-48.336159,-22.220461],[-48.34525,-22.215993],[-48.3468,-22.213526],[-48.344518,-22.20789],[-48.336506,-22.201132],[-48.3336,-22.187796],[-48.35619,-22.168962],[-48.353793,-22.165129],[-48.341671,-22.165112],[-48.335937,-22.161247],[-48.325551,-22.158368],[-48.313696,-22.164951],[-48.309977,-22.164963],[-48.307429,-22.162442],[-48.306792,-22.154274],[-48.301386,-22.151186],[-48.293897,-22.140845],[-48.289748,-22.138077],[-48.287636,-22.132111],[-48.279548,-22.126227],[-48.267695,-22.125354],[-48.263858,-22.118892],[-48.259843,-22.116957],[-48.251995,-22.118125],[-48.238421,-22.116111],[-48.234496,-22.113368],[-48.226748,-22.11128],[-48.221172,-22.104477],[-48.214805,-22.107913],[-48.206884,-22.106197],[-48.202531,-22.108575],[-48.195824,-22.116925],[-48.201231,-22.123309],[-48.201313,-22.12692],[-48.191304,-22.132715],[-48.188183,-22.136578],[-48.181448,-22.137729],[-48.178991,-22.141121],[-48.179079,-22.145322],[-48.177566,-22.14746],[-48.169427,-22.148599],[-48.161065,-22.145171],[-48.159712,-22.137857],[-48.16413,-22.125504],[-48.158947,-22.119011],[-48.161694,-22.114103],[-48.162297,-22.108075],[-48.173779,-22.102603],[-48.183833,-22.106101],[-48.186908,-22.104348],[-48.190552,-22.099078],[-48.187345,-22.093006],[-48.189229,-22.08588],[-48.185214,-22.077853],[-48.181185,-22.074585],[-48.180138,-22.067902],[-48.184716,-22.062693],[-48.188111,-22.054448],[-48.187834,-22.051104],[-48.183323,-22.044824],[-48.18353,-22.042018],[-48.186994,-22.037371],[-48.195118,-22.035486],[-48.197854,-22.029861],[-48.196319,-22.026909],[-48.187201,-22.021959],[-48.185459,-22.011913],[-48.190769,-22.009689],[-48.202196,-22.010546],[-48.213315,-22.017433],[-48.221705,-22.019389],[-48.224346,-22.018718],[-48.2258,-22.016549],[-48.220296,-22.006674],[-48.220613,-22.001912],[-48.225928,-21.995488],[-48.221823,-21.988984],[-48.213654,-21.988074],[-48.210221,-21.990156],[-48.206925,-21.994846],[-48.201789,-21.99746],[-48.195841,-21.99618],[-48.192106,-21.991157],[-48.19558,-21.979207],[-48.190331,-21.969225],[-48.194661,-21.964608],[-48.204795,-21.934319],[-48.208126,-21.932148],[-48.214892,-21.931851],[-48.219273,-21.936583],[-48.219628,-21.942705],[-48.215973,-21.950831],[-48.216088,-21.961475],[-48.217983,-21.966231],[-48.228296,-21.977969],[-48.253562,-21.982211],[-48.256334,-21.979992],[-48.257819,-21.971028],[-48.265068,-21.969219],[-48.266913,-21.965893],[-48.262298,-21.960695],[-48.247688,-21.952181],[-48.24953,-21.946699],[-48.255048,-21.944044],[-48.256405,-21.941304],[-48.254718,-21.937448],[-48.246824,-21.929162],[-48.247177,-21.924582],[-48.249608,-21.922829],[-48.260691,-21.920915],[-48.271864,-21.912458],[-48.275246,-21.913492],[-48.278219,-21.918738],[-48.28076,-21.920058],[-48.295413,-21.920076],[-48.304456,-21.914232],[-48.308653,-21.916571],[-48.308521,-21.919096],[-48.303574,-21.926245],[-48.309301,-21.933767],[-48.306998,-21.939638],[-48.309932,-21.946024],[-48.306194,-21.953042],[-48.310406,-21.962482],[-48.3066,-21.968231],[-48.306382,-21.975372],[-48.299347,-21.983058],[-48.297293,-21.987684],[-48.303248,-21.999272],[-48.308882,-22.006323],[-48.308645,-22.009688],[-48.299581,-22.012794],[-48.286597,-22.01039],[-48.284381,-22.013779],[-48.287481,-22.019651],[-48.287457,-22.025002],[-48.282811,-22.029547],[-48.276393,-22.030252],[-48.271672,-22.032436],[-48.25927,-22.033214],[-48.252379,-22.037179],[-48.244136,-22.033879],[-48.236571,-22.041334],[-48.227479,-22.043305],[-48.22419,-22.046313],[-48.224132,-22.04996],[-48.230243,-22.057654],[-48.250402,-22.061707],[-48.251656,-22.064515],[-48.250883,-22.069226],[-48.252556,-22.071415],[-48.260248,-22.07157],[-48.262837,-22.070084],[-48.265471,-22.062867],[-48.264441,-22.05503],[-48.269324,-22.04658],[-48.273185,-22.046921],[-48.276107,-22.054404],[-48.281053,-22.055727],[-48.29748,-22.0437],[-48.300362,-22.043593],[-48.303519,-22.046126],[-48.306402,-22.046483],[-48.317313,-22.037356],[-48.332272,-22.035735],[-48.339664,-22.040965],[-48.335847,-22.048589],[-48.336398,-22.05141],[-48.345713,-22.060813],[-48.355449,-22.064957],[-48.355636,-22.067877],[-48.352915,-22.071422],[-48.353361,-22.074342],[-48.357062,-22.076205],[-48.363387,-22.075914],[-48.366647,-22.082883],[-48.37487,-22.086859],[-48.375331,-22.096233],[-48.381324,-22.103817],[-48.38014,-22.110205],[-48.384518,-22.113764],[-48.386692,-22.117923],[-48.389886,-22.118791],[-48.392406,-22.117222],[-48.395089,-22.111081],[-48.399308,-22.108212],[-48.400387,-22.099967],[-48.405437,-22.09315],[-48.414971,-22.088334],[-48.421867,-22.08807],[-48.436137,-22.074571],[-48.449928,-22.064786],[-48.457393,-22.063714],[-48.469377,-22.058295],[-48.47035,-22.05491],[-48.466134,-22.047427],[-48.46996,-22.042048],[-48.473024,-22.041211],[-48.479292,-22.043099],[-48.484729,-22.042537],[-48.486988,-22.04044],[-48.487894,-22.032385],[-48.489605,-22.03028],[-48.504547,-22.030413],[-48.51809,-22.037613],[-48.51933,-22.040643],[-48.517249,-22.045166],[-48.510876,-22.04762],[-48.503719,-22.053111],[-48.497503,-22.061732],[-48.497498,-22.065521],[-48.501511,-22.06715],[-48.513875,-22.06057],[-48.518421,-22.061458],[-48.519136,-22.064715],[-48.512867,-22.073237],[-48.512741,-22.077776],[-48.518111,-22.082276],[-48.519878,-22.086581],[-48.524207,-22.090401],[-48.537533,-22.091487],[-48.540621,-22.093025],[-48.545253,-22.100467],[-48.554525,-22.105355],[-48.557434,-22.109972],[-48.563285,-22.113735],[-48.564197,-22.116388],[-48.562346,-22.123336],[-48.558984,-22.128959],[-48.562008,-22.133904],[-48.563598,-22.148029],[-48.569634,-22.153792],[-48.57556,-22.155522],[-48.580722,-22.165716],[-48.594414,-22.169114],[-48.6003,-22.166276],[-48.6054,-22.157536],[-48.608204,-22.140741],[-48.610523,-22.13937],[-48.620882,-22.138949],[-48.623285,-22.136554],[-48.622994,-22.130638],[-48.611741,-22.118145],[-48.612336,-22.112492],[-48.618085,-22.107131],[-48.615144,-22.100827],[-48.615577,-22.098391],[-48.629827,-22.089295],[-48.637076,-22.089932],[-48.649237,-22.083398],[-48.64917,-22.080576],[-48.645535,-22.075794],[-48.650495,-22.066385],[-48.647338,-22.055643],[-48.648299,-22.051773],[-48.650906,-22.05075],[-48.655141,-22.051574],[-48.660043,-22.056463],[-48.666002,-22.057295],[-48.684936,-22.043529],[-48.698002,-22.047542],[-48.705349,-22.044289],[-48.718218,-22.043524],[-48.725335,-22.044506],[-48.728989,-22.042016],[-48.729703,-22.036208],[-48.733317,-22.029842],[-48.733146,-22.026505],[-48.730391,-22.020095],[-48.724778,-22.013196],[-48.71689,-22.006702],[-48.716166,-21.997576],[-48.708382,-21.990004],[-48.707647,-21.986179],[-48.710567,-21.983626],[-48.71834,-21.983248],[-48.723031,-21.981131],[-48.728474,-21.982173],[-48.731291,-21.980255],[-48.731882,-21.976433],[-48.725703,-21.966505],[-48.726912,-21.960751],[-48.731799,-21.95542],[-48.736753,-21.944676],[-48.745325,-21.937438],[-48.754373,-21.930336],[-48.767574,-21.92717],[-48.774776,-21.921508],[-48.779324,-21.91418],[-48.781407,-21.905492],[-48.784323,-21.901743],[-48.780869,-21.895694],[-48.782121,-21.89225],[-48.792997,-21.887556],[-48.800444,-21.89069],[-48.807465,-21.887375],[-48.807544,-21.884004],[-48.802973,-21.87914],[-48.807661,-21.871047],[-48.806504,-21.866718],[-48.796137,-21.860383],[-48.790324,-21.85869],[-48.786926,-21.852101],[-48.787642,-21.849319],[-48.791238,-21.846343],[-48.792309,-21.842411],[-48.797917,-21.839176],[-48.797533,-21.83535],[-48.792798,-21.831821],[-48.78505,-21.832953],[-48.782446,-21.835445],[-48.781637,-21.841625],[-48.777099,-21.842593],[-48.765689,-21.821268],[-48.761777,-21.819744],[-48.757092,-21.82252],[-48.751483,-21.829928],[-48.747453,-21.832715],[-48.73917,-21.835019],[-48.710588,-21.850612],[-48.698092,-21.852718],[-48.693639,-21.855639],[-48.686526,-21.853191],[-48.669994,-21.85433],[-48.661835,-21.851339],[-48.652538,-21.852997],[-48.638544,-21.851432],[-48.623283,-21.855243],[-48.611969,-21.860764],[-48.600623,-21.861977],[-48.587716,-21.867716],[-48.585429,-21.866168],[-48.584275,-21.862414],[-48.584689,-21.850058],[-48.582123,-21.845338],[-48.587718,-21.833354],[-48.584626,-21.824254],[-48.583308,-21.81294],[-48.571652,-21.808636],[-48.568646,-21.797595],[-48.561882,-21.791006],[-48.55412,-21.779287],[-48.538466,-21.776868],[-48.530368,-21.782084],[-48.523515,-21.783762],[-48.521793,-21.786412],[-48.524653,-21.794634],[-48.529974,-21.799976],[-48.534138,-21.801589],[-48.535357,-21.803937],[-48.532349,-21.811726],[-48.5376,-21.824748],[-48.533867,-21.833258],[-48.535771,-21.837944],[-48.535297,-21.841385],[-48.530679,-21.849165],[-48.531189,-21.870283],[-48.519765,-21.875741],[-48.514315,-21.872821],[-48.505911,-21.871492],[-48.49147,-21.873281],[-48.48622,-21.879978],[-48.483924,-21.89738],[-48.473502,-21.906896],[-48.470161,-21.906464],[-48.46636,-21.902325],[-48.457463,-21.899939],[-48.444611,-21.899856],[-48.433305,-21.901859],[-48.421997,-21.905861],[-48.41669,-21.91443],[-48.415837,-21.926501],[-48.407779,-21.933097],[-48.40328,-21.934697],[-48.401161,-21.93974],[-48.398051,-21.9411],[-48.389628,-21.938919],[-48.389425,-21.930284],[-48.392435,-21.925391],[-48.404107,-21.917716],[-48.404894,-21.913287],[-48.403156,-21.909168],[-48.403359,-21.90442],[-48.408657,-21.892212],[-48.406835,-21.883494],[-48.407625,-21.876665],[-48.398909,-21.87337],[-48.396684,-21.870728],[-48.398607,-21.864297],[-48.402164,-21.859921],[-48.399327,-21.854772],[-48.392773,-21.855497],[-48.383461,-21.854249],[-48.375291,-21.850762],[-48.368194,-21.852237],[-48.356863,-21.850353],[-48.347479,-21.852221],[-48.33894,-21.848161],[-48.332504,-21.850865],[-48.312326,-21.848829],[-48.301084,-21.843112],[-48.281921,-21.838919],[-48.261427,-21.823943],[-48.227909,-21.815871],[-48.225591,-21.817598],[-48.219729,-21.828364],[-48.217412,-21.836082],[-48.209893,-21.846076],[-48.208944,-21.853738],[-48.20167,-21.860376],[-48.200849,-21.865701],[-48.195222,-21.869267],[-48.18238,-21.872879],[-48.177824,-21.878888],[-48.179058,-21.88697],[-48.18109,-21.889205],[-48.184264,-21.889205],[-48.197118,-21.877579],[-48.206453,-21.873232],[-48.217871,-21.870501],[-48.223851,-21.874104],[-48.234869,-21.872949],[-48.238841,-21.878367],[-48.24764,-21.879638],[-48.24886,-21.882132],[-48.247858,-21.885068],[-48.240159,-21.888017],[-48.235485,-21.887117],[-48.232537,-21.888154],[-48.229713,-21.896142],[-48.22945,-21.903853],[-48.2186,-21.910099],[-48.208023,-21.909636],[-48.202042,-21.904258],[-48.198051,-21.904535],[-48.189556,-21.915937],[-48.189948,-21.921064],[-48.18722,-21.924939],[-48.186754,-21.929776],[-48.177637,-21.939344],[-48.165647,-21.941776],[-48.151068,-21.94151],[-48.134374,-21.947873],[-48.125477,-21.946189],[-48.119988,-21.947497],[-48.115382,-21.952842],[-48.110767,-21.967275],[-48.105875,-21.970243],[-48.098587,-21.981038],[-48.099403,-21.984562],[-48.10601,-21.989809],[-48.104598,-21.99564],[-48.09954,-22.001509],[-48.084917,-22.004749],[-48.081765,-22.007578],[-48.084529,-22.015446],[-48.082165,-22.023702],[-48.08564,-22.027186],[-48.09218,-22.029524],[-48.092306,-22.034353],[-48.090847,-22.036591],[-48.088197,-22.037275],[-48.074611,-22.034405],[-48.067837,-22.039286],[-48.057397,-22.036029],[-48.050425,-22.037456],[-48.04399,-22.03491],[-48.037386,-22.034998],[-48.024601,-22.039069],[-48.009802,-22.049996],[-48.009978,-22.055196],[-48.012645,-22.059445],[-48.022289,-22.063442],[-48.027357,-22.069232],[-48.03636,-22.070803],[-48.0476,-22.066649],[-48.073173,-22.066551],[-48.085034,-22.063046],[-48.092969,-22.055981],[-48.100283,-22.055575],[-48.10421,-22.049986],[-48.11254,-22.04837],[-48.116088,-22.044361],[-48.117581,-22.029889],[-48.122325,-22.022045],[-48.125133,-22.021704],[-48.135419,-22.026228],[-48.144923,-22.028056],[-48.147787,-22.031925],[-48.147144,-22.035351],[-48.138066,-22.039912],[-48.132844,-22.046427],[-48.131298,-22.051781],[-48.132104,-22.065759],[-48.125101,-22.071802],[-48.12221,-22.077164],[-48.113867,-22.077195],[-48.110071,-22.079335],[-48.109075,-22.083905],[-48.110718,-22.091482],[-48.108862,-22.094632],[-48.102292,-22.098396],[-48.100129,-22.107448],[-48.097633,-22.108472],[-48.094928,-22.107554],[-48.087945,-22.09724],[-48.086565,-22.08419],[-48.084121,-22.081545],[-48.081004,-22.081806],[-48.073119,-22.087565],[-48.055755,-22.093327],[-48.048739,-22.091572],[-48.03892,-22.085001],[-48.02607,-22.084431],[-48.020676,-22.08796],[-48.014939,-22.099222],[-48.004922,-22.109978],[-48.003608,-22.118807],[-47.996685,-22.130556],[-47.986222,-22.140613],[-47.983708,-22.144855],[-47.977767,-22.147325],[-47.975345,-22.147005],[-47.973366,-22.144573],[-47.974409,-22.135648],[-47.973286,-22.133262],[-47.953918,-22.129333],[-47.939381,-22.137647],[-47.93722,-22.144895],[-47.93068,-22.148606],[-47.926979,-22.154114],[-47.915737,-22.154668],[-47.903494,-22.165427],[-47.89915,-22.165653],[-47.89347,-22.158234],[-47.888639,-22.155698],[-47.88801,-22.152852],[-47.891534,-22.150144],[-47.902597,-22.152903],[-47.905982,-22.147899],[-47.910698,-22.144905],[-47.910992,-22.140943],[-47.906623,-22.1386],[-47.905123,-22.136148],[-47.909812,-22.13023],[-47.909843,-22.127761],[-47.905842,-22.125383],[-47.896725,-22.126751],[-47.893448,-22.126009],[-47.889965,-22.119949],[-47.88479,-22.115701],[-47.884283,-22.112134],[-47.887838,-22.109453],[-47.902078,-22.111071],[-47.905906,-22.10995],[-47.910903,-22.10512],[-47.917032,-22.103517],[-47.91962,-22.096996],[-47.926252,-22.097521],[-47.929442,-22.095987],[-47.938722,-22.086664],[-47.941817,-22.078679],[-47.953824,-22.067352],[-47.957595,-22.059671],[-47.957834,-22.052684],[-47.954021,-22.044901],[-47.953393,-22.036406],[-47.95122,-22.034083],[-47.942735,-22.032276],[-47.938234,-22.027838],[-47.938594,-22.023897],[-47.942802,-22.022272],[-47.949399,-22.025188],[-47.955419,-22.021934],[-47.962397,-22.023664],[-47.964295,-22.021702],[-47.965773,-22.012867],[-47.97532,-22.0066],[-47.992139,-22.00557],[-48.00176,-22.007105],[-48.00834,-22.005551],[-48.013624,-21.999866],[-48.019824,-21.988654],[-48.025809,-21.985452],[-48.03774,-21.987984],[-48.043122,-21.993525],[-48.049698,-21.996904],[-48.056176,-21.997156],[-48.058023,-21.995108],[-48.058665,-21.990244],[-48.055063,-21.982309],[-48.047843,-21.975857],[-48.046015,-21.970386],[-48.047594,-21.967226],[-48.056143,-21.962512],[-48.069527,-21.958388],[-48.072594,-21.959835],[-48.077046,-21.967469],[-48.080616,-21.967968],[-48.082847,-21.966014],[-48.085024,-21.959702],[-48.095119,-21.953697],[-48.098674,-21.949492],[-48.098443,-21.942001],[-48.087021,-21.938089],[-48.085205,-21.934196],[-48.088501,-21.928427],[-48.096397,-21.927902],[-48.103517,-21.925195],[-48.111788,-21.896612],[-48.11565,-21.890978],[-48.114678,-21.887592],[-48.106692,-21.884004],[-48.090372,-21.882066],[-48.085054,-21.878872],[-48.071963,-21.877127],[-48.064459,-21.881185],[-48.051025,-21.881806],[-48.037282,-21.885337],[-48.024421,-21.89],[-48.020604,-21.893431],[-48.018065,-21.897185],[-48.017324,-21.906332],[-48.01046,-21.911174],[-48.011042,-21.919352],[-48.009482,-21.922462],[-47.994553,-21.926324],[-47.992374,-21.923183],[-47.994341,-21.915373],[-47.993656,-21.910059],[-47.999539,-21.907112],[-48.001828,-21.904207],[-48.004933,-21.887759],[-48.013587,-21.882227],[-48.018084,-21.877142],[-48.032545,-21.869449],[-48.048401,-21.863634],[-48.071106,-21.862297],[-48.081692,-21.856685],[-48.084549,-21.857762],[-48.086388,-21.862737],[-48.090136,-21.865723],[-48.098715,-21.867819],[-48.108833,-21.873921],[-48.115733,-21.874607],[-48.128838,-21.862281],[-48.139586,-21.857643],[-48.143473,-21.852909],[-48.153184,-21.850344],[-48.156365,-21.844986],[-48.159786,-21.842649],[-48.169023,-21.839311],[-48.177739,-21.838911],[-48.181629,-21.837301],[-48.182621,-21.833518],[-48.176229,-21.826859],[-48.176122,-21.822793],[-48.185048,-21.81383],[-48.196197,-21.818117],[-48.202597,-21.816639],[-48.204049,-21.806501],[-48.202665,-21.800726],[-48.210355,-21.795052],[-48.211227,-21.789374],[-48.213983,-21.787491],[-48.226195,-21.789685],[-48.236021,-21.789259],[-48.24497,-21.792173],[-48.256018,-21.792039],[-48.269057,-21.796668],[-48.303857,-21.796586],[-48.319012,-21.803225],[-48.321502,-21.810432],[-48.327145,-21.814918],[-48.342489,-21.817068],[-48.351228,-21.820147],[-48.357214,-21.819245],[-48.361719,-21.816665],[-48.364314,-21.811305],[-48.367018,-21.809623],[-48.38731,-21.815231],[-48.394935,-21.809526],[-48.397658,-21.803395],[-48.414094,-21.803023],[-48.420656,-21.796917],[-48.424366,-21.798022],[-48.429431,-21.805044],[-48.433808,-21.805096],[-48.439927,-21.801199],[-48.444046,-21.790024],[-48.448817,-21.787495],[-48.454052,-21.788375],[-48.457668,-21.792263],[-48.46121,-21.806121],[-48.468562,-21.809961],[-48.472293,-21.810361],[-48.475394,-21.80734],[-48.47694,-21.800724],[-48.462904,-21.782104],[-48.465996,-21.771147],[-48.461935,-21.765196],[-48.455487,-21.76104],[-48.455804,-21.754599],[-48.459015,-21.752673],[-48.464514,-21.754777],[-48.470396,-21.753793],[-48.48163,-21.770092],[-48.489124,-21.773],[-48.496208,-21.771309],[-48.499929,-21.765105],[-48.504781,-21.761237],[-48.505898,-21.757987],[-48.50443,-21.753442],[-48.497241,-21.74671],[-48.497112,-21.743623],[-48.50468,-21.739836],[-48.503715,-21.733445],[-48.505103,-21.731124],[-48.514442,-21.731105],[-48.51706,-21.727897],[-48.51476,-21.723477],[-48.502875,-21.718051],[-48.498369,-21.714244],[-48.492716,-21.712575],[-48.489713,-21.707414],[-48.484399,-21.704028],[-48.473183,-21.702636],[-48.459786,-21.706731],[-48.450307,-21.706126],[-48.442518,-21.707889],[-48.432004,-21.698631],[-48.411802,-21.698834],[-48.406485,-21.690633],[-48.403535,-21.689275],[-48.395508,-21.689656],[-48.388208,-21.694731],[-48.380143,-21.689559],[-48.361861,-21.691502],[-48.345837,-21.685879],[-48.327746,-21.692185],[-48.319866,-21.696541],[-48.311424,-21.695366],[-48.299944,-21.697935],[-48.294678,-21.696678],[-48.29019,-21.693065],[-48.280871,-21.69396],[-48.272203,-21.68676],[-48.262569,-21.683083],[-48.257956,-21.678216],[-48.252499,-21.678041],[-48.248566,-21.676144],[-48.244559,-21.663137],[-48.236727,-21.655985],[-48.232677,-21.641647],[-48.2305,-21.638668],[-48.226712,-21.635675],[-48.211643,-21.6322],[-48.201785,-21.616264],[-48.179359,-21.601212],[-48.178245,-21.59261],[-48.180978,-21.581117],[-48.178559,-21.576804],[-48.17308,-21.574691],[-48.167456,-21.569745],[-48.156763,-21.574972],[-48.145829,-21.572781],[-48.136916,-21.577477],[-48.133949,-21.582518],[-48.134449,-21.588877],[-48.129317,-21.595962],[-48.114248,-21.605141],[-48.103568,-21.603851],[-48.099444,-21.607983],[-48.099962,-21.6118],[-48.107669,-21.624432],[-48.110399,-21.624939],[-48.117805,-21.622359],[-48.125694,-21.628247],[-48.143522,-21.632439],[-48.146193,-21.634659],[-48.146764,-21.643598],[-48.143196,-21.64935],[-48.14785,-21.655989],[-48.149614,-21.662123],[-48.148452,-21.664367],[-48.136868,-21.672966],[-48.136752,-21.678518],[-48.139439,-21.682522],[-48.140574,-21.689501],[-48.13581,-21.692831],[-48.134186,-21.697102],[-48.131762,-21.698607],[-48.113398,-21.700153],[-48.083829,-21.697544],[-48.077438,-21.704033],[-48.074306,-21.716244],[-48.075686,-21.719079],[-48.080825,-21.720361],[-48.096126,-21.730384],[-48.098036,-21.735073],[-48.104306,-21.739639],[-48.110914,-21.750692],[-48.125262,-21.757271],[-48.130568,-21.769928],[-48.128575,-21.772656],[-48.123712,-21.774084],[-48.122608,-21.777713],[-48.12849,-21.785663],[-48.138114,-21.789483],[-48.136519,-21.796158],[-48.13913,-21.800715],[-48.139014,-21.803463],[-48.133798,-21.80568],[-48.122544,-21.800002],[-48.116478,-21.791178],[-48.114994,-21.786536],[-48.101979,-21.781611],[-48.098961,-21.775952],[-48.094877,-21.775352],[-48.091539,-21.778251],[-48.087597,-21.790128],[-48.08962,-21.792206],[-48.094075,-21.792498],[-48.097314,-21.794367],[-48.098342,-21.799841],[-48.103414,-21.807593],[-48.103288,-21.811328],[-48.096441,-21.816987],[-48.089464,-21.813022],[-48.085532,-21.813749],[-48.082012,-21.824518],[-48.073299,-21.825696],[-48.071181,-21.827256],[-48.07036,-21.832018],[-48.066544,-21.835789],[-48.063763,-21.84785],[-48.060208,-21.848636],[-48.054308,-21.845267],[-48.048422,-21.846077],[-48.044654,-21.84358],[-48.04232,-21.839607],[-48.039529,-21.838972],[-48.028802,-21.841344],[-48.026532,-21.848353],[-48.027627,-21.853211],[-48.025556,-21.855535],[-48.019762,-21.854528],[-48.009149,-21.855639],[-48.006608,-21.854585],[-48.004366,-21.847986],[-48.007255,-21.842478],[-48.011236,-21.838731],[-48.018741,-21.835051],[-48.021233,-21.825144],[-48.031146,-21.818749],[-48.030759,-21.805429],[-48.037392,-21.786776],[-48.035262,-21.778675],[-48.03245,-21.77683],[-48.027259,-21.776421],[-48.025361,-21.773888],[-48.024858,-21.769403],[-48.02718,-21.762621],[-48.02286,-21.756655],[-48.025598,-21.751209],[-48.024468,-21.746973],[-48.014693,-21.741895],[-48.007798,-21.736317],[-48.003534,-21.727739],[-47.996804,-21.722555],[-47.995674,-21.719969],[-47.998381,-21.696929],[-47.994091,-21.677544],[-47.997058,-21.665108],[-47.996784,-21.650027],[-48.001664,-21.64931],[-48.009265,-21.657976],[-48.011035,-21.668226],[-48.014793,-21.675593],[-48.02562,-21.679989],[-48.028358,-21.679183],[-48.029665,-21.676955],[-48.01915,-21.656413],[-48.017702,-21.636345],[-48.010487,-21.607368],[-48.010715,-21.592772],[-48.012804,-21.58175],[-48.015815,-21.574772],[-48.025373,-21.567858],[-48.025439,-21.565036],[-48.021994,-21.560285],[-48.025154,-21.556687],[-48.029827,-21.556544],[-48.037341,-21.5623],[-48.055334,-21.571085],[-48.0593,-21.570431],[-48.060388,-21.566939],[-48.055364,-21.557637],[-48.052177,-21.556324],[-48.045765,-21.556531],[-48.042121,-21.552652],[-48.036525,-21.550331],[-48.03589,-21.546349],[-48.043477,-21.536028],[-48.050592,-21.531904],[-48.055221,-21.525021],[-48.061462,-21.524175],[-48.07711,-21.528372],[-48.083614,-21.524217],[-48.090428,-21.514491],[-48.090129,-21.510127],[-48.08066,-21.501626],[-48.078608,-21.49412],[-48.084308,-21.485243],[-48.094322,-21.480511],[-48.092434,-21.468591],[-48.093842,-21.460416],[-48.107011,-21.457285],[-48.111304,-21.454902],[-48.11184,-21.434944],[-48.116313,-21.429983],[-48.116105,-21.421485],[-48.12746,-21.412076],[-48.128748,-21.408143],[-48.128193,-21.402086],[-48.135269,-21.390948],[-48.150157,-21.372833],[-48.150253,-21.369394],[-48.146236,-21.360316],[-48.146595,-21.35366],[-48.150181,-21.346783],[-48.146463,-21.337851],[-48.147411,-21.325943],[-48.143829,-21.316647],[-48.143548,-21.310658],[-48.140784,-21.308275],[-48.136922,-21.309686],[-48.134187,-21.317994],[-48.126021,-21.322139],[-48.126022,-21.324989],[-48.129651,-21.330696],[-48.126314,-21.337569],[-48.108951,-21.352947],[-48.103697,-21.354287],[-48.097006,-21.349848],[-48.091999,-21.349953],[-48.087832,-21.357099],[-48.068043,-21.369549],[-48.064862,-21.375946],[-48.058877,-21.378171],[-48.055856,-21.38142],[-48.056281,-21.393052],[-48.047275,-21.400641],[-48.043608,-21.406504],[-48.047441,-21.422346],[-48.047632,-21.430825],[-48.045241,-21.441811],[-48.036883,-21.449065],[-48.033247,-21.459411],[-48.027979,-21.467067],[-48.018879,-21.471695],[-48.012581,-21.472841],[-48.009291,-21.475977],[-47.999459,-21.480348],[-47.99044,-21.479852],[-47.983371,-21.481128],[-47.977902,-21.479141],[-47.970662,-21.483203],[-47.961188,-21.481556],[-47.947449,-21.488913],[-47.924438,-21.489879],[-47.908752,-21.479995],[-47.903797,-21.478648],[-47.887547,-21.493242],[-47.856373,-21.501002],[-47.850768,-21.507728],[-47.840935,-21.514303],[-47.835025,-21.524035],[-47.811764,-21.523501],[-47.807152,-21.539004],[-47.798533,-21.545561],[-47.791644,-21.545834],[-47.786879,-21.539673],[-47.783384,-21.538687],[-47.777915,-21.54193],[-47.759918,-21.544226],[-47.739262,-21.544194],[-47.73227,-21.552352],[-47.733193,-21.55478],[-47.738467,-21.55818],[-47.740449,-21.56551],[-47.739098,-21.567963],[-47.734136,-21.570871],[-47.725866,-21.584281],[-47.726152,-21.588264],[-47.730525,-21.597905],[-47.729586,-21.600259],[-47.725777,-21.602866],[-47.718893,-21.603967],[-47.713194,-21.601825],[-47.708818,-21.594729],[-47.709362,-21.581315],[-47.706139,-21.572452],[-47.702461,-21.571382],[-47.693393,-21.572116],[-47.677854,-21.569295],[-47.672148,-21.564359],[-47.672703,-21.559853],[-47.677756,-21.555811],[-47.690132,-21.558599],[-47.711619,-21.546646],[-47.718037,-21.536291],[-47.728456,-21.527423],[-47.736281,-21.51519],[-47.743163,-21.511141],[-47.7586,-21.507056],[-47.770099,-21.502083],[-47.786634,-21.492118],[-47.799548,-21.478325],[-47.806062,-21.47837],[-47.813427,-21.482584],[-47.818972,-21.480801],[-47.824653,-21.470404],[-47.833728,-21.462419],[-47.834845,-21.45849],[-47.832977,-21.45487],[-47.820424,-21.449564],[-47.813551,-21.452844],[-47.799236,-21.452062],[-47.793645,-21.455397],[-47.780299,-21.45979],[-47.776605,-21.46316],[-47.770361,-21.463538],[-47.759727,-21.475652],[-47.74022,-21.480815],[-47.711266,-21.497495],[-47.701325,-21.505909],[-47.687965,-21.509766],[-47.685644,-21.514318],[-47.686446,-21.520609],[-47.684492,-21.522965],[-47.659748,-21.529698],[-47.655123,-21.529364],[-47.652155,-21.526695],[-47.648886,-21.516929],[-47.649561,-21.509096],[-47.64649,-21.501647],[-47.647283,-21.496948],[-47.644636,-21.489443],[-47.646508,-21.482329],[-47.643286,-21.476274],[-47.645118,-21.464869],[-47.653444,-21.454092],[-47.654293,-21.446283],[-47.667881,-21.436704],[-47.668213,-21.434177],[-47.665245,-21.430605],[-47.665121,-21.427925],[-47.669411,-21.419126],[-47.677718,-21.414408],[-47.679215,-21.405448],[-47.692248,-21.400766],[-47.700233,-21.393149],[-47.701872,-21.387771],[-47.698185,-21.378594],[-47.700001,-21.376516],[-47.70544,-21.376041],[-47.707682,-21.374387],[-47.710542,-21.359669],[-47.708305,-21.357574],[-47.6877,-21.351965],[-47.672567,-21.343262],[-47.669614,-21.333688],[-47.671633,-21.315925],[-47.671081,-21.307305],[-47.662929,-21.298976],[-47.660843,-21.292244],[-47.656185,-21.287062],[-47.651283,-21.274038],[-47.648923,-21.272108],[-47.642581,-21.273784],[-47.638247,-21.280397],[-47.632467,-21.284679],[-47.630624,-21.289292],[-47.631242,-21.301373],[-47.629952,-21.308704],[-47.626954,-21.313871],[-47.614177,-21.319361],[-47.594825,-21.337131],[-47.591999,-21.337035],[-47.578581,-21.330548],[-47.576072,-21.327762],[-47.575991,-21.324203],[-47.581644,-21.314306],[-47.572486,-21.302793],[-47.572462,-21.298954],[-47.575868,-21.290123],[-47.565419,-21.274768],[-47.551581,-21.265871],[-47.548434,-21.262171],[-47.547774,-21.251278],[-47.543728,-21.245744],[-47.544999,-21.234607],[-47.549332,-21.228735],[-47.55486,-21.226276],[-47.560358,-21.225432],[-47.568688,-21.228929],[-47.572229,-21.227718],[-47.573052,-21.224931],[-47.570078,-21.215378],[-47.576529,-21.206369],[-47.57813,-21.195996],[-47.583079,-21.190858],[-47.598888,-21.18562],[-47.602861,-21.185973],[-47.611364,-21.190326],[-47.621838,-21.187895],[-47.626864,-21.181033],[-47.627061,-21.173374],[-47.631268,-21.155563],[-47.633632,-21.153125],[-47.648689,-21.147159],[-47.654708,-21.152101],[-47.660512,-21.152871],[-47.668747,-21.159625],[-47.668554,-21.164299],[-47.671677,-21.174829],[-47.666455,-21.196337],[-47.668419,-21.206959],[-47.670966,-21.21134],[-47.687953,-21.220172],[-47.69313,-21.221432],[-47.696356,-21.21994],[-47.697418,-21.21476],[-47.69995,-21.212112],[-47.706536,-21.209994],[-47.727649,-21.21477],[-47.729966,-21.213237],[-47.735356,-21.203588],[-47.736968,-21.19723],[-47.744846,-21.19438],[-47.750724,-21.194288],[-47.753134,-21.196071],[-47.754899,-21.201822],[-47.751659,-21.20888],[-47.757845,-21.221919],[-47.757392,-21.226425],[-47.760018,-21.230896],[-47.759268,-21.237017],[-47.764439,-21.238888],[-47.769547,-21.236155],[-47.774779,-21.235714],[-47.784078,-21.222643],[-47.785684,-21.217453],[-47.785201,-21.207832],[-47.779785,-21.198908],[-47.776528,-21.185261],[-47.777855,-21.177086],[-47.783674,-21.167621],[-47.785294,-21.160431],[-47.78272,-21.152532],[-47.785922,-21.149939],[-47.791189,-21.149278],[-47.80772,-21.152196],[-47.817278,-21.145871],[-47.819949,-21.141911],[-47.823381,-21.130974],[-47.821458,-21.113916],[-47.818554,-21.111616],[-47.813043,-21.110684],[-47.810296,-21.10569],[-47.805025,-21.103335],[-47.799013,-21.104782],[-47.79312,-21.104069],[-47.790398,-21.0979],[-47.784466,-21.093286],[-47.777681,-21.092627],[-47.773829,-21.088694],[-47.763783,-21.084869],[-47.761574,-21.086551],[-47.761259,-21.089173],[-47.767076,-21.100659],[-47.76436,-21.110905],[-47.757851,-21.114675],[-47.748092,-21.117331],[-47.743189,-21.116401],[-47.730138,-21.118133],[-47.718567,-21.12313],[-47.710022,-21.135268],[-47.701391,-21.133996],[-47.694268,-21.135327],[-47.688323,-21.138338],[-47.680674,-21.133873],[-47.667834,-21.121309],[-47.662379,-21.118203],[-47.653111,-21.105508],[-47.655868,-21.09478],[-47.660829,-21.086549],[-47.662238,-21.075118],[-47.660955,-21.072246],[-47.654573,-21.071376],[-47.646025,-21.074225],[-47.63384,-21.088233],[-47.624742,-21.092687],[-47.617128,-21.093406],[-47.61136,-21.09145],[-47.607677,-21.088172],[-47.599296,-21.088234],[-47.596553,-21.085041],[-47.595272,-21.077496],[-47.604747,-21.065728],[-47.604993,-21.057251],[-47.599346,-21.050116],[-47.592939,-21.049239],[-47.589092,-21.051659],[-47.587442,-21.06077],[-47.583648,-21.064533],[-47.580237,-21.064164],[-47.575965,-21.059733],[-47.56878,-21.059408],[-47.567385,-21.056166],[-47.568122,-21.04785],[-47.565432,-21.039327],[-47.563201,-21.03726],[-47.558263,-21.037403],[-47.555716,-21.035589],[-47.555571,-21.023123],[-47.553932,-21.019881],[-47.549694,-21.016603],[-47.550182,-21.011018],[-47.547946,-21.008374],[-47.543556,-21.009448],[-47.539487,-21.017917],[-47.535649,-21.021189],[-47.534635,-21.025775],[-47.532374,-21.027637],[-47.529439,-21.027352],[-47.524025,-21.0232],[-47.51731,-21.027706],[-47.507292,-21.027815],[-47.492568,-21.020321],[-47.487821,-21.021791],[-47.483188,-21.025536],[-47.483311,-21.03357],[-47.480017,-21.03665],[-47.476771,-21.037246],[-47.471513,-21.034391],[-47.466103,-21.036223],[-47.454126,-21.036079],[-47.451258,-21.041422],[-47.455046,-21.054956],[-47.451685,-21.058472],[-47.447729,-21.058669],[-47.445426,-21.057302],[-47.445301,-21.050272],[-47.441041,-21.046647],[-47.438545,-21.039681],[-47.431578,-21.03888],[-47.429232,-21.036989],[-47.430941,-21.031253],[-47.430385,-21.026769],[-47.432766,-21.024322],[-47.436997,-21.023526],[-47.441306,-21.01873],[-47.443061,-21.01164],[-47.451495,-20.995348],[-47.456624,-20.992901],[-47.467502,-20.992337],[-47.474169,-20.984582],[-47.488285,-20.987058],[-47.494827,-20.982994],[-47.502063,-20.975413],[-47.508537,-20.972597],[-47.517491,-20.972682],[-47.521905,-20.974466],[-47.527954,-20.971777],[-47.531186,-20.973807],[-47.534272,-20.984059],[-47.540539,-20.984704],[-47.544703,-20.98333],[-47.546427,-20.980526],[-47.545642,-20.974976],[-47.542026,-20.968417],[-47.542954,-20.966166],[-47.548101,-20.962604],[-47.546942,-20.954765],[-47.548677,-20.952976],[-47.553735,-20.952721],[-47.55807,-20.950125],[-47.565602,-20.950468],[-47.571776,-20.955334],[-47.572816,-20.958005],[-47.570278,-20.967783],[-47.580837,-20.974765],[-47.590597,-20.971021],[-47.597695,-20.971731],[-47.607759,-20.975074],[-47.624044,-20.968898],[-47.639638,-20.973065],[-47.647141,-20.970417],[-47.654585,-20.965154],[-47.667031,-20.962893],[-47.684268,-20.96838],[-47.691118,-20.972777],[-47.695177,-20.978102],[-47.705615,-20.986418],[-47.709034,-20.992375],[-47.715255,-20.995463],[-47.719137,-21.000477],[-47.722073,-21.00059],[-47.729664,-20.996457],[-47.739099,-21.000325],[-47.744423,-20.998411],[-47.745919,-20.99565],[-47.744975,-20.992814],[-47.735501,-20.983692],[-47.729333,-20.983456],[-47.72515,-20.980917],[-47.720469,-20.980702],[-47.718353,-20.978228],[-47.719854,-20.972801],[-47.724476,-20.971638],[-47.728504,-20.96834],[-47.735415,-20.969561],[-47.740773,-20.96457],[-47.740663,-20.956256],[-47.736425,-20.950183],[-47.727971,-20.947097],[-47.720202,-20.948309],[-47.712323,-20.944842],[-47.703947,-20.953615],[-47.696613,-20.952922],[-47.685085,-20.957646],[-47.681612,-20.952628],[-47.676077,-20.948633],[-47.67436,-20.942778],[-47.672019,-20.94183],[-47.665466,-20.942698],[-47.661422,-20.935614],[-47.65223,-20.934771],[-47.650334,-20.932642],[-47.649689,-20.927947],[-47.652951,-20.924945],[-47.658456,-20.927192],[-47.664797,-20.926151],[-47.67796,-20.932168],[-47.685123,-20.929819],[-47.692689,-20.934892],[-47.699591,-20.933227],[-47.706162,-20.937367],[-47.711327,-20.935769],[-47.714265,-20.930545],[-47.717707,-20.929376],[-47.723256,-20.93541],[-47.730397,-20.933336],[-47.734961,-20.936451],[-47.738053,-20.936831],[-47.746325,-20.930859],[-47.749471,-20.92372],[-47.7553,-20.923331],[-47.760291,-20.920745],[-47.760971,-20.918088],[-47.758166,-20.910885],[-47.752905,-20.907463],[-47.746191,-20.906684],[-47.743115,-20.900702],[-47.735921,-20.898608],[-47.725746,-20.902219],[-47.716244,-20.902049],[-47.711423,-20.904288],[-47.706434,-20.902996],[-47.701129,-20.905267],[-47.698714,-20.904275],[-47.696587,-20.899891],[-47.693309,-20.89761],[-47.68264,-20.896755],[-47.671339,-20.902656],[-47.666711,-20.906853],[-47.663213,-20.907129],[-47.661355,-20.905481],[-47.661202,-20.902666],[-47.670123,-20.892426],[-47.670588,-20.889489],[-47.667088,-20.886925],[-47.65752,-20.887785],[-47.654592,-20.886489],[-47.652921,-20.872754],[-47.656462,-20.869799],[-47.663112,-20.870629],[-47.674287,-20.876943],[-47.68718,-20.88011],[-47.700859,-20.88834],[-47.724257,-20.889885],[-47.740362,-20.886616],[-47.756771,-20.894095],[-47.766075,-20.894058],[-47.768004,-20.891597],[-47.767714,-20.888514],[-47.762571,-20.881024],[-47.752191,-20.87567],[-47.73579,-20.873636],[-47.719965,-20.863947],[-47.711526,-20.855103],[-47.706951,-20.854288],[-47.699844,-20.855747],[-47.688591,-20.860605],[-47.683647,-20.857176],[-47.686052,-20.851172],[-47.697885,-20.842146],[-47.704012,-20.841406],[-47.712086,-20.846242],[-47.72057,-20.844618],[-47.729135,-20.845049],[-47.739589,-20.840613],[-47.743966,-20.844123],[-47.747357,-20.851815],[-47.7624,-20.858492],[-47.774403,-20.875758],[-47.778794,-20.878906],[-47.786994,-20.881757],[-47.7891,-20.884256],[-47.789305,-20.89493],[-47.778104,-20.918077],[-47.779976,-20.926556],[-47.783761,-20.92778],[-47.787657,-20.926975],[-47.790851,-20.918087],[-47.794375,-20.916173],[-47.810958,-20.919173],[-47.816323,-20.917971],[-47.817469,-20.914741],[-47.813777,-20.902381],[-47.809018,-20.894408],[-47.809302,-20.891594],[-47.812256,-20.888336],[-47.819236,-20.885497],[-47.821961,-20.885888],[-47.827133,-20.889672],[-47.832271,-20.887796],[-47.840109,-20.879854],[-47.840355,-20.873056],[-47.838095,-20.868509],[-47.83315,-20.866765],[-47.814659,-20.872939],[-47.808606,-20.8726],[-47.805126,-20.865423],[-47.810194,-20.859187],[-47.812229,-20.852164],[-47.810507,-20.847302],[-47.805668,-20.842016],[-47.792106,-20.83781],[-47.7729,-20.842434],[-47.768493,-20.835765],[-47.764609,-20.833105],[-47.74519,-20.828758],[-47.736821,-20.824506],[-47.734227,-20.821128],[-47.735682,-20.814985],[-47.738316,-20.813025],[-47.747127,-20.811746],[-47.760689,-20.798192],[-47.764682,-20.796302],[-47.76817,-20.796602],[-47.775128,-20.805201],[-47.788908,-20.817073],[-47.789974,-20.826999],[-47.791551,-20.829016],[-47.796229,-20.828552],[-47.800623,-20.818014],[-47.802498,-20.815992],[-47.805573,-20.815663],[-47.808274,-20.819014],[-47.808137,-20.827342],[-47.813799,-20.833051],[-47.819944,-20.84251],[-47.829283,-20.845906],[-47.83554,-20.845603],[-47.840989,-20.843529],[-47.841996,-20.838858],[-47.832414,-20.830206],[-47.835031,-20.823978],[-47.834064,-20.820957],[-47.826612,-20.816285],[-47.824544,-20.81192],[-47.816252,-20.805681],[-47.802585,-20.80353],[-47.789987,-20.793606],[-47.790509,-20.789885],[-47.796809,-20.785127],[-47.800073,-20.786215],[-47.802021,-20.791354],[-47.805399,-20.794177],[-47.812638,-20.793586],[-47.815616,-20.790329],[-47.815098,-20.784316],[-47.807651,-20.779399],[-47.803624,-20.773852],[-47.804772,-20.768101],[-47.807566,-20.766474],[-47.821657,-20.767606],[-47.823243,-20.781342],[-47.826517,-20.784654],[-47.833595,-20.784521],[-47.835835,-20.785782],[-47.836393,-20.796414],[-47.841443,-20.803373],[-47.846534,-20.803724],[-47.855067,-20.801167],[-47.867878,-20.803119],[-47.871259,-20.799998],[-47.869788,-20.792025],[-47.866232,-20.78669],[-47.854231,-20.778336],[-47.851325,-20.771972],[-47.851714,-20.768395],[-47.855081,-20.765759],[-47.86276,-20.765529],[-47.866159,-20.759624],[-47.869395,-20.758423],[-47.872353,-20.760065],[-47.874663,-20.765893],[-47.882449,-20.770974],[-47.882123,-20.777254],[-47.88527,-20.781125],[-47.889549,-20.780148],[-47.893042,-20.773411],[-47.905594,-20.772366],[-47.907432,-20.768174],[-47.903554,-20.753493],[-47.908895,-20.745325],[-47.915255,-20.739314],[-47.915464,-20.734206],[-47.912759,-20.732271],[-47.90844,-20.732521],[-47.895535,-20.738581],[-47.887277,-20.73652],[-47.881697,-20.737177],[-47.874922,-20.741263],[-47.870621,-20.747806],[-47.868175,-20.749131],[-47.859668,-20.747235],[-47.846817,-20.747566],[-47.835154,-20.750519],[-47.829096,-20.753601],[-47.823643,-20.750235],[-47.81602,-20.750692],[-47.812767,-20.747516],[-47.809796,-20.746923],[-47.802371,-20.752335],[-47.797379,-20.752195],[-47.792016,-20.754101],[-47.788338,-20.760065],[-47.785868,-20.761406],[-47.781827,-20.758985],[-47.781594,-20.748071],[-47.784812,-20.746023],[-47.794774,-20.744438],[-47.816155,-20.733109],[-47.816551,-20.728214],[-47.811179,-20.718497],[-47.813636,-20.715045],[-47.82232,-20.714948],[-47.824722,-20.716219],[-47.824448,-20.724078],[-47.826657,-20.730589],[-47.832025,-20.740812],[-47.836546,-20.742469],[-47.844619,-20.739596],[-47.850132,-20.735453],[-47.85497,-20.727037],[-47.863157,-20.729834],[-47.877685,-20.721872],[-47.884465,-20.72492],[-47.889505,-20.724742],[-47.900758,-20.718619],[-47.906005,-20.717604],[-47.910598,-20.711369],[-47.915984,-20.709649],[-47.925934,-20.709656],[-47.927756,-20.706168],[-47.924609,-20.697281],[-47.928791,-20.693002],[-47.932004,-20.692973],[-47.937481,-20.696541],[-47.941122,-20.69637],[-47.952357,-20.689236],[-47.961104,-20.687383],[-47.969009,-20.682757],[-47.978171,-20.682781],[-47.9846,-20.680495],[-47.987384,-20.675123],[-47.986801,-20.666078],[-47.983142,-20.663124],[-47.972254,-20.659746],[-47.967881,-20.660432],[-47.958407,-20.669722],[-47.947723,-20.669557],[-47.930493,-20.678359],[-47.91145,-20.684239],[-47.898624,-20.69195],[-47.895171,-20.692051],[-47.892598,-20.69022],[-47.889977,-20.679096],[-47.890686,-20.6764],[-47.893574,-20.674126],[-47.923447,-20.66467],[-47.928184,-20.66161],[-47.929492,-20.658671],[-47.92717,-20.650435],[-47.929417,-20.646914],[-47.93526,-20.647136],[-47.945681,-20.651169],[-47.950842,-20.649886],[-47.954407,-20.641242],[-47.948204,-20.631108],[-47.950138,-20.628675],[-47.958773,-20.627472],[-47.960974,-20.625758],[-47.958231,-20.61287],[-47.96078,-20.611114],[-47.966376,-20.612481],[-47.969171,-20.611457],[-47.970248,-20.608673],[-47.967253,-20.60275],[-47.9678,-20.599601],[-47.972908,-20.595919],[-47.984105,-20.592909],[-47.987345,-20.588893],[-47.987925,-20.584621],[-47.98282,-20.578705],[-47.979161,-20.578135],[-47.963792,-20.590647],[-47.957709,-20.592062],[-47.950809,-20.591318],[-47.934353,-20.583491],[-47.932647,-20.57933],[-47.933623,-20.571546],[-47.932474,-20.567295],[-47.929018,-20.56551],[-47.924428,-20.566427],[-47.920437,-20.572906],[-47.91572,-20.585793],[-47.916609,-20.589878],[-47.920805,-20.595739],[-47.924131,-20.6071],[-47.923363,-20.613693],[-47.909802,-20.621492],[-47.899385,-20.621049],[-47.894943,-20.627999],[-47.890574,-20.629553],[-47.886119,-20.629378],[-47.881272,-20.624729],[-47.874216,-20.620819],[-47.868927,-20.620774],[-47.866023,-20.623462],[-47.865302,-20.629864],[-47.86877,-20.635897],[-47.869585,-20.646231],[-47.87362,-20.657788],[-47.872467,-20.66309],[-47.869144,-20.664659],[-47.865939,-20.663173],[-47.861192,-20.64768],[-47.855972,-20.643108],[-47.853266,-20.643749],[-47.850588,-20.647447],[-47.85507,-20.656525],[-47.852976,-20.660311],[-47.848945,-20.660286],[-47.83603,-20.65476],[-47.827378,-20.654717],[-47.824186,-20.656531],[-47.823572,-20.663018],[-47.837962,-20.668515],[-47.84671,-20.68512],[-47.846304,-20.693279],[-47.835802,-20.700228],[-47.82716,-20.701087],[-47.822118,-20.699983],[-47.811111,-20.689217],[-47.799174,-20.684818],[-47.79664,-20.678979],[-47.795659,-20.669111],[-47.793055,-20.665313],[-47.777594,-20.665683],[-47.775435,-20.667323],[-47.774058,-20.671489],[-47.776038,-20.680434],[-47.779848,-20.687846],[-47.787618,-20.696894],[-47.784047,-20.70405],[-47.783153,-20.714438],[-47.78088,-20.717943],[-47.777931,-20.718532],[-47.768815,-20.709234],[-47.767787,-20.702465],[-47.765157,-20.697378],[-47.759979,-20.696334],[-47.747091,-20.700089],[-47.741816,-20.699543],[-47.737229,-20.695942],[-47.725821,-20.676778],[-47.721807,-20.675794],[-47.717549,-20.676945],[-47.71265,-20.682757],[-47.712549,-20.688606],[-47.714935,-20.691875],[-47.723428,-20.696751],[-47.736702,-20.713534],[-47.734068,-20.72982],[-47.736719,-20.736516],[-47.735364,-20.73973],[-47.732891,-20.741257],[-47.723213,-20.740915],[-47.717276,-20.738785],[-47.712967,-20.735144],[-47.703825,-20.716387],[-47.701581,-20.70356],[-47.695673,-20.694762],[-47.69146,-20.691583],[-47.688338,-20.690694],[-47.685377,-20.691966],[-47.684609,-20.699206],[-47.681492,-20.701357],[-47.665792,-20.698228],[-47.659103,-20.691333],[-47.654058,-20.691645],[-47.64232,-20.696337],[-47.639128,-20.699989],[-47.63987,-20.703968],[-47.650522,-20.711885],[-47.659805,-20.714464],[-47.679801,-20.716429],[-47.686345,-20.720912],[-47.685859,-20.727572],[-47.677443,-20.732597],[-47.678284,-20.738524],[-47.676473,-20.743629],[-47.686709,-20.762578],[-47.687194,-20.768146],[-47.683153,-20.770568],[-47.676944,-20.766355],[-47.658224,-20.739906],[-47.648031,-20.734101],[-47.644174,-20.733559],[-47.636583,-20.739349],[-47.633113,-20.745894],[-47.638608,-20.757021],[-47.642377,-20.771121],[-47.652306,-20.797113],[-47.653242,-20.808137],[-47.648571,-20.815413],[-47.64342,-20.817457],[-47.639553,-20.814654],[-47.637376,-20.809706],[-47.635525,-20.796297],[-47.631012,-20.790649],[-47.627807,-20.790448],[-47.622729,-20.793286],[-47.615892,-20.799985],[-47.612503,-20.800026],[-47.608921,-20.79759],[-47.608113,-20.791546],[-47.612165,-20.774314],[-47.610856,-20.771525],[-47.608302,-20.770696],[-47.593766,-20.775629],[-47.593231,-20.785185],[-47.591262,-20.788847],[-47.587635,-20.789706],[-47.58184,-20.787563],[-47.579075,-20.789063],[-47.578803,-20.792581],[-47.582762,-20.797917],[-47.588081,-20.801689],[-47.588724,-20.80473],[-47.585123,-20.807328],[-47.575617,-20.803978],[-47.571946,-20.804967],[-47.56797,-20.81174],[-47.571853,-20.819515],[-47.569117,-20.824309],[-47.564242,-20.82614],[-47.556886,-20.822716],[-47.545843,-20.821179],[-47.53932,-20.81762],[-47.534469,-20.819142],[-47.534025,-20.827884],[-47.537758,-20.832322],[-47.544743,-20.835907],[-47.564731,-20.841131],[-47.57956,-20.842045],[-47.588452,-20.846376],[-47.601622,-20.842388],[-47.605071,-20.843174],[-47.606714,-20.845202],[-47.60659,-20.848697],[-47.603468,-20.852513],[-47.590237,-20.856911],[-47.579793,-20.85764],[-47.558995,-20.853666],[-47.55519,-20.85372],[-47.552893,-20.855439],[-47.55265,-20.858232],[-47.555335,-20.863809],[-47.56387,-20.874396],[-47.564896,-20.878353],[-47.561398,-20.881842],[-47.546099,-20.884303],[-47.543898,-20.888435],[-47.546832,-20.891207],[-47.560594,-20.890124],[-47.570231,-20.891043],[-47.572503,-20.892501],[-47.572396,-20.897302],[-47.56223,-20.906064],[-47.562672,-20.90888],[-47.566514,-20.913294],[-47.566858,-20.917508],[-47.564602,-20.921125],[-47.561792,-20.921533],[-47.554139,-20.918713],[-47.54453,-20.921031],[-47.538717,-20.916715],[-47.53493,-20.916698],[-47.530019,-20.920079],[-47.524381,-20.930071],[-47.516569,-20.936573],[-47.511417,-20.943306],[-47.505277,-20.945706],[-47.500108,-20.945319],[-47.495554,-20.941005],[-47.495945,-20.930759],[-47.489946,-20.925729],[-47.48861,-20.921998],[-47.498813,-20.911105],[-47.498712,-20.907096],[-47.494496,-20.90403],[-47.48081,-20.904732],[-47.477014,-20.901467],[-47.474648,-20.894956],[-47.477548,-20.885945],[-47.488902,-20.878446],[-47.491561,-20.873774],[-47.489937,-20.869302],[-47.482387,-20.865253],[-47.483446,-20.85471],[-47.478554,-20.847767],[-47.488018,-20.834228],[-47.488283,-20.830757],[-47.486097,-20.825624],[-47.482633,-20.822955],[-47.47678,-20.822031],[-47.467358,-20.825552],[-47.463062,-20.829212],[-47.461537,-20.832932],[-47.466143,-20.855498],[-47.463606,-20.858394],[-47.456041,-20.855851],[-47.442043,-20.843145],[-47.433734,-20.842144],[-47.431633,-20.845808],[-47.433891,-20.851136],[-47.438131,-20.855192],[-47.451175,-20.861566],[-47.454901,-20.867853],[-47.451729,-20.872761],[-47.439364,-20.875357],[-47.437597,-20.880167],[-47.442156,-20.885421],[-47.455975,-20.894045],[-47.460165,-20.898613],[-47.464539,-20.907907],[-47.464034,-20.914124],[-47.461651,-20.919397],[-47.458046,-20.922096],[-47.439005,-20.92013],[-47.434127,-20.92316],[-47.432778,-20.930735],[-47.435087,-20.943299],[-47.433523,-20.947034],[-47.430367,-20.94935],[-47.423899,-20.948538],[-47.417971,-20.941977],[-47.411134,-20.94323],[-47.404702,-20.953172],[-47.41172,-20.964464],[-47.410093,-20.970241],[-47.406422,-20.970901],[-47.402477,-20.966582],[-47.39936,-20.965615],[-47.390819,-20.969419],[-47.388729,-20.974941],[-47.39481,-20.997768],[-47.393324,-21.002975],[-47.386934,-21.012981],[-47.388381,-21.019459],[-47.384726,-21.024906],[-47.374703,-21.031138],[-47.372789,-21.036404],[-47.369881,-21.038432],[-47.363595,-21.038838],[-47.357268,-21.035098],[-47.352088,-21.03611],[-47.350516,-21.037919],[-47.349994,-21.043927],[-47.347342,-21.045697],[-47.342349,-21.04583],[-47.334979,-21.042818],[-47.330238,-21.038522],[-47.329099,-21.031413],[-47.319331,-21.027963],[-47.313611,-21.031129],[-47.313683,-21.034085],[-47.31655,-21.038211],[-47.314096,-21.041658],[-47.302623,-21.040573],[-47.296013,-21.044285],[-47.288877,-21.039085],[-47.283557,-21.03793],[-47.276822,-21.039338],[-47.270805,-21.044111],[-47.265165,-21.045261],[-47.259666,-21.051358],[-47.248134,-21.059597],[-47.248215,-21.066847],[-47.240467,-21.076598],[-47.236112,-21.090574],[-47.240441,-21.109193],[-47.237158,-21.113468],[-47.230275,-21.116417],[-47.220271,-21.113927],[-47.217587,-21.111877],[-47.217385,-21.10925],[-47.221554,-21.10305],[-47.220504,-21.094606],[-47.216353,-21.092631],[-47.207303,-21.091383],[-47.205294,-21.088219],[-47.206558,-21.085644],[-47.213959,-21.081455],[-47.223216,-21.070809],[-47.233912,-21.053762],[-47.232987,-21.048346],[-47.227464,-21.046029],[-47.225932,-21.043698],[-47.231044,-21.033668],[-47.245074,-21.027881],[-47.250862,-21.023833],[-47.253329,-21.019437],[-47.257555,-21.018119],[-47.261504,-21.013645],[-47.266797,-21.012142],[-47.267783,-21.009027],[-47.265037,-21.00301],[-47.268749,-20.998612],[-47.27467,-20.998783],[-47.279662,-21.00553],[-47.289572,-21.005505],[-47.291543,-21.014245],[-47.297601,-21.020123],[-47.317546,-21.010295],[-47.330134,-21.010536],[-47.34784,-21.004593],[-47.349813,-21.000537],[-47.341653,-20.993694],[-47.337323,-20.98484],[-47.334537,-20.982168],[-47.334504,-20.974279],[-47.338866,-20.971842],[-47.342984,-20.966881],[-47.355207,-20.964174],[-47.360794,-20.952589],[-47.36521,-20.952717],[-47.376964,-20.957767],[-47.381022,-20.955983],[-47.38203,-20.949422],[-47.380539,-20.945741],[-47.367155,-20.932618],[-47.36102,-20.930315],[-47.344016,-20.929211],[-47.338784,-20.92436],[-47.339871,-20.921396],[-47.345131,-20.919866],[-47.348762,-20.915891],[-47.358219,-20.916795],[-47.365494,-20.912847],[-47.378868,-20.921149],[-47.381806,-20.920728],[-47.384956,-20.917517],[-47.384395,-20.913974],[-47.363433,-20.890315],[-47.361333,-20.872314],[-47.355343,-20.865584],[-47.357076,-20.852922],[-47.365147,-20.844959],[-47.364902,-20.840929],[-47.362167,-20.839155],[-47.342743,-20.838808],[-47.332315,-20.842142],[-47.325528,-20.842594],[-47.321737,-20.847918],[-47.315197,-20.849953],[-47.310514,-20.844334],[-47.299661,-20.839475],[-47.297106,-20.832194],[-47.287965,-20.833172],[-47.283212,-20.83148],[-47.280896,-20.827876],[-47.281045,-20.8179],[-47.27626,-20.814511],[-47.272702,-20.813849],[-47.264377,-20.81568],[-47.251142,-20.824226],[-47.246628,-20.822326],[-47.244402,-20.811584],[-47.241,-20.809116],[-47.234019,-20.809001],[-47.222731,-20.816668],[-47.219205,-20.816584],[-47.214575,-20.821745],[-47.214527,-20.827238],[-47.239775,-20.885502],[-47.224265,-20.911657],[-47.210109,-20.92375],[-47.195925,-20.926872]]],[[[-48.878741,-20.335443],[-48.869886,-20.357032],[-48.859179,-20.364624],[-48.85538,-20.361684],[-48.858205,-20.355071],[-48.855749,-20.34859],[-48.857729,-20.342044],[-48.856684,-20.339207],[-48.85278,-20.338287],[-48.839669,-20.342844],[-48.831796,-20.340251],[-48.829926,-20.338369],[-48.831211,-20.334239],[-48.853729,-20.324212],[-48.85425,-20.320477],[-48.848654,-20.317068],[-48.848232,-20.313598],[-48.864598,-20.300904],[-48.866802,-20.297224],[-48.863642,-20.29361],[-48.853661,-20.293866],[-48.843583,-20.296507],[-48.838965,-20.296038],[-48.836746,-20.293779],[-48.837057,-20.29108],[-48.84109,-20.288287],[-48.843568,-20.283759],[-48.856748,-20.284558],[-48.865501,-20.274264],[-48.86398,-20.271466],[-48.860992,-20.270641],[-48.854875,-20.274366],[-48.847291,-20.274565],[-48.844669,-20.269951],[-48.851536,-20.263451],[-48.850674,-20.257199],[-48.847861,-20.25554],[-48.836352,-20.256062],[-48.831256,-20.254767],[-48.828454,-20.246702],[-48.821999,-20.240312],[-48.822119,-20.237266],[-48.826076,-20.23243],[-48.821828,-20.227524],[-48.821659,-20.224883],[-48.827614,-20.220548],[-48.830664,-20.208694],[-48.836499,-20.200924],[-48.835262,-20.197293],[-48.83171,-20.19669],[-48.822998,-20.200611],[-48.811957,-20.202767],[-48.809505,-20.199869],[-48.811015,-20.190856],[-48.806889,-20.188619],[-48.802125,-20.191203],[-48.797317,-20.190746],[-48.790967,-20.193311],[-48.786594,-20.193264],[-48.780176,-20.196642],[-48.77532,-20.202733],[-48.775008,-20.209562],[-48.768528,-20.211399],[-48.761638,-20.20237],[-48.755214,-20.202588],[-48.744535,-20.197787],[-48.743571,-20.195719],[-48.744652,-20.186974],[-48.742358,-20.183763],[-48.733146,-20.186143],[-48.729221,-20.185719],[-48.723886,-20.18355],[-48.719155,-20.178577],[-48.716364,-20.178169],[-48.711654,-20.182837],[-48.709199,-20.193182],[-48.705543,-20.194467],[-48.701675,-20.190764],[-48.69673,-20.178486],[-48.693847,-20.176747],[-48.686429,-20.178361],[-48.681213,-20.189277],[-48.678501,-20.190974],[-48.675096,-20.189659],[-48.671337,-20.183377],[-48.658183,-20.181891],[-48.656082,-20.185035],[-48.654291,-20.195238],[-48.651622,-20.198622],[-48.646933,-20.200583],[-48.646012,-20.203089],[-48.648477,-20.206192],[-48.656718,-20.207201],[-48.667559,-20.214152],[-48.676268,-20.214785],[-48.681795,-20.218196],[-48.683259,-20.225773],[-48.689341,-20.231552],[-48.689987,-20.234686],[-48.688495,-20.239234],[-48.680889,-20.246],[-48.679788,-20.253332],[-48.683454,-20.261223],[-48.692459,-20.267452],[-48.693229,-20.269773],[-48.69194,-20.272234],[-48.685886,-20.272819],[-48.669534,-20.267901],[-48.6627,-20.269701],[-48.656136,-20.263341],[-48.652571,-20.262601],[-48.64082,-20.268396],[-48.63534,-20.276881],[-48.630973,-20.27803],[-48.62651,-20.272005],[-48.624826,-20.249975],[-48.620403,-20.247424],[-48.610147,-20.250376],[-48.595963,-20.263514],[-48.586563,-20.262359],[-48.581568,-20.26458],[-48.575107,-20.272283],[-48.572319,-20.280356],[-48.56995,-20.282947],[-48.566537,-20.283905],[-48.556106,-20.282435],[-48.551228,-20.28504],[-48.550287,-20.293326],[-48.541441,-20.297268],[-48.54007,-20.299903],[-48.544885,-20.306693],[-48.554677,-20.302725],[-48.559597,-20.305958],[-48.557619,-20.311821],[-48.553022,-20.315909],[-48.550884,-20.324621],[-48.548423,-20.326319],[-48.534148,-20.329097],[-48.527425,-20.327786],[-48.523623,-20.324857],[-48.516055,-20.311885],[-48.514752,-20.285676],[-48.512143,-20.282448],[-48.506716,-20.279628],[-48.505702,-20.276054],[-48.509996,-20.262554],[-48.517286,-20.252778],[-48.519424,-20.244624],[-48.527297,-20.238855],[-48.536105,-20.238494],[-48.542054,-20.231017],[-48.551861,-20.222878],[-48.556395,-20.219767],[-48.564893,-20.216959],[-48.578322,-20.201068],[-48.586222,-20.188888],[-48.594386,-20.172223],[-48.606216,-20.167505],[-48.610032,-20.160191],[-48.616735,-20.159135],[-48.627472,-20.163539],[-48.635547,-20.16364],[-48.625783,-20.158383],[-48.598127,-20.139085],[-48.580449,-20.131207],[-48.566312,-20.129766],[-48.524811,-20.134482],[-48.512846,-20.137827],[-48.495468,-20.138783],[-48.500612,-20.142777],[-48.502232,-20.145832],[-48.499254,-20.156987],[-48.505095,-20.16366],[-48.510855,-20.166242],[-48.538921,-20.163225],[-48.550785,-20.169318],[-48.559664,-20.168201],[-48.566524,-20.169154],[-48.570949,-20.17218],[-48.572111,-20.175598],[-48.569791,-20.180591],[-48.562187,-20.187309],[-48.555794,-20.190383],[-48.552155,-20.19732],[-48.543987,-20.199378],[-48.532549,-20.195967],[-48.526424,-20.197078],[-48.525008,-20.201653],[-48.529494,-20.207228],[-48.529886,-20.210349],[-48.525835,-20.216413],[-48.52291,-20.217758],[-48.515549,-20.216008],[-48.499275,-20.202746],[-48.488748,-20.199183],[-48.483011,-20.20057],[-48.4809,-20.205353],[-48.487551,-20.218859],[-48.487288,-20.222767],[-48.484642,-20.226914],[-48.476398,-20.23062],[-48.472288,-20.230211],[-48.464157,-20.219692],[-48.460017,-20.219017],[-48.458147,-20.220857],[-48.457075,-20.229064],[-48.452696,-20.237883],[-48.44966,-20.24162],[-48.442356,-20.246054],[-48.421734,-20.245884],[-48.41401,-20.244532],[-48.41179,-20.242822],[-48.410973,-20.237203],[-48.409234,-20.235377],[-48.404897,-20.233401],[-48.400136,-20.233975],[-48.392845,-20.238858],[-48.383486,-20.253259],[-48.376609,-20.253178],[-48.374371,-20.254488],[-48.373339,-20.266333],[-48.370203,-20.271102],[-48.364218,-20.27012],[-48.35885,-20.263301],[-48.35242,-20.259788],[-48.349146,-20.256203],[-48.344307,-20.256863],[-48.337959,-20.264857],[-48.335137,-20.273053],[-48.334085,-20.281406],[-48.338097,-20.292467],[-48.333942,-20.301808],[-48.330366,-20.304568],[-48.325287,-20.303296],[-48.320801,-20.304703],[-48.29422,-20.338635],[-48.285526,-20.345248],[-48.283393,-20.34995],[-48.282111,-20.362258],[-48.278524,-20.367171],[-48.277331,-20.374894],[-48.273235,-20.379147],[-48.271163,-20.385375],[-48.260789,-20.391884],[-48.255242,-20.39335],[-48.244725,-20.394036],[-48.239302,-20.389842],[-48.234597,-20.391635],[-48.233243,-20.394688],[-48.235526,-20.402524],[-48.231968,-20.409601],[-48.232941,-20.41722],[-48.217457,-20.422545],[-48.213061,-20.429484],[-48.205663,-20.431958],[-48.203006,-20.434227],[-48.202776,-20.437225],[-48.205917,-20.444919],[-48.213094,-20.445212],[-48.217751,-20.447171],[-48.220474,-20.445842],[-48.223596,-20.439966],[-48.229517,-20.436346],[-48.23379,-20.435513],[-48.241244,-20.438089],[-48.250622,-20.435225],[-48.254037,-20.42467],[-48.256677,-20.42252],[-48.260884,-20.424548],[-48.261733,-20.437851],[-48.26546,-20.442249],[-48.269386,-20.441152],[-48.274852,-20.431471],[-48.283112,-20.430815],[-48.285078,-20.425655],[-48.28342,-20.414757],[-48.278152,-20.406228],[-48.280684,-20.402316],[-48.286638,-20.402214],[-48.289126,-20.400343],[-48.289082,-20.397211],[-48.285708,-20.39331],[-48.285997,-20.390395],[-48.291834,-20.385653],[-48.300925,-20.385266],[-48.301916,-20.376264],[-48.304264,-20.373757],[-48.309242,-20.37284],[-48.314312,-20.374119],[-48.318064,-20.376907],[-48.321538,-20.376105],[-48.323891,-20.369035],[-48.315272,-20.361367],[-48.314755,-20.358941],[-48.316538,-20.355889],[-48.322034,-20.349862],[-48.336267,-20.343305],[-48.342711,-20.333504],[-48.351801,-20.331166],[-48.357343,-20.322277],[-48.367371,-20.322222],[-48.370852,-20.319593],[-48.371042,-20.315571],[-48.36444,-20.308612],[-48.364662,-20.300712],[-48.362761,-20.295285],[-48.366279,-20.292269],[-48.371527,-20.294744],[-48.375718,-20.305704],[-48.382269,-20.306755],[-48.386315,-20.310061],[-48.391237,-20.310467],[-48.396013,-20.316412],[-48.409163,-20.319077],[-48.41581,-20.329915],[-48.420153,-20.332604],[-48.440099,-20.33731],[-48.441713,-20.342248],[-48.457421,-20.357755],[-48.46033,-20.362969],[-48.459095,-20.375635],[-48.454281,-20.390052],[-48.46098,-20.401626],[-48.468316,-20.40635],[-48.472194,-20.406881],[-48.476968,-20.405169],[-48.483709,-20.398339],[-48.488807,-20.396202],[-48.501344,-20.397377],[-48.511585,-20.401795],[-48.523626,-20.416502],[-48.526401,-20.421878],[-48.526981,-20.452297],[-48.520673,-20.457809],[-48.516507,-20.464819],[-48.523091,-20.47508],[-48.523328,-20.477705],[-48.51265,-20.485002],[-48.511484,-20.487852],[-48.515142,-20.494261],[-48.531129,-20.503097],[-48.531821,-20.50973],[-48.526305,-20.51362],[-48.523336,-20.518726],[-48.520571,-20.519031],[-48.510922,-20.515743],[-48.50475,-20.520856],[-48.501591,-20.519981],[-48.49703,-20.512786],[-48.493727,-20.512198],[-48.485013,-20.519297],[-48.484009,-20.521613],[-48.490177,-20.529315],[-48.50991,-20.541412],[-48.508987,-20.546301],[-48.497118,-20.551595],[-48.496308,-20.554329],[-48.49762,-20.557502],[-48.502095,-20.559616],[-48.513281,-20.55557],[-48.5184,-20.555596],[-48.523437,-20.557588],[-48.525748,-20.562285],[-48.526051,-20.56871],[-48.524196,-20.572402],[-48.509359,-20.574316],[-48.507577,-20.576363],[-48.506447,-20.584675],[-48.4976,-20.585184],[-48.49497,-20.58734],[-48.495048,-20.59116],[-48.504594,-20.60807],[-48.505881,-20.613865],[-48.503451,-20.618587],[-48.498839,-20.620173],[-48.495472,-20.625023],[-48.489986,-20.626091],[-48.488127,-20.62897],[-48.490341,-20.632307],[-48.501059,-20.634726],[-48.503192,-20.636438],[-48.50319,-20.645621],[-48.50742,-20.661677],[-48.50939,-20.66435],[-48.515029,-20.665899],[-48.517025,-20.668166],[-48.515862,-20.675861],[-48.518402,-20.685996],[-48.513643,-20.690058],[-48.510984,-20.689266],[-48.506447,-20.683686],[-48.498364,-20.687392],[-48.493521,-20.685869],[-48.490317,-20.686583],[-48.48576,-20.701987],[-48.475554,-20.710228],[-48.466883,-20.71235],[-48.465071,-20.720948],[-48.462191,-20.724555],[-48.447605,-20.723185],[-48.438667,-20.719538],[-48.430416,-20.721685],[-48.427132,-20.726523],[-48.420455,-20.728767],[-48.416006,-20.738013],[-48.416783,-20.743362],[-48.415003,-20.759993],[-48.419062,-20.767891],[-48.423547,-20.771971],[-48.425592,-20.777485],[-48.424282,-20.779718],[-48.413596,-20.786012],[-48.407212,-20.788692],[-48.402285,-20.786269],[-48.400417,-20.777679],[-48.39704,-20.77263],[-48.388024,-20.764734],[-48.385269,-20.759493],[-48.380388,-20.759674],[-48.372803,-20.772516],[-48.377773,-20.783402],[-48.375902,-20.791381],[-48.364134,-20.799684],[-48.361276,-20.803842],[-48.360357,-20.811125],[-48.366125,-20.819809],[-48.362821,-20.833306],[-48.364192,-20.838154],[-48.362505,-20.844052],[-48.357737,-20.84737],[-48.324929,-20.848766],[-48.318508,-20.852453],[-48.312765,-20.863595],[-48.306193,-20.871387],[-48.308879,-20.88489],[-48.325148,-20.888409],[-48.330576,-20.895526],[-48.332702,-20.909604],[-48.330442,-20.92212],[-48.324716,-20.931247],[-48.324575,-20.935534],[-48.337798,-20.947116],[-48.338111,-20.958153],[-48.334901,-20.965147],[-48.32524,-20.973969],[-48.326454,-20.984542],[-48.324917,-20.989558],[-48.312432,-20.995816],[-48.306984,-21.004723],[-48.295428,-21.013801],[-48.290226,-21.019817],[-48.290212,-21.022761],[-48.292536,-21.02652],[-48.298397,-21.02905],[-48.302416,-21.033929],[-48.303648,-21.045642],[-48.299596,-21.063081],[-48.287784,-21.070577],[-48.276889,-21.080682],[-48.267625,-21.082981],[-48.257248,-21.080109],[-48.253894,-21.084149],[-48.257209,-21.090827],[-48.267978,-21.097566],[-48.27825,-21.101327],[-48.287127,-21.112258],[-48.292826,-21.115426],[-48.296056,-21.119676],[-48.294445,-21.123488],[-48.288764,-21.124048],[-48.275382,-21.13245],[-48.26637,-21.135267],[-48.261473,-21.133163],[-48.258189,-21.133786],[-48.256845,-21.13584],[-48.256503,-21.146307],[-48.253031,-21.151849],[-48.258233,-21.161162],[-48.264227,-21.167266],[-48.27437,-21.171465],[-48.280694,-21.170738],[-48.285813,-21.173977],[-48.285019,-21.180156],[-48.289029,-21.192656],[-48.281308,-21.199268],[-48.278559,-21.211323],[-48.275315,-21.217302],[-48.279344,-21.222717],[-48.288983,-21.228087],[-48.293047,-21.235554],[-48.296659,-21.238502],[-48.300133,-21.239901],[-48.308929,-21.237161],[-48.312821,-21.237833],[-48.319796,-21.236309],[-48.324694,-21.237529],[-48.330239,-21.234487],[-48.339814,-21.237055],[-48.343607,-21.234347],[-48.347633,-21.227848],[-48.358998,-21.223014],[-48.365456,-21.216612],[-48.387226,-21.209906],[-48.393069,-21.205625],[-48.40383,-21.205019],[-48.410147,-21.208333],[-48.418084,-21.20838],[-48.420228,-21.205508],[-48.418092,-21.198381],[-48.419245,-21.195031],[-48.430079,-21.18972],[-48.4388,-21.182159],[-48.447474,-21.181295],[-48.458178,-21.172717],[-48.459973,-21.169807],[-48.458559,-21.164661],[-48.460664,-21.154641],[-48.458632,-21.147899],[-48.461593,-21.142791],[-48.461826,-21.138203],[-48.455804,-21.132826],[-48.456192,-21.122555],[-48.453927,-21.120148],[-48.447368,-21.118173],[-48.445417,-21.114645],[-48.448295,-21.108628],[-48.458887,-21.102048],[-48.460803,-21.089273],[-48.458552,-21.077537],[-48.470579,-21.064683],[-48.477745,-21.061492],[-48.478203,-21.058701],[-48.47537,-21.053279],[-48.479964,-21.0449],[-48.492192,-21.042631],[-48.494186,-21.034229],[-48.496266,-21.031849],[-48.501044,-21.03058],[-48.507611,-21.032392],[-48.512997,-21.027696],[-48.522165,-21.025127],[-48.528245,-21.007288],[-48.532151,-21.00606],[-48.539543,-21.007922],[-48.546014,-20.999609],[-48.556516,-20.995887],[-48.559067,-20.989929],[-48.564241,-20.984653],[-48.563485,-20.973837],[-48.566135,-20.962451],[-48.570979,-20.957176],[-48.58562,-20.954432],[-48.587513,-20.94961],[-48.592117,-20.946132],[-48.591859,-20.936227],[-48.597792,-20.933186],[-48.599325,-20.930947],[-48.597271,-20.922811],[-48.597107,-20.898572],[-48.599363,-20.892852],[-48.607001,-20.888281],[-48.606125,-20.882262],[-48.60738,-20.877986],[-48.614086,-20.873574],[-48.619202,-20.877665],[-48.622706,-20.877798],[-48.630923,-20.874198],[-48.635378,-20.869006],[-48.635688,-20.864989],[-48.630264,-20.858497],[-48.635475,-20.846477],[-48.630759,-20.836301],[-48.63117,-20.830028],[-48.634318,-20.825067],[-48.644908,-20.819564],[-48.647789,-20.816469],[-48.651426,-20.805904],[-48.650213,-20.802671],[-48.642755,-20.798507],[-48.640587,-20.79516],[-48.64165,-20.784092],[-48.648216,-20.775738],[-48.648941,-20.772427],[-48.643508,-20.764523],[-48.642785,-20.753629],[-48.64072,-20.751793],[-48.63683,-20.751276],[-48.619004,-20.752462],[-48.613595,-20.747633],[-48.612879,-20.740507],[-48.610903,-20.737115],[-48.608052,-20.735862],[-48.601876,-20.735969],[-48.57676,-20.745612],[-48.572344,-20.744104],[-48.57088,-20.740574],[-48.571891,-20.73737],[-48.574301,-20.735859],[-48.584955,-20.734415],[-48.586681,-20.728695],[-48.588614,-20.727169],[-48.603668,-20.72624],[-48.618463,-20.718976],[-48.634138,-20.721413],[-48.63812,-20.719469],[-48.638877,-20.715485],[-48.630184,-20.698618],[-48.635053,-20.692212],[-48.635814,-20.687436],[-48.639325,-20.684899],[-48.640231,-20.682115],[-48.637612,-20.676928],[-48.628407,-20.674109],[-48.62653,-20.670948],[-48.631716,-20.661326],[-48.635902,-20.660433],[-48.647376,-20.665102],[-48.652323,-20.662921],[-48.656381,-20.654464],[-48.660133,-20.651246],[-48.663542,-20.652068],[-48.666793,-20.656693],[-48.675072,-20.657888],[-48.682761,-20.654431],[-48.689142,-20.654645],[-48.691368,-20.65255],[-48.689185,-20.644763],[-48.694494,-20.639407],[-48.697349,-20.629107],[-48.694255,-20.623354],[-48.692745,-20.608512],[-48.686484,-20.595261],[-48.686854,-20.586213],[-48.689393,-20.583577],[-48.696742,-20.58407],[-48.701743,-20.581352],[-48.703872,-20.577864],[-48.702939,-20.569727],[-48.709029,-20.564833],[-48.70987,-20.561949],[-48.707665,-20.559343],[-48.699202,-20.557299],[-48.696788,-20.552302],[-48.682966,-20.540895],[-48.684717,-20.531638],[-48.673254,-20.52553],[-48.670729,-20.512378],[-48.662918,-20.504243],[-48.664708,-20.499191],[-48.669819,-20.499138],[-48.674432,-20.505287],[-48.678845,-20.505713],[-48.681516,-20.503641],[-48.685288,-20.491905],[-48.695976,-20.491146],[-48.700368,-20.492146],[-48.702608,-20.494776],[-48.702686,-20.503153],[-48.708543,-20.516318],[-48.716333,-20.523632],[-48.72429,-20.521065],[-48.739951,-20.505043],[-48.738551,-20.501653],[-48.727236,-20.496657],[-48.722729,-20.492164],[-48.723704,-20.48936],[-48.730423,-20.485624],[-48.734677,-20.462696],[-48.748487,-20.452074],[-48.770701,-20.44603],[-48.775167,-20.434963],[-48.779813,-20.433374],[-48.786565,-20.438077],[-48.788168,-20.443527],[-48.785033,-20.450943],[-48.786966,-20.45992],[-48.79708,-20.475895],[-48.799025,-20.488347],[-48.805307,-20.494012],[-48.806592,-20.50184],[-48.812876,-20.507736],[-48.81469,-20.513554],[-48.812237,-20.516538],[-48.803968,-20.517804],[-48.798055,-20.529796],[-48.788359,-20.534816],[-48.780094,-20.535527],[-48.76698,-20.543193],[-48.767426,-20.558291],[-48.765242,-20.560419],[-48.759694,-20.561767],[-48.758344,-20.566408],[-48.76566,-20.590209],[-48.774632,-20.593659],[-48.7863,-20.588955],[-48.800428,-20.592212],[-48.80553,-20.591015],[-48.80791,-20.588459],[-48.816726,-20.567189],[-48.824897,-20.559845],[-48.826604,-20.553032],[-48.837018,-20.549243],[-48.840509,-20.543891],[-48.849936,-20.534741],[-48.854601,-20.532853],[-48.85875,-20.534912],[-48.864665,-20.548521],[-48.868006,-20.550516],[-48.875998,-20.550219],[-48.879168,-20.548218],[-48.883082,-20.53632],[-48.886777,-20.534317],[-48.891029,-20.536162],[-48.893242,-20.543275],[-48.900765,-20.549178],[-48.903358,-20.556709],[-48.91711,-20.561055],[-48.920375,-20.571403],[-48.926117,-20.574685],[-48.93011,-20.582984],[-48.936188,-20.586673],[-48.937621,-20.592865],[-48.942588,-20.595806],[-48.945897,-20.601271],[-48.951662,-20.604375],[-48.964075,-20.606987],[-48.968868,-20.605338],[-48.97085,-20.602786],[-48.969574,-20.585321],[-48.961365,-20.577722],[-48.962478,-20.565332],[-48.956784,-20.556393],[-48.957176,-20.5521],[-48.966057,-20.532931],[-48.967612,-20.52422],[-48.966529,-20.521898],[-48.958505,-20.515947],[-48.957682,-20.508355],[-48.959901,-20.506281],[-48.963359,-20.506406],[-48.978774,-20.515126],[-48.984949,-20.514899],[-48.996083,-20.494926],[-49.009539,-20.488879],[-49.016163,-20.489503],[-49.020846,-20.493511],[-49.020584,-20.496702],[-49.015402,-20.503569],[-49.017097,-20.507922],[-49.025456,-20.508728],[-49.03085,-20.507098],[-49.03756,-20.51279],[-49.043805,-20.511228],[-49.044556,-20.488415],[-49.051924,-20.479129],[-49.052717,-20.470279],[-49.050511,-20.468276],[-49.047039,-20.468763],[-49.03841,-20.483173],[-49.029795,-20.484496],[-49.026075,-20.479511],[-49.029835,-20.466446],[-49.026902,-20.464159],[-49.020711,-20.464286],[-49.018644,-20.458929],[-49.023208,-20.446924],[-49.037307,-20.432866],[-49.039153,-20.419107],[-49.044065,-20.412398],[-49.045318,-20.40211],[-49.049368,-20.395988],[-49.053033,-20.394615],[-49.057182,-20.397232],[-49.062717,-20.396799],[-49.067464,-20.399261],[-49.077183,-20.395378],[-49.081514,-20.396632],[-49.082229,-20.400377],[-49.075593,-20.406205],[-49.074405,-20.411967],[-49.067361,-20.414246],[-49.065169,-20.417401],[-49.066246,-20.419899],[-49.078041,-20.429131],[-49.08356,-20.430688],[-49.088574,-20.430189],[-49.093384,-20.427791],[-49.099009,-20.42213],[-49.106378,-20.424741],[-49.110935,-20.424089],[-49.114386,-20.421167],[-49.12243,-20.402187],[-49.131816,-20.401726],[-49.145004,-20.396927],[-49.154065,-20.400765],[-49.159302,-20.409738],[-49.156251,-20.415197],[-49.147007,-20.418888],[-49.144812,-20.421159],[-49.145464,-20.424722],[-49.150543,-20.429231],[-49.147738,-20.435837],[-49.151013,-20.442016],[-49.147949,-20.447842],[-49.137254,-20.453108],[-49.135253,-20.462514],[-49.133065,-20.46423],[-49.125487,-20.46403],[-49.114551,-20.469139],[-49.112221,-20.467515],[-49.110124,-20.461292],[-49.105991,-20.459365],[-49.088539,-20.461002],[-49.086112,-20.462878],[-49.086115,-20.466115],[-49.091542,-20.471479],[-49.106454,-20.475911],[-49.109966,-20.480659],[-49.129714,-20.493251],[-49.138054,-20.507999],[-49.143625,-20.514624],[-49.149362,-20.518683],[-49.151188,-20.526073],[-49.156961,-20.536906],[-49.16325,-20.541212],[-49.166874,-20.547088],[-49.169457,-20.547148],[-49.188832,-20.538905],[-49.19816,-20.530634],[-49.204125,-20.529726],[-49.218907,-20.530993],[-49.223241,-20.533009],[-49.228181,-20.531399],[-49.234664,-20.532479],[-49.24858,-20.516682],[-49.248042,-20.509818],[-49.238407,-20.497979],[-49.238186,-20.494936],[-49.240821,-20.492818],[-49.248673,-20.49235],[-49.25304,-20.488989],[-49.257863,-20.489161],[-49.262303,-20.487439],[-49.265474,-20.48267],[-49.270954,-20.478614],[-49.272014,-20.474205],[-49.265528,-20.464678],[-49.266372,-20.460749],[-49.272414,-20.460513],[-49.284265,-20.467323],[-49.291972,-20.469647],[-49.303021,-20.470978],[-49.30706,-20.468062],[-49.304514,-20.460125],[-49.297605,-20.458892],[-49.289667,-20.454936],[-49.285253,-20.446221],[-49.283454,-20.4365],[-49.285121,-20.43287],[-49.290259,-20.430442],[-49.302971,-20.429165],[-49.311142,-20.430186],[-49.324454,-20.422314],[-49.325814,-20.41278],[-49.322792,-20.409468],[-49.316902,-20.408093],[-49.314252,-20.402096],[-49.313977,-20.388871],[-49.311053,-20.381367],[-49.31336,-20.374289],[-49.316171,-20.373309],[-49.319339,-20.375009],[-49.322138,-20.386345],[-49.32699,-20.391624],[-49.332914,-20.390086],[-49.337884,-20.38515],[-49.347885,-20.380039],[-49.349724,-20.372933],[-49.345443,-20.364182],[-49.350217,-20.351392],[-49.348154,-20.345686],[-49.343539,-20.339666],[-49.334427,-20.317735],[-49.335722,-20.315407],[-49.338263,-20.314584],[-49.350444,-20.321001],[-49.36029,-20.322083],[-49.363077,-20.320727],[-49.36431,-20.31592],[-49.353963,-20.302827],[-49.35185,-20.295475],[-49.35333,-20.292061],[-49.359609,-20.289942],[-49.369403,-20.297712],[-49.381614,-20.300475],[-49.384239,-20.306063],[-49.388558,-20.308855],[-49.391858,-20.314921],[-49.397792,-20.31631],[-49.403543,-20.320228],[-49.40684,-20.326375],[-49.410696,-20.328708],[-49.413601,-20.328689],[-49.419235,-20.317639],[-49.423404,-20.301493],[-49.420964,-20.293974],[-49.427581,-20.286901],[-49.425723,-20.283553],[-49.418514,-20.282176],[-49.417898,-20.276971],[-49.424865,-20.271052],[-49.433317,-20.268479],[-49.442986,-20.253776],[-49.44919,-20.253198],[-49.452193,-20.256616],[-49.45538,-20.266788],[-49.462577,-20.271306],[-49.463635,-20.273559],[-49.462328,-20.285229],[-49.460156,-20.286731],[-49.45548,-20.286881],[-49.453148,-20.289683],[-49.454527,-20.293223],[-49.461299,-20.296219],[-49.462366,-20.299975],[-49.458225,-20.312349],[-49.458008,-20.330579],[-49.45544,-20.338349],[-49.450127,-20.34348],[-49.453893,-20.351542],[-49.454119,-20.357753],[-49.457139,-20.35993],[-49.466461,-20.359195],[-49.470816,-20.356728],[-49.473864,-20.35159],[-49.476603,-20.350913],[-49.479706,-20.352878],[-49.486308,-20.362995],[-49.490553,-20.363995],[-49.493502,-20.361397],[-49.494828,-20.355472],[-49.500872,-20.352878],[-49.50283,-20.34629],[-49.508243,-20.341453],[-49.519609,-20.335557],[-49.529681,-20.337195],[-49.533526,-20.335147],[-49.534472,-20.330085],[-49.53227,-20.325931],[-49.532417,-20.316081],[-49.530136,-20.308879],[-49.53457,-20.305192],[-49.541573,-20.303693],[-49.547422,-20.298208],[-49.548094,-20.292647],[-49.545075,-20.288417],[-49.544848,-20.283486],[-49.551493,-20.278084],[-49.551294,-20.26606],[-49.555709,-20.264999],[-49.565626,-20.269551],[-49.570648,-20.275414],[-49.575696,-20.275679],[-49.578104,-20.270038],[-49.588784,-20.256928],[-49.597889,-20.250611],[-49.610619,-20.251638],[-49.616936,-20.24794],[-49.618802,-20.241204],[-49.618409,-20.236421],[-49.620467,-20.23185],[-49.635371,-20.220585],[-49.645229,-20.222478],[-49.653146,-20.226356],[-49.666131,-20.223258],[-49.668919,-20.22486],[-49.669434,-20.227339],[-49.666914,-20.233888],[-49.649082,-20.241493],[-49.648604,-20.24748],[-49.636565,-20.272241],[-49.627101,-20.287939],[-49.621766,-20.305838],[-49.62434,-20.314101],[-49.62771,-20.341599],[-49.624843,-20.349761],[-49.615812,-20.364401],[-49.616684,-20.370593],[-49.613079,-20.378987],[-49.61589,-20.386814],[-49.622595,-20.395919],[-49.636146,-20.400835],[-49.65475,-20.400244],[-49.66342,-20.392437],[-49.669592,-20.375457],[-49.653684,-20.350297],[-49.663091,-20.335516],[-49.673749,-20.308792],[-49.683433,-20.292983],[-49.682356,-20.282269],[-49.679412,-20.276294],[-49.679916,-20.269356],[-49.681999,-20.267125],[-49.691513,-20.264677],[-49.696363,-20.260664],[-49.699772,-20.231507],[-49.702243,-20.227881],[-49.709954,-20.224635],[-49.715793,-20.21676],[-49.715434,-20.205357],[-49.710234,-20.199295],[-49.704608,-20.195984],[-49.70547,-20.191241],[-49.718532,-20.189788],[-49.726252,-20.193044],[-49.733095,-20.192731],[-49.744526,-20.196176],[-49.756412,-20.193735],[-49.765828,-20.196006],[-49.775573,-20.195591],[-49.778475,-20.193124],[-49.779826,-20.18661],[-49.783554,-20.183086],[-49.787803,-20.161853],[-49.791489,-20.157891],[-49.794922,-20.146598],[-49.797122,-20.144116],[-49.805853,-20.141073],[-49.809801,-20.141047],[-49.811909,-20.142554],[-49.812073,-20.150428],[-49.813699,-20.152951],[-49.822637,-20.154658],[-49.824588,-20.156191],[-49.826971,-20.161052],[-49.824843,-20.170302],[-49.826578,-20.174239],[-49.829155,-20.175233],[-49.840208,-20.173647],[-49.842563,-20.169594],[-49.836767,-20.162979],[-49.834816,-20.150684],[-49.85072,-20.140385],[-49.860057,-20.147809],[-49.862429,-20.153287],[-49.869685,-20.157258],[-49.879015,-20.165635],[-49.885168,-20.175192],[-49.892995,-20.178607],[-49.893706,-20.18135],[-49.891108,-20.18801],[-49.893106,-20.194664],[-49.902103,-20.200176],[-49.907571,-20.211016],[-49.913501,-20.215894],[-49.917975,-20.216527],[-49.924035,-20.213453],[-49.929374,-20.203483],[-49.934662,-20.199977],[-49.938624,-20.189646],[-49.94201,-20.186765],[-49.947035,-20.178344],[-49.956452,-20.177291],[-49.965871,-20.167826],[-49.974494,-20.173645],[-49.98836,-20.175809],[-49.990757,-20.178018],[-49.988403,-20.183592],[-49.977099,-20.183182],[-49.973893,-20.186087],[-49.975366,-20.189795],[-49.983769,-20.196084],[-49.982261,-20.201193],[-49.983656,-20.206873],[-49.981138,-20.212666],[-49.983105,-20.215724],[-49.988351,-20.21608],[-49.997917,-20.211913],[-50.007437,-20.213116],[-50.033644,-20.20978],[-50.040103,-20.200882],[-50.036903,-20.192763],[-50.037722,-20.186606],[-50.046414,-20.178262],[-50.049981,-20.169967],[-50.050729,-20.166337],[-50.048528,-20.159508],[-50.049633,-20.156979],[-50.056367,-20.156202],[-50.066627,-20.158618],[-50.082851,-20.154886],[-50.088268,-20.157994],[-50.098799,-20.159119],[-50.101123,-20.157363],[-50.108475,-20.142106],[-50.104786,-20.128594],[-50.096814,-20.127673],[-50.093752,-20.123885],[-50.086518,-20.119497],[-50.087242,-20.115079],[-50.089355,-20.11344],[-50.100734,-20.117441],[-50.103476,-20.116421],[-50.104559,-20.113789],[-50.098406,-20.105003],[-50.10179,-20.089407],[-50.097504,-20.086005],[-50.091982,-20.088036],[-50.089565,-20.087524],[-50.087059,-20.081672],[-50.088238,-20.074475],[-50.094848,-20.06673],[-50.09693,-20.052787],[-50.093477,-20.050271],[-50.083372,-20.051777],[-50.080407,-20.048277],[-50.082591,-20.04355],[-50.082737,-20.036733],[-50.088669,-20.035374],[-50.097121,-20.030445],[-50.101668,-20.026172],[-50.101854,-20.023376],[-50.098277,-20.019111],[-50.097202,-20.013543],[-50.087722,-20.010507],[-50.084084,-20.006066],[-50.084298,-19.998239],[-50.079675,-19.993941],[-50.07846,-19.986727],[-50.081451,-19.97952],[-50.075098,-19.971883],[-50.063992,-19.971687],[-50.061213,-19.977203],[-50.058747,-19.978924],[-50.05356,-19.977746],[-50.048273,-19.978442],[-50.045991,-19.980182],[-50.044172,-19.986327],[-50.042006,-19.988138],[-50.039296,-19.987992],[-50.033495,-19.983867],[-50.025647,-19.988943],[-50.022551,-19.998262],[-50.023602,-20.001953],[-50.026849,-20.004761],[-50.037817,-20.009652],[-50.039828,-20.013024],[-50.036922,-20.016446],[-50.029088,-20.014243],[-50.025759,-20.015413],[-50.024827,-20.018804],[-50.02733,-20.024835],[-50.031757,-20.027719],[-50.039757,-20.028037],[-50.043968,-20.031035],[-50.048014,-20.041903],[-50.054195,-20.050749],[-50.054666,-20.056701],[-50.060774,-20.067905],[-50.058696,-20.071176],[-50.052102,-20.072792],[-50.046482,-20.085014],[-50.047997,-20.091194],[-50.053457,-20.098883],[-50.053153,-20.104534],[-50.04459,-20.110063],[-50.036462,-20.121728],[-50.033304,-20.124075],[-50.021733,-20.12411],[-50.01892,-20.1207],[-50.017715,-20.113132],[-50.024429,-20.106453],[-50.026165,-20.101876],[-50.026633,-20.089276],[-50.020894,-20.073483],[-50.027315,-20.064764],[-50.026974,-20.058625],[-50.025023,-20.055147],[-50.019914,-20.05238],[-50.015985,-20.053123],[-50.010785,-20.056944],[-50.007718,-20.056565],[-50.004786,-20.051632],[-49.996927,-20.044512],[-49.997122,-20.041588],[-50.00014,-20.038018],[-49.999141,-20.03478],[-49.994856,-20.033305],[-49.985275,-20.034687],[-49.982551,-20.031708],[-49.986615,-20.025607],[-49.995624,-20.023063],[-50.000593,-20.017146],[-50.00036,-20.01378],[-49.997694,-20.012174],[-49.983869,-20.013336],[-49.981201,-20.012202],[-49.980125,-20.008463],[-49.984482,-20.004384],[-49.984846,-20.001126],[-49.972952,-19.991281],[-49.962661,-19.990643],[-49.957043,-19.98673],[-49.950927,-19.990835],[-49.947423,-19.990982],[-49.942707,-19.985779],[-49.933062,-19.981246],[-49.93038,-19.981235],[-49.92787,-19.983324],[-49.92804,-19.987396],[-49.93919,-19.998869],[-49.943461,-20.013244],[-49.948342,-20.021308],[-49.953214,-20.022157],[-49.960742,-20.014971],[-49.963689,-20.016017],[-49.967781,-20.020914],[-49.966472,-20.0243],[-49.960157,-20.027673],[-49.958426,-20.033892],[-49.953693,-20.041385],[-49.960586,-20.054716],[-49.960726,-20.058546],[-49.959033,-20.061109],[-49.952058,-20.063966],[-49.950969,-20.066823],[-49.958101,-20.075765],[-49.956357,-20.086818],[-49.96023,-20.094538],[-49.961058,-20.100485],[-49.953629,-20.109611],[-49.958291,-20.122307],[-49.957946,-20.127237],[-49.953536,-20.128566],[-49.945703,-20.124244],[-49.941838,-20.126799],[-49.948907,-20.146317],[-49.944603,-20.153531],[-49.940403,-20.153977],[-49.934766,-20.148637],[-49.927598,-20.148751],[-49.917152,-20.137444],[-49.91394,-20.127955],[-49.912315,-20.114707],[-49.907791,-20.106478],[-49.902797,-20.102654],[-49.903001,-20.092029],[-49.900924,-20.089309],[-49.897794,-20.089241],[-49.895569,-20.091138],[-49.892296,-20.109531],[-49.893724,-20.112907],[-49.8974,-20.11599],[-49.897986,-20.121041],[-49.890084,-20.127411],[-49.881582,-20.12498],[-49.877179,-20.114897],[-49.877748,-20.109065],[-49.874958,-20.097816],[-49.871628,-20.09605],[-49.8676,-20.09763],[-49.864962,-20.097134],[-49.862284,-20.090837],[-49.863166,-20.080474],[-49.867026,-20.074356],[-49.867517,-20.066625],[-49.872204,-20.059022],[-49.872614,-20.055297],[-49.869111,-20.050511],[-49.859407,-20.045606],[-49.856644,-20.047337],[-49.855159,-20.053078],[-49.848185,-20.057185],[-49.845974,-20.060411],[-49.844025,-20.078913],[-49.832829,-20.091448],[-49.833178,-20.09398],[-49.838871,-20.100525],[-49.837887,-20.11036],[-49.840461,-20.115463],[-49.840373,-20.124449],[-49.838197,-20.128185],[-49.834089,-20.128167],[-49.830149,-20.124806],[-49.827477,-20.117965],[-49.815795,-20.10256],[-49.807621,-20.099487],[-49.800999,-20.099377],[-49.795891,-20.106248],[-49.791456,-20.109128],[-49.789988,-20.114039],[-49.785222,-20.120009],[-49.776626,-20.123099],[-49.772699,-20.12693],[-49.76154,-20.129471],[-49.755159,-20.133786],[-49.743977,-20.131658],[-49.731275,-20.133381],[-49.723839,-20.149683],[-49.719205,-20.153151],[-49.708348,-20.150829],[-49.695377,-20.151433],[-49.691578,-20.156382],[-49.68265,-20.162129],[-49.681364,-20.166599],[-49.682344,-20.172819],[-49.677995,-20.184963],[-49.673725,-20.18844],[-49.66332,-20.186787],[-49.652425,-20.193118],[-49.640459,-20.195539],[-49.626249,-20.191267],[-49.621118,-20.196285],[-49.61108,-20.198829],[-49.601286,-20.195821],[-49.59955,-20.192424],[-49.603174,-20.187845],[-49.60386,-20.181781],[-49.61335,-20.176389],[-49.614324,-20.172494],[-49.612346,-20.166626],[-49.61385,-20.159101],[-49.618662,-20.154327],[-49.62316,-20.153404],[-49.628333,-20.155525],[-49.63932,-20.156194],[-49.641036,-20.154426],[-49.641659,-20.148862],[-49.647792,-20.142211],[-49.661099,-20.1454],[-49.664171,-20.144629],[-49.665849,-20.140741],[-49.659558,-20.132569],[-49.659429,-20.127329],[-49.662705,-20.125868],[-49.66869,-20.129015],[-49.680042,-20.130837],[-49.682693,-20.130129],[-49.684101,-20.126842],[-49.679506,-20.115969],[-49.679795,-20.111945],[-49.684332,-20.107432],[-49.693935,-20.107862],[-49.697566,-20.099419],[-49.700581,-20.099257],[-49.712535,-20.106314],[-49.718628,-20.106409],[-49.720084,-20.10263],[-49.716276,-20.095095],[-49.724338,-20.083733],[-49.721947,-20.076326],[-49.726932,-20.072758],[-49.731931,-20.066483],[-49.735732,-20.066693],[-49.739547,-20.073499],[-49.742601,-20.074906],[-49.745128,-20.073898],[-49.747239,-20.069077],[-49.751571,-20.065991],[-49.754195,-20.066487],[-49.759322,-20.070808],[-49.761836,-20.069837],[-49.763845,-20.06552],[-49.766264,-20.064276],[-49.773496,-20.064328],[-49.781816,-20.067819],[-49.790645,-20.066562],[-49.79491,-20.059607],[-49.800439,-20.055051],[-49.805867,-20.047729],[-49.806382,-20.043521],[-49.804187,-20.036463],[-49.805019,-20.033991],[-49.820392,-20.026001],[-49.82044,-20.022369],[-49.817301,-20.014748],[-49.818172,-20.011621],[-49.821507,-20.010548],[-49.831428,-20.01511],[-49.838371,-20.015111],[-49.841749,-20.012378],[-49.840929,-20.007029],[-49.843142,-20.004189],[-49.860598,-20.005644],[-49.869417,-20.013418],[-49.874465,-20.024609],[-49.878715,-20.026431],[-49.88307,-20.025179],[-49.884785,-20.021867],[-49.882509,-20.014255],[-49.879108,-20.011733],[-49.875209,-20.004501],[-49.867041,-20.00051],[-49.865303,-19.998039],[-49.865814,-19.995676],[-49.870767,-19.990568],[-49.870527,-19.982938],[-49.875096,-19.975112],[-49.875589,-19.969031],[-49.873711,-19.966413],[-49.870093,-19.965683],[-49.859712,-19.967289],[-49.852617,-19.973027],[-49.849829,-19.973369],[-49.847178,-19.970758],[-49.846346,-19.96351],[-49.83558,-19.959062],[-49.815339,-19.972551],[-49.808605,-19.989058],[-49.803563,-19.989467],[-49.799025,-19.984353],[-49.79511,-19.984039],[-49.782476,-19.999381],[-49.771941,-20.005307],[-49.768708,-20.00202],[-49.77206,-19.992371],[-49.789126,-19.975346],[-49.792943,-19.968459],[-49.790717,-19.95675],[-49.78752,-19.95113],[-49.784671,-19.948654],[-49.779789,-19.948581],[-49.775646,-19.954974],[-49.772332,-19.956156],[-49.760851,-19.946539],[-49.756115,-19.94629],[-49.753204,-19.949124],[-49.752409,-19.953149],[-49.754431,-19.961873],[-49.750933,-19.964287],[-49.739671,-19.960036],[-49.73825,-19.95333],[-49.736262,-19.951162],[-49.729127,-19.949882],[-49.727161,-19.953259],[-49.729686,-19.970183],[-49.726525,-19.972734],[-49.719502,-19.973316],[-49.716848,-19.979944],[-49.723448,-19.989868],[-49.724135,-19.997621],[-49.728616,-20.007192],[-49.728565,-20.011831],[-49.722088,-20.018834],[-49.719059,-20.019601],[-49.716761,-20.018282],[-49.713175,-20.011944],[-49.705773,-20.007692],[-49.703097,-20.007744],[-49.700819,-20.010746],[-49.704735,-20.026159],[-49.702972,-20.029926],[-49.691673,-20.034715],[-49.684581,-20.033702],[-49.677233,-20.037858],[-49.671015,-20.034745],[-49.667196,-20.035517],[-49.665175,-20.043516],[-49.670419,-20.057485],[-49.670618,-20.06299],[-49.668417,-20.064605],[-49.660359,-20.065687],[-49.650409,-20.073841],[-49.648745,-20.078842],[-49.6492,-20.08568],[-49.647539,-20.088028],[-49.644661,-20.088476],[-49.635688,-20.085452],[-49.632769,-20.086353],[-49.631573,-20.089153],[-49.632731,-20.095113],[-49.628917,-20.097408],[-49.618066,-20.089336],[-49.609681,-20.088994],[-49.597873,-20.078496],[-49.590257,-20.079052],[-49.584073,-20.082171],[-49.573996,-20.08102],[-49.560342,-20.083875],[-49.555352,-20.079548],[-49.549408,-20.070907],[-49.549385,-20.065222],[-49.546989,-20.059134],[-49.534353,-20.047022],[-49.534125,-20.039718],[-49.530215,-20.032993],[-49.538014,-20.021138],[-49.5396,-20.016018],[-49.535528,-20.008451],[-49.537542,-20.001232],[-49.535572,-19.993787],[-49.547029,-19.964976],[-49.558823,-19.95902],[-49.56203,-19.956306],[-49.563355,-19.951955],[-49.559923,-19.943444],[-49.556906,-19.941639],[-49.550858,-19.941739],[-49.547628,-19.943886],[-49.538613,-19.959583],[-49.531206,-19.964956],[-49.528633,-19.9703],[-49.524942,-19.972008],[-49.517383,-19.970612],[-49.513434,-19.973445],[-49.513657,-19.984797],[-49.506621,-19.988752],[-49.504951,-19.991681],[-49.50995,-20.000276],[-49.508511,-20.004369],[-49.50337,-20.006054],[-49.497454,-20.000217],[-49.48434,-20.000247],[-49.481757,-20.002995],[-49.483194,-20.007897],[-49.482423,-20.010491],[-49.474154,-20.014097],[-49.467446,-20.012076],[-49.460518,-20.00313],[-49.45437,-20.003057],[-49.451727,-20.005024],[-49.451012,-20.007932],[-49.45212,-20.016456],[-49.456378,-20.025614],[-49.454964,-20.030437],[-49.450352,-20.033081],[-49.445976,-20.03356],[-49.436702,-20.031224],[-49.428928,-20.037586],[-49.425496,-20.038604],[-49.421646,-20.038039],[-49.418171,-20.034016],[-49.414718,-20.034131],[-49.409524,-20.041431],[-49.41034,-20.052033],[-49.407921,-20.054809],[-49.40358,-20.054575],[-49.399329,-20.05227],[-49.397089,-20.046424],[-49.39488,-20.044597],[-49.385372,-20.048134],[-49.379447,-20.046578],[-49.377468,-20.04277],[-49.379657,-20.03255],[-49.377011,-20.030716],[-49.369014,-20.030945],[-49.36101,-20.024524],[-49.360722,-20.01009],[-49.356594,-20.005975],[-49.350516,-20.006827],[-49.341626,-20.013022],[-49.332818,-20.011943],[-49.323545,-20.019969],[-49.323362,-20.024523],[-49.334458,-20.037395],[-49.334707,-20.042718],[-49.338583,-20.049751],[-49.343344,-20.068815],[-49.352353,-20.088434],[-49.349696,-20.105493],[-49.340261,-20.110266],[-49.337559,-20.1141],[-49.341691,-20.125798],[-49.340124,-20.133566],[-49.34758,-20.139838],[-49.34902,-20.143567],[-49.341449,-20.15849],[-49.340337,-20.164392],[-49.34082,-20.174834],[-49.33826,-20.182761],[-49.34251,-20.19455],[-49.341624,-20.204885],[-49.340201,-20.207338],[-49.334167,-20.211063],[-49.332197,-20.2183],[-49.321541,-20.223816],[-49.320454,-20.229989],[-49.31813,-20.232223],[-49.312636,-20.231349],[-49.306037,-20.23316],[-49.293691,-20.221312],[-49.288,-20.222064],[-49.28275,-20.225433],[-49.274384,-20.248908],[-49.275055,-20.255092],[-49.280516,-20.263569],[-49.280691,-20.26633],[-49.278389,-20.268462],[-49.272917,-20.267591],[-49.270024,-20.26927],[-49.268455,-20.274746],[-49.262913,-20.283288],[-49.263639,-20.295463],[-49.255909,-20.300564],[-49.253214,-20.308457],[-49.246862,-20.310823],[-49.236248,-20.309439],[-49.225624,-20.315893],[-49.21474,-20.311813],[-49.206694,-20.313187],[-49.197679,-20.312688],[-49.195104,-20.311542],[-49.193039,-20.307246],[-49.184623,-20.315171],[-49.171385,-20.312776],[-49.17107,-20.308147],[-49.168194,-20.304524],[-49.154683,-20.295415],[-49.141707,-20.289154],[-49.122164,-20.27358],[-49.111619,-20.250318],[-49.10419,-20.239807],[-49.089603,-20.213369],[-49.071721,-20.162227],[-49.066243,-20.153886],[-49.060743,-20.151745],[-49.032761,-20.150165],[-49.014077,-20.153775],[-48.999366,-20.161362],[-48.98757,-20.169582],[-48.981006,-20.182888],[-48.971345,-20.213821],[-48.961729,-20.264065],[-48.965117,-20.275316],[-48.96365,-20.287652],[-48.966757,-20.34145],[-48.965479,-20.36215],[-48.969917,-20.381863],[-48.969422,-20.390227],[-48.965251,-20.397578],[-48.954148,-20.408649],[-48.926356,-20.422857],[-48.907373,-20.43657],[-48.89829,-20.440359],[-48.889748,-20.438696],[-48.878274,-20.429143],[-48.868223,-20.40638],[-48.867763,-20.38728],[-48.877115,-20.359242],[-48.879157,-20.348824],[-48.87902,-20.336236],[-48.878741,-20.335443]]],[[[-48.670866,-20.163025],[-48.673669,-20.162805],[-48.678158,-20.161838],[-48.674104,-20.161901],[-48.671418,-20.162786],[-48.670866,-20.163025]]],[[[-50.999576,-20.08576],[-50.999386,-20.08624],[-50.999278,-20.087488],[-51.000093,-20.090387],[-50.999812,-20.087215],[-50.999576,-20.08576]]],[[[-51.205451,-20.313419],[-51.259534,-20.321627],[-51.289426,-20.329619],[-51.270677,-20.317998],[-51.247798,-20.308539],[-51.234849,-20.307934],[-51.224091,-20.311591],[-51.208431,-20.313214],[-51.205451,-20.313419]]]]}},{"type":"Feature","properties":{"Bioma":"Mata Atântica"},"geometry":{"type":"MultiPolygon","coordinates":[[[[-45.525306,-23.856075],[-45.52533,-23.851142],[-45.526352,-23.849982],[-45.523001,-23.845893],[-45.520238,-23.848074],[-45.522279,-23.854222],[-45.525206,-23.856103],[-45.525306,-23.856075]]],[[[-45.670452,-23.806656],[-45.671161,-23.806556],[-45.671055,-23.805265],[-45.667718,-23.803586],[-45.667349,-23.804774],[-45.670125,-23.806589],[-45.670452,-23.806656]]],[[[-45.715188,-23.80303],[-45.716126,-23.806122],[-45.716983,-23.803733],[-45.719145,-23.803099],[-45.721185,-23.804218],[-45.726033,-23.80176],[-45.718947,-23.798567],[-45.716977,-23.799634],[-45.716534,-23.801979],[-45.715236,-23.803006],[-45.715188,-23.80303]]],[[[-45.137997,-23.791039],[-45.140433,-23.794596],[-45.140034,-23.798429],[-45.135919,-23.799924],[-45.13098,-23.799407],[-45.124247,-23.801996],[-45.122361,-23.80459],[-45.115674,-23.804877],[-45.116686,-23.811598],[-45.121511,-23.813922],[-45.126083,-23.809971],[-45.131924,-23.809119],[-45.145512,-23.817639],[-45.147383,-23.816759],[-45.148179,-23.813108],[-45.152158,-23.810281],[-45.156222,-23.809662],[-45.157153,-23.803117],[-45.160096,-23.802563],[-45.148176,-23.792976],[-45.138162,-23.791],[-45.137997,-23.791039]]],[[[-45.704744,-23.787309],[-45.704581,-23.788466],[-45.707922,-23.789435],[-45.707866,-23.78901],[-45.704948,-23.786973],[-45.704744,-23.787309]]],[[[-45.709092,-23.789401],[-45.712495,-23.790519],[-45.714209,-23.793057],[-45.717597,-23.793094],[-45.716734,-23.791252],[-45.714389,-23.790792],[-45.713527,-23.78885],[-45.712212,-23.788097],[-45.710085,-23.788094],[-45.709027,-23.789238],[-45.709092,-23.789401]]],[[[-45.022259,-23.740184],[-45.021301,-23.740314],[-45.022333,-23.741642],[-45.024234,-23.73858],[-45.023126,-23.73835],[-45.022181,-23.7374],[-45.02177,-23.737369],[-45.021103,-23.737891],[-45.022259,-23.738624],[-45.022543,-23.739794],[-45.022259,-23.740184]]],[[[-45.01483,-23.744071],[-45.017238,-23.750694],[-45.023551,-23.745877],[-45.018864,-23.742003],[-45.01491,-23.744002],[-45.01483,-23.744071]]],[[[-45.008051,-23.754915],[-45.01071,-23.759593],[-45.013644,-23.760762],[-45.015159,-23.759073],[-45.018425,-23.758813],[-45.016958,-23.752094],[-45.009341,-23.750964],[-45.008116,-23.754874],[-45.008051,-23.754915]]],[[[-45.323791,-23.72334],[-45.318372,-23.723185],[-45.31651,-23.726492],[-45.308665,-23.731452],[-45.301892,-23.731193],[-45.298619,-23.73388],[-45.293895,-23.733024],[-45.290943,-23.737238],[-45.286023,-23.736434],[-45.28353,-23.734461],[-45.27597,-23.735018],[-45.274067,-23.73853],[-45.267972,-23.74033],[-45.267915,-23.74256],[-45.265981,-23.74372],[-45.262713,-23.742052],[-45.262328,-23.744885],[-45.256007,-23.749741],[-45.260014,-23.755682],[-45.259788,-23.759091],[-45.256477,-23.761655],[-45.257105,-23.762409],[-45.248146,-23.763846],[-45.247081,-23.761787],[-45.244882,-23.761941],[-45.235332,-23.771592],[-45.233973,-23.776871],[-45.230375,-23.77652],[-45.234785,-23.780991],[-45.233272,-23.7851],[-45.237494,-23.79478],[-45.235452,-23.797006],[-45.236309,-23.799841],[-45.241389,-23.805367],[-45.242518,-23.808723],[-45.241274,-23.812544],[-45.237635,-23.811098],[-45.238955,-23.819133],[-45.245678,-23.821683],[-45.248707,-23.825039],[-45.244305,-23.828069],[-45.244681,-23.832331],[-45.239897,-23.830679],[-45.238432,-23.832739],[-45.246299,-23.837688],[-45.258151,-23.836139],[-45.266166,-23.838411],[-45.270455,-23.837068],[-45.274462,-23.839392],[-45.280558,-23.843315],[-45.281912,-23.849097],[-45.286145,-23.849923],[-45.288854,-23.858646],[-45.287951,-23.861846],[-45.285482,-23.863083],[-45.29083,-23.865872],[-45.288701,-23.873215],[-45.272856,-23.873198],[-45.269985,-23.874978],[-45.269778,-23.879962],[-45.272728,-23.879857],[-45.277878,-23.884076],[-45.274557,-23.886572],[-45.275466,-23.889041],[-45.272318,-23.892709],[-45.260973,-23.893018],[-45.253561,-23.897794],[-45.251774,-23.901378],[-45.247823,-23.9037],[-45.245057,-23.902668],[-45.245227,-23.896372],[-45.241796,-23.892843],[-45.236451,-23.897418],[-45.235067,-23.901326],[-45.229141,-23.89921],[-45.226827,-23.902771],[-45.224525,-23.90339],[-45.228065,-23.907409],[-45.235883,-23.905854],[-45.238277,-23.908117],[-45.238715,-23.910858],[-45.238282,-23.915566],[-45.236193,-23.918879],[-45.238392,-23.923939],[-45.237494,-23.927433],[-45.233754,-23.9305],[-45.23721,-23.933851],[-45.235764,-23.935353],[-45.236527,-23.941568],[-45.234842,-23.945385],[-45.229689,-23.944405],[-45.235406,-23.94876],[-45.238729,-23.959101],[-45.243701,-23.9633],[-45.251849,-23.966297],[-45.255575,-23.964586],[-45.26824,-23.963797],[-45.268666,-23.960759],[-45.272417,-23.95929],[-45.273368,-23.956518],[-45.279232,-23.952169],[-45.281161,-23.945961],[-45.286357,-23.941331],[-45.281348,-23.93708],[-45.280197,-23.927495],[-45.284936,-23.919948],[-45.28835,-23.918602],[-45.291759,-23.910031],[-45.297425,-23.912241],[-45.300612,-23.915378],[-45.302345,-23.91526],[-45.301694,-23.912032],[-45.303793,-23.90777],[-45.309261,-23.912372],[-45.311105,-23.911577],[-45.313492,-23.913979],[-45.320381,-23.916077],[-45.322538,-23.913023],[-45.325699,-23.912043],[-45.328425,-23.915374],[-45.33222,-23.916084],[-45.338613,-23.920411],[-45.340113,-23.925042],[-45.344714,-23.923366],[-45.343751,-23.919644],[-45.348009,-23.916969],[-45.356759,-23.927491],[-45.363855,-23.930378],[-45.373162,-23.93135],[-45.3805,-23.930148],[-45.393555,-23.933273],[-45.399819,-23.93317],[-45.404213,-23.93491],[-45.407283,-23.938746],[-45.42243,-23.938494],[-45.42788,-23.941469],[-45.428003,-23.939328],[-45.432127,-23.939598],[-45.434946,-23.936486],[-45.437654,-23.937197],[-45.444214,-23.934281],[-45.447457,-23.927919],[-45.450565,-23.926756],[-45.451432,-23.922409],[-45.456094,-23.920292],[-45.45608,-23.917626],[-45.46006,-23.915327],[-45.458883,-23.905399],[-45.460397,-23.889683],[-45.461633,-23.888541],[-45.459353,-23.887964],[-45.45748,-23.885293],[-45.452813,-23.885438],[-45.450019,-23.883813],[-45.447257,-23.879226],[-45.443765,-23.877949],[-45.441003,-23.871707],[-45.43458,-23.870691],[-45.4295,-23.859658],[-45.417221,-23.858746],[-45.411238,-23.846298],[-45.402409,-23.842004],[-45.393604,-23.832479],[-45.386493,-23.828685],[-45.378154,-23.819467],[-45.372277,-23.818358],[-45.365938,-23.809697],[-45.364726,-23.802671],[-45.365482,-23.79557],[-45.362816,-23.786543],[-45.358106,-23.784191],[-45.358659,-23.776295],[-45.35181,-23.772133],[-45.352123,-23.768337],[-45.34885,-23.765754],[-45.351164,-23.758344],[-45.348003,-23.748346],[-45.349204,-23.741952],[-45.343149,-23.736412],[-45.341343,-23.727887],[-45.332144,-23.722461],[-45.325145,-23.72303],[-45.323791,-23.72334]]],[[[-45.227407,-23.837668],[-45.23185,-23.83965],[-45.23281,-23.841766],[-45.238002,-23.842902],[-45.243167,-23.837809],[-45.241401,-23.839327],[-45.238886,-23.839093],[-45.233647,-23.836253],[-45.227424,-23.837609],[-45.227407,-23.837668]]],[[[-45.152142,-23.565162],[-45.146748,-23.567385],[-45.144782,-23.569353],[-45.145587,-23.571192],[-45.146853,-23.571648],[-45.148671,-23.568803],[-45.152142,-23.568037],[-45.157619,-23.57321],[-45.158121,-23.569953],[-45.161842,-23.569761],[-45.16318,-23.567807],[-45.15741,-23.559605],[-45.153417,-23.562013],[-45.151933,-23.564664],[-45.152142,-23.565162]]],[[[-45.216842,-23.550796],[-45.218907,-23.550532],[-45.215831,-23.548608],[-45.215432,-23.549638],[-45.216807,-23.550779],[-45.216842,-23.550796]]],[[[-45.212094,-23.532944],[-45.213389,-23.532999],[-45.214112,-23.532474],[-45.214082,-23.532032],[-45.212274,-23.531756],[-45.211634,-23.531989],[-45.210949,-23.532916],[-45.212094,-23.532944]]],[[[-45.076703,-23.529081],[-45.077928,-23.536032],[-45.070348,-23.539833],[-45.064327,-23.538529],[-45.060606,-23.533699],[-45.05931,-23.526799],[-45.057817,-23.527962],[-45.051113,-23.527681],[-45.048168,-23.531164],[-45.04498,-23.531347],[-45.045527,-23.534533],[-45.040398,-23.533095],[-45.039225,-23.534359],[-45.041477,-23.541407],[-45.047602,-23.543589],[-45.049609,-23.545774],[-45.056778,-23.545822],[-45.065165,-23.555319],[-45.070766,-23.55735],[-45.072522,-23.556698],[-45.077331,-23.560991],[-45.079171,-23.559688],[-45.081219,-23.553709],[-45.080132,-23.552444],[-45.08101,-23.550795],[-45.077707,-23.546388],[-45.079296,-23.545353],[-45.079965,-23.540638],[-45.083477,-23.537916],[-45.079631,-23.533009],[-45.080252,-23.525749],[-45.076793,-23.529025],[-45.076703,-23.529081]]],[[[-44.723649,-23.368461],[-44.728035,-23.370218],[-44.735432,-23.369446],[-44.735907,-23.367884],[-44.742049,-23.36655],[-44.746403,-23.367515],[-44.750491,-23.366374],[-44.759827,-23.37071],[-44.769601,-23.372518],[-44.784432,-23.378205],[-44.785433,-23.377834],[-44.782911,-23.374098],[-44.785573,-23.370078],[-44.787341,-23.369779],[-44.789376,-23.371693],[-44.790916,-23.369393],[-44.796107,-23.369867],[-44.800584,-23.372391],[-44.800084,-23.375881],[-44.806413,-23.379556],[-44.82556,-23.383786],[-44.827017,-23.385058],[-44.825907,-23.386677],[-44.826915,-23.387894],[-44.829914,-23.38749],[-44.8298,-23.385191],[-44.836798,-23.387911],[-44.838129,-23.386525],[-44.841342,-23.388473],[-44.84446,-23.387139],[-44.843909,-23.382926],[-44.83868,-23.378784],[-44.839764,-23.374993],[-44.838053,-23.370903],[-44.840239,-23.367181],[-44.847503,-23.36281],[-44.862847,-23.358474],[-44.869807,-23.358703],[-44.875,-23.364612],[-44.876081,-23.363618],[-44.883468,-23.364671],[-44.88564,-23.367319],[-44.885715,-23.37046],[-44.889314,-23.372693],[-44.89116,-23.372342],[-44.892206,-23.369779],[-44.887699,-23.364619],[-44.890532,-23.358878],[-44.887981,-23.35429],[-44.882832,-23.35161],[-44.882641,-23.346677],[-44.888251,-23.339004],[-44.908339,-23.333767],[-44.912076,-23.336722],[-44.911201,-23.339285],[-44.914631,-23.344499],[-44.922686,-23.351417],[-44.941785,-23.357179],[-44.948388,-23.364358],[-44.947914,-23.367625],[-44.950239,-23.372391],[-44.949425,-23.378358],[-44.96079,-23.380434],[-44.962578,-23.385822],[-44.96794,-23.387209],[-44.971945,-23.390108],[-44.972337,-23.392372],[-44.970533,-23.393574],[-44.974614,-23.395967],[-44.977105,-23.400407],[-44.98087,-23.401109],[-44.981174,-23.398512],[-44.983741,-23.396897],[-44.989707,-23.399296],[-44.993095,-23.39751],[-45.008533,-23.406463],[-45.009407,-23.412927],[-45.012704,-23.413271],[-45.011867,-23.415773],[-45.014102,-23.418556],[-45.022902,-23.418766],[-45.022609,-23.415069],[-45.023845,-23.413929],[-45.030525,-23.414965],[-45.032359,-23.414004],[-45.038321,-23.419552],[-45.039285,-23.42276],[-45.042529,-23.422414],[-45.044663,-23.426134],[-45.048221,-23.425295],[-45.045337,-23.420084],[-45.049346,-23.417217],[-45.056567,-23.41713],[-45.062458,-23.421241],[-45.064637,-23.427316],[-45.05965,-23.430136],[-45.068677,-23.432875],[-45.069413,-23.438503],[-45.066901,-23.448051],[-45.059902,-23.45688],[-45.055514,-23.459265],[-45.050389,-23.456335],[-45.044757,-23.449692],[-45.037906,-23.448162],[-45.035982,-23.449177],[-45.035039,-23.459728],[-45.030212,-23.459556],[-45.028783,-23.461484],[-45.021612,-23.459548],[-45.018436,-23.461131],[-45.02683,-23.463324],[-45.030388,-23.462718],[-45.032424,-23.465551],[-45.037687,-23.462348],[-45.044877,-23.461406],[-45.050899,-23.465495],[-45.052152,-23.468447],[-45.05594,-23.465107],[-45.058112,-23.46596],[-45.058361,-23.468236],[-45.060287,-23.466874],[-45.063106,-23.468311],[-45.070028,-23.477448],[-45.074313,-23.488139],[-45.072621,-23.493455],[-45.067341,-23.493377],[-45.076389,-23.502312],[-45.076771,-23.50643],[-45.080357,-23.509081],[-45.080206,-23.516572],[-45.08176,-23.521486],[-45.084282,-23.52026],[-45.083402,-23.518566],[-45.086217,-23.512985],[-45.08375,-23.495463],[-45.087992,-23.493452],[-45.098028,-23.492283],[-45.104503,-23.498088],[-45.103195,-23.490183],[-45.106633,-23.488797],[-45.107884,-23.492948],[-45.111752,-23.496325],[-45.115587,-23.497569],[-45.119163,-23.501174],[-45.123754,-23.501696],[-45.122787,-23.505235],[-45.116892,-23.505065],[-45.113461,-23.507764],[-45.107803,-23.507724],[-45.107204,-23.50951],[-45.110567,-23.512645],[-45.109725,-23.514393],[-45.106814,-23.514619],[-45.108651,-23.516752],[-45.105712,-23.523875],[-45.11216,-23.526358],[-45.113795,-23.525763],[-45.113264,-23.519953],[-45.116473,-23.519171],[-45.120446,-23.521448],[-45.122195,-23.515942],[-45.12733,-23.514933],[-45.132968,-23.509488],[-45.138168,-23.511673],[-45.138601,-23.508955],[-45.135213,-23.507714],[-45.135571,-23.503733],[-45.13982,-23.500599],[-45.145437,-23.501619],[-45.14374,-23.499787],[-45.145728,-23.496838],[-45.153337,-23.499438],[-45.156623,-23.497351],[-45.159435,-23.500105],[-45.162252,-23.499347],[-45.165222,-23.492952],[-45.164042,-23.491173],[-45.16178,-23.491172],[-45.165218,-23.48879],[-45.16527,-23.491772],[-45.172269,-23.493822],[-45.175428,-23.49938],[-45.174423,-23.501561],[-45.17124,-23.502766],[-45.17334,-23.504523],[-45.171997,-23.505764],[-45.173335,-23.508913],[-45.172364,-23.512139],[-45.166573,-23.512479],[-45.166417,-23.515558],[-45.16274,-23.517034],[-45.166419,-23.521255],[-45.166036,-23.529361],[-45.162354,-23.531761],[-45.157815,-23.529486],[-45.159754,-23.533387],[-45.157967,-23.535244],[-45.16193,-23.54169],[-45.16543,-23.541576],[-45.169885,-23.539176],[-45.174731,-23.542648],[-45.178128,-23.537848],[-45.186315,-23.540299],[-45.18665,-23.535806],[-45.18988,-23.533304],[-45.186705,-23.527942],[-45.190493,-23.524316],[-45.19027,-23.521354],[-45.194442,-23.51978],[-45.201845,-23.520286],[-45.21144,-23.524138],[-45.215392,-23.527937],[-45.221603,-23.530189],[-45.228015,-23.537735],[-45.231292,-23.548673],[-45.228495,-23.551494],[-45.223075,-23.551518],[-45.219204,-23.557221],[-45.214615,-23.556113],[-45.218288,-23.55848],[-45.218795,-23.56081],[-45.215949,-23.564888],[-45.211097,-23.563889],[-45.209763,-23.564773],[-45.215324,-23.568586],[-45.210197,-23.571078],[-45.211139,-23.572232],[-45.209743,-23.577458],[-45.207586,-23.578486],[-45.210157,-23.582081],[-45.212548,-23.582519],[-45.215332,-23.580273],[-45.220345,-23.582672],[-45.221793,-23.580987],[-45.228142,-23.584101],[-45.228142,-23.581498],[-45.230203,-23.581243],[-45.23477,-23.58257],[-45.240339,-23.586857],[-45.243925,-23.59334],[-45.248081,-23.592268],[-45.253428,-23.594156],[-45.252871,-23.590992],[-45.256602,-23.589512],[-45.25991,-23.592607],[-45.260334,-23.595075],[-45.26284,-23.596351],[-45.261114,-23.591655],[-45.263898,-23.588491],[-45.268465,-23.587623],[-45.270743,-23.5886],[-45.27242,-23.586143],[-45.277414,-23.588457],[-45.279382,-23.586347],[-45.280217,-23.583937],[-45.277488,-23.582468],[-45.276485,-23.578435],[-45.278892,-23.573678],[-45.285201,-23.572198],[-45.292928,-23.574485],[-45.294308,-23.572259],[-45.298051,-23.571851],[-45.306672,-23.576138],[-45.309831,-23.574584],[-45.312407,-23.575279],[-45.327049,-23.583465],[-45.335852,-23.59104],[-45.343996,-23.601055],[-45.357635,-23.624084],[-45.36509,-23.625989],[-45.369295,-23.630043],[-45.377448,-23.623651],[-45.388282,-23.634425],[-45.390582,-23.630911],[-45.397105,-23.629247],[-45.397093,-23.626529],[-45.400405,-23.622587],[-45.403647,-23.622183],[-45.409052,-23.624659],[-45.418066,-23.634425],[-45.425617,-23.647035],[-45.428866,-23.65566],[-45.430579,-23.655911],[-45.429443,-23.657428],[-45.43219,-23.671897],[-45.432181,-23.682468],[-45.427456,-23.708019],[-45.420679,-23.725928],[-45.416023,-23.726359],[-45.413092,-23.723204],[-45.411542,-23.724503],[-45.409574,-23.723811],[-45.406662,-23.726344],[-45.404518,-23.724654],[-45.397325,-23.723276],[-45.397164,-23.727371],[-45.399715,-23.728524],[-45.398112,-23.732377],[-45.398846,-23.73694],[-45.407429,-23.744373],[-45.409022,-23.74821],[-45.411204,-23.749153],[-45.412099,-23.753043],[-45.40937,-23.759555],[-45.402695,-23.767646],[-45.402878,-23.7706],[-45.400272,-23.773257],[-45.40063,-23.776408],[-45.396862,-23.780469],[-45.398489,-23.78373],[-45.397192,-23.788155],[-45.399467,-23.795304],[-45.397557,-23.80285],[-45.399767,-23.808548],[-45.396396,-23.810375],[-45.397301,-23.811335],[-45.404232,-23.807578],[-45.408539,-23.813105],[-45.408417,-23.815306],[-45.404615,-23.819782],[-45.410504,-23.821103],[-45.411886,-23.824526],[-45.415691,-23.822581],[-45.418923,-23.823852],[-45.421542,-23.825288],[-45.421284,-23.827998],[-45.42528,-23.828548],[-45.431953,-23.832739],[-45.431502,-23.829445],[-45.439552,-23.8261],[-45.440998,-23.826094],[-45.441357,-23.829233],[-45.446253,-23.832485],[-45.447551,-23.829963],[-45.446768,-23.827287],[-45.448755,-23.825795],[-45.46729,-23.818566],[-45.469074,-23.822421],[-45.471733,-23.82243],[-45.473262,-23.825162],[-45.473882,-23.823629],[-45.475265,-23.823896],[-45.480882,-23.829086],[-45.489722,-23.829359],[-45.492017,-23.834755],[-45.491288,-23.836754],[-45.492672,-23.83762],[-45.499845,-23.838458],[-45.502641,-23.84217],[-45.508222,-23.840218],[-45.514412,-23.841717],[-45.510865,-23.835915],[-45.513356,-23.831125],[-45.5186,-23.832457],[-45.520458,-23.831058],[-45.522938,-23.83299],[-45.521753,-23.830964],[-45.523662,-23.828793],[-45.534368,-23.828693],[-45.537331,-23.830651],[-45.539745,-23.828429],[-45.533305,-23.823336],[-45.535117,-23.817014],[-45.544528,-23.808804],[-45.554656,-23.80983],[-45.551676,-23.80443],[-45.554445,-23.800384],[-45.55645,-23.800799],[-45.55396,-23.79611],[-45.561136,-23.791556],[-45.586844,-23.791778],[-45.590339,-23.796376],[-45.59227,-23.79481],[-45.596452,-23.798327],[-45.597951,-23.79681],[-45.606727,-23.800108],[-45.60913,-23.798276],[-45.615716,-23.799009],[-45.617318,-23.80003],[-45.617561,-23.803762],[-45.620134,-23.803273],[-45.622848,-23.804723],[-45.626306,-23.799932],[-45.62397,-23.795321],[-45.625329,-23.794532],[-45.624747,-23.790745],[-45.627131,-23.790252],[-45.625134,-23.789457],[-45.625103,-23.78732],[-45.628362,-23.78463],[-45.634182,-23.783287],[-45.642081,-23.784347],[-45.640624,-23.781282],[-45.643181,-23.777603],[-45.645968,-23.77729],[-45.647484,-23.779796],[-45.649685,-23.777782],[-45.659165,-23.779738],[-45.660206,-23.782167],[-45.662912,-23.782452],[-45.662964,-23.784833],[-45.665826,-23.7855],[-45.663953,-23.779262],[-45.665238,-23.777558],[-45.672085,-23.774515],[-45.681426,-23.774425],[-45.684665,-23.775452],[-45.684717,-23.778119],[-45.68836,-23.777309],[-45.69091,-23.781833],[-45.692939,-23.782309],[-45.696386,-23.780254],[-45.694292,-23.775404],[-45.699444,-23.772832],[-45.702203,-23.772785],[-45.702879,-23.774213],[-45.705845,-23.771118],[-45.709384,-23.770261],[-45.717398,-23.774166],[-45.723539,-23.770642],[-45.742484,-23.767488],[-45.752425,-23.767488],[-45.757053,-23.770546],[-45.758771,-23.768022],[-45.761841,-23.767403],[-45.761269,-23.76364],[-45.765008,-23.76249],[-45.776164,-23.762612],[-45.779562,-23.76598],[-45.781304,-23.764688],[-45.784817,-23.766533],[-45.787133,-23.76545],[-45.790516,-23.766212],[-45.792493,-23.768975],[-45.796188,-23.769641],[-45.798322,-23.767832],[-45.803994,-23.769784],[-45.804364,-23.767223],[-45.801496,-23.763021],[-45.806076,-23.758973],[-45.819398,-23.756686],[-45.837456,-23.757163],[-45.868869,-23.760214],[-45.879458,-23.763026],[-45.881502,-23.762134],[-45.895751,-23.76483],[-45.89669,-23.763962],[-45.939467,-23.773781],[-45.966004,-23.781941],[-45.989645,-23.791504],[-45.992757,-23.794734],[-45.991493,-23.797192],[-45.99293,-23.800455],[-45.998053,-23.803436],[-45.999769,-23.802984],[-46.001284,-23.799587],[-46.006368,-23.799171],[-46.0264,-23.805874],[-46.037837,-23.813577],[-46.038787,-23.819366],[-46.034706,-23.821137],[-46.039392,-23.822644],[-46.038877,-23.825863],[-46.046752,-23.831855],[-46.051219,-23.829008],[-46.046959,-23.82847],[-46.04439,-23.825178],[-46.04662,-23.820145],[-46.053694,-23.814947],[-46.06247,-23.813589],[-46.073563,-23.81595],[-46.092024,-23.822827],[-46.113975,-23.832731],[-46.123646,-23.838814],[-46.130958,-23.845752],[-46.133289,-23.850332],[-46.132899,-23.85639],[-46.125478,-23.85696],[-46.124534,-23.860273],[-46.127461,-23.862676],[-46.131268,-23.862447],[-46.136843,-23.868274],[-46.136763,-23.871398],[-46.139964,-23.875195],[-46.137631,-23.877056],[-46.1412,-23.880354],[-46.139762,-23.884224],[-46.137757,-23.884974],[-46.138572,-23.890239],[-46.149373,-23.894121],[-46.152949,-23.899223],[-46.151246,-23.905734],[-46.14619,-23.905407],[-46.155873,-23.909196],[-46.156822,-23.906932],[-46.162773,-23.90724],[-46.168198,-23.911376],[-46.168964,-23.914702],[-46.172395,-23.916835],[-46.174891,-23.921648],[-46.179873,-23.924569],[-46.18088,-23.934268],[-46.17867,-23.938901],[-46.173411,-23.941412],[-46.173207,-23.93979],[-46.168634,-23.937389],[-46.1658,-23.943866],[-46.160319,-23.945192],[-46.167149,-23.946513],[-46.172485,-23.957132],[-46.182322,-23.961234],[-46.184295,-23.96362],[-46.184631,-23.971042],[-46.18755,-23.972961],[-46.186098,-23.974591],[-46.187343,-23.977283],[-46.184886,-23.97835],[-46.186818,-23.982542],[-46.18445,-23.982803],[-46.18638,-23.984145],[-46.186478,-23.986796],[-46.18188,-23.988817],[-46.182075,-23.990235],[-46.185165,-23.991775],[-46.191625,-23.989358],[-46.195591,-23.993644],[-46.200871,-23.995221],[-46.200038,-23.997719],[-46.202644,-24.000333],[-46.207662,-23.998802],[-46.202577,-23.993908],[-46.203035,-23.991242],[-46.206191,-23.987928],[-46.211248,-23.986043],[-46.218285,-23.985654],[-46.246053,-23.992276],[-46.248063,-23.993491],[-46.247966,-23.995435],[-46.252159,-23.995979],[-46.26739,-24.004856],[-46.267578,-24.009586],[-46.265313,-24.010017],[-46.263335,-24.013406],[-46.270138,-24.012458],[-46.280744,-24.021592],[-46.277949,-24.03499],[-46.282036,-24.037383],[-46.283269,-24.042847],[-46.289115,-24.044726],[-46.287437,-24.041413],[-46.28955,-24.039752],[-46.286658,-24.038156],[-46.288898,-24.036829],[-46.28458,-24.032338],[-46.28543,-24.028014],[-46.283953,-24.025654],[-46.28677,-24.024114],[-46.289471,-24.024922],[-46.289611,-24.023305],[-46.292271,-24.022199],[-46.291072,-24.019553],[-46.296177,-24.015181],[-46.298366,-24.01484],[-46.304751,-24.018885],[-46.311126,-24.028325],[-46.311685,-24.021732],[-46.313886,-24.019921],[-46.316186,-24.020345],[-46.319136,-24.024028],[-46.321045,-24.020881],[-46.324218,-24.022141],[-46.32207,-24.00948],[-46.323161,-24.008577],[-46.319835,-24.002589],[-46.321903,-24.000052],[-46.321125,-23.998677],[-46.316053,-23.997111],[-46.315572,-23.998987],[-46.306555,-23.993984],[-46.309443,-23.986891],[-46.315807,-23.979834],[-46.325574,-23.973874],[-46.3389,-23.970512],[-46.348869,-23.969535],[-46.353281,-23.971723],[-46.35798,-23.970203],[-46.366058,-23.97147],[-46.370592,-23.975658],[-46.367728,-23.98113],[-46.374557,-23.985527],[-46.378779,-23.993117],[-46.384561,-23.994944],[-46.388158,-23.994574],[-46.39164,-23.997605],[-46.391525,-24.001832],[-46.38931,-24.004345],[-46.392058,-24.006514],[-46.391082,-24.012853],[-46.387526,-24.01381],[-46.383489,-24.017745],[-46.384653,-24.018595],[-46.388285,-24.016469],[-46.390428,-24.017107],[-46.390614,-24.0237],[-46.398803,-24.03333],[-46.401692,-24.032038],[-46.398798,-24.027558],[-46.399149,-24.01855],[-46.4076,-24.015403],[-46.418462,-24.015084],[-46.434101,-24.017775],[-46.467003,-24.027769],[-46.517805,-24.047193],[-46.588078,-24.079928],[-46.667601,-24.119468],[-46.704159,-24.139086],[-46.709116,-24.143298],[-46.733422,-24.157336],[-46.791112,-24.187519],[-46.790973,-24.189813],[-46.793405,-24.191016],[-46.7945,-24.19363],[-46.798976,-24.194076],[-46.80663,-24.199452],[-46.817036,-24.200808],[-46.835141,-24.2106],[-46.93091,-24.272557],[-46.965259,-24.298303],[-46.995561,-24.325847],[-47.000556,-24.328904],[-47.003585,-24.336212],[-47.000617,-24.340655],[-47.002534,-24.344877],[-46.999427,-24.350552],[-46.996397,-24.350326],[-47.000546,-24.353018],[-46.999461,-24.354525],[-47.002489,-24.357193],[-47.0059,-24.365075],[-47.010186,-24.367096],[-47.017909,-24.374434],[-47.017051,-24.386719],[-47.008535,-24.388325],[-47.011321,-24.389781],[-47.010348,-24.395765],[-47.00133,-24.398692],[-47.006352,-24.401018],[-47.003749,-24.408753],[-47.009431,-24.40937],[-47.008165,-24.413396],[-47.015044,-24.411092],[-47.022148,-24.416093],[-47.021042,-24.420346],[-47.025602,-24.424414],[-47.030169,-24.426287],[-47.037596,-24.425761],[-47.045695,-24.429594],[-47.047551,-24.42922],[-47.048775,-24.431904],[-47.054886,-24.431958],[-47.057705,-24.435468],[-47.060684,-24.435644],[-47.072622,-24.442808],[-47.079818,-24.445412],[-47.085035,-24.451124],[-47.138957,-24.487257],[-47.187072,-24.525221],[-47.189551,-24.528887],[-47.18676,-24.531005],[-47.187701,-24.534011],[-47.190513,-24.535876],[-47.193992,-24.535202],[-47.202472,-24.539395],[-47.227142,-24.55796],[-47.228594,-24.560406],[-47.225019,-24.564997],[-47.227838,-24.570766],[-47.237404,-24.571203],[-47.241665,-24.57426],[-47.244951,-24.573304],[-47.252342,-24.576609],[-47.393604,-24.659102],[-47.397967,-24.66336],[-47.401883,-24.661614],[-47.403649,-24.662427],[-47.40197,-24.667226],[-47.421829,-24.678744],[-47.435006,-24.690336],[-47.455989,-24.701354],[-47.500378,-24.721363],[-47.572459,-24.762264],[-47.628393,-24.800179],[-47.724025,-24.87384],[-47.807354,-24.941716],[-47.839005,-24.971558],[-47.870181,-25.007104],[-47.883889,-25.030767],[-47.88662,-25.041091],[-47.887136,-25.052694],[-47.88924,-25.054255],[-47.891992,-25.05237],[-47.901945,-25.05394],[-47.909934,-25.053387],[-47.909748,-25.063096],[-47.906907,-25.065692],[-47.902602,-25.080844],[-47.897501,-25.08524],[-47.896188,-25.089277],[-47.895693,-25.092597],[-47.898541,-25.098044],[-47.894805,-25.106424],[-47.908442,-25.118241],[-47.916371,-25.138264],[-47.915264,-25.140782],[-47.919346,-25.146571],[-47.919511,-25.152329],[-47.917361,-25.156278],[-47.913274,-25.155821],[-47.914109,-25.159711],[-47.923244,-25.160509],[-47.944115,-25.173693],[-47.970697,-25.196472],[-47.972638,-25.19954],[-47.979237,-25.203131],[-47.994746,-25.217045],[-48.029028,-25.242766],[-48.06606,-25.277175],[-48.095047,-25.307922],[-48.098582,-25.304534],[-48.098598,-25.299809],[-48.093259,-25.293635],[-48.085761,-25.292081],[-48.082303,-25.289425],[-48.078882,-25.277473],[-48.059608,-25.266319],[-48.049276,-25.251707],[-48.031032,-25.239336],[-48.024987,-25.232793],[-48.024312,-25.229184],[-48.027896,-25.228695],[-48.029812,-25.226249],[-48.027499,-25.220878],[-48.031879,-25.218944],[-48.039485,-25.2187],[-48.044749,-25.221543],[-48.045301,-25.22581],[-48.047332,-25.226844],[-48.057412,-25.2185],[-48.058777,-25.221469],[-48.057395,-25.226823],[-48.060042,-25.228718],[-48.057191,-25.232743],[-48.059754,-25.238849],[-48.063444,-25.240419],[-48.075547,-25.240859],[-48.083018,-25.245428],[-48.084479,-25.24059],[-48.08984,-25.24195],[-48.093585,-25.239935],[-48.095402,-25.241512],[-48.099382,-25.241593],[-48.100749,-25.243869],[-48.107585,-25.244411],[-48.109863,-25.24881],[-48.114105,-25.25084],[-48.126469,-25.242039],[-48.126703,-25.239752],[-48.131582,-25.240414],[-48.138024,-25.233625],[-48.139842,-25.234403],[-48.151259,-25.229218],[-48.162101,-25.209476],[-48.165481,-25.208114],[-48.172556,-25.209611],[-48.177657,-25.206418],[-48.180953,-25.206395],[-48.181578,-25.210479],[-48.1866,-25.207118],[-48.183632,-25.203903],[-48.192634,-25.194485],[-48.193574,-25.190134],[-48.190169,-25.187285],[-48.186324,-25.187604],[-48.178477,-25.183484],[-48.179219,-25.179807],[-48.175474,-25.177288],[-48.17301,-25.172165],[-48.167422,-25.167006],[-48.166786,-25.163725],[-48.168809,-25.1569],[-48.166751,-25.15515],[-48.162551,-25.154971],[-48.158351,-25.150342],[-48.156469,-25.144329],[-48.161414,-25.146408],[-48.164684,-25.145701],[-48.171348,-25.142301],[-48.177201,-25.135451],[-48.18058,-25.135055],[-48.181905,-25.133266],[-48.180915,-25.129878],[-48.187867,-25.124195],[-48.190175,-25.116497],[-48.194304,-25.114418],[-48.194643,-25.106066],[-48.20532,-25.099003],[-48.203688,-25.094213],[-48.213223,-25.08311],[-48.209762,-25.079819],[-48.216175,-25.077385],[-48.213079,-25.072409],[-48.215537,-25.070696],[-48.216305,-25.066902],[-48.21219,-25.06411],[-48.211549,-25.059588],[-48.214167,-25.054538],[-48.21615,-25.042543],[-48.214785,-25.039028],[-48.211338,-25.03821],[-48.209344,-25.035982],[-48.20906,-25.028368],[-48.210605,-25.027441],[-48.215242,-25.030101],[-48.224664,-25.022745],[-48.227688,-25.023493],[-48.231539,-25.021056],[-48.231106,-25.018579],[-48.233288,-25.017952],[-48.232711,-25.015963],[-48.22322,-25.008253],[-48.22681,-25.006705],[-48.230195,-25.009261],[-48.231096,-25.007555],[-48.233888,-25.007349],[-48.227965,-25.000136],[-48.234044,-25.000645],[-48.236401,-24.997805],[-48.235223,-24.995099],[-48.242867,-24.989979],[-48.245723,-24.989721],[-48.248762,-24.984683],[-48.249688,-24.97754],[-48.251445,-24.977876],[-48.252588,-24.981628],[-48.25575,-24.98218],[-48.25877,-24.986348],[-48.257248,-24.98878],[-48.259319,-24.990765],[-48.255159,-24.996712],[-48.260076,-24.998118],[-48.264427,-24.993018],[-48.266605,-24.995094],[-48.266268,-24.996528],[-48.269875,-24.997624],[-48.270794,-25.003166],[-48.273297,-25.005493],[-48.271431,-25.011313],[-48.272459,-25.014938],[-48.276818,-25.017018],[-48.278523,-25.02018],[-48.276516,-25.028608],[-48.278667,-25.02995],[-48.278552,-25.033388],[-48.287186,-25.041019],[-48.290092,-25.038868],[-48.289397,-25.030834],[-48.292143,-25.028462],[-48.293229,-25.024192],[-48.295087,-25.023348],[-48.299538,-25.024583],[-48.296571,-25.030737],[-48.29892,-25.035563],[-48.303496,-25.034679],[-48.307949,-25.036079],[-48.30891,-25.037869],[-48.307182,-25.043395],[-48.308658,-25.04676],[-48.310918,-25.048161],[-48.314767,-25.047244],[-48.323959,-25.054383],[-48.326759,-25.050646],[-48.323271,-25.042815],[-48.323651,-25.037426],[-48.333614,-25.036136],[-48.335789,-25.040235],[-48.33791,-25.039412],[-48.337705,-25.037437],[-48.339399,-25.036061],[-48.343144,-25.037742],[-48.347246,-25.035225],[-48.349569,-25.037054],[-48.3513,-25.036579],[-48.35276,-25.033394],[-48.34938,-25.02735],[-48.35631,-25.024197],[-48.358412,-25.016454],[-48.367389,-25.014579],[-48.369303,-25.009049],[-48.374664,-25.003892],[-48.377781,-25.003207],[-48.378867,-24.996756],[-48.385448,-24.99519],[-48.391805,-24.991027],[-48.396031,-24.991094],[-48.396875,-24.988107],[-48.399895,-24.985607],[-48.404526,-24.985002],[-48.405261,-24.982611],[-48.407613,-24.98241],[-48.409196,-24.980523],[-48.4135,-24.980896],[-48.41521,-24.983487],[-48.414034,-24.987039],[-48.418749,-24.990252],[-48.425993,-24.9913],[-48.429079,-24.989929],[-48.431,-24.991633],[-48.436035,-24.990903],[-48.440847,-24.99555],[-48.444356,-24.995595],[-48.446352,-24.998464],[-48.453109,-25.001787],[-48.455325,-25.005262],[-48.463989,-25.005258],[-48.464947,-25.010634],[-48.474256,-25.01349],[-48.476813,-25.026209],[-48.480068,-25.030434],[-48.478263,-25.034358],[-48.481386,-25.039265],[-48.485726,-25.039861],[-48.48714,-25.042984],[-48.487647,-25.045793],[-48.483398,-25.050946],[-48.484124,-25.053544],[-48.488304,-25.051955],[-48.491548,-25.053016],[-48.495167,-25.05825],[-48.499648,-25.059389],[-48.504365,-25.065811],[-48.508697,-25.068574],[-48.509213,-25.070642],[-48.507495,-25.07297],[-48.511408,-25.077316],[-48.512988,-25.083998],[-48.521814,-25.084143],[-48.521004,-25.086616],[-48.523301,-25.089588],[-48.52106,-25.091545],[-48.527799,-25.095071],[-48.526927,-25.098215],[-48.528551,-25.100355],[-48.545097,-25.0947],[-48.556567,-25.085293],[-48.556525,-25.082223],[-48.560483,-25.075619],[-48.55802,-25.072931],[-48.55925,-25.070303],[-48.557665,-25.068166],[-48.559296,-25.065071],[-48.557646,-25.062997],[-48.559227,-25.060558],[-48.5657,-25.058117],[-48.567159,-25.054592],[-48.569401,-25.054148],[-48.568905,-25.050858],[-48.574016,-25.049992],[-48.574546,-25.050967],[-48.576011,-25.049841],[-48.575779,-25.051596],[-48.577958,-25.051441],[-48.579678,-25.053216],[-48.581002,-25.052921],[-48.581328,-25.050581],[-48.583208,-25.050687],[-48.580416,-25.047197],[-48.582957,-25.041947],[-48.582023,-25.041198],[-48.584175,-25.041187],[-48.584294,-25.038718],[-48.581119,-25.035092],[-48.584957,-25.031793],[-48.584807,-25.030374],[-48.589755,-25.029673],[-48.587796,-25.027813],[-48.592334,-25.027542],[-48.588036,-25.02347],[-48.58883,-25.019633],[-48.595294,-25.018618],[-48.599122,-25.019587],[-48.59708,-25.015616],[-48.600871,-25.009448],[-48.595719,-24.996424],[-48.59134,-24.996673],[-48.589437,-24.99514],[-48.590742,-24.989356],[-48.588824,-24.986419],[-48.579681,-24.986761],[-48.567511,-24.972174],[-48.568939,-24.963044],[-48.568002,-24.960473],[-48.572754,-24.953942],[-48.570254,-24.951441],[-48.563168,-24.950451],[-48.569024,-24.946913],[-48.570052,-24.94372],[-48.56287,-24.939291],[-48.567088,-24.935106],[-48.566982,-24.931277],[-48.570736,-24.931167],[-48.569567,-24.928655],[-48.572072,-24.923918],[-48.57144,-24.919728],[-48.567573,-24.919943],[-48.565178,-24.917732],[-48.56729,-24.915013],[-48.567485,-24.903721],[-48.573111,-24.902524],[-48.572529,-24.895397],[-48.565232,-24.894552],[-48.562856,-24.895801],[-48.561873,-24.900172],[-48.559808,-24.901175],[-48.556271,-24.893548],[-48.559779,-24.888806],[-48.558107,-24.883764],[-48.55524,-24.881715],[-48.548365,-24.882081],[-48.545039,-24.878371],[-48.546013,-24.877078],[-48.547098,-24.87965],[-48.550103,-24.878888],[-48.54709,-24.873538],[-48.54942,-24.867666],[-48.566946,-24.864414],[-48.564557,-24.856755],[-48.568168,-24.847765],[-48.564351,-24.837725],[-48.56452,-24.83401],[-48.562393,-24.82693],[-48.556314,-24.824216],[-48.559493,-24.820838],[-48.555726,-24.810547],[-48.556213,-24.806755],[-48.548825,-24.796742],[-48.537327,-24.790021],[-48.535316,-24.786641],[-48.530189,-24.786133],[-48.5275,-24.782936],[-48.516411,-24.780085],[-48.515652,-24.778176],[-48.518101,-24.774475],[-48.517613,-24.769455],[-48.512892,-24.764124],[-48.508656,-24.765253],[-48.506875,-24.764236],[-48.508706,-24.75803],[-48.507982,-24.751486],[-48.503053,-24.745978],[-48.504472,-24.739922],[-48.499994,-24.739527],[-48.499343,-24.738172],[-48.505412,-24.735335],[-48.51178,-24.740749],[-48.51886,-24.739144],[-48.523498,-24.736121],[-48.530187,-24.739509],[-48.532594,-24.737114],[-48.53053,-24.732004],[-48.531546,-24.730321],[-48.536928,-24.727193],[-48.543883,-24.726266],[-48.547009,-24.721265],[-48.546702,-24.718526],[-48.550984,-24.718086],[-48.552643,-24.716506],[-48.55318,-24.709755],[-48.56039,-24.71102],[-48.568967,-24.70234],[-48.568983,-24.698811],[-48.571825,-24.692869],[-48.579816,-24.685306],[-48.582184,-24.671094],[-48.585712,-24.672426],[-48.586499,-24.677457],[-48.589683,-24.680605],[-48.591891,-24.676103],[-48.596613,-24.672225],[-48.604833,-24.668708],[-48.612538,-24.671009],[-48.617113,-24.668404],[-48.624226,-24.67795],[-48.628878,-24.680536],[-48.631614,-24.679886],[-48.632747,-24.677299],[-48.63842,-24.677777],[-48.645682,-24.681981],[-48.642198,-24.686242],[-48.642153,-24.689664],[-48.658827,-24.692126],[-48.662224,-24.702993],[-48.660113,-24.70594],[-48.662022,-24.707341],[-48.669942,-24.703224],[-48.672469,-24.703762],[-48.675248,-24.702383],[-48.677379,-24.699512],[-48.676877,-24.698105],[-48.672121,-24.698341],[-48.677444,-24.69203],[-48.672927,-24.688174],[-48.675672,-24.683581],[-48.672318,-24.67967],[-48.677641,-24.675577],[-48.676203,-24.67347],[-48.679063,-24.671378],[-48.685547,-24.670937],[-48.690274,-24.668076],[-48.693848,-24.670651],[-48.694169,-24.673455],[-48.688781,-24.678105],[-48.691334,-24.684433],[-48.689365,-24.691195],[-48.691183,-24.694194],[-48.699622,-24.686055],[-48.700905,-24.681141],[-48.702532,-24.680075],[-48.707996,-24.683578],[-48.719644,-24.683358],[-48.730809,-24.687133],[-48.73539,-24.68479],[-48.741435,-24.687957],[-48.744348,-24.693373],[-48.751488,-24.695592],[-48.756189,-24.692034],[-48.753082,-24.687651],[-48.752754,-24.682831],[-48.75826,-24.680013],[-48.769544,-24.69613],[-48.774956,-24.695198],[-48.778815,-24.696714],[-48.78184,-24.688861],[-48.787701,-24.681974],[-48.79978,-24.674804],[-48.804092,-24.677107],[-48.810966,-24.675762],[-48.815658,-24.664979],[-48.81982,-24.66279],[-48.820347,-24.65853],[-48.822738,-24.656185],[-48.827488,-24.65531],[-48.830817,-24.656022],[-48.841666,-24.665603],[-48.844379,-24.664965],[-48.85077,-24.657762],[-48.856946,-24.656692],[-48.859059,-24.6587],[-48.859002,-24.661125],[-48.855661,-24.665974],[-48.847109,-24.671654],[-48.847713,-24.674299],[-48.852846,-24.675997],[-48.864301,-24.667782],[-48.869602,-24.669961],[-48.877838,-24.668437],[-48.883982,-24.670685],[-48.892893,-24.669267],[-48.909684,-24.670952],[-48.912506,-24.6734],[-48.909971,-24.678145],[-48.914827,-24.683119],[-48.923252,-24.675092],[-48.931015,-24.675741],[-48.94301,-24.672674],[-48.949532,-24.675008],[-48.953703,-24.682486],[-48.958447,-24.685483],[-48.961117,-24.684246],[-48.960971,-24.678235],[-48.963061,-24.673754],[-48.974512,-24.672234],[-48.975443,-24.668908],[-48.974417,-24.666805],[-48.977489,-24.665494],[-48.988383,-24.666103],[-48.98918,-24.657118],[-48.990971,-24.655377],[-49.001469,-24.655344],[-49.00703,-24.659749],[-49.009695,-24.659762],[-49.01049,-24.654871],[-49.006886,-24.648997],[-49.004844,-24.63829],[-48.999493,-24.637779],[-49.002337,-24.633531],[-49.008659,-24.633907],[-49.013286,-24.64066],[-49.01869,-24.642506],[-49.032405,-24.633582],[-49.040148,-24.636399],[-49.042298,-24.640102],[-49.039559,-24.643754],[-49.034824,-24.640422],[-49.032754,-24.641489],[-49.034777,-24.650214],[-49.039609,-24.653338],[-49.037089,-24.657285],[-49.038856,-24.661],[-49.045232,-24.665266],[-49.044877,-24.669924],[-49.047414,-24.675642],[-49.051825,-24.680563],[-49.061752,-24.685286],[-49.069487,-24.684363],[-49.073304,-24.674366],[-49.083122,-24.671945],[-49.08442,-24.679029],[-49.086315,-24.680267],[-49.096838,-24.681732],[-49.101213,-24.675451],[-49.104668,-24.67425],[-49.108338,-24.675916],[-49.108934,-24.686105],[-49.111459,-24.688007],[-49.118454,-24.6857],[-49.121896,-24.682285],[-49.125826,-24.683904],[-49.131002,-24.681418],[-49.133833,-24.676064],[-49.136127,-24.674991],[-49.148023,-24.675086],[-49.154214,-24.671618],[-49.159032,-24.672273],[-49.16231,-24.670938],[-49.170709,-24.675292],[-49.173879,-24.672596],[-49.181439,-24.671639],[-49.187432,-24.673229],[-49.191365,-24.677021],[-49.193843,-24.682585],[-49.205401,-24.685536],[-49.206855,-24.688444],[-49.204815,-24.696752],[-49.211281,-24.703041],[-49.216089,-24.702769],[-49.222496,-24.698827],[-49.234645,-24.699274],[-49.243954,-24.696522],[-49.256323,-24.696247],[-49.262337,-24.692283],[-49.265544,-24.693662],[-49.271585,-24.693058],[-49.273,-24.694717],[-49.275737,-24.693921],[-49.288776,-24.682916],[-49.29401,-24.675439],[-49.303706,-24.672718],[-49.30489,-24.673464],[-49.304384,-24.668936],[-49.307655,-24.666698],[-49.307711,-24.665207],[-49.311697,-24.663348],[-49.310615,-24.661332],[-49.308152,-24.66116],[-49.306652,-24.657171],[-49.302216,-24.657714],[-49.298956,-24.654443],[-49.301279,-24.652214],[-49.301323,-24.649388],[-49.303034,-24.648263],[-49.304366,-24.649159],[-49.306712,-24.646676],[-49.309972,-24.645874],[-49.306089,-24.64341],[-49.308394,-24.641362],[-49.306946,-24.63961],[-49.311047,-24.63981],[-49.313372,-24.641749],[-49.316523,-24.639419],[-49.315251,-24.637556],[-49.312378,-24.637178],[-49.313414,-24.635465],[-49.31221,-24.634329],[-49.31427,-24.632324],[-49.311787,-24.630628],[-49.309432,-24.624549],[-49.306506,-24.621806],[-49.314461,-24.613999],[-49.311655,-24.610943],[-49.313609,-24.608526],[-49.311013,-24.604942],[-49.312819,-24.603921],[-49.311155,-24.602639],[-49.308008,-24.603857],[-49.309282,-24.602097],[-49.303165,-24.596163],[-49.306534,-24.592999],[-49.316246,-24.588136],[-49.315282,-24.585738],[-49.311928,-24.58611],[-49.312921,-24.581978],[-49.310494,-24.580227],[-49.312366,-24.579082],[-49.311468,-24.574571],[-49.314076,-24.572592],[-49.313185,-24.570005],[-49.318007,-24.566575],[-49.317807,-24.56371],[-49.314224,-24.562164],[-49.315853,-24.554898],[-49.309472,-24.552937],[-49.30905,-24.55144],[-49.311317,-24.549484],[-49.308553,-24.548584],[-49.306734,-24.549954],[-49.305354,-24.54574],[-49.303531,-24.546756],[-49.3026,-24.550267],[-49.296848,-24.54964],[-49.295898,-24.551964],[-49.292398,-24.553096],[-49.292799,-24.550671],[-49.291587,-24.549998],[-49.29198,-24.547845],[-49.293207,-24.547816],[-49.290929,-24.544451],[-49.292193,-24.54314],[-49.289539,-24.542345],[-49.289175,-24.543497],[-49.285485,-24.540747],[-49.283469,-24.540853],[-49.279341,-24.536291],[-49.280179,-24.533375],[-49.283263,-24.533716],[-49.284323,-24.5296],[-49.285971,-24.530231],[-49.285464,-24.529008],[-49.288653,-24.526754],[-49.286857,-24.525549],[-49.286491,-24.522853],[-49.288066,-24.522649],[-49.285647,-24.518196],[-49.286913,-24.517191],[-49.286762,-24.512709],[-49.289536,-24.513551],[-49.28947,-24.509455],[-49.294621,-24.505934],[-49.296386,-24.500845],[-49.295139,-24.49927],[-49.290548,-24.499159],[-49.290344,-24.49757],[-49.286284,-24.495967],[-49.285246,-24.493985],[-49.281584,-24.495345],[-49.272109,-24.491894],[-49.269942,-24.49267],[-49.27168,-24.489549],[-49.270071,-24.484738],[-49.27175,-24.482584],[-49.270615,-24.480816],[-49.268539,-24.481274],[-49.268653,-24.47971],[-49.265645,-24.479659],[-49.263764,-24.473495],[-49.259139,-24.472294],[-49.253968,-24.473561],[-49.253045,-24.471691],[-49.254192,-24.470068],[-49.249131,-24.471499],[-49.246775,-24.469018],[-49.248941,-24.463962],[-49.244666,-24.464887],[-49.245199,-24.457868],[-49.251144,-24.457244],[-49.253644,-24.455304],[-49.251335,-24.451524],[-49.25444,-24.450012],[-49.250137,-24.44495],[-49.252116,-24.443282],[-49.253495,-24.43463],[-49.249639,-24.431141],[-49.248067,-24.431583],[-49.246551,-24.427726],[-49.241853,-24.423962],[-49.240593,-24.419153],[-49.234871,-24.410167],[-49.237779,-24.404221],[-49.241421,-24.401612],[-49.243718,-24.401534],[-49.247179,-24.406133],[-49.250457,-24.406887],[-49.254584,-24.406647],[-49.254087,-24.403155],[-49.251698,-24.402625],[-49.247493,-24.39239],[-49.23904,-24.384129],[-49.237508,-24.379437],[-49.231643,-24.375308],[-49.224586,-24.364197],[-49.21437,-24.354224],[-49.209128,-24.35279],[-49.207115,-24.348746],[-49.200725,-24.344353],[-49.204178,-24.341164],[-49.203667,-24.338902],[-49.205928,-24.33791],[-49.209027,-24.338824],[-49.210051,-24.337799],[-49.211883,-24.339605],[-49.224769,-24.340044],[-49.228309,-24.335009],[-49.227744,-24.333069],[-49.231028,-24.332153],[-49.233039,-24.329579],[-49.245154,-24.332178],[-49.246091,-24.3303],[-49.249833,-24.33106],[-49.251089,-24.327686],[-49.249432,-24.324974],[-49.25019,-24.319615],[-49.256002,-24.316309],[-49.257645,-24.317234],[-49.262502,-24.310606],[-49.264188,-24.311408],[-49.270352,-24.30653],[-49.273012,-24.308463],[-49.27472,-24.304988],[-49.277996,-24.306296],[-49.279297,-24.305464],[-49.281241,-24.309615],[-49.283023,-24.308734],[-49.284162,-24.307454],[-49.282173,-24.305753],[-49.285822,-24.304684],[-49.287144,-24.298051],[-49.290145,-24.296965],[-49.290902,-24.293296],[-49.288801,-24.292513],[-49.288924,-24.291194],[-49.291217,-24.291087],[-49.293381,-24.288472],[-49.295159,-24.290194],[-49.296874,-24.289846],[-49.299367,-24.286072],[-49.296414,-24.28734],[-49.295132,-24.285026],[-49.297897,-24.283282],[-49.297972,-24.278725],[-49.301596,-24.275298],[-49.299121,-24.271411],[-49.298757,-24.266912],[-49.301647,-24.265361],[-49.300942,-24.262693],[-49.302954,-24.262133],[-49.302842,-24.258691],[-49.307625,-24.260122],[-49.309178,-24.258931],[-49.306372,-24.256821],[-49.304793,-24.251634],[-49.307672,-24.250535],[-49.307984,-24.248315],[-49.311236,-24.246498],[-49.312514,-24.242337],[-49.314905,-24.243973],[-49.319599,-24.243378],[-49.318898,-24.238817],[-49.321522,-24.238313],[-49.320998,-24.235204],[-49.327627,-24.233955],[-49.334408,-24.230666],[-49.334697,-24.228392],[-49.337187,-24.226652],[-49.352859,-24.218256],[-49.349172,-24.217997],[-49.32974,-24.227959],[-49.323917,-24.226807],[-49.315515,-24.229611],[-49.308395,-24.228104],[-49.300895,-24.233125],[-49.295079,-24.230084],[-49.291273,-24.23098],[-49.286166,-24.247345],[-49.289732,-24.25511],[-49.283811,-24.261448],[-49.284841,-24.264012],[-49.290971,-24.267293],[-49.290161,-24.274059],[-49.270104,-24.295453],[-49.265209,-24.297517],[-49.25955,-24.296074],[-49.250727,-24.296898],[-49.246309,-24.2951],[-49.23989,-24.295213],[-49.23346,-24.292101],[-49.229191,-24.292094],[-49.223558,-24.294994],[-49.218055,-24.302387],[-49.21045,-24.302261],[-49.198488,-24.294364],[-49.186573,-24.28135],[-49.183617,-24.281268],[-49.171486,-24.287082],[-49.157604,-24.276418],[-49.150823,-24.27695],[-49.147678,-24.275557],[-49.14639,-24.273104],[-49.147554,-24.260199],[-49.136623,-24.246928],[-49.132814,-24.240039],[-49.129641,-24.238842],[-49.124553,-24.241687],[-49.11888,-24.240968],[-49.111542,-24.234589],[-49.104275,-24.223759],[-49.09628,-24.219118],[-49.076725,-24.197482],[-49.077395,-24.189643],[-49.07407,-24.172849],[-49.071291,-24.171619],[-49.068874,-24.172321],[-49.066764,-24.180367],[-49.061872,-24.181466],[-49.054007,-24.175495],[-49.035593,-24.156727],[-49.016793,-24.143845],[-49.012193,-24.143932],[-49.010134,-24.146846],[-49.011235,-24.149615],[-49.023543,-24.160919],[-49.052629,-24.195539],[-49.054913,-24.204193],[-49.055375,-24.219837],[-49.05341,-24.227016],[-49.050768,-24.228101],[-49.047967,-24.227076],[-49.029568,-24.188867],[-49.023209,-24.18176],[-48.986933,-24.151644],[-48.986591,-24.146258],[-48.992615,-24.143357],[-48.994035,-24.139736],[-48.990304,-24.130838],[-48.986985,-24.12938],[-48.97815,-24.133917],[-48.973571,-24.133025],[-48.96133,-24.114794],[-48.961479,-24.111056],[-48.965801,-24.107599],[-48.968954,-24.101556],[-48.967037,-24.094747],[-48.969466,-24.085465],[-48.96487,-24.079865],[-48.966184,-24.074322],[-48.964324,-24.071306],[-48.961366,-24.070939],[-48.950419,-24.075217],[-48.94488,-24.087928],[-48.946091,-24.095961],[-48.943547,-24.097747],[-48.938802,-24.09798],[-48.935931,-24.100314],[-48.935053,-24.103797],[-48.938786,-24.118079],[-48.938572,-24.128041],[-48.939904,-24.132417],[-48.938117,-24.140341],[-48.934801,-24.14177],[-48.929544,-24.14096],[-48.920631,-24.143952],[-48.917502,-24.14213],[-48.914868,-24.137545],[-48.90593,-24.134576],[-48.904066,-24.129755],[-48.909632,-24.124457],[-48.91304,-24.103586],[-48.91055,-24.100602],[-48.903505,-24.101938],[-48.900116,-24.099183],[-48.903177,-24.076987],[-48.895462,-24.065396],[-48.894791,-24.061313],[-48.897781,-24.056655],[-48.904507,-24.054455],[-48.907314,-24.050539],[-48.905546,-24.045209],[-48.901722,-24.04168],[-48.897866,-24.033546],[-48.90235,-24.029292],[-48.911895,-24.029462],[-48.91892,-24.023365],[-48.921915,-24.01382],[-48.927034,-24.011997],[-48.933995,-24.013746],[-48.937222,-24.008508],[-48.942103,-24.004937],[-48.941868,-24.000778],[-48.939318,-23.997714],[-48.924898,-23.993681],[-48.920442,-23.987126],[-48.919828,-23.9806],[-48.923414,-23.977268],[-48.933403,-23.974834],[-48.943605,-23.977689],[-48.949429,-23.97682],[-48.951584,-23.974152],[-48.952853,-23.967604],[-48.960325,-23.961131],[-48.960456,-23.954053],[-48.967329,-23.94753],[-48.96984,-23.936747],[-48.976511,-23.924825],[-48.985152,-23.917201],[-48.988321,-23.908067],[-48.978653,-23.90242],[-48.980515,-23.891604],[-48.97265,-23.883383],[-48.956533,-23.880222],[-48.940663,-23.886752],[-48.936527,-23.892915],[-48.92909,-23.898856],[-48.914164,-23.905301],[-48.90994,-23.910747],[-48.909532,-23.916525],[-48.906021,-23.921277],[-48.893602,-23.923633],[-48.890561,-23.935839],[-48.886257,-23.941066],[-48.843589,-23.959223],[-48.83982,-23.96722],[-48.834016,-23.972284],[-48.831988,-23.978158],[-48.823918,-23.979134],[-48.813271,-23.98845],[-48.814042,-23.992569],[-48.824133,-23.995331],[-48.825636,-23.999651],[-48.799721,-24.021978],[-48.796659,-24.032265],[-48.78982,-24.03368],[-48.788015,-24.035316],[-48.787401,-24.039486],[-48.791408,-24.044195],[-48.791041,-24.049679],[-48.787297,-24.0581],[-48.78301,-24.061057],[-48.780266,-24.067111],[-48.781668,-24.069939],[-48.786384,-24.072255],[-48.787148,-24.075029],[-48.778702,-24.081374],[-48.777901,-24.089766],[-48.780237,-24.096407],[-48.786471,-24.100907],[-48.792893,-24.104598],[-48.801629,-24.104169],[-48.810373,-24.108157],[-48.815285,-24.115479],[-48.82708,-24.122542],[-48.826897,-24.125414],[-48.823441,-24.128297],[-48.818255,-24.137562],[-48.819112,-24.140347],[-48.825329,-24.14409],[-48.82453,-24.150697],[-48.826178,-24.161006],[-48.81878,-24.168899],[-48.814767,-24.168944],[-48.812673,-24.167275],[-48.811822,-24.161315],[-48.813634,-24.155852],[-48.807698,-24.148981],[-48.807633,-24.143971],[-48.804935,-24.139812],[-48.800977,-24.13912],[-48.79208,-24.141987],[-48.788463,-24.137522],[-48.779468,-24.131757],[-48.772204,-24.13128],[-48.769327,-24.129142],[-48.769941,-24.122879],[-48.767765,-24.116817],[-48.763848,-24.112112],[-48.762603,-24.102381],[-48.765702,-24.097414],[-48.76601,-24.091269],[-48.768933,-24.087612],[-48.769022,-24.085029],[-48.766016,-24.080861],[-48.765061,-24.076098],[-48.759134,-24.067794],[-48.757019,-24.058532],[-48.753055,-24.057598],[-48.746538,-24.061483],[-48.743157,-24.059797],[-48.741752,-24.057287],[-48.74254,-24.054933],[-48.751956,-24.04563],[-48.75075,-24.042077],[-48.746046,-24.039197],[-48.745075,-24.033889],[-48.746988,-24.032054],[-48.753665,-24.030285],[-48.753992,-24.025255],[-48.756986,-24.021239],[-48.757192,-24.017048],[-48.760817,-24.013789],[-48.761362,-24.011047],[-48.758175,-24.003487],[-48.747177,-23.996845],[-48.735547,-23.98616],[-48.72766,-23.98436],[-48.719555,-23.98534],[-48.700236,-23.984378],[-48.692849,-23.989549],[-48.685664,-23.999799],[-48.678927,-24.004245],[-48.674956,-24.011889],[-48.667394,-24.019315],[-48.664778,-24.023927],[-48.664414,-24.031285],[-48.650524,-24.042114],[-48.649986,-24.049487],[-48.645638,-24.052599],[-48.638367,-24.061792],[-48.638377,-24.064397],[-48.647781,-24.082185],[-48.644585,-24.092734],[-48.640811,-24.096606],[-48.637255,-24.097542],[-48.628737,-24.095515],[-48.623963,-24.089225],[-48.62001,-24.072485],[-48.617077,-24.066717],[-48.608017,-24.06123],[-48.600391,-24.060658],[-48.588809,-24.047719],[-48.581583,-24.028126],[-48.576801,-24.022937],[-48.562458,-24.020613],[-48.559349,-24.023058],[-48.550597,-24.037123],[-48.545997,-24.039145],[-48.542144,-24.035291],[-48.538335,-24.018167],[-48.52759,-24.011965],[-48.52085,-24.011149],[-48.506224,-24.013934],[-48.497361,-24.00819],[-48.492225,-24.009985],[-48.489015,-24.015395],[-48.484998,-24.016563],[-48.47756,-24.011922],[-48.471168,-24.005636],[-48.466563,-24.004371],[-48.464384,-24.002187],[-48.465275,-23.9971],[-48.470882,-23.99367],[-48.470497,-23.98765],[-48.473456,-23.981316],[-48.473178,-23.978389],[-48.464515,-23.965656],[-48.462293,-23.959767],[-48.462957,-23.957293],[-48.467417,-23.954867],[-48.470122,-23.950625],[-48.469808,-23.945507],[-48.467123,-23.93987],[-48.467677,-23.936506],[-48.477845,-23.929488],[-48.479492,-23.921452],[-48.483153,-23.915935],[-48.490545,-23.909292],[-48.496611,-23.905963],[-48.499533,-23.898902],[-48.508984,-23.893357],[-48.512823,-23.887445],[-48.522085,-23.882526],[-48.526497,-23.881841],[-48.536155,-23.875305],[-48.54858,-23.869963],[-48.556691,-23.860365],[-48.567373,-23.856711],[-48.574463,-23.861721],[-48.578636,-23.861796],[-48.587608,-23.85763],[-48.597749,-23.846123],[-48.61215,-23.841717],[-48.624392,-23.835421],[-48.630158,-23.836648],[-48.634212,-23.835462],[-48.640448,-23.827423],[-48.641117,-23.816352],[-48.642427,-23.81437],[-48.662093,-23.806145],[-48.677803,-23.803623],[-48.692886,-23.791615],[-48.696965,-23.792814],[-48.69759,-23.79984],[-48.702058,-23.80198],[-48.710214,-23.801347],[-48.71683,-23.797157],[-48.730495,-23.792808],[-48.745323,-23.798757],[-48.751367,-23.795832],[-48.754777,-23.790594],[-48.753651,-23.782703],[-48.756122,-23.778385],[-48.765706,-23.776816],[-48.77595,-23.778229],[-48.783092,-23.784452],[-48.786135,-23.785201],[-48.789105,-23.782901],[-48.789571,-23.776162],[-48.794809,-23.772134],[-48.79938,-23.77463],[-48.806497,-23.782165],[-48.810726,-23.783727],[-48.813978,-23.78269],[-48.816946,-23.777381],[-48.825406,-23.776089],[-48.827311,-23.777898],[-48.82989,-23.787634],[-48.836663,-23.789803],[-48.843647,-23.78376],[-48.851713,-23.779954],[-48.860505,-23.783628],[-48.863343,-23.783358],[-48.879366,-23.774639],[-48.883396,-23.765319],[-48.892301,-23.764242],[-48.91278,-23.753859],[-48.91419,-23.750801],[-48.911379,-23.742847],[-48.916283,-23.734427],[-48.914115,-23.729875],[-48.907541,-23.728827],[-48.897261,-23.730744],[-48.886335,-23.740369],[-48.879389,-23.73917],[-48.876384,-23.73534],[-48.880751,-23.724611],[-48.889685,-23.717503],[-48.898309,-23.705177],[-48.897612,-23.702286],[-48.89311,-23.69899],[-48.893943,-23.693158],[-48.889729,-23.685619],[-48.877194,-23.682684],[-48.869899,-23.68649],[-48.85763,-23.679158],[-48.850197,-23.682547],[-48.843589,-23.680288],[-48.838207,-23.681625],[-48.8337,-23.68106],[-48.825494,-23.684672],[-48.817892,-23.678537],[-48.816664,-23.670889],[-48.81414,-23.667574],[-48.811759,-23.666527],[-48.803576,-23.667252],[-48.795077,-23.659376],[-48.790975,-23.657816],[-48.775516,-23.655945],[-48.763818,-23.661851],[-48.757903,-23.662229],[-48.751928,-23.665574],[-48.744088,-23.665164],[-48.738949,-23.662423],[-48.730954,-23.664797],[-48.72147,-23.662061],[-48.71789,-23.65604],[-48.702938,-23.64752],[-48.700685,-23.644299],[-48.701004,-23.63986],[-48.703855,-23.638066],[-48.707154,-23.638412],[-48.713479,-23.642139],[-48.716908,-23.641439],[-48.718251,-23.638435],[-48.715931,-23.632997],[-48.69609,-23.625827],[-48.689053,-23.626341],[-48.682856,-23.629706],[-48.679755,-23.629535],[-48.674315,-23.625804],[-48.671492,-23.620728],[-48.659332,-23.609655],[-48.646495,-23.605179],[-48.635492,-23.598635],[-48.627882,-23.590455],[-48.623457,-23.589218],[-48.620206,-23.591054],[-48.619437,-23.594937],[-48.616282,-23.599341],[-48.611729,-23.621464],[-48.606527,-23.628616],[-48.607102,-23.637767],[-48.603753,-23.639125],[-48.597017,-23.636497],[-48.587404,-23.636356],[-48.573228,-23.648611],[-48.569343,-23.645825],[-48.569328,-23.634928],[-48.580096,-23.625968],[-48.593655,-23.620727],[-48.594002,-23.616093],[-48.590311,-23.613199],[-48.579877,-23.611578],[-48.567724,-23.615954],[-48.562716,-23.620524],[-48.56125,-23.630519],[-48.550952,-23.632193],[-48.543688,-23.635954],[-48.542095,-23.63809],[-48.542968,-23.642417],[-48.541873,-23.644846],[-48.529155,-23.64965],[-48.524644,-23.647486],[-48.518128,-23.637813],[-48.516787,-23.633225],[-48.51203,-23.630839],[-48.507888,-23.625585],[-48.500554,-23.624302],[-48.494587,-23.628316],[-48.490105,-23.626676],[-48.488573,-23.620039],[-48.484869,-23.615942],[-48.4853,-23.610433],[-48.481873,-23.607346],[-48.480905,-23.602924],[-48.476617,-23.597578],[-48.47319,-23.5972],[-48.46557,-23.600469],[-48.449895,-23.599419],[-48.445883,-23.604227],[-48.445709,-23.610542],[-48.459161,-23.617314],[-48.46099,-23.620891],[-48.453414,-23.632724],[-48.452406,-23.636709],[-48.449042,-23.639749],[-48.448702,-23.6493],[-48.445307,-23.65228],[-48.44426,-23.656383],[-48.441263,-23.659772],[-48.440769,-23.665789],[-48.442941,-23.673272],[-48.439092,-23.675891],[-48.428847,-23.674253],[-48.424414,-23.676138],[-48.419805,-23.675253],[-48.412819,-23.676743],[-48.402924,-23.672601],[-48.39149,-23.663644],[-48.383602,-23.6528],[-48.3792,-23.639879],[-48.375593,-23.635432],[-48.365878,-23.633984],[-48.361843,-23.630152],[-48.353066,-23.626784],[-48.346087,-23.627055],[-48.337904,-23.634234],[-48.331875,-23.634411],[-48.329007,-23.635982],[-48.328567,-23.640303],[-48.333186,-23.649613],[-48.330399,-23.653386],[-48.321397,-23.651011],[-48.314359,-23.653352],[-48.303667,-23.645942],[-48.292646,-23.64251],[-48.286674,-23.639246],[-48.284755,-23.636032],[-48.285559,-23.625098],[-48.284119,-23.621847],[-48.278717,-23.619505],[-48.27271,-23.619313],[-48.270674,-23.61767],[-48.271119,-23.603127],[-48.260783,-23.600465],[-48.255645,-23.594668],[-48.252093,-23.593946],[-48.245348,-23.597344],[-48.235257,-23.610905],[-48.234672,-23.613179],[-48.236845,-23.6184],[-48.233898,-23.621364],[-48.229003,-23.621411],[-48.226978,-23.620097],[-48.225197,-23.610184],[-48.219726,-23.602165],[-48.216408,-23.602011],[-48.210067,-23.605462],[-48.202661,-23.602997],[-48.1989,-23.603794],[-48.195352,-23.608978],[-48.190198,-23.611445],[-48.185018,-23.625275],[-48.177454,-23.634605],[-48.168021,-23.635057],[-48.162002,-23.639002],[-48.147089,-23.639283],[-48.144691,-23.643834],[-48.145153,-23.652508],[-48.136228,-23.660075],[-48.130441,-23.662025],[-48.128231,-23.66783],[-48.123938,-23.672372],[-48.120405,-23.672987],[-48.112465,-23.66849],[-48.108989,-23.669492],[-48.107973,-23.672367],[-48.109276,-23.681738],[-48.107805,-23.688063],[-48.104339,-23.690054],[-48.091629,-23.690168],[-48.08754,-23.694543],[-48.087959,-23.699711],[-48.091864,-23.702054],[-48.098074,-23.701127],[-48.105215,-23.703886],[-48.112821,-23.702512],[-48.120076,-23.705195],[-48.126199,-23.709402],[-48.133059,-23.709558],[-48.136408,-23.714806],[-48.140719,-23.717546],[-48.141356,-23.72009],[-48.132181,-23.728215],[-48.12749,-23.729908],[-48.116629,-23.730198],[-48.112121,-23.733599],[-48.102961,-23.736278],[-48.101186,-23.738615],[-48.100915,-23.743579],[-48.098553,-23.745342],[-48.094971,-23.744541],[-48.092171,-23.740498],[-48.085174,-23.735305],[-48.076295,-23.730722],[-48.071108,-23.729613],[-48.066134,-23.724906],[-48.056842,-23.722343],[-48.048886,-23.722492],[-48.040441,-23.711608],[-48.034394,-23.710718],[-48.024139,-23.712961],[-48.011926,-23.710382],[-48.005046,-23.705371],[-48.000376,-23.706709],[-47.995209,-23.721825],[-47.982032,-23.736134],[-47.978354,-23.744375],[-47.975295,-23.74571],[-47.97222,-23.744158],[-47.970008,-23.739719],[-47.969028,-23.734733],[-47.970519,-23.723456],[-47.96739,-23.716113],[-47.965083,-23.714628],[-47.961601,-23.7155],[-47.958828,-23.722572],[-47.956453,-23.724294],[-47.946904,-23.722881],[-47.94178,-23.720331],[-47.929211,-23.723603],[-47.919112,-23.722011],[-47.914341,-23.722822],[-47.906631,-23.728364],[-47.897218,-23.723995],[-47.884914,-23.713966],[-47.876677,-23.713315],[-47.875846,-23.707622],[-47.878153,-23.700487],[-47.872866,-23.696601],[-47.86845,-23.698014],[-47.862865,-23.703586],[-47.843958,-23.712721],[-47.83276,-23.713679],[-47.825995,-23.710466],[-47.827837,-23.697964],[-47.834363,-23.684019],[-47.835156,-23.672231],[-47.84072,-23.668389],[-47.846176,-23.667852],[-47.851572,-23.664379],[-47.857414,-23.652934],[-47.857305,-23.649673],[-47.855335,-23.647384],[-47.84207,-23.641344],[-47.841024,-23.634696],[-47.846304,-23.631416],[-47.85771,-23.629159],[-47.867534,-23.62411],[-47.882453,-23.611233],[-47.883653,-23.606096],[-47.886077,-23.604027],[-47.896959,-23.60343],[-47.905149,-23.611581],[-47.911547,-23.610196],[-47.916865,-23.613865],[-47.924807,-23.613589],[-47.932264,-23.617097],[-47.936729,-23.616914],[-47.941454,-23.619181],[-47.946167,-23.618653],[-47.950933,-23.622512],[-47.957034,-23.622042],[-47.965228,-23.625616],[-47.969925,-23.626036],[-47.974508,-23.629525],[-47.982665,-23.630165],[-47.99081,-23.635583],[-48.001768,-23.634905],[-48.011138,-23.637742],[-48.016003,-23.642623],[-48.019783,-23.648791],[-48.021274,-23.655631],[-48.024105,-23.658041],[-48.028122,-23.657677],[-48.037178,-23.64775],[-48.037753,-23.643107],[-48.035893,-23.634487],[-48.029691,-23.629451],[-48.026649,-23.624344],[-48.02146,-23.62153],[-48.015443,-23.621048],[-48.007568,-23.616201],[-48.000189,-23.615741],[-47.991624,-23.600195],[-47.982195,-23.591909],[-47.977683,-23.591232],[-47.971737,-23.594899],[-47.967985,-23.592729],[-47.966857,-23.566092],[-47.948804,-23.544835],[-47.951718,-23.539307],[-47.963849,-23.527045],[-47.964524,-23.522268],[-47.961028,-23.504293],[-47.965044,-23.498005],[-47.965612,-23.492533],[-47.968326,-23.490199],[-47.97151,-23.490586],[-47.976151,-23.494638],[-47.990828,-23.490964],[-47.998067,-23.49316],[-48.000775,-23.491568],[-48.003151,-23.485442],[-48.009796,-23.484805],[-48.016076,-23.487466],[-48.02261,-23.488179],[-48.027145,-23.493752],[-48.031439,-23.494819],[-48.041541,-23.488399],[-48.04658,-23.487146],[-48.052096,-23.478686],[-48.061176,-23.474078],[-48.066862,-23.466922],[-48.073114,-23.463893],[-48.075867,-23.463838],[-48.081353,-23.466774],[-48.090233,-23.46475],[-48.094254,-23.461619],[-48.100211,-23.460978],[-48.106242,-23.464891],[-48.10959,-23.465436],[-48.112401,-23.463749],[-48.112643,-23.458807],[-48.114956,-23.456206],[-48.123664,-23.458339],[-48.12911,-23.457197],[-48.141445,-23.463624],[-48.150918,-23.465146],[-48.157018,-23.470486],[-48.178142,-23.472367],[-48.180643,-23.477615],[-48.186458,-23.483273],[-48.185865,-23.489943],[-48.191141,-23.500181],[-48.204813,-23.507174],[-48.214901,-23.507686],[-48.218248,-23.512377],[-48.230554,-23.520284],[-48.239792,-23.53041],[-48.246127,-23.534072],[-48.256779,-23.533538],[-48.261692,-23.538817],[-48.26663,-23.540699],[-48.284201,-23.537991],[-48.290364,-23.540942],[-48.308727,-23.545284],[-48.313801,-23.549317],[-48.316705,-23.548538],[-48.320309,-23.54404],[-48.325789,-23.543311],[-48.329974,-23.544669],[-48.334575,-23.55001],[-48.337985,-23.551203],[-48.340798,-23.550679],[-48.345155,-23.547076],[-48.353176,-23.54709],[-48.356888,-23.543493],[-48.362173,-23.54154],[-48.375841,-23.54229],[-48.381684,-23.547609],[-48.398838,-23.545353],[-48.401211,-23.547069],[-48.402574,-23.550924],[-48.405154,-23.552162],[-48.408054,-23.551255],[-48.411493,-23.546967],[-48.414365,-23.546403],[-48.417536,-23.548638],[-48.41872,-23.554348],[-48.422439,-23.555778],[-48.432767,-23.548721],[-48.444585,-23.550369],[-48.451411,-23.541424],[-48.460857,-23.544501],[-48.466025,-23.537198],[-48.485815,-23.534769],[-48.488284,-23.5331],[-48.488284,-23.529595],[-48.483624,-23.525391],[-48.485693,-23.51747],[-48.481917,-23.511988],[-48.477791,-23.509098],[-48.475784,-23.504398],[-48.476658,-23.500863],[-48.483285,-23.497085],[-48.484009,-23.487878],[-48.488841,-23.48222],[-48.488114,-23.479488],[-48.481467,-23.473415],[-48.479538,-23.467762],[-48.483761,-23.461632],[-48.48629,-23.460662],[-48.491672,-23.462075],[-48.500342,-23.46166],[-48.507222,-23.45002],[-48.510123,-23.44876],[-48.512772,-23.449739],[-48.515397,-23.455556],[-48.519015,-23.457816],[-48.535505,-23.462388],[-48.539052,-23.461727],[-48.544635,-23.456995],[-48.543136,-23.449564],[-48.539911,-23.445141],[-48.542113,-23.440117],[-48.542274,-23.434486],[-48.550588,-23.426276],[-48.559708,-23.429859],[-48.574064,-23.446692],[-48.579921,-23.447529],[-48.583623,-23.446569],[-48.585465,-23.444142],[-48.584655,-23.434299],[-48.586727,-23.428131],[-48.585437,-23.420447],[-48.59259,-23.414093],[-48.595764,-23.404133],[-48.598913,-23.399727],[-48.603706,-23.397217],[-48.626082,-23.404533],[-48.634476,-23.401547],[-48.642197,-23.406878],[-48.649042,-23.408198],[-48.652296,-23.414271],[-48.656984,-23.416425],[-48.666461,-23.417678],[-48.67221,-23.411091],[-48.67856,-23.409529],[-48.687653,-23.412569],[-48.696058,-23.419992],[-48.7022,-23.420812],[-48.706808,-23.418839],[-48.71385,-23.420257],[-48.719841,-23.418954],[-48.733583,-23.419436],[-48.743748,-23.426138],[-48.757858,-23.425657],[-48.768237,-23.429809],[-48.781004,-23.432073],[-48.784786,-23.434361],[-48.79448,-23.434447],[-48.802993,-23.437581],[-48.8139,-23.436048],[-48.822032,-23.439166],[-48.824187,-23.447871],[-48.816344,-23.452066],[-48.811946,-23.463439],[-48.812199,-23.466007],[-48.828016,-23.473915],[-48.831127,-23.481691],[-48.830974,-23.492184],[-48.83305,-23.495443],[-48.836896,-23.497677],[-48.852619,-23.500701],[-48.85624,-23.503676],[-48.857123,-23.506498],[-48.854808,-23.514254],[-48.84608,-23.51942],[-48.834544,-23.534456],[-48.820152,-23.542714],[-48.819658,-23.545583],[-48.822212,-23.549058],[-48.827644,-23.550749],[-48.84674,-23.54644],[-48.85783,-23.536296],[-48.873462,-23.526651],[-48.874483,-23.523728],[-48.873066,-23.518972],[-48.87691,-23.512647],[-48.874619,-23.502305],[-48.872999,-23.499689],[-48.863018,-23.492955],[-48.859355,-23.486775],[-48.863037,-23.478558],[-48.863296,-23.473169],[-48.867318,-23.469989],[-48.87386,-23.46757],[-48.877578,-23.461826],[-48.900638,-23.457847],[-48.910607,-23.451606],[-48.919255,-23.449763],[-48.920169,-23.445047],[-48.91698,-23.437799],[-48.914866,-23.423251],[-48.917003,-23.419041],[-48.924327,-23.418393],[-48.943977,-23.426389],[-48.948581,-23.425545],[-48.949127,-23.421227],[-48.944021,-23.414991],[-48.938735,-23.412106],[-48.936269,-23.407657],[-48.937556,-23.405296],[-48.947509,-23.398212],[-48.948299,-23.395157],[-48.942258,-23.380916],[-48.939517,-23.379161],[-48.936626,-23.379847],[-48.924391,-23.389216],[-48.916837,-23.391832],[-48.913807,-23.391136],[-48.909662,-23.38579],[-48.905297,-23.374908],[-48.902004,-23.374303],[-48.898196,-23.377378],[-48.894791,-23.377558],[-48.89129,-23.372641],[-48.888737,-23.363707],[-48.885056,-23.36272],[-48.878346,-23.366581],[-48.871553,-23.361958],[-48.870416,-23.35965],[-48.871892,-23.352892],[-48.869021,-23.350023],[-48.855317,-23.350935],[-48.846833,-23.358082],[-48.841111,-23.356338],[-48.835812,-23.357007],[-48.829969,-23.36547],[-48.825103,-23.369463],[-48.821675,-23.369448],[-48.818639,-23.363567],[-48.819749,-23.356064],[-48.811451,-23.34859],[-48.809548,-23.342561],[-48.801191,-23.338876],[-48.796364,-23.339598],[-48.794263,-23.341322],[-48.793031,-23.352199],[-48.789477,-23.358669],[-48.777998,-23.363557],[-48.771205,-23.369596],[-48.764499,-23.369899],[-48.751849,-23.361987],[-48.749721,-23.352266],[-48.751605,-23.337713],[-48.750045,-23.333798],[-48.74379,-23.328874],[-48.727144,-23.328629],[-48.719362,-23.324415],[-48.714191,-23.327811],[-48.713315,-23.330286],[-48.719384,-23.343138],[-48.716784,-23.347459],[-48.713073,-23.349355],[-48.707462,-23.35015],[-48.698778,-23.347212],[-48.687925,-23.356214],[-48.680567,-23.357221],[-48.674154,-23.353359],[-48.672366,-23.345856],[-48.666199,-23.340271],[-48.65661,-23.335986],[-48.646258,-23.337891],[-48.634981,-23.343477],[-48.627513,-23.355385],[-48.58651,-23.361616],[-48.58191,-23.378861],[-48.567831,-23.386012],[-48.559607,-23.392344],[-48.553174,-23.393629],[-48.546242,-23.392426],[-48.539938,-23.39688],[-48.53305,-23.392387],[-48.528951,-23.391606],[-48.526914,-23.393047],[-48.522755,-23.40206],[-48.511658,-23.406414],[-48.508007,-23.405516],[-48.505129,-23.400011],[-48.495535,-23.396791],[-48.491202,-23.389747],[-48.477572,-23.388405],[-48.468439,-23.381775],[-48.464509,-23.381612],[-48.456914,-23.392804],[-48.451222,-23.398164],[-48.448085,-23.405325],[-48.447495,-23.416961],[-48.434804,-23.433172],[-48.431379,-23.441792],[-48.430718,-23.445603],[-48.433513,-23.459499],[-48.42966,-23.466719],[-48.430055,-23.47544],[-48.418731,-23.481806],[-48.408503,-23.47938],[-48.406507,-23.477065],[-48.407288,-23.473993],[-48.413156,-23.46927],[-48.415974,-23.461037],[-48.415539,-23.457867],[-48.413237,-23.455651],[-48.408294,-23.454797],[-48.40043,-23.459229],[-48.392556,-23.452125],[-48.378911,-23.452449],[-48.359229,-23.442352],[-48.343769,-23.442587],[-48.33363,-23.441159],[-48.32751,-23.437742],[-48.320214,-23.423816],[-48.308954,-23.41948],[-48.297518,-23.417033],[-48.286313,-23.404798],[-48.286112,-23.390049],[-48.281819,-23.381614],[-48.273173,-23.374114],[-48.27038,-23.369493],[-48.256971,-23.363438],[-48.249475,-23.342902],[-48.241905,-23.340244],[-48.237018,-23.340841],[-48.222964,-23.337803],[-48.213838,-23.338685],[-48.181298,-23.328018],[-48.179898,-23.322847],[-48.175192,-23.316655],[-48.17482,-23.298114],[-48.177126,-23.29238],[-48.17717,-23.285096],[-48.184557,-23.277811],[-48.196385,-23.274725],[-48.197843,-23.264635],[-48.204685,-23.251468],[-48.207322,-23.249827],[-48.21222,-23.249901],[-48.215885,-23.246512],[-48.222483,-23.232633],[-48.227986,-23.228753],[-48.23112,-23.219812],[-48.228454,-23.211695],[-48.222059,-23.203156],[-48.218008,-23.203029],[-48.207939,-23.210145],[-48.204014,-23.210556],[-48.20091,-23.208137],[-48.200339,-23.200281],[-48.194864,-23.196107],[-48.190846,-23.195696],[-48.182474,-23.199762],[-48.177136,-23.197868],[-48.179131,-23.170547],[-48.175929,-23.166754],[-48.168384,-23.164135],[-48.166457,-23.161413],[-48.171402,-23.139178],[-48.1693,-23.13114],[-48.17087,-23.128696],[-48.188748,-23.118989],[-48.194344,-23.118029],[-48.20476,-23.121251],[-48.208972,-23.119238],[-48.210285,-23.111226],[-48.208683,-23.105644],[-48.214317,-23.097707],[-48.214585,-23.094015],[-48.206254,-23.08706],[-48.197111,-23.084634],[-48.194839,-23.077258],[-48.195086,-23.071126],[-48.188959,-23.0679],[-48.18286,-23.066692],[-48.180373,-23.063964],[-48.176889,-23.05387],[-48.176883,-23.049002],[-48.168204,-23.040233],[-48.168831,-23.029292],[-48.171872,-23.023758],[-48.170552,-23.020616],[-48.164649,-23.018712],[-48.154409,-23.012545],[-48.13848,-23.020949],[-48.12438,-23.023975],[-48.119939,-23.02177],[-48.119344,-23.01803],[-48.122897,-23.011771],[-48.120567,-23.005648],[-48.120479,-22.997965],[-48.118552,-22.995131],[-48.114076,-22.99281],[-48.111324,-22.988523],[-48.106576,-22.986717],[-48.102165,-22.982511],[-48.10172,-22.973402],[-48.10464,-22.967336],[-48.105455,-22.959869],[-48.100744,-22.946759],[-48.096399,-22.939558],[-48.097526,-22.933935],[-48.104608,-22.930921],[-48.111534,-22.924465],[-48.112069,-22.921973],[-48.110646,-22.919801],[-48.107489,-22.919086],[-48.100433,-22.922698],[-48.093427,-22.923803],[-48.089197,-22.921156],[-48.086691,-22.913615],[-48.081375,-22.910889],[-48.078164,-22.906779],[-48.064293,-22.910006],[-48.062968,-22.913501],[-48.065205,-22.919054],[-48.070055,-22.925183],[-48.069784,-22.928605],[-48.066246,-22.930151],[-48.053811,-22.927172],[-48.050656,-22.930306],[-48.050859,-22.933389],[-48.054036,-22.938606],[-48.05934,-22.943801],[-48.060611,-22.958521],[-48.057934,-22.961986],[-48.052373,-22.960693],[-48.041233,-22.947406],[-48.038308,-22.945845],[-48.033131,-22.946792],[-48.030438,-22.951017],[-48.0276,-22.952385],[-48.019985,-22.950659],[-48.011552,-22.95369],[-48.004771,-22.950027],[-48.00394,-22.946821],[-48.007455,-22.936578],[-48.005521,-22.930628],[-48.004646,-22.920924],[-48.006408,-22.912886],[-48.004175,-22.903679],[-47.999239,-22.896835],[-47.992595,-22.891113],[-47.991995,-22.87452],[-47.989191,-22.868919],[-47.980574,-22.863033],[-47.970825,-22.862894],[-47.968403,-22.861032],[-47.969968,-22.851753],[-47.96851,-22.840152],[-47.969747,-22.836275],[-47.97179,-22.834838],[-47.977821,-22.83659],[-47.98308,-22.83557],[-47.987507,-22.828587],[-47.992883,-22.829041],[-47.997606,-22.827588],[-48.006303,-22.830551],[-48.010154,-22.829738],[-48.01252,-22.827151],[-48.015299,-22.813622],[-48.018288,-22.809186],[-48.021539,-22.808172],[-48.027254,-22.811124],[-48.032812,-22.811235],[-48.036845,-22.807946],[-48.039669,-22.801384],[-48.049192,-22.792134],[-48.060804,-22.793873],[-48.06901,-22.792223],[-48.075743,-22.795814],[-48.082603,-22.795503],[-48.090123,-22.792786],[-48.098891,-22.796129],[-48.109625,-22.797135],[-48.120678,-22.807795],[-48.138107,-22.811807],[-48.140721,-22.815332],[-48.143038,-22.825528],[-48.149306,-22.833933],[-48.151319,-22.839356],[-48.158227,-22.843885],[-48.164848,-22.842851],[-48.167547,-22.843977],[-48.169276,-22.849183],[-48.172595,-22.852738],[-48.175057,-22.863984],[-48.177872,-22.866064],[-48.18693,-22.864213],[-48.192617,-22.858484],[-48.198415,-22.856922],[-48.200272,-22.854864],[-48.199272,-22.851082],[-48.19478,-22.84842],[-48.18759,-22.838733],[-48.192429,-22.822013],[-48.202217,-22.819053],[-48.206209,-22.812855],[-48.213833,-22.811192],[-48.217685,-22.812096],[-48.220972,-22.815456],[-48.215966,-22.824357],[-48.21859,-22.832889],[-48.225295,-22.839821],[-48.227298,-22.844539],[-48.23361,-22.845303],[-48.235815,-22.847634],[-48.235401,-22.851505],[-48.231116,-22.858112],[-48.232501,-22.861735],[-48.235427,-22.864328],[-48.238156,-22.86449],[-48.240605,-22.862829],[-48.242614,-22.857695],[-48.246608,-22.856866],[-48.250419,-22.861337],[-48.255794,-22.863485],[-48.258168,-22.870973],[-48.260885,-22.871893],[-48.265139,-22.870851],[-48.266529,-22.867916],[-48.262058,-22.858163],[-48.26228,-22.854319],[-48.278851,-22.845067],[-48.284478,-22.835928],[-48.286982,-22.823484],[-48.277985,-22.815651],[-48.26991,-22.815994],[-48.267211,-22.813904],[-48.266665,-22.810074],[-48.270997,-22.804678],[-48.266211,-22.793032],[-48.266191,-22.783617],[-48.264095,-22.776534],[-48.267832,-22.763992],[-48.264634,-22.759545],[-48.258148,-22.756885],[-48.254224,-22.750213],[-48.259184,-22.745719],[-48.262037,-22.745145],[-48.26945,-22.748414],[-48.27353,-22.754549],[-48.276481,-22.755683],[-48.287744,-22.751274],[-48.289161,-22.748335],[-48.283864,-22.739571],[-48.279032,-22.735869],[-48.278841,-22.728715],[-48.274107,-22.719005],[-48.267683,-22.714602],[-48.258882,-22.712441],[-48.252128,-22.706457],[-48.248278,-22.68357],[-48.251041,-22.675268],[-48.259282,-22.668967],[-48.271423,-22.668183],[-48.280354,-22.671381],[-48.284927,-22.668429],[-48.287775,-22.663413],[-48.288485,-22.658389],[-48.292401,-22.654335],[-48.293598,-22.642458],[-48.300253,-22.634276],[-48.300488,-22.631237],[-48.283771,-22.621978],[-48.271051,-22.616751],[-48.268361,-22.617685],[-48.266028,-22.621977],[-48.25702,-22.629979],[-48.251277,-22.629812],[-48.245819,-22.631853],[-48.238937,-22.630807],[-48.228909,-22.64052],[-48.222787,-22.650609],[-48.224493,-22.676334],[-48.210887,-22.680023],[-48.207135,-22.686982],[-48.196309,-22.69413],[-48.189331,-22.692619],[-48.18785,-22.689085],[-48.20263,-22.677904],[-48.202785,-22.667088],[-48.196392,-22.652373],[-48.191027,-22.648237],[-48.183333,-22.649617],[-48.17541,-22.654668],[-48.160058,-22.653634],[-48.112778,-22.664738],[-48.106077,-22.66453],[-48.098755,-22.671251],[-48.09111,-22.673308],[-48.084609,-22.681712],[-48.07569,-22.68926],[-48.07578,-22.695909],[-48.083409,-22.704237],[-48.086567,-22.712305],[-48.089225,-22.713642],[-48.098238,-22.712756],[-48.105409,-22.705518],[-48.111045,-22.702073],[-48.13311,-22.698678],[-48.136348,-22.699675],[-48.137345,-22.702867],[-48.13525,-22.707076],[-48.136532,-22.717428],[-48.152147,-22.729135],[-48.158844,-22.742229],[-48.153974,-22.753392],[-48.156379,-22.763619],[-48.150585,-22.766834],[-48.141413,-22.76788],[-48.134666,-22.761227],[-48.117343,-22.759163],[-48.112012,-22.752453],[-48.1054,-22.747729],[-48.101626,-22.748896],[-48.097772,-22.754617],[-48.086398,-22.753327],[-48.081981,-22.750817],[-48.080175,-22.746072],[-48.076483,-22.742998],[-48.055437,-22.73855],[-48.049076,-22.734269],[-48.046539,-22.735048],[-48.042039,-22.740234],[-48.035823,-22.738111],[-48.033282,-22.738599],[-48.030216,-22.746048],[-48.023188,-22.748861],[-48.019609,-22.747016],[-48.018815,-22.742441],[-48.015406,-22.73817],[-48.011218,-22.737476],[-48.0056,-22.747941],[-47.998127,-22.755885],[-47.982055,-22.751315],[-47.979604,-22.752376],[-47.976337,-22.756913],[-47.972307,-22.757206],[-47.966416,-22.75127],[-47.961609,-22.750208],[-47.955494,-22.757055],[-47.9549,-22.764035],[-47.9407,-22.770718],[-47.936857,-22.770565],[-47.930073,-22.767332],[-47.92808,-22.759594],[-47.924642,-22.753919],[-47.92215,-22.752584],[-47.910327,-22.751475],[-47.890183,-22.755177],[-47.880697,-22.758489],[-47.87335,-22.766582],[-47.868419,-22.767689],[-47.865765,-22.766869],[-47.862373,-22.762911],[-47.853775,-22.763815],[-47.840752,-22.75652],[-47.83886,-22.747798],[-47.832021,-22.736757],[-47.835586,-22.729308],[-47.831208,-22.721676],[-47.835252,-22.717083],[-47.849237,-22.709485],[-47.851682,-22.699538],[-47.846772,-22.690539],[-47.846249,-22.682104],[-47.84014,-22.675973],[-47.839635,-22.672211],[-47.841961,-22.668003],[-47.845707,-22.666045],[-47.851713,-22.666345],[-47.856125,-22.669013],[-47.858793,-22.668454],[-47.860439,-22.665796],[-47.860091,-22.660531],[-47.869186,-22.652595],[-47.878096,-22.651034],[-47.889525,-22.659964],[-47.902104,-22.664224],[-47.907129,-22.663264],[-47.909855,-22.664267],[-47.910644,-22.66908],[-47.907902,-22.675189],[-47.903629,-22.679554],[-47.903444,-22.68254],[-47.907044,-22.690368],[-47.914085,-22.693689],[-47.929174,-22.681451],[-47.935475,-22.679439],[-47.936467,-22.665979],[-47.938724,-22.663706],[-47.943914,-22.663832],[-47.94667,-22.665536],[-47.948864,-22.676272],[-47.952209,-22.67991],[-47.953784,-22.686211],[-47.964786,-22.687764],[-47.968372,-22.685323],[-47.974668,-22.671512],[-47.977043,-22.66956],[-47.982041,-22.67031],[-47.990756,-22.668884],[-48.003238,-22.673266],[-48.008605,-22.67242],[-48.014235,-22.674774],[-48.026955,-22.671406],[-48.032931,-22.665615],[-48.048295,-22.664598],[-48.056505,-22.657851],[-48.062679,-22.639038],[-48.058785,-22.636495],[-48.052562,-22.639754],[-48.046682,-22.639682],[-48.042453,-22.646171],[-48.03376,-22.646811],[-48.028965,-22.651926],[-48.016441,-22.654418],[-48.012307,-22.653692],[-48.007542,-22.646253],[-48.011412,-22.625336],[-48.009306,-22.609601],[-47.999833,-22.593921],[-47.985711,-22.587497],[-47.980583,-22.583352],[-47.977462,-22.583977],[-47.972872,-22.587734],[-47.969595,-22.592977],[-47.958074,-22.599975],[-47.949717,-22.597496],[-47.94298,-22.601558],[-47.936531,-22.600126],[-47.922403,-22.603275],[-47.915392,-22.603441],[-47.910355,-22.602979],[-47.902289,-22.597626],[-47.894503,-22.595839],[-47.884583,-22.59692],[-47.872801,-22.595577],[-47.865872,-22.597162],[-47.852351,-22.584149],[-47.851116,-22.576728],[-47.848254,-22.574478],[-47.839434,-22.578833],[-47.831846,-22.5801],[-47.814906,-22.575825],[-47.80217,-22.580253],[-47.793497,-22.580321],[-47.78301,-22.576661],[-47.778266,-22.573514],[-47.773901,-22.572965],[-47.76567,-22.576008],[-47.761101,-22.57125],[-47.752363,-22.5663],[-47.745777,-22.558946],[-47.739152,-22.559864],[-47.725706,-22.566613],[-47.717832,-22.574249],[-47.713363,-22.572871],[-47.711069,-22.563216],[-47.710168,-22.549184],[-47.704911,-22.541348],[-47.706161,-22.536455],[-47.711274,-22.533619],[-47.712091,-22.530198],[-47.708697,-22.526682],[-47.703,-22.527243],[-47.697702,-22.525899],[-47.695234,-22.522863],[-47.699076,-22.513507],[-47.699658,-22.503274],[-47.693519,-22.488713],[-47.69451,-22.486345],[-47.698171,-22.48401],[-47.698768,-22.48127],[-47.69611,-22.478334],[-47.688837,-22.477787],[-47.686631,-22.474992],[-47.687818,-22.468125],[-47.695496,-22.466228],[-47.699291,-22.462019],[-47.699483,-22.458873],[-47.693255,-22.456268],[-47.680604,-22.461538],[-47.675419,-22.461721],[-47.673042,-22.456351],[-47.669416,-22.45274],[-47.672052,-22.447011],[-47.671133,-22.441824],[-47.668551,-22.440334],[-47.661879,-22.440432],[-47.657673,-22.436682],[-47.661474,-22.424848],[-47.659053,-22.418891],[-47.659197,-22.413244],[-47.664142,-22.401557],[-47.670359,-22.397284],[-47.67056,-22.388469],[-47.676513,-22.377411],[-47.671516,-22.365427],[-47.672975,-22.359371],[-47.672199,-22.356625],[-47.661512,-22.350034],[-47.653408,-22.3496],[-47.650861,-22.347159],[-47.650421,-22.328541],[-47.658104,-22.318037],[-47.658214,-22.313792],[-47.653852,-22.308406],[-47.647611,-22.307392],[-47.640537,-22.301881],[-47.628268,-22.307295],[-47.622709,-22.305813],[-47.616243,-22.306711],[-47.614129,-22.30469],[-47.612968,-22.297269],[-47.615112,-22.293974],[-47.624408,-22.29061],[-47.635143,-22.281713],[-47.639921,-22.269104],[-47.654903,-22.261276],[-47.660125,-22.26434],[-47.662849,-22.269012],[-47.669891,-22.272806],[-47.677783,-22.27371],[-47.687241,-22.282819],[-47.695496,-22.286239],[-47.704375,-22.300272],[-47.715828,-22.298175],[-47.722657,-22.301972],[-47.733028,-22.296316],[-47.752437,-22.30373],[-47.760102,-22.302908],[-47.764931,-22.304838],[-47.769452,-22.304199],[-47.77156,-22.295156],[-47.775456,-22.288767],[-47.775185,-22.281645],[-47.770241,-22.278039],[-47.759692,-22.276331],[-47.759462,-22.266612],[-47.755109,-22.261401],[-47.746862,-22.257517],[-47.722477,-22.255637],[-47.711108,-22.24977],[-47.706979,-22.250805],[-47.704324,-22.255796],[-47.701828,-22.257137],[-47.692236,-22.251936],[-47.680513,-22.253542],[-47.67858,-22.250789],[-47.677239,-22.236564],[-47.672876,-22.234599],[-47.665248,-22.235976],[-47.656399,-22.226105],[-47.657487,-22.223321],[-47.662115,-22.220665],[-47.662341,-22.215101],[-47.666036,-22.210555],[-47.676843,-22.204733],[-47.683117,-22.206846],[-47.695177,-22.207326],[-47.697622,-22.21766],[-47.701569,-22.222121],[-47.713837,-22.22039],[-47.716968,-22.217313],[-47.71688,-22.210551],[-47.713112,-22.205121],[-47.705626,-22.201624],[-47.705668,-22.19833],[-47.708511,-22.196195],[-47.711479,-22.196132],[-47.720736,-22.200148],[-47.731722,-22.208079],[-47.741054,-22.211371],[-47.75178,-22.212713],[-47.761297,-22.212472],[-47.763903,-22.210773],[-47.763521,-22.206393],[-47.758696,-22.201267],[-47.740723,-22.191559],[-47.730471,-22.192187],[-47.727062,-22.191189],[-47.718294,-22.181994],[-47.708394,-22.180548],[-47.700751,-22.172824],[-47.693606,-22.172071],[-47.691477,-22.165838],[-47.684004,-22.160487],[-47.680259,-22.160652],[-47.676146,-22.16465],[-47.672113,-22.163915],[-47.669901,-22.157108],[-47.663619,-22.153231],[-47.662021,-22.148671],[-47.65926,-22.1471],[-47.656599,-22.147806],[-47.654849,-22.150364],[-47.655563,-22.157629],[-47.653919,-22.161711],[-47.65171,-22.162972],[-47.645395,-22.162615],[-47.637009,-22.170442],[-47.637044,-22.174997],[-47.643024,-22.180284],[-47.642196,-22.18458],[-47.628013,-22.188532],[-47.61578,-22.187493],[-47.610315,-22.183781],[-47.61014,-22.178777],[-47.622336,-22.171274],[-47.625123,-22.168223],[-47.625196,-22.165124],[-47.613122,-22.159166],[-47.606584,-22.159411],[-47.602518,-22.157904],[-47.600514,-22.154327],[-47.601963,-22.1452],[-47.596733,-22.141705],[-47.587406,-22.143404],[-47.577491,-22.148471],[-47.564513,-22.15224],[-47.557187,-22.149047],[-47.551925,-22.150598],[-47.550188,-22.15281],[-47.550502,-22.155205],[-47.557786,-22.165294],[-47.565344,-22.166363],[-47.568509,-22.173959],[-47.573748,-22.177122],[-47.579102,-22.177326],[-47.581485,-22.179216],[-47.581097,-22.189176],[-47.570522,-22.191081],[-47.568017,-22.194086],[-47.569909,-22.199226],[-47.577859,-22.1985],[-47.582578,-22.203095],[-47.583014,-22.208124],[-47.580866,-22.210312],[-47.572821,-22.212104],[-47.566864,-22.210595],[-47.562016,-22.215527],[-47.553369,-22.215436],[-47.542083,-22.220217],[-47.538502,-22.218664],[-47.535854,-22.213807],[-47.529725,-22.212452],[-47.524597,-22.217245],[-47.518984,-22.217149],[-47.512758,-22.219762],[-47.51058,-22.218359],[-47.506411,-22.209955],[-47.507721,-22.20758],[-47.512354,-22.205288],[-47.51253,-22.201525],[-47.508254,-22.197299],[-47.500689,-22.194188],[-47.492419,-22.187843],[-47.489591,-22.188499],[-47.485981,-22.193879],[-47.481404,-22.195903],[-47.479163,-22.200723],[-47.472905,-22.20751],[-47.469848,-22.207689],[-47.463223,-22.203588],[-47.453935,-22.204013],[-47.451195,-22.20235],[-47.446898,-22.194142],[-47.449974,-22.189286],[-47.450514,-22.185185],[-47.453873,-22.181287],[-47.450557,-22.17547],[-47.451091,-22.170462],[-47.449338,-22.168334],[-47.43691,-22.163105],[-47.436081,-22.160257],[-47.437423,-22.157359],[-47.443243,-22.154244],[-47.45091,-22.152541],[-47.453806,-22.154104],[-47.45551,-22.158677],[-47.459381,-22.159774],[-47.47199,-22.150608],[-47.479679,-22.149281],[-47.48728,-22.152858],[-47.493043,-22.152299],[-47.497669,-22.143808],[-47.504366,-22.137845],[-47.508959,-22.138078],[-47.514417,-22.136306],[-47.520815,-22.141877],[-47.52489,-22.139713],[-47.52595,-22.132603],[-47.522918,-22.124265],[-47.525718,-22.120541],[-47.532705,-22.098893],[-47.540433,-22.092395],[-47.541291,-22.08925],[-47.530976,-22.079645],[-47.52164,-22.077199],[-47.512762,-22.069747],[-47.50771,-22.068137],[-47.506301,-22.065031],[-47.508523,-22.056007],[-47.512207,-22.050288],[-47.526916,-22.042749],[-47.534426,-22.041648],[-47.536092,-22.038089],[-47.531823,-22.032852],[-47.520883,-22.028573],[-47.517281,-22.022843],[-47.506732,-22.02368],[-47.498681,-22.020825],[-47.494357,-22.015129],[-47.497739,-22.007415],[-47.495309,-22.001472],[-47.497103,-21.99904],[-47.505568,-21.996583],[-47.504904,-21.988773],[-47.50667,-21.986384],[-47.512271,-21.985557],[-47.517916,-21.98786],[-47.525814,-21.985461],[-47.526844,-21.982305],[-47.523124,-21.977407],[-47.523418,-21.974032],[-47.526214,-21.972488],[-47.531899,-21.974844],[-47.535414,-21.973879],[-47.539491,-21.967273],[-47.539969,-21.961326],[-47.547907,-21.951906],[-47.5516,-21.952392],[-47.559932,-21.959832],[-47.559432,-21.962329],[-47.55197,-21.971809],[-47.552142,-21.974677],[-47.560066,-21.979989],[-47.564547,-21.978749],[-47.565524,-21.967681],[-47.568539,-21.963221],[-47.57473,-21.961133],[-47.576818,-21.958975],[-47.58571,-21.936097],[-47.583582,-21.931681],[-47.576616,-21.926971],[-47.576812,-21.924181],[-47.582118,-21.919409],[-47.582898,-21.916118],[-47.580282,-21.910194],[-47.570905,-21.898649],[-47.561318,-21.899031],[-47.554571,-21.8957],[-47.548927,-21.901645],[-47.546278,-21.902585],[-47.537927,-21.897806],[-47.534172,-21.898167],[-47.532709,-21.901663],[-47.540089,-21.913943],[-47.540922,-21.921019],[-47.536955,-21.926432],[-47.530005,-21.929548],[-47.525575,-21.92997],[-47.516918,-21.927267],[-47.508336,-21.918749],[-47.492387,-21.911901],[-47.4891,-21.91273],[-47.48218,-21.919324],[-47.482274,-21.922871],[-47.485415,-21.925126],[-47.49462,-21.921701],[-47.501096,-21.926001],[-47.504993,-21.934717],[-47.51041,-21.940098],[-47.515168,-21.959101],[-47.511827,-21.964061],[-47.506644,-21.967007],[-47.497801,-21.967906],[-47.492245,-21.965989],[-47.489677,-21.967125],[-47.487179,-21.972108],[-47.49229,-21.985035],[-47.490333,-21.989557],[-47.486986,-21.990962],[-47.479662,-21.988846],[-47.468105,-21.991022],[-47.46708,-21.994375],[-47.470592,-21.998589],[-47.470658,-22.001412],[-47.459363,-22.011418],[-47.460057,-22.019829],[-47.45141,-22.032146],[-47.445269,-22.036184],[-47.444891,-22.043567],[-47.438686,-22.045902],[-47.427949,-22.04546],[-47.425399,-22.047525],[-47.427088,-22.053738],[-47.437513,-22.064555],[-47.44751,-22.08066],[-47.451477,-22.084202],[-47.463062,-22.08758],[-47.468866,-22.092004],[-47.470103,-22.095678],[-47.466844,-22.105948],[-47.458725,-22.112617],[-47.454966,-22.112366],[-47.442387,-22.10304],[-47.437708,-22.104066],[-47.436959,-22.106204],[-47.438757,-22.113317],[-47.445446,-22.119068],[-47.444797,-22.124322],[-47.446055,-22.127684],[-47.44494,-22.130617],[-47.438146,-22.136445],[-47.416954,-22.144916],[-47.409333,-22.14575],[-47.40151,-22.142249],[-47.39379,-22.127431],[-47.378284,-22.121055],[-47.374854,-22.111621],[-47.362219,-22.097438],[-47.361913,-22.088261],[-47.367798,-22.078273],[-47.387654,-22.070922],[-47.392375,-22.066997],[-47.398546,-22.054575],[-47.397329,-22.052144],[-47.392933,-22.050043],[-47.39103,-22.044717],[-47.384997,-22.038966],[-47.371866,-22.032283],[-47.360018,-22.018773],[-47.357457,-22.018675],[-47.346014,-22.024315],[-47.34243,-22.029625],[-47.339364,-22.031033],[-47.335116,-22.030607],[-47.328619,-22.027066],[-47.319236,-22.025737],[-47.307818,-22.020911],[-47.304413,-22.022158],[-47.303078,-22.02668],[-47.300636,-22.02835],[-47.295745,-22.028795],[-47.286864,-22.025534],[-47.271367,-22.039649],[-47.265353,-22.04275],[-47.250769,-22.043457],[-47.245696,-22.045617],[-47.240956,-22.053141],[-47.240884,-22.056001],[-47.243823,-22.058117],[-47.251752,-22.058011],[-47.254669,-22.063529],[-47.24713,-22.073567],[-47.244023,-22.08056],[-47.244134,-22.084845],[-47.252162,-22.095079],[-47.250227,-22.098113],[-47.239486,-22.10455],[-47.237408,-22.107352],[-47.240849,-22.114875],[-47.237091,-22.123739],[-47.240896,-22.132692],[-47.237036,-22.140006],[-47.238113,-22.152308],[-47.233652,-22.162644],[-47.231253,-22.178113],[-47.231926,-22.187822],[-47.223885,-22.201033],[-47.219762,-22.203722],[-47.214889,-22.203451],[-47.212456,-22.204995],[-47.209401,-22.219139],[-47.203271,-22.225306],[-47.204515,-22.230858],[-47.201197,-22.238435],[-47.187434,-22.253039],[-47.189815,-22.26902],[-47.194419,-22.278929],[-47.196514,-22.291465],[-47.21177,-22.304941],[-47.214156,-22.313675],[-47.221453,-22.317607],[-47.224567,-22.317649],[-47.235737,-22.305812],[-47.242674,-22.305797],[-47.246215,-22.307741],[-47.24743,-22.310214],[-47.245977,-22.317962],[-47.23564,-22.323462],[-47.233655,-22.326395],[-47.235239,-22.334694],[-47.233701,-22.339677],[-47.22663,-22.341748],[-47.222278,-22.345054],[-47.216171,-22.35897],[-47.211103,-22.361291],[-47.205221,-22.360226],[-47.200871,-22.36171],[-47.196937,-22.368515],[-47.198547,-22.37637],[-47.201416,-22.381162],[-47.193704,-22.398153],[-47.194665,-22.419219],[-47.197182,-22.422997],[-47.203068,-22.426398],[-47.218315,-22.426922],[-47.223307,-22.432741],[-47.221758,-22.435804],[-47.216502,-22.437688],[-47.199381,-22.438889],[-47.193717,-22.443756],[-47.194184,-22.447753],[-47.204183,-22.462517],[-47.208118,-22.474518],[-47.196308,-22.487227],[-47.190318,-22.486779],[-47.187435,-22.481587],[-47.187308,-22.476563],[-47.183147,-22.472591],[-47.177933,-22.462287],[-47.170833,-22.459809],[-47.166056,-22.461224],[-47.161938,-22.466451],[-47.159062,-22.475057],[-47.154181,-22.478499],[-47.144393,-22.479221],[-47.139165,-22.47768],[-47.136581,-22.473683],[-47.14123,-22.465642],[-47.14059,-22.46175],[-47.130826,-22.449245],[-47.121031,-22.441033],[-47.117383,-22.439825],[-47.112645,-22.44195],[-47.11089,-22.445323],[-47.11015,-22.451311],[-47.112804,-22.456277],[-47.111224,-22.461714],[-47.104692,-22.463879],[-47.097284,-22.469352],[-47.091556,-22.468305],[-47.080917,-22.462519],[-47.072828,-22.446458],[-47.070697,-22.431639],[-47.064688,-22.42437],[-47.063799,-22.419058],[-47.066125,-22.400825],[-47.05315,-22.39204],[-47.049509,-22.380014],[-47.049381,-22.368488],[-47.051598,-22.364446],[-47.0598,-22.356851],[-47.058412,-22.347729],[-47.061295,-22.329539],[-47.07001,-22.319412],[-47.074088,-22.309692],[-47.0775,-22.308511],[-47.083973,-22.310811],[-47.090738,-22.307524],[-47.104256,-22.310906],[-47.116758,-22.311156],[-47.13211,-22.297881],[-47.139859,-22.286512],[-47.142625,-22.279475],[-47.141452,-22.273012],[-47.144489,-22.260616],[-47.144363,-22.255315],[-47.142611,-22.251984],[-47.132478,-22.243023],[-47.129853,-22.228504],[-47.116412,-22.218904],[-47.111577,-22.218268],[-47.107206,-22.219819],[-47.102121,-22.224412],[-47.091253,-22.243438],[-47.080428,-22.251747],[-47.081053,-22.254761],[-47.089996,-22.262436],[-47.091373,-22.273701],[-47.0901,-22.277275],[-47.087626,-22.278681],[-47.071548,-22.28085],[-47.065899,-22.283521],[-47.057851,-22.280731],[-47.037015,-22.26276],[-47.038213,-22.246866],[-47.054695,-22.223835],[-47.055116,-22.216924],[-47.052627,-22.211558],[-47.046861,-22.206161],[-47.038364,-22.203549],[-47.028811,-22.185051],[-47.029277,-22.177069],[-47.036864,-22.166768],[-47.039063,-22.15975],[-47.032533,-22.150761],[-47.025063,-22.146527],[-47.012762,-22.149766],[-47.010007,-22.157285],[-47.004581,-22.161814],[-46.999775,-22.169477],[-46.991964,-22.17473],[-46.992094,-22.177767],[-46.997531,-22.183248],[-47.000042,-22.188243],[-46.998487,-22.193623],[-46.990155,-22.198024],[-46.989856,-22.202562],[-47.004962,-22.214894],[-47.00634,-22.223606],[-47.001742,-22.230034],[-46.993299,-22.228251],[-46.990225,-22.229426],[-46.986109,-22.23717],[-46.985173,-22.246772],[-46.980789,-22.248091],[-46.972352,-22.241958],[-46.964365,-22.240531],[-46.960037,-22.238102],[-46.955544,-22.237978],[-46.951542,-22.235236],[-46.946787,-22.235759],[-46.942013,-22.233991],[-46.934859,-22.236282],[-46.93071,-22.235865],[-46.920572,-22.216759],[-46.90861,-22.211825],[-46.904128,-22.204683],[-46.899018,-22.201749],[-46.898203,-22.192524],[-46.904695,-22.173234],[-46.904447,-22.16165],[-46.911453,-22.158902],[-46.924307,-22.160567],[-46.934159,-22.159188],[-46.93708,-22.1549],[-46.937337,-22.147977],[-46.926907,-22.137881],[-46.917709,-22.1331],[-46.885724,-22.128063],[-46.878048,-22.120517],[-46.876846,-22.116949],[-46.878854,-22.11378],[-46.890897,-22.113763],[-46.898542,-22.10881],[-46.901059,-22.105171],[-46.905515,-22.091446],[-46.910064,-22.088583],[-46.926618,-22.086282],[-46.933155,-22.091979],[-46.941877,-22.093347],[-46.964176,-22.077077],[-46.974404,-22.077622],[-46.99312,-22.075082],[-47.010869,-22.063167],[-47.017786,-22.063229],[-47.028318,-22.067911],[-47.032954,-22.068195],[-47.049303,-22.061878],[-47.062812,-22.064933],[-47.075248,-22.069853],[-47.083116,-22.068881],[-47.094753,-22.06098],[-47.112359,-22.036006],[-47.123118,-22.033136],[-47.138934,-22.021519],[-47.146057,-22.011053],[-47.150654,-21.99212],[-47.155686,-21.988991],[-47.161783,-21.982077],[-47.17258,-21.976531],[-47.178709,-21.969856],[-47.177622,-21.967072],[-47.173085,-21.964652],[-47.151839,-21.962452],[-47.143738,-21.959256],[-47.137244,-21.949757],[-47.127814,-21.946208],[-47.118952,-21.946702],[-47.11151,-21.942852],[-47.107328,-21.944865],[-47.107118,-21.953422],[-47.09696,-21.959668],[-47.082825,-21.957503],[-47.070938,-21.95159],[-47.054848,-21.938293],[-47.051982,-21.934217],[-47.053385,-21.904567],[-47.050605,-21.902844],[-47.042288,-21.903431],[-47.038307,-21.899969],[-47.038778,-21.896256],[-47.048024,-21.884238],[-47.047492,-21.881099],[-47.04411,-21.878573],[-47.041041,-21.879045],[-47.036637,-21.883699],[-47.030409,-21.88293],[-47.021056,-21.884144],[-47.015167,-21.881358],[-46.99773,-21.883837],[-46.985341,-21.877556],[-46.972804,-21.878527],[-46.968021,-21.882098],[-46.965937,-21.888251],[-46.967002,-21.895934],[-46.974037,-21.905599],[-46.971412,-21.912482],[-46.966245,-21.917979],[-46.959421,-21.922385],[-46.946822,-21.939077],[-46.943451,-21.941084],[-46.940539,-21.941002],[-46.938169,-21.937843],[-46.936159,-21.921943],[-46.922918,-21.914078],[-46.923264,-21.901584],[-46.918453,-21.894966],[-46.911661,-21.894516],[-46.906836,-21.889983],[-46.906271,-21.883426],[-46.899391,-21.876533],[-46.898324,-21.869579],[-46.894486,-21.863353],[-46.893541,-21.856463],[-46.895371,-21.853903],[-46.901183,-21.853326],[-46.909099,-21.847287],[-46.922286,-21.847133],[-46.925678,-21.842213],[-46.930411,-21.839976],[-46.930988,-21.83569],[-46.925927,-21.831047],[-46.927276,-21.82768],[-46.93806,-21.820784],[-46.947824,-21.822188],[-46.963654,-21.815627],[-46.967594,-21.805867],[-46.965661,-21.80243],[-46.960188,-21.79923],[-46.960445,-21.790026],[-46.965164,-21.785302],[-46.973203,-21.764852],[-46.978169,-21.760924],[-46.98151,-21.762824],[-46.981565,-21.769836],[-46.983902,-21.776054],[-46.997427,-21.801897],[-47.000837,-21.805582],[-47.01266,-21.811408],[-47.016064,-21.81678],[-47.031297,-21.824309],[-47.033006,-21.831599],[-47.036139,-21.834239],[-47.051398,-21.837126],[-47.052739,-21.839811],[-47.051543,-21.846756],[-47.058027,-21.85173],[-47.063906,-21.853723],[-47.062797,-21.861321],[-47.065333,-21.86437],[-47.070924,-21.867329],[-47.087575,-21.863834],[-47.102516,-21.870206],[-47.113198,-21.889529],[-47.118959,-21.894304],[-47.124192,-21.894092],[-47.150655,-21.882039],[-47.152707,-21.879764],[-47.154116,-21.871405],[-47.1522,-21.862887],[-47.134976,-21.842489],[-47.130761,-21.832609],[-47.13348,-21.823489],[-47.135369,-21.80376],[-47.146703,-21.795062],[-47.147738,-21.771077],[-47.139613,-21.762438],[-47.113049,-21.749807],[-47.08629,-21.732272],[-47.082779,-21.726919],[-47.078384,-21.714054],[-47.082455,-21.69943],[-47.078879,-21.693211],[-47.078274,-21.686529],[-47.083091,-21.672658],[-47.089944,-21.6632],[-47.10852,-21.659143],[-47.110539,-21.657602],[-47.110705,-21.654365],[-47.106084,-21.646601],[-47.109339,-21.638724],[-47.106798,-21.631251],[-47.114392,-21.624226],[-47.116939,-21.618049],[-47.117666,-21.60571],[-47.116138,-21.599252],[-47.106998,-21.58936],[-47.096081,-21.582238],[-47.09643,-21.579502],[-47.10247,-21.570445],[-47.099976,-21.564732],[-47.101995,-21.559287],[-47.099513,-21.55284],[-47.115366,-21.532947],[-47.124579,-21.532789],[-47.128213,-21.528777],[-47.134027,-21.527638],[-47.138259,-21.523316],[-47.144225,-21.521353],[-47.149623,-21.508658],[-47.144898,-21.503082],[-47.145161,-21.496262],[-47.138114,-21.492449],[-47.134531,-21.486485],[-47.132839,-21.474276],[-47.136554,-21.467626],[-47.138217,-21.460437],[-47.136912,-21.451744],[-47.131439,-21.446092],[-47.127051,-21.431172],[-47.12155,-21.421849],[-47.121152,-21.398501],[-47.118031,-21.390301],[-47.114267,-21.38621],[-47.107394,-21.382704],[-47.10016,-21.382999],[-47.093145,-21.389027],[-47.07985,-21.391652],[-47.073009,-21.39449],[-47.065331,-21.403876],[-47.062596,-21.404993],[-47.057787,-21.404392],[-47.05343,-21.400514],[-47.049302,-21.399544],[-47.040191,-21.402518],[-47.036025,-21.402499],[-47.027515,-21.395676],[-47.019612,-21.394862],[-47.016893,-21.387863],[-47.011102,-21.387117],[-47.008986,-21.385527],[-47.008229,-21.378973],[-47.010224,-21.374747],[-47.0098,-21.370017],[-47.007834,-21.365315],[-47.000484,-21.356477],[-47.000539,-21.352933],[-47.02146,-21.340363],[-47.031713,-21.337995],[-47.038608,-21.331335],[-47.042008,-21.324243],[-47.040666,-21.318119],[-47.029409,-21.301957],[-47.035041,-21.31064],[-47.030508,-21.31131],[-47.029319,-21.314568],[-47.026975,-21.314849],[-47.024487,-21.319793],[-47.020743,-21.322032],[-47.02409,-21.328534],[-47.017042,-21.341683],[-47.007553,-21.346002],[-47.005401,-21.348883],[-46.999012,-21.348976],[-46.996829,-21.351332],[-46.996484,-21.357325],[-47.001248,-21.359953],[-46.999588,-21.362081],[-47.005597,-21.36501],[-47.00779,-21.370165],[-47.009416,-21.370683],[-47.006934,-21.374156],[-47.006024,-21.382729],[-47.004791,-21.382802],[-47.007581,-21.392544],[-47.014702,-21.393811],[-47.016907,-21.396799],[-47.014143,-21.399758],[-47.014038,-21.402809],[-47.009254,-21.406753],[-47.010343,-21.410212],[-47.007612,-21.410497],[-47.010022,-21.415674],[-47.012531,-21.416369],[-47.013023,-21.420004],[-47.01101,-21.422696],[-47.0104,-21.421041],[-47.000453,-21.420883],[-46.992901,-21.423396],[-46.992056,-21.425666],[-46.986908,-21.421761],[-46.985963,-21.422838],[-46.987169,-21.424234],[-46.983389,-21.42674],[-46.976146,-21.423529],[-46.97464,-21.41782],[-46.972237,-21.419243],[-46.972275,-21.42199],[-46.97006,-21.422314],[-46.965927,-21.420859],[-46.965124,-21.417756],[-46.957974,-21.422325],[-46.957439,-21.424708],[-46.953388,-21.424087],[-46.952111,-21.421485],[-46.949978,-21.421626],[-46.948763,-21.419805],[-46.94586,-21.421921],[-46.943973,-21.421296],[-46.943553,-21.422966],[-46.940158,-21.421808],[-46.939222,-21.424163],[-46.934172,-21.42584],[-46.931979,-21.422623],[-46.925666,-21.422779],[-46.921225,-21.4271],[-46.915194,-21.420298],[-46.908462,-21.421513],[-46.907392,-21.418381],[-46.903195,-21.418825],[-46.900371,-21.413271],[-46.898436,-21.415488],[-46.894507,-21.41622],[-46.89101,-21.412665],[-46.891445,-21.411475],[-46.885481,-21.408781],[-46.883695,-21.405625],[-46.876298,-21.405657],[-46.874366,-21.403868],[-46.867452,-21.403594],[-46.864675,-21.401069],[-46.86519,-21.395707],[-46.860868,-21.393386],[-46.858021,-21.394072],[-46.855719,-21.390048],[-46.841589,-21.389528],[-46.840951,-21.385698],[-46.838625,-21.385911],[-46.835409,-21.383738],[-46.835102,-21.380245],[-46.837052,-21.377999],[-46.835945,-21.371472],[-46.831663,-21.366537],[-46.822174,-21.366826],[-46.813815,-21.363376],[-46.810713,-21.368104],[-46.807149,-21.368474],[-46.805231,-21.371084],[-46.794466,-21.370805],[-46.792592,-21.374487],[-46.787695,-21.372427],[-46.787531,-21.369107],[-46.781182,-21.370585],[-46.778969,-21.365538],[-46.775392,-21.362393],[-46.764948,-21.360197],[-46.763143,-21.362751],[-46.759684,-21.362498],[-46.758178,-21.363776],[-46.759041,-21.371122],[-46.762845,-21.374086],[-46.753992,-21.383562],[-46.751041,-21.385328],[-46.742151,-21.386706],[-46.738756,-21.389487],[-46.738814,-21.392548],[-46.734899,-21.394173],[-46.731243,-21.39215],[-46.725586,-21.39301],[-46.721284,-21.389413],[-46.717966,-21.390327],[-46.714663,-21.392594],[-46.706277,-21.405203],[-46.69919,-21.39986],[-46.697771,-21.39527],[-46.693372,-21.391163],[-46.69285,-21.38338],[-46.686536,-21.379926],[-46.682776,-21.375399],[-46.672461,-21.374065],[-46.673019,-21.371036],[-46.671568,-21.367787],[-46.665363,-21.361156],[-46.661651,-21.36433],[-46.657813,-21.36375],[-46.655419,-21.36528],[-46.650617,-21.362804],[-46.646718,-21.365824],[-46.644576,-21.373069],[-46.648885,-21.37701],[-46.646198,-21.38319],[-46.648968,-21.388893],[-46.648843,-21.392467],[-46.642552,-21.397177],[-46.640223,-21.402053],[-46.638215,-21.402367],[-46.639767,-21.406803],[-46.638636,-21.409275],[-46.635476,-21.411877],[-46.630933,-21.413087],[-46.626896,-21.410309],[-46.621187,-21.419012],[-46.617974,-21.420516],[-46.621544,-21.4254],[-46.614486,-21.428913],[-46.620142,-21.434528],[-46.615112,-21.441094],[-46.60603,-21.444269],[-46.600294,-21.443008],[-46.593282,-21.43915],[-46.59356,-21.43575],[-46.590485,-21.436771],[-46.58493,-21.434215],[-46.581172,-21.431981],[-46.579967,-21.42863],[-46.576395,-21.426789],[-46.571383,-21.43287],[-46.571279,-21.43645],[-46.563396,-21.438869],[-46.561391,-21.44178],[-46.557048,-21.442569],[-46.553375,-21.439604],[-46.546181,-21.440613],[-46.535191,-21.449445],[-46.528829,-21.445224],[-46.520796,-21.446852],[-46.518206,-21.453482],[-46.520114,-21.460329],[-46.517203,-21.464187],[-46.511961,-21.465018],[-46.509379,-21.47034],[-46.512468,-21.477694],[-46.510096,-21.480543],[-46.509088,-21.48872],[-46.511348,-21.488808],[-46.51119,-21.492247],[-46.513561,-21.497058],[-46.518723,-21.500566],[-46.519975,-21.505698],[-46.515513,-21.511787],[-46.521075,-21.514623],[-46.522615,-21.518375],[-46.521541,-21.520912],[-46.524133,-21.522321],[-46.523193,-21.530309],[-46.520895,-21.534997],[-46.519443,-21.535189],[-46.519073,-21.53373],[-46.510569,-21.536411],[-46.507508,-21.543642],[-46.502576,-21.547917],[-46.499589,-21.554414],[-46.502731,-21.562638],[-46.512188,-21.566039],[-46.511,-21.570182],[-46.514706,-21.577492],[-46.52056,-21.580523],[-46.521972,-21.586694],[-46.518059,-21.590129],[-46.518223,-21.593249],[-46.525293,-21.601792],[-46.521395,-21.602133],[-46.516699,-21.606557],[-46.518195,-21.612604],[-46.523018,-21.614148],[-46.533029,-21.621485],[-46.534379,-21.628726],[-46.540643,-21.628357],[-46.542502,-21.632229],[-46.546554,-21.63042],[-46.552176,-21.637733],[-46.552001,-21.642568],[-46.548017,-21.649498],[-46.552223,-21.653551],[-46.559223,-21.653179],[-46.566074,-21.658828],[-46.564842,-21.665192],[-46.566332,-21.66996],[-46.563993,-21.677164],[-46.566108,-21.680146],[-46.572935,-21.68153],[-46.57709,-21.684689],[-46.578851,-21.682296],[-46.591205,-21.683124],[-46.604344,-21.681136],[-46.608902,-21.676353],[-46.621393,-21.675538],[-46.624512,-21.686446],[-46.623701,-21.693122],[-46.62971,-21.696309],[-46.628012,-21.698546],[-46.62956,-21.706076],[-46.622613,-21.714021],[-46.622769,-21.719401],[-46.629235,-21.730146],[-46.625847,-21.735052],[-46.631381,-21.739267],[-46.627447,-21.748504],[-46.62757,-21.761297],[-46.625613,-21.767433],[-46.627768,-21.768661],[-46.638402,-21.768523],[-46.643378,-21.775655],[-46.653401,-21.779725],[-46.65079,-21.788111],[-46.651465,-21.790423],[-46.668374,-21.808527],[-46.669997,-21.816072],[-46.684174,-21.827148],[-46.690882,-21.836766],[-46.689311,-21.841779],[-46.681743,-21.845088],[-46.676316,-21.850917],[-46.665483,-21.849553],[-46.663495,-21.858579],[-46.656049,-21.870727],[-46.65756,-21.877744],[-46.656183,-21.879208],[-46.647294,-21.880485],[-46.648789,-21.883638],[-46.647865,-21.88727],[-46.651624,-21.892277],[-46.652776,-21.897079],[-46.663808,-21.898046],[-46.673248,-21.908394],[-46.673608,-21.910478],[-46.669813,-21.917066],[-46.6646,-21.920316],[-46.664905,-21.925982],[-46.668075,-21.930934],[-46.667018,-21.93324],[-46.660931,-21.938699],[-46.653315,-21.941501],[-46.65264,-21.947775],[-46.653951,-21.952627],[-46.649018,-21.959017],[-46.648972,-21.963685],[-46.644626,-21.970145],[-46.643267,-21.976097],[-46.639901,-21.977246],[-46.636581,-21.980714],[-46.629585,-21.981205],[-46.629796,-21.986695],[-46.624381,-21.99423],[-46.615665,-21.995517],[-46.612479,-22.005349],[-46.612522,-22.014323],[-46.615089,-22.017645],[-46.618649,-22.01745],[-46.634879,-22.012732],[-46.640421,-22.008819],[-46.649196,-22.009397],[-46.653535,-22.011177],[-46.654135,-22.017398],[-46.662078,-22.023692],[-46.676516,-22.022295],[-46.683848,-22.029585],[-46.685596,-22.035293],[-46.68493,-22.039598],[-46.677803,-22.052497],[-46.678103,-22.054473],[-46.675502,-22.056647],[-46.658413,-22.061369],[-46.664524,-22.06951],[-46.667647,-22.070976],[-46.677749,-22.071089],[-46.683544,-22.074289],[-46.686673,-22.072711],[-46.696204,-22.073251],[-46.706859,-22.078783],[-46.709138,-22.075396],[-46.714638,-22.075168],[-46.716749,-22.073156],[-46.722673,-22.074938],[-46.723672,-22.07761],[-46.721283,-22.078827],[-46.722197,-22.08103],[-46.719309,-22.083967],[-46.718708,-22.089106],[-46.716412,-22.089363],[-46.715957,-22.0914],[-46.710794,-22.091956],[-46.708211,-22.093767],[-46.707634,-22.092911],[-46.706237,-22.094934],[-46.702853,-22.095882],[-46.698126,-22.094348],[-46.693817,-22.090158],[-46.691105,-22.09079],[-46.68918,-22.093852],[-46.680394,-22.090598],[-46.674737,-22.096402],[-46.671013,-22.097398],[-46.664727,-22.09649],[-46.662748,-22.094037],[-46.662002,-22.095098],[-46.660785,-22.09361],[-46.655078,-22.092372],[-46.653291,-22.093247],[-46.652011,-22.091565],[-46.646532,-22.09173],[-46.645141,-22.095592],[-46.641229,-22.097867],[-46.63882,-22.102476],[-46.635042,-22.103467],[-46.634577,-22.107373],[-46.630078,-22.107128],[-46.623169,-22.109267],[-46.620022,-22.115564],[-46.620191,-22.120855],[-46.616538,-22.124936],[-46.616618,-22.131215],[-46.61862,-22.134362],[-46.615876,-22.140871],[-46.613928,-22.143082],[-46.610091,-22.141246],[-46.606855,-22.142005],[-46.61079,-22.14922],[-46.626024,-22.156358],[-46.634889,-22.154296],[-46.640187,-22.157233],[-46.64152,-22.161482],[-46.640117,-22.164885],[-46.642789,-22.171013],[-46.642529,-22.174637],[-46.646788,-22.178726],[-46.653948,-22.177203],[-46.663119,-22.180026],[-46.665967,-22.178849],[-46.669555,-22.174379],[-46.674826,-22.176536],[-46.670553,-22.179904],[-46.670425,-22.185095],[-46.678318,-22.204145],[-46.676648,-22.214625],[-46.678521,-22.223689],[-46.682783,-22.225525],[-46.68443,-22.228834],[-46.68931,-22.230877],[-46.694462,-22.238075],[-46.689953,-22.246405],[-46.694627,-22.245501],[-46.699486,-22.251368],[-46.705483,-22.255456],[-46.710438,-22.263243],[-46.710589,-22.27066],[-46.705613,-22.27165],[-46.702499,-22.278349],[-46.702413,-22.280697],[-46.709539,-22.283601],[-46.710477,-22.2853],[-46.708343,-22.291953],[-46.705118,-22.29348],[-46.704939,-22.295494],[-46.71196,-22.30212],[-46.712622,-22.304611],[-46.714882,-22.304792],[-46.717617,-22.307452],[-46.723266,-22.306618],[-46.71759,-22.317169],[-46.710382,-22.31299],[-46.711344,-22.317988],[-46.710235,-22.319645],[-46.708108,-22.318715],[-46.705779,-22.320918],[-46.700844,-22.321719],[-46.700771,-22.325726],[-46.697443,-22.326795],[-46.698785,-22.33331],[-46.695567,-22.334135],[-46.6948,-22.336332],[-46.697637,-22.338233],[-46.69574,-22.34006],[-46.697396,-22.343163],[-46.692661,-22.343777],[-46.694141,-22.34821],[-46.689844,-22.346686],[-46.687136,-22.349259],[-46.687168,-22.357575],[-46.681463,-22.357898],[-46.679152,-22.364173],[-46.675422,-22.366532],[-46.675992,-22.368982],[-46.662833,-22.36529],[-46.661065,-22.365886],[-46.660826,-22.369873],[-46.666496,-22.381608],[-46.663072,-22.383762],[-46.664581,-22.386989],[-46.662983,-22.391906],[-46.663463,-22.398752],[-46.66852,-22.407173],[-46.666769,-22.414434],[-46.66179,-22.418548],[-46.658332,-22.419744],[-46.65496,-22.423169],[-46.652106,-22.422632],[-46.649626,-22.424584],[-46.649319,-22.42761],[-46.646671,-22.428845],[-46.64053,-22.425263],[-46.632589,-22.43566],[-46.628627,-22.435426],[-46.623211,-22.437925],[-46.618728,-22.437269],[-46.616521,-22.438752],[-46.611343,-22.435561],[-46.604897,-22.442737],[-46.603829,-22.441518],[-46.595241,-22.441349],[-46.590563,-22.438025],[-46.584683,-22.4393],[-46.573575,-22.445071],[-46.575574,-22.449538],[-46.572184,-22.453433],[-46.56395,-22.446427],[-46.554903,-22.445956],[-46.548648,-22.455738],[-46.552002,-22.459458],[-46.54959,-22.469478],[-46.542962,-22.467999],[-46.539667,-22.468568],[-46.537199,-22.47104],[-46.533998,-22.469344],[-46.530319,-22.469589],[-46.536806,-22.48825],[-46.541847,-22.494107],[-46.506734,-22.507239],[-46.508665,-22.514326],[-46.502827,-22.517479],[-46.498068,-22.512949],[-46.491029,-22.510466],[-46.489041,-22.516004],[-46.484662,-22.519172],[-46.479922,-22.5188],[-46.476197,-22.521347],[-46.470233,-22.518357],[-46.466226,-22.518774],[-46.46544,-22.522582],[-46.463845,-22.523355],[-46.454461,-22.521636],[-46.450743,-22.526081],[-46.449391,-22.530714],[-46.439219,-22.535849],[-46.439315,-22.540947],[-46.431494,-22.544403],[-46.42917,-22.543962],[-46.426363,-22.547795],[-46.418318,-22.548119],[-46.417427,-22.542203],[-46.413158,-22.540075],[-46.412095,-22.536986],[-46.40666,-22.540784],[-46.408189,-22.548778],[-46.413086,-22.556682],[-46.419481,-22.560041],[-46.422983,-22.56492],[-46.427102,-22.566077],[-46.432017,-22.570231],[-46.433808,-22.574282],[-46.431229,-22.576002],[-46.42864,-22.583988],[-46.419842,-22.582963],[-46.412509,-22.585872],[-46.41246,-22.588156],[-46.419289,-22.592046],[-46.424342,-22.599352],[-46.422156,-22.600173],[-46.420815,-22.598717],[-46.415793,-22.606155],[-46.412574,-22.608092],[-46.411274,-22.612751],[-46.404242,-22.621861],[-46.404755,-22.623397],[-46.407825,-22.62399],[-46.411686,-22.623113],[-46.422107,-22.624692],[-46.424212,-22.628605],[-46.424357,-22.634366],[-46.422169,-22.637046],[-46.416317,-22.639956],[-46.407097,-22.640493],[-46.396838,-22.645387],[-46.391952,-22.653973],[-46.394436,-22.658746],[-46.393131,-22.662909],[-46.405248,-22.67252],[-46.408406,-22.669205],[-46.405026,-22.665488],[-46.405113,-22.663188],[-46.409729,-22.662057],[-46.412821,-22.659263],[-46.417607,-22.664901],[-46.422477,-22.66483],[-46.425682,-22.66137],[-46.427603,-22.661161],[-46.436359,-22.664268],[-46.440847,-22.668371],[-46.447518,-22.66788],[-46.449575,-22.670073],[-46.457763,-22.671411],[-46.460901,-22.676209],[-46.470147,-22.673006],[-46.480534,-22.677939],[-46.478485,-22.685707],[-46.469901,-22.694356],[-46.479239,-22.698408],[-46.471649,-22.705959],[-46.467831,-22.701258],[-46.465266,-22.704444],[-46.462737,-22.705196],[-46.462886,-22.706777],[-46.457037,-22.707212],[-46.455696,-22.712041],[-46.456606,-22.714971],[-46.454637,-22.719358],[-46.455901,-22.71978],[-46.455663,-22.723696],[-46.452404,-22.727632],[-46.444955,-22.726176],[-46.444563,-22.728114],[-46.442797,-22.728152],[-46.439636,-22.726635],[-46.437179,-22.731431],[-46.433651,-22.733411],[-46.425129,-22.735878],[-46.422242,-22.733023],[-46.419997,-22.732761],[-46.414301,-22.734487],[-46.413088,-22.738282],[-46.40669,-22.740771],[-46.40461,-22.739099],[-46.395099,-22.742309],[-46.39373,-22.743961],[-46.386276,-22.73983],[-46.379595,-22.745758],[-46.372009,-22.747045],[-46.36976,-22.751236],[-46.367527,-22.751725],[-46.367681,-22.753871],[-46.36373,-22.755253],[-46.363147,-22.758235],[-46.359817,-22.761874],[-46.354273,-22.757633],[-46.345628,-22.760691],[-46.334136,-22.760988],[-46.333065,-22.766909],[-46.335845,-22.768736],[-46.341708,-22.769355],[-46.340641,-22.774159],[-46.34424,-22.778002],[-46.348263,-22.778098],[-46.351352,-22.784497],[-46.357208,-22.785477],[-46.362166,-22.789056],[-46.362005,-22.792837],[-46.366485,-22.799355],[-46.3711,-22.813865],[-46.374473,-22.818902],[-46.374942,-22.823907],[-46.37789,-22.828179],[-46.373453,-22.830365],[-46.370947,-22.835756],[-46.374634,-22.844223],[-46.374807,-22.850737],[-46.372144,-22.858091],[-46.373415,-22.862247],[-46.376863,-22.864106],[-46.38065,-22.863979],[-46.384269,-22.870157],[-46.379963,-22.87188],[-46.375538,-22.87069],[-46.377155,-22.873443],[-46.376119,-22.877031],[-46.378034,-22.879155],[-46.372474,-22.879381],[-46.372138,-22.883816],[-46.367882,-22.886095],[-46.364764,-22.890174],[-46.363893,-22.894152],[-46.359955,-22.895499],[-46.356208,-22.900511],[-46.349297,-22.899394],[-46.344355,-22.904613],[-46.337508,-22.896753],[-46.314666,-22.886732],[-46.311674,-22.890541],[-46.304671,-22.891515],[-46.30273,-22.895187],[-46.296122,-22.898034],[-46.290918,-22.894526],[-46.287938,-22.888063],[-46.280216,-22.884079],[-46.280291,-22.880291],[-46.278894,-22.878789],[-46.271047,-22.87789],[-46.26678,-22.875745],[-46.262732,-22.877799],[-46.260152,-22.883494],[-46.260296,-22.887383],[-46.257852,-22.890997],[-46.247108,-22.888988],[-46.241075,-22.890629],[-46.23778,-22.894438],[-46.232947,-22.881364],[-46.227911,-22.881392],[-46.221617,-22.87809],[-46.213187,-22.87668],[-46.202412,-22.870581],[-46.199567,-22.871487],[-46.191354,-22.864592],[-46.18539,-22.869447],[-46.180183,-22.866507],[-46.155442,-22.864187],[-46.144998,-22.857541],[-46.140635,-22.868946],[-46.142417,-22.871913],[-46.141624,-22.876417],[-46.143018,-22.881386],[-46.137448,-22.88496],[-46.136392,-22.891074],[-46.143179,-22.903255],[-46.145864,-22.90356],[-46.149361,-22.910282],[-46.153286,-22.910581],[-46.154094,-22.912673],[-46.150443,-22.91644],[-46.146401,-22.917404],[-46.138771,-22.922537],[-46.123439,-22.909557],[-46.119746,-22.908974],[-46.115513,-22.9061],[-46.111006,-22.906741],[-46.107547,-22.905519],[-46.106071,-22.902347],[-46.101597,-22.901785],[-46.094621,-22.89517],[-46.08999,-22.895753],[-46.085099,-22.892318],[-46.07476,-22.891525],[-46.072826,-22.894448],[-46.064016,-22.89155],[-46.059324,-22.895475],[-46.050701,-22.896947],[-46.047312,-22.895726],[-46.042022,-22.890623],[-46.027153,-22.884838],[-46.01876,-22.888432],[-46.012818,-22.885963],[-46.00798,-22.889469],[-46.001477,-22.880009],[-45.999145,-22.878695],[-45.993837,-22.879077],[-45.99041,-22.875993],[-45.993118,-22.869783],[-45.983416,-22.868549],[-45.980428,-22.866929],[-45.974769,-22.868069],[-45.973486,-22.86309],[-45.968102,-22.859944],[-45.964217,-22.855394],[-45.960357,-22.858215],[-45.956555,-22.849813],[-45.951692,-22.848921],[-45.951171,-22.845851],[-45.938838,-22.846444],[-45.923937,-22.831947],[-45.923222,-22.82497],[-45.919014,-22.820649],[-45.913955,-22.819054],[-45.911854,-22.816265],[-45.904652,-22.819627],[-45.904783,-22.82356],[-45.90743,-22.825477],[-45.909082,-22.829271],[-45.906386,-22.833851],[-45.9039,-22.836916],[-45.901045,-22.836032],[-45.897267,-22.839653],[-45.893699,-22.838927],[-45.894309,-22.841953],[-45.891181,-22.845746],[-45.894237,-22.848898],[-45.89237,-22.852615],[-45.894346,-22.856917],[-45.890226,-22.858207],[-45.889406,-22.860611],[-45.887307,-22.872023],[-45.888788,-22.875948],[-45.879792,-22.875426],[-45.871162,-22.871647],[-45.870483,-22.869269],[-45.864157,-22.869384],[-45.861154,-22.866479],[-45.860765,-22.8625],[-45.857612,-22.860645],[-45.857246,-22.857999],[-45.8586,-22.85664],[-45.857005,-22.850204],[-45.849752,-22.847936],[-45.850914,-22.842976],[-45.848167,-22.838028],[-45.838977,-22.832165],[-45.836047,-22.832266],[-45.83351,-22.834913],[-45.83044,-22.83547],[-45.825713,-22.833567],[-45.823709,-22.829735],[-45.819209,-22.830895],[-45.815865,-22.83427],[-45.810324,-22.829542],[-45.808128,-22.829745],[-45.807353,-22.83162],[-45.802074,-22.834394],[-45.800843,-22.847502],[-45.797257,-22.852173],[-45.792536,-22.855127],[-45.792027,-22.858689],[-45.789824,-22.859102],[-45.786257,-22.856664],[-45.779934,-22.855485],[-45.779097,-22.850422],[-45.770996,-22.848046],[-45.767186,-22.843486],[-45.766688,-22.840559],[-45.769147,-22.83132],[-45.792247,-22.819102],[-45.79068,-22.817095],[-45.780748,-22.813538],[-45.768457,-22.803183],[-45.758384,-22.801044],[-45.758303,-22.797192],[-45.755738,-22.793604],[-45.748757,-22.792353],[-45.746296,-22.794718],[-45.742986,-22.795212],[-45.741735,-22.808362],[-45.729232,-22.809994],[-45.725913,-22.811949],[-45.724205,-22.816553],[-45.717465,-22.816919],[-45.71345,-22.814953],[-45.713734,-22.809207],[-45.716367,-22.807929],[-45.71824,-22.809066],[-45.721028,-22.808228],[-45.721375,-22.803377],[-45.725749,-22.800259],[-45.729599,-22.800616],[-45.730417,-22.796333],[-45.736599,-22.78831],[-45.729684,-22.785174],[-45.723971,-22.784666],[-45.724333,-22.780662],[-45.721576,-22.779696],[-45.717373,-22.780576],[-45.715237,-22.775019],[-45.71123,-22.773607],[-45.712941,-22.767605],[-45.711535,-22.767058],[-45.713877,-22.762375],[-45.712158,-22.758205],[-45.716874,-22.755658],[-45.715424,-22.751797],[-45.720808,-22.743989],[-45.7238,-22.737469],[-45.723747,-22.734086],[-45.727705,-22.728727],[-45.728528,-22.723289],[-45.735551,-22.721531],[-45.746919,-22.723219],[-45.749127,-22.721737],[-45.751837,-22.722753],[-45.758254,-22.721289],[-45.763705,-22.725753],[-45.770288,-22.72737],[-45.775398,-22.732371],[-45.782394,-22.732052],[-45.795159,-22.738959],[-45.798607,-22.739246],[-45.804936,-22.737952],[-45.816117,-22.729484],[-45.816803,-22.725827],[-45.820022,-22.722917],[-45.817392,-22.716698],[-45.81734,-22.70974],[-45.810955,-22.698108],[-45.803686,-22.695791],[-45.799046,-22.695865],[-45.791575,-22.692447],[-45.786973,-22.693346],[-45.781421,-22.687584],[-45.780235,-22.683975],[-45.769235,-22.67892],[-45.760897,-22.677626],[-45.755189,-22.670238],[-45.750293,-22.671846],[-45.744821,-22.669608],[-45.739907,-22.66939],[-45.726983,-22.660284],[-45.71582,-22.662557],[-45.703357,-22.655077],[-45.692831,-22.651834],[-45.698065,-22.650605],[-45.697776,-22.644708],[-45.700695,-22.64207],[-45.70918,-22.639809],[-45.711303,-22.633623],[-45.71742,-22.627403],[-45.71579,-22.624226],[-45.717515,-22.62068],[-45.72842,-22.62074],[-45.730305,-22.618413],[-45.72932,-22.614645],[-45.730641,-22.612577],[-45.738613,-22.608284],[-45.735044,-22.604941],[-45.735516,-22.599282],[-45.734317,-22.597286],[-45.727326,-22.594727],[-45.729314,-22.591631],[-45.726852,-22.587808],[-45.72056,-22.585837],[-45.716372,-22.581302],[-45.717245,-22.579084],[-45.719145,-22.578665],[-45.717509,-22.57769],[-45.711683,-22.580424],[-45.704807,-22.581432],[-45.700892,-22.585813],[-45.696196,-22.586202],[-45.693579,-22.585877],[-45.689127,-22.580401],[-45.679407,-22.573395],[-45.673281,-22.57781],[-45.666694,-22.576356],[-45.661074,-22.577612],[-45.659939,-22.581108],[-45.663117,-22.587718],[-45.660301,-22.592054],[-45.659439,-22.598628],[-45.66521,-22.600445],[-45.665081,-22.604671],[-45.66823,-22.609335],[-45.666001,-22.613614],[-45.669506,-22.616396],[-45.675198,-22.625851],[-45.673389,-22.630421],[-45.675765,-22.632556],[-45.678922,-22.632702],[-45.685106,-22.639714],[-45.680357,-22.640848],[-45.677665,-22.639923],[-45.673334,-22.641826],[-45.671611,-22.648435],[-45.666796,-22.651524],[-45.659114,-22.648326],[-45.647281,-22.648522],[-45.643945,-22.646177],[-45.635854,-22.644453],[-45.631412,-22.645041],[-45.626326,-22.639579],[-45.618064,-22.637996],[-45.605659,-22.620695],[-45.600934,-22.61916],[-45.590792,-22.61937],[-45.584822,-22.61597],[-45.587723,-22.613089],[-45.587574,-22.610332],[-45.583956,-22.606825],[-45.580126,-22.605838],[-45.57948,-22.603013],[-45.571192,-22.598322],[-45.563885,-22.59987],[-45.564966,-22.611495],[-45.555202,-22.626061],[-45.560754,-22.627969],[-45.571877,-22.639954],[-45.576975,-22.639754],[-45.582125,-22.644664],[-45.584453,-22.651731],[-45.577476,-22.653855],[-45.57371,-22.657364],[-45.566242,-22.656781],[-45.558787,-22.653365],[-45.553842,-22.65462],[-45.544202,-22.650822],[-45.539984,-22.652566],[-45.533221,-22.647169],[-45.524887,-22.646773],[-45.516122,-22.641137],[-45.51412,-22.637541],[-45.508013,-22.633839],[-45.507393,-22.631804],[-45.504341,-22.630637],[-45.49966,-22.625326],[-45.496146,-22.624709],[-45.48828,-22.62958],[-45.483495,-22.615575],[-45.477558,-22.609083],[-45.476922,-22.602761],[-45.474629,-22.59936],[-45.478496,-22.590876],[-45.481297,-22.591483],[-45.473024,-22.588892],[-45.451696,-22.607122],[-45.446781,-22.60504],[-45.44553,-22.610072],[-45.436971,-22.612157],[-45.435417,-22.619968],[-45.42423,-22.621692],[-45.419154,-22.620898],[-45.412659,-22.622791],[-45.413635,-22.628967],[-45.409933,-22.631643],[-45.409005,-22.634185],[-45.411828,-22.641532],[-45.408217,-22.644761],[-45.411146,-22.648164],[-45.410562,-22.652412],[-45.404561,-22.654218],[-45.39926,-22.653877],[-45.393329,-22.649801],[-45.390118,-22.650159],[-45.383975,-22.647446],[-45.382204,-22.643379],[-45.370211,-22.637151],[-45.364303,-22.63978],[-45.36201,-22.638968],[-45.354983,-22.633894],[-45.354054,-22.630488],[-45.348627,-22.62623],[-45.33595,-22.622688],[-45.33342,-22.618055],[-45.327781,-22.616175],[-45.324603,-22.617136],[-45.315932,-22.613796],[-45.303908,-22.616156],[-45.292242,-22.613414],[-45.289683,-22.615165],[-45.283587,-22.615057],[-45.275342,-22.61792],[-45.271352,-22.61099],[-45.267213,-22.611513],[-45.26109,-22.607199],[-45.261281,-22.605326],[-45.263685,-22.604809],[-45.260441,-22.601155],[-45.260322,-22.596701],[-45.256313,-22.590598],[-45.261321,-22.584847],[-45.261196,-22.582687],[-45.253621,-22.581686],[-45.243055,-22.575479],[-45.239575,-22.575755],[-45.233413,-22.572767],[-45.231454,-22.570083],[-45.228553,-22.570447],[-45.226145,-22.568803],[-45.224253,-22.564249],[-45.21395,-22.564199],[-45.208296,-22.561715],[-45.203625,-22.557424],[-45.191632,-22.556444],[-45.189426,-22.551924],[-45.18366,-22.552041],[-45.176826,-22.549875],[-45.176949,-22.546903],[-45.174535,-22.544482],[-45.164361,-22.538628],[-45.167528,-22.531134],[-45.162293,-22.524729],[-45.16103,-22.518342],[-45.154229,-22.512883],[-45.150977,-22.512501],[-45.151151,-22.507846],[-45.144679,-22.507939],[-45.139749,-22.501709],[-45.13576,-22.502168],[-45.129653,-22.497171],[-45.121786,-22.496963],[-45.116298,-22.493399],[-45.1123,-22.493573],[-45.104726,-22.491114],[-45.096736,-22.484508],[-45.09007,-22.482622],[-45.082838,-22.486228],[-45.0721,-22.477892],[-45.065264,-22.476436],[-45.05828,-22.470993],[-45.041066,-22.469508],[-45.03048,-22.46318],[-45.024935,-22.464271],[-45.026566,-22.469436],[-45.011036,-22.465929],[-44.99722,-22.468684],[-44.991264,-22.465887],[-44.989,-22.468993],[-44.979946,-22.468367],[-44.9696,-22.471541],[-44.965652,-22.474756],[-44.959812,-22.466086],[-44.951121,-22.462598],[-44.947662,-22.458591],[-44.941528,-22.455794],[-44.939853,-22.452253],[-44.935978,-22.453511],[-44.931169,-22.451264],[-44.928009,-22.453185],[-44.916928,-22.455152],[-44.912933,-22.45481],[-44.90992,-22.452093],[-44.903624,-22.454155],[-44.897692,-22.452931],[-44.897571,-22.449361],[-44.889024,-22.434986],[-44.889701,-22.432162],[-44.882713,-22.428874],[-44.874912,-22.42854],[-44.870639,-22.423523],[-44.864265,-22.424002],[-44.859309,-22.422674],[-44.854528,-22.427777],[-44.848414,-22.426239],[-44.843691,-22.427901],[-44.840084,-22.427511],[-44.83234,-22.430977],[-44.828707,-22.423013],[-44.82377,-22.419108],[-44.815884,-22.418074],[-44.8072,-22.414694],[-44.807183,-22.408869],[-44.809444,-22.406654],[-44.808435,-22.404472],[-44.806207,-22.403749],[-44.803407,-22.403781],[-44.799846,-22.407078],[-44.794454,-22.408553],[-44.788685,-22.407308],[-44.778923,-22.40851],[-44.769917,-22.415265],[-44.761036,-22.416654],[-44.75482,-22.415106],[-44.750248,-22.41829],[-44.749376,-22.420913],[-44.740402,-22.425409],[-44.733161,-22.433403],[-44.733467,-22.435769],[-44.729838,-22.439769],[-44.730778,-22.441684],[-44.728173,-22.448727],[-44.723625,-22.451424],[-44.724506,-22.455978],[-44.722582,-22.462362],[-44.719152,-22.463543],[-44.719222,-22.466773],[-44.717495,-22.467711],[-44.717891,-22.470856],[-44.720709,-22.470507],[-44.722381,-22.473374],[-44.723421,-22.476209],[-44.722216,-22.479156],[-44.724119,-22.483446],[-44.721251,-22.485447],[-44.719991,-22.492357],[-44.71228,-22.493264],[-44.710911,-22.496476],[-44.710203,-22.500948],[-44.714227,-22.505001],[-44.712611,-22.50918],[-44.71701,-22.510304],[-44.715668,-22.514208],[-44.710956,-22.513824],[-44.707832,-22.51173],[-44.699094,-22.511548],[-44.699495,-22.513882],[-44.696736,-22.515624],[-44.697748,-22.518069],[-44.689441,-22.519335],[-44.686742,-22.52356],[-44.680765,-22.525079],[-44.678256,-22.531784],[-44.670324,-22.536814],[-44.670198,-22.539783],[-44.675333,-22.542488],[-44.677375,-22.546278],[-44.677841,-22.55516],[-44.679303,-22.557612],[-44.67807,-22.560865],[-44.675309,-22.561078],[-44.668527,-22.554034],[-44.662331,-22.550946],[-44.659425,-22.554274],[-44.655555,-22.553529],[-44.650912,-22.556829],[-44.648137,-22.552038],[-44.642057,-22.558831],[-44.643655,-22.57274],[-44.642363,-22.577502],[-44.645358,-22.579569],[-44.64781,-22.584323],[-44.646846,-22.590429],[-44.644295,-22.592556],[-44.64518,-22.597251],[-44.644059,-22.599879],[-44.645912,-22.600758],[-44.646828,-22.603915],[-44.642258,-22.607957],[-44.632191,-22.609232],[-44.627239,-22.607049],[-44.624685,-22.60743],[-44.622754,-22.605516],[-44.617089,-22.612974],[-44.610659,-22.617292],[-44.60452,-22.613957],[-44.603302,-22.60732],[-44.59729,-22.609913],[-44.596936,-22.613536],[-44.592937,-22.6169],[-44.592169,-22.622793],[-44.586174,-22.621334],[-44.584205,-22.626068],[-44.583327,-22.621356],[-44.579859,-22.616359],[-44.580588,-22.612664],[-44.574407,-22.601977],[-44.571654,-22.601043],[-44.571579,-22.605059],[-44.568492,-22.606413],[-44.566807,-22.610685],[-44.564001,-22.611743],[-44.55902,-22.611592],[-44.554593,-22.609663],[-44.552757,-22.605171],[-44.549984,-22.605311],[-44.541538,-22.612144],[-44.537933,-22.617784],[-44.534663,-22.615379],[-44.529334,-22.619285],[-44.526781,-22.619343],[-44.52871,-22.623422],[-44.534463,-22.626397],[-44.538017,-22.632546],[-44.535777,-22.633224],[-44.530558,-22.629954],[-44.525725,-22.630981],[-44.523168,-22.62948],[-44.522063,-22.631036],[-44.518807,-22.631106],[-44.516458,-22.629498],[-44.516613,-22.633874],[-44.514815,-22.634365],[-44.510704,-22.641041],[-44.507962,-22.63917],[-44.506018,-22.63472],[-44.494784,-22.624564],[-44.495082,-22.622149],[-44.491236,-22.620476],[-44.492442,-22.617651],[-44.485076,-22.610846],[-44.485652,-22.609433],[-44.488528,-22.609081],[-44.48842,-22.606744],[-44.484384,-22.603816],[-44.481316,-22.607229],[-44.480651,-22.611],[-44.478025,-22.612831],[-44.471374,-22.612607],[-44.463878,-22.616225],[-44.462122,-22.613076],[-44.455455,-22.609742],[-44.453669,-22.614593],[-44.444151,-22.621937],[-44.441263,-22.613842],[-44.446405,-22.607747],[-44.442268,-22.603763],[-44.43894,-22.604861],[-44.432236,-22.598795],[-44.41726,-22.601069],[-44.406848,-22.608422],[-44.404396,-22.606353],[-44.401552,-22.606313],[-44.398169,-22.602899],[-44.401535,-22.603165],[-44.405458,-22.598784],[-44.405092,-22.591676],[-44.408875,-22.587713],[-44.403106,-22.587608],[-44.399688,-22.581714],[-44.395289,-22.581283],[-44.391962,-22.572738],[-44.389212,-22.573947],[-44.382286,-22.573427],[-44.370986,-22.580252],[-44.363545,-22.57793],[-44.360102,-22.581],[-44.359214,-22.58219],[-44.363075,-22.583253],[-44.36485,-22.586415],[-44.370256,-22.589409],[-44.365698,-22.593693],[-44.361608,-22.59161],[-44.359992,-22.592981],[-44.361523,-22.595835],[-44.361121,-22.601949],[-44.362799,-22.604763],[-44.359494,-22.609534],[-44.361606,-22.612037],[-44.356534,-22.614345],[-44.348922,-22.607631],[-44.350705,-22.601355],[-44.35019,-22.595418],[-44.345022,-22.596765],[-44.347694,-22.590753],[-44.344223,-22.587945],[-44.340205,-22.590509],[-44.332985,-22.590684],[-44.329706,-22.588566],[-44.325623,-22.588124],[-44.317891,-22.597055],[-44.313688,-22.594523],[-44.310189,-22.597338],[-44.304426,-22.598864],[-44.298664,-22.599372],[-44.294791,-22.598061],[-44.29525,-22.601581],[-44.285586,-22.609978],[-44.283449,-22.608212],[-44.283359,-22.604388],[-44.271364,-22.601551],[-44.268935,-22.599017],[-44.26131,-22.608515],[-44.253027,-22.612372],[-44.251382,-22.611951],[-44.24856,-22.606534],[-44.24496,-22.606386],[-44.241308,-22.608456],[-44.23657,-22.604036],[-44.235769,-22.607851],[-44.233059,-22.609093],[-44.226317,-22.604475],[-44.224654,-22.610629],[-44.219565,-22.617172],[-44.215987,-22.617073],[-44.214772,-22.61384],[-44.210383,-22.615215],[-44.207236,-22.611862],[-44.205071,-22.614857],[-44.20332,-22.615069],[-44.204062,-22.620367],[-44.202116,-22.622513],[-44.204567,-22.62508],[-44.204051,-22.626341],[-44.198237,-22.63038],[-44.19199,-22.629515],[-44.189542,-22.633356],[-44.183915,-22.63714],[-44.185873,-22.639048],[-44.185038,-22.641359],[-44.189541,-22.643211],[-44.190614,-22.647452],[-44.186852,-22.65079],[-44.178205,-22.653825],[-44.170842,-22.658904],[-44.168727,-22.66703],[-44.165879,-22.669865],[-44.165858,-22.673805],[-44.163428,-22.676066],[-44.165988,-22.679011],[-44.165363,-22.681233],[-44.168318,-22.683457],[-44.167642,-22.68672],[-44.176621,-22.692632],[-44.173909,-22.700651],[-44.175127,-22.704692],[-44.183642,-22.712357],[-44.20072,-22.71483],[-44.203645,-22.716538],[-44.203283,-22.720865],[-44.200571,-22.724491],[-44.197656,-22.724787],[-44.202621,-22.734011],[-44.211018,-22.73076],[-44.223466,-22.732217],[-44.228519,-22.734205],[-44.234604,-22.745044],[-44.242276,-22.748351],[-44.242326,-22.750752],[-44.238307,-22.755318],[-44.24476,-22.754768],[-44.246923,-22.75708],[-44.250523,-22.757219],[-44.252167,-22.763868],[-44.25662,-22.765613],[-44.259273,-22.769294],[-44.259544,-22.771831],[-44.256583,-22.773492],[-44.257261,-22.778762],[-44.253267,-22.781295],[-44.256231,-22.787683],[-44.25167,-22.787654],[-44.247697,-22.790829],[-44.242487,-22.78759],[-44.239694,-22.791092],[-44.241637,-22.79538],[-44.240879,-22.798365],[-44.243751,-22.800076],[-44.243485,-22.80217],[-44.255456,-22.806162],[-44.258175,-22.806367],[-44.259763,-22.804365],[-44.261388,-22.806294],[-44.261894,-22.812697],[-44.26961,-22.827211],[-44.268379,-22.829594],[-44.283285,-22.835976],[-44.28293,-22.834128],[-44.286192,-22.83194],[-44.285639,-22.828307],[-44.291109,-22.829066],[-44.296037,-22.827056],[-44.300917,-22.830627],[-44.305617,-22.831456],[-44.306261,-22.833254],[-44.307575,-22.832093],[-44.317847,-22.839753],[-44.317366,-22.84392],[-44.321935,-22.849618],[-44.324075,-22.849072],[-44.321059,-22.847034],[-44.320708,-22.839571],[-44.326217,-22.837607],[-44.330418,-22.842316],[-44.334242,-22.842792],[-44.337089,-22.840455],[-44.338819,-22.840712],[-44.341742,-22.845321],[-44.345095,-22.845292],[-44.351998,-22.849668],[-44.373811,-22.857743],[-44.381268,-22.858163],[-44.384213,-22.856747],[-44.38709,-22.857777],[-44.391734,-22.852268],[-44.40144,-22.855164],[-44.403559,-22.852421],[-44.402591,-22.848146],[-44.40944,-22.84618],[-44.419405,-22.848203],[-44.423147,-22.849975],[-44.429506,-22.858355],[-44.433389,-22.860832],[-44.433229,-22.867677],[-44.43592,-22.871585],[-44.443342,-22.875929],[-44.452247,-22.876872],[-44.455948,-22.879501],[-44.456884,-22.883109],[-44.459917,-22.883355],[-44.465866,-22.886878],[-44.470988,-22.87569],[-44.474783,-22.875543],[-44.476986,-22.873305],[-44.47544,-22.868205],[-44.480781,-22.867016],[-44.475961,-22.85652],[-44.478455,-22.854567],[-44.482104,-22.847112],[-44.484709,-22.845722],[-44.492652,-22.848356],[-44.495046,-22.846439],[-44.500238,-22.850259],[-44.505351,-22.851545],[-44.512128,-22.85806],[-44.511855,-22.860445],[-44.516287,-22.861163],[-44.518345,-22.865228],[-44.525612,-22.866153],[-44.534527,-22.870476],[-44.544185,-22.878769],[-44.54514,-22.881546],[-44.544082,-22.885055],[-44.54764,-22.886945],[-44.555854,-22.888913],[-44.560878,-22.884402],[-44.566365,-22.882671],[-44.570132,-22.883956],[-44.572356,-22.879905],[-44.575957,-22.877955],[-44.582834,-22.883505],[-44.586918,-22.882701],[-44.592363,-22.88396],[-44.60023,-22.889073],[-44.603378,-22.888944],[-44.607043,-22.885294],[-44.609828,-22.889572],[-44.621405,-22.900028],[-44.629762,-22.905696],[-44.632415,-22.905089],[-44.635777,-22.90676],[-44.640186,-22.912258],[-44.63868,-22.914286],[-44.639679,-22.915586],[-44.65507,-22.923354],[-44.659,-22.927929],[-44.664034,-22.926687],[-44.671618,-22.922063],[-44.671664,-22.919285],[-44.673565,-22.917971],[-44.678613,-22.926213],[-44.680155,-22.925769],[-44.68257,-22.930332],[-44.687231,-22.932517],[-44.687741,-22.936768],[-44.695723,-22.932051],[-44.700317,-22.932889],[-44.701035,-22.935194],[-44.703552,-22.9361],[-44.706642,-22.931604],[-44.710139,-22.931718],[-44.710828,-22.930098],[-44.713254,-22.929823],[-44.716727,-22.934928],[-44.71948,-22.934918],[-44.728113,-22.941955],[-44.734608,-22.945128],[-44.743687,-22.947059],[-44.745093,-22.951888],[-44.749134,-22.953723],[-44.748336,-22.956574],[-44.752081,-22.962847],[-44.74986,-22.964895],[-44.749307,-22.96982],[-44.751968,-22.97412],[-44.756601,-22.975759],[-44.754636,-22.978072],[-44.755211,-22.980299],[-44.759738,-22.978783],[-44.765138,-22.983225],[-44.771954,-22.98216],[-44.775676,-22.978614],[-44.781115,-22.978541],[-44.784501,-22.979392],[-44.786846,-22.982509],[-44.791925,-22.981926],[-44.793503,-22.985984],[-44.793097,-22.990962],[-44.796266,-22.995403],[-44.801357,-22.996741],[-44.802626,-22.999648],[-44.800011,-23.002615],[-44.79988,-23.006063],[-44.794364,-23.006188],[-44.794847,-23.007604],[-44.792541,-23.010021],[-44.798838,-23.020713],[-44.795934,-23.025326],[-44.797784,-23.028832],[-44.80154,-23.0308],[-44.800464,-23.035112],[-44.802623,-23.04082],[-44.801345,-23.044821],[-44.803206,-23.050572],[-44.805643,-23.049538],[-44.811951,-23.054602],[-44.809448,-23.05701],[-44.810474,-23.060137],[-44.807972,-23.061032],[-44.80752,-23.062917],[-44.808298,-23.06457],[-44.81386,-23.067151],[-44.811542,-23.070574],[-44.813077,-23.078249],[-44.81213,-23.079572],[-44.815168,-23.080675],[-44.819159,-23.09114],[-44.812546,-23.091326],[-44.81132,-23.095335],[-44.812883,-23.098365],[-44.808908,-23.100428],[-44.816007,-23.108274],[-44.815121,-23.112522],[-44.810495,-23.114989],[-44.814458,-23.120349],[-44.811092,-23.125133],[-44.819345,-23.131566],[-44.819107,-23.134888],[-44.815739,-23.137211],[-44.816002,-23.140321],[-44.821911,-23.140919],[-44.82528,-23.144276],[-44.821636,-23.149117],[-44.823144,-23.152943],[-44.822767,-23.16025],[-44.825198,-23.162819],[-44.828725,-23.162157],[-44.83489,-23.167193],[-44.843176,-23.166979],[-44.844853,-23.168719],[-44.844939,-23.172086],[-44.847838,-23.174],[-44.85575,-23.172279],[-44.855483,-23.176161],[-44.859812,-23.180552],[-44.87241,-23.182263],[-44.87499,-23.185294],[-44.874708,-23.192252],[-44.876968,-23.194651],[-44.875951,-23.197787],[-44.883382,-23.203803],[-44.883612,-23.21222],[-44.881083,-23.216446],[-44.884578,-23.217871],[-44.88933,-23.224128],[-44.885708,-23.232814],[-44.876844,-23.232752],[-44.878551,-23.241598],[-44.875351,-23.249107],[-44.851803,-23.248924],[-44.84949,-23.251485],[-44.846287,-23.251329],[-44.842394,-23.256073],[-44.83642,-23.25572],[-44.837385,-23.259567],[-44.840865,-23.263008],[-44.835628,-23.267552],[-44.830422,-23.268787],[-44.827085,-23.280074],[-44.824155,-23.28077],[-44.827595,-23.287598],[-44.826752,-23.291309],[-44.818113,-23.289515],[-44.812438,-23.284477],[-44.807089,-23.282534],[-44.80742,-23.286412],[-44.804477,-23.290476],[-44.786758,-23.298842],[-44.786214,-23.301144],[-44.788278,-23.305978],[-44.785773,-23.310549],[-44.780338,-23.314792],[-44.779225,-23.318777],[-44.779246,-23.321854],[-44.781848,-23.326266],[-44.779086,-23.327924],[-44.778306,-23.331524],[-44.776312,-23.332679],[-44.778148,-23.338484],[-44.770992,-23.338901],[-44.765067,-23.34235],[-44.760062,-23.341656],[-44.75687,-23.351132],[-44.751082,-23.352939],[-44.75025,-23.359662],[-44.743264,-23.358398],[-44.73836,-23.361867],[-44.735811,-23.365903],[-44.727692,-23.369233],[-44.723605,-23.368297],[-44.723649,-23.368461]]],[[[-51.289426,-20.329619],[-51.259534,-20.321627],[-51.232063,-20.316859],[-51.205451,-20.313419],[-51.183756,-20.313866],[-51.157934,-20.30941],[-51.144219,-20.303047],[-51.112904,-20.281189],[-51.085308,-20.269773],[-51.076751,-20.264769],[-51.060424,-20.250312],[-51.046733,-20.240877],[-51.043189,-20.234343],[-51.040712,-20.212655],[-51.034086,-20.193689],[-51.033736,-20.172167],[-51.030224,-20.163853],[-51.018077,-20.144561],[-51.003806,-20.111191],[-50.998542,-20.08152],[-50.984848,-20.062881],[-50.968503,-20.035923],[-50.964205,-20.032857],[-50.952052,-20.032697],[-50.946356,-20.030178],[-50.933492,-20.015276],[-50.925099,-20.012091],[-50.913381,-20.004185],[-50.906713,-19.992887],[-50.898982,-19.990071],[-50.8866,-19.991358],[-50.874006,-19.989984],[-50.868894,-19.987651],[-50.85528,-19.97089],[-50.840433,-19.966951],[-50.816757,-19.957959],[-50.796989,-19.944507],[-50.783488,-19.937236],[-50.762775,-19.934772],[-50.753661,-19.929614],[-50.741777,-19.931054],[-50.732887,-19.93016],[-50.712718,-19.920713],[-50.689043,-19.914615],[-50.679615,-19.914515],[-50.657832,-19.905462],[-50.649924,-19.898933],[-50.641587,-19.882696],[-50.633921,-19.872171],[-50.606315,-19.85736],[-50.588336,-19.83096],[-50.583967,-19.82159],[-50.577713,-19.814925],[-50.570452,-19.812286],[-50.561113,-19.814513],[-50.549205,-19.811851],[-50.516926,-19.795471],[-50.500789,-19.796646],[-50.481306,-19.782738],[-50.475196,-19.780801],[-50.464725,-19.780526],[-50.461443,-19.781645],[-50.441885,-19.794503],[-50.437046,-19.796118],[-50.426625,-19.795941],[-50.412485,-19.804363],[-50.403719,-19.81369],[-50.395299,-19.819326],[-50.38985,-19.829491],[-50.379586,-19.836999],[-50.374281,-19.844891],[-50.367657,-19.846449],[-50.363388,-19.851245],[-50.358966,-19.852899],[-50.351552,-19.862621],[-50.342843,-19.869231],[-50.326887,-19.870262],[-50.313509,-19.875541],[-50.303783,-19.873151],[-50.29671,-19.86837],[-50.289725,-19.867435],[-50.264393,-19.871565],[-50.254991,-19.876042],[-50.244607,-19.876895],[-50.23324,-19.87446],[-50.216644,-19.867378],[-50.200445,-19.866263],[-50.184421,-19.869621],[-50.155665,-19.879492],[-50.138185,-19.87472],[-50.102241,-19.874407],[-50.094054,-19.877032],[-50.072395,-19.889216],[-50.067948,-19.893509],[-50.059848,-19.907985],[-50.056653,-19.91078],[-50.028845,-19.921552],[-50.004593,-19.926583],[-49.96938,-19.920769],[-49.956688,-19.92087],[-49.921079,-19.930403],[-49.888382,-19.944637],[-49.862645,-19.944432],[-49.85606,-19.946602],[-49.851203,-19.94447],[-49.841471,-19.934199],[-49.836532,-19.932146],[-49.814603,-19.933246],[-49.785115,-19.923895],[-49.735864,-19.925104],[-49.723078,-19.927764],[-49.695191,-19.930269],[-49.680315,-19.933846],[-49.663576,-19.930981],[-49.631858,-19.931062],[-49.626119,-19.929707],[-49.613887,-19.920184],[-49.603311,-19.91574],[-49.578156,-19.910224],[-49.559857,-19.909897],[-49.545629,-19.907677],[-49.521922,-19.912125],[-49.506706,-19.918151],[-49.499538,-19.927793],[-49.49733,-19.933476],[-49.496533,-19.942277],[-49.493135,-19.949978],[-49.46455,-19.97105],[-49.456924,-19.97827],[-49.447393,-19.981813],[-49.400537,-19.983293],[-49.375682,-19.986849],[-49.353158,-19.985778],[-49.336447,-19.982337],[-49.318384,-19.9667],[-49.298613,-19.959616],[-49.280677,-19.962256],[-49.263136,-19.96287],[-49.255644,-19.965885],[-49.244974,-19.973855],[-49.24441,-19.985912],[-49.245934,-19.995748],[-49.248121,-19.998853],[-49.260223,-20.00606],[-49.278922,-20.004106],[-49.288109,-20.005962],[-49.291682,-20.0089],[-49.297994,-20.017544],[-49.298739,-20.035098],[-49.306268,-20.054988],[-49.309164,-20.096191],[-49.299618,-20.151552],[-49.299871,-20.165249],[-49.286492,-20.191475],[-49.284413,-20.198397],[-49.272462,-20.215888],[-49.263851,-20.233223],[-49.260251,-20.244509],[-49.257845,-20.260096],[-49.248999,-20.273658],[-49.246341,-20.280871],[-49.238624,-20.288073],[-49.235978,-20.294191],[-49.22672,-20.305002],[-49.202431,-20.30497],[-49.198284,-20.308474],[-49.194183,-20.308131],[-49.19447,-20.310737],[-49.197679,-20.312688],[-49.206694,-20.313187],[-49.21474,-20.311813],[-49.225624,-20.315893],[-49.236248,-20.309439],[-49.246862,-20.310823],[-49.253214,-20.308457],[-49.255909,-20.300564],[-49.263639,-20.295463],[-49.262913,-20.283288],[-49.268455,-20.274746],[-49.270024,-20.26927],[-49.272917,-20.267591],[-49.278389,-20.268462],[-49.280691,-20.26633],[-49.280516,-20.263569],[-49.275055,-20.255092],[-49.274384,-20.248908],[-49.28275,-20.225433],[-49.288,-20.222064],[-49.293691,-20.221312],[-49.306037,-20.23316],[-49.312636,-20.231349],[-49.31813,-20.232223],[-49.320454,-20.229989],[-49.321541,-20.223816],[-49.332197,-20.2183],[-49.334167,-20.211063],[-49.341356,-20.20591],[-49.34251,-20.19455],[-49.33826,-20.182761],[-49.34082,-20.174834],[-49.340337,-20.164392],[-49.341449,-20.15849],[-49.34902,-20.143567],[-49.34758,-20.139838],[-49.340124,-20.133566],[-49.341691,-20.125798],[-49.337559,-20.1141],[-49.340261,-20.110266],[-49.349696,-20.105493],[-49.352353,-20.088434],[-49.343344,-20.068815],[-49.338583,-20.049751],[-49.334707,-20.042718],[-49.334458,-20.037395],[-49.323362,-20.024523],[-49.323545,-20.019969],[-49.332818,-20.011943],[-49.341626,-20.013022],[-49.350516,-20.006827],[-49.356594,-20.005975],[-49.360722,-20.01009],[-49.36101,-20.024524],[-49.369014,-20.030945],[-49.377011,-20.030716],[-49.379657,-20.03255],[-49.377468,-20.04277],[-49.379447,-20.046578],[-49.385372,-20.048134],[-49.39488,-20.044597],[-49.397089,-20.046424],[-49.399329,-20.05227],[-49.40358,-20.054575],[-49.407921,-20.054809],[-49.41034,-20.052033],[-49.409524,-20.041431],[-49.414718,-20.034131],[-49.418171,-20.034016],[-49.421646,-20.038039],[-49.425496,-20.038604],[-49.428928,-20.037586],[-49.436702,-20.031224],[-49.445976,-20.03356],[-49.450352,-20.033081],[-49.454964,-20.030437],[-49.456378,-20.025614],[-49.45212,-20.016456],[-49.451012,-20.007932],[-49.451727,-20.005024],[-49.45437,-20.003057],[-49.460518,-20.00313],[-49.467446,-20.012076],[-49.474154,-20.014097],[-49.482423,-20.010491],[-49.483194,-20.007897],[-49.481757,-20.002995],[-49.48434,-20.000247],[-49.497454,-20.000217],[-49.50337,-20.006054],[-49.508511,-20.004369],[-49.50995,-20.000276],[-49.504951,-19.991681],[-49.506621,-19.988752],[-49.513657,-19.984797],[-49.513434,-19.973445],[-49.517383,-19.970612],[-49.524942,-19.972008],[-49.528633,-19.9703],[-49.531206,-19.964956],[-49.538613,-19.959583],[-49.547628,-19.943886],[-49.550858,-19.941739],[-49.556906,-19.941639],[-49.559923,-19.943444],[-49.563355,-19.951955],[-49.56203,-19.956306],[-49.558823,-19.95902],[-49.547029,-19.964976],[-49.535572,-19.993787],[-49.537542,-20.001232],[-49.535528,-20.008451],[-49.5396,-20.016018],[-49.538014,-20.021138],[-49.530215,-20.032993],[-49.534125,-20.039718],[-49.534353,-20.047022],[-49.546989,-20.059134],[-49.549385,-20.065222],[-49.549408,-20.070907],[-49.555352,-20.079548],[-49.560342,-20.083875],[-49.573996,-20.08102],[-49.584073,-20.082171],[-49.590257,-20.079052],[-49.597873,-20.078496],[-49.609681,-20.088994],[-49.618066,-20.089336],[-49.628917,-20.097408],[-49.632731,-20.095113],[-49.631573,-20.089153],[-49.632769,-20.086353],[-49.635688,-20.085452],[-49.644661,-20.088476],[-49.647539,-20.088028],[-49.6492,-20.08568],[-49.648745,-20.078842],[-49.650409,-20.073841],[-49.660359,-20.065687],[-49.668417,-20.064605],[-49.670618,-20.06299],[-49.670419,-20.057485],[-49.665175,-20.043516],[-49.667196,-20.035517],[-49.671015,-20.034745],[-49.677233,-20.037858],[-49.684581,-20.033702],[-49.691673,-20.034715],[-49.702972,-20.029926],[-49.704735,-20.026159],[-49.700819,-20.010746],[-49.703097,-20.007744],[-49.705773,-20.007692],[-49.713175,-20.011944],[-49.716761,-20.018282],[-49.719059,-20.019601],[-49.722088,-20.018834],[-49.728565,-20.011831],[-49.728616,-20.007192],[-49.724135,-19.997621],[-49.723448,-19.989868],[-49.716848,-19.979944],[-49.719502,-19.973316],[-49.726525,-19.972734],[-49.729686,-19.970183],[-49.727161,-19.953259],[-49.729127,-19.949882],[-49.736262,-19.951162],[-49.73825,-19.95333],[-49.739671,-19.960036],[-49.750933,-19.964287],[-49.754431,-19.961873],[-49.752409,-19.953149],[-49.753204,-19.949124],[-49.756115,-19.94629],[-49.760851,-19.946539],[-49.772332,-19.956156],[-49.775646,-19.954974],[-49.779789,-19.948581],[-49.784671,-19.948654],[-49.78752,-19.95113],[-49.790717,-19.95675],[-49.792943,-19.968459],[-49.789126,-19.975346],[-49.77206,-19.992371],[-49.768708,-20.00202],[-49.771941,-20.005307],[-49.782476,-19.999381],[-49.79511,-19.984039],[-49.799025,-19.984353],[-49.803563,-19.989467],[-49.808605,-19.989058],[-49.815339,-19.972551],[-49.83558,-19.959062],[-49.846346,-19.96351],[-49.847178,-19.970758],[-49.849829,-19.973369],[-49.853092,-19.972724],[-49.858855,-19.967499],[-49.869286,-19.965736],[-49.87432,-19.96684],[-49.876012,-19.970963],[-49.870527,-19.982938],[-49.870393,-19.991622],[-49.86615,-19.995242],[-49.865303,-19.998039],[-49.867041,-20.00051],[-49.875209,-20.004501],[-49.879108,-20.011733],[-49.882509,-20.014255],[-49.884785,-20.021867],[-49.88307,-20.025179],[-49.878715,-20.026431],[-49.874465,-20.024609],[-49.869417,-20.013418],[-49.859546,-20.005258],[-49.843142,-20.004189],[-49.840929,-20.007029],[-49.841281,-20.013369],[-49.835288,-20.015695],[-49.821968,-20.010635],[-49.818795,-20.011109],[-49.817213,-20.013981],[-49.82044,-20.022369],[-49.820392,-20.026001],[-49.805019,-20.033991],[-49.804187,-20.036463],[-49.806382,-20.043521],[-49.805867,-20.047729],[-49.800439,-20.055051],[-49.79491,-20.059607],[-49.791267,-20.066136],[-49.781816,-20.067819],[-49.773496,-20.064328],[-49.766264,-20.064276],[-49.763845,-20.06552],[-49.761836,-20.069837],[-49.759322,-20.070808],[-49.754195,-20.066487],[-49.751571,-20.065991],[-49.747239,-20.069077],[-49.745128,-20.073898],[-49.742601,-20.074906],[-49.739547,-20.073499],[-49.735732,-20.066693],[-49.731265,-20.066911],[-49.726932,-20.072758],[-49.721947,-20.076326],[-49.724338,-20.083733],[-49.716276,-20.095095],[-49.720084,-20.10263],[-49.719236,-20.105906],[-49.716661,-20.10704],[-49.712535,-20.106314],[-49.700581,-20.099257],[-49.697566,-20.099419],[-49.693935,-20.107862],[-49.684332,-20.107432],[-49.679795,-20.111945],[-49.679506,-20.115969],[-49.684101,-20.126842],[-49.682693,-20.130129],[-49.680042,-20.130837],[-49.66869,-20.129015],[-49.662705,-20.125868],[-49.659429,-20.127329],[-49.659558,-20.132569],[-49.665849,-20.140741],[-49.664171,-20.144629],[-49.661099,-20.1454],[-49.647335,-20.142414],[-49.641659,-20.148862],[-49.641036,-20.154426],[-49.63841,-20.156507],[-49.628333,-20.155525],[-49.623812,-20.15337],[-49.618307,-20.154547],[-49.61315,-20.16051],[-49.612346,-20.166626],[-49.614324,-20.172494],[-49.61335,-20.176389],[-49.60386,-20.181781],[-49.603174,-20.187845],[-49.599714,-20.191701],[-49.599888,-20.194357],[-49.60191,-20.19611],[-49.61205,-20.198829],[-49.621118,-20.196285],[-49.626249,-20.191267],[-49.640459,-20.195539],[-49.652425,-20.193118],[-49.66332,-20.186787],[-49.673725,-20.18844],[-49.677995,-20.184963],[-49.682344,-20.172819],[-49.681364,-20.166599],[-49.68265,-20.162129],[-49.691578,-20.156382],[-49.695377,-20.151433],[-49.708348,-20.150829],[-49.719205,-20.153151],[-49.723839,-20.149683],[-49.731275,-20.133381],[-49.743977,-20.131658],[-49.755159,-20.133786],[-49.76154,-20.129471],[-49.772699,-20.12693],[-49.776626,-20.123099],[-49.785222,-20.120009],[-49.789988,-20.114039],[-49.791456,-20.109128],[-49.795891,-20.106248],[-49.800999,-20.099377],[-49.807621,-20.099487],[-49.815795,-20.10256],[-49.827477,-20.117965],[-49.830149,-20.124806],[-49.834089,-20.128167],[-49.838197,-20.128185],[-49.840373,-20.124449],[-49.840461,-20.115463],[-49.837887,-20.11036],[-49.838871,-20.100525],[-49.833178,-20.09398],[-49.832829,-20.091448],[-49.844025,-20.078913],[-49.845974,-20.060411],[-49.848185,-20.057185],[-49.855159,-20.053078],[-49.856644,-20.047337],[-49.859407,-20.045606],[-49.869111,-20.050511],[-49.872614,-20.055297],[-49.872204,-20.059022],[-49.867517,-20.066625],[-49.867026,-20.074356],[-49.863166,-20.080474],[-49.862284,-20.090837],[-49.864962,-20.097134],[-49.8676,-20.09763],[-49.871628,-20.09605],[-49.874958,-20.097816],[-49.877748,-20.109065],[-49.877179,-20.114897],[-49.881582,-20.12498],[-49.890084,-20.127411],[-49.897986,-20.121041],[-49.8974,-20.11599],[-49.893724,-20.112907],[-49.892296,-20.109531],[-49.895569,-20.091138],[-49.897794,-20.089241],[-49.900924,-20.089309],[-49.903001,-20.092029],[-49.902797,-20.102654],[-49.907791,-20.106478],[-49.912315,-20.114707],[-49.91394,-20.127955],[-49.917152,-20.137444],[-49.927598,-20.148751],[-49.934766,-20.148637],[-49.940403,-20.153977],[-49.944603,-20.153531],[-49.948907,-20.146317],[-49.941838,-20.126799],[-49.945703,-20.124244],[-49.953536,-20.128566],[-49.957946,-20.127237],[-49.958291,-20.122307],[-49.953629,-20.109611],[-49.961058,-20.100485],[-49.96023,-20.094538],[-49.956357,-20.086818],[-49.958101,-20.075765],[-49.950969,-20.066823],[-49.952058,-20.063966],[-49.959033,-20.061109],[-49.960726,-20.058546],[-49.960586,-20.054716],[-49.953693,-20.041385],[-49.958426,-20.033892],[-49.960157,-20.027673],[-49.966472,-20.0243],[-49.967781,-20.020914],[-49.963689,-20.016017],[-49.960742,-20.014971],[-49.953214,-20.022157],[-49.948342,-20.021308],[-49.943461,-20.013244],[-49.93919,-19.998869],[-49.92804,-19.987396],[-49.92787,-19.983324],[-49.931314,-19.981022],[-49.942707,-19.985779],[-49.947423,-19.990982],[-49.950927,-19.990835],[-49.957043,-19.98673],[-49.962661,-19.990643],[-49.972952,-19.991281],[-49.984846,-20.001126],[-49.984482,-20.004384],[-49.980125,-20.008463],[-49.981201,-20.012202],[-49.983869,-20.013336],[-49.997694,-20.012174],[-50.00036,-20.01378],[-50.000593,-20.017146],[-49.995624,-20.023063],[-49.986253,-20.02585],[-49.982995,-20.029596],[-49.982682,-20.032319],[-49.985275,-20.034687],[-49.994856,-20.033305],[-49.999141,-20.03478],[-50.00014,-20.038018],[-49.997122,-20.041588],[-49.996927,-20.044512],[-50.004786,-20.051632],[-50.007718,-20.056565],[-50.010785,-20.056944],[-50.019378,-20.052335],[-50.025898,-20.056212],[-50.027315,-20.064764],[-50.020894,-20.073483],[-50.026633,-20.089276],[-50.026165,-20.101876],[-50.024429,-20.106453],[-50.018145,-20.111912],[-50.017606,-20.115987],[-50.020977,-20.12374],[-50.03168,-20.124591],[-50.036462,-20.121728],[-50.04459,-20.110063],[-50.053324,-20.10428],[-50.053457,-20.098883],[-50.047997,-20.091194],[-50.046482,-20.085014],[-50.052102,-20.072792],[-50.058696,-20.071176],[-50.060774,-20.067905],[-50.054666,-20.056701],[-50.054195,-20.050749],[-50.048014,-20.041903],[-50.043968,-20.031035],[-50.039757,-20.028037],[-50.031757,-20.027719],[-50.02733,-20.024835],[-50.024827,-20.018804],[-50.025759,-20.015413],[-50.029088,-20.014243],[-50.036922,-20.016446],[-50.039157,-20.015034],[-50.039772,-20.012415],[-50.037817,-20.009652],[-50.024293,-20.002788],[-50.022713,-19.997504],[-50.025647,-19.988943],[-50.032052,-19.984204],[-50.035352,-19.984262],[-50.038745,-19.987695],[-50.042006,-19.988138],[-50.044172,-19.986327],[-50.045991,-19.980182],[-50.048273,-19.978442],[-50.059582,-19.978681],[-50.062688,-19.972802],[-50.065135,-19.971315],[-50.076087,-19.972534],[-50.081451,-19.97952],[-50.07846,-19.986727],[-50.079675,-19.993941],[-50.084298,-19.998239],[-50.084084,-20.006066],[-50.087722,-20.010507],[-50.097202,-20.013543],[-50.098277,-20.019111],[-50.102064,-20.02427],[-50.097121,-20.030445],[-50.088669,-20.035374],[-50.083304,-20.036271],[-50.08176,-20.038633],[-50.082699,-20.042885],[-50.080459,-20.047538],[-50.081398,-20.0507],[-50.084876,-20.05191],[-50.094244,-20.050365],[-50.09693,-20.052787],[-50.094848,-20.06673],[-50.088238,-20.074475],[-50.087059,-20.081672],[-50.089565,-20.087524],[-50.091982,-20.088036],[-50.097504,-20.086005],[-50.10179,-20.089407],[-50.098406,-20.105003],[-50.104559,-20.113789],[-50.103476,-20.116421],[-50.100734,-20.117441],[-50.089355,-20.11344],[-50.087242,-20.115079],[-50.086367,-20.118947],[-50.087859,-20.121198],[-50.093752,-20.123885],[-50.096814,-20.127673],[-50.104786,-20.128594],[-50.108475,-20.142106],[-50.101123,-20.157363],[-50.098799,-20.159119],[-50.088268,-20.157994],[-50.082851,-20.154886],[-50.066627,-20.158618],[-50.056367,-20.156202],[-50.049633,-20.156979],[-50.048528,-20.159508],[-50.050729,-20.166337],[-50.049981,-20.169967],[-50.046414,-20.178262],[-50.039044,-20.184778],[-50.03694,-20.188837],[-50.036903,-20.192763],[-50.040123,-20.19958],[-50.039316,-20.203309],[-50.033644,-20.20978],[-50.021367,-20.212167],[-50.016847,-20.211425],[-50.007437,-20.213116],[-49.997917,-20.211913],[-49.98814,-20.216133],[-49.982483,-20.215324],[-49.981138,-20.212666],[-49.983656,-20.206873],[-49.982261,-20.201193],[-49.983769,-20.196084],[-49.975366,-20.189795],[-49.973893,-20.186087],[-49.977099,-20.183182],[-49.988403,-20.183592],[-49.990757,-20.178018],[-49.98836,-20.175809],[-49.974494,-20.173645],[-49.965871,-20.167826],[-49.956452,-20.177291],[-49.947035,-20.178344],[-49.94201,-20.186765],[-49.938624,-20.189646],[-49.934662,-20.199977],[-49.929374,-20.203483],[-49.924035,-20.213453],[-49.917975,-20.216527],[-49.913501,-20.215894],[-49.907571,-20.211016],[-49.902103,-20.200176],[-49.893106,-20.194664],[-49.891108,-20.18801],[-49.893706,-20.18135],[-49.892995,-20.178607],[-49.885168,-20.175192],[-49.879015,-20.165635],[-49.869685,-20.157258],[-49.862429,-20.153287],[-49.860057,-20.147809],[-49.85072,-20.140385],[-49.834816,-20.150684],[-49.836767,-20.162979],[-49.842563,-20.169594],[-49.840208,-20.173647],[-49.829155,-20.175233],[-49.826578,-20.174239],[-49.824843,-20.170302],[-49.826971,-20.161052],[-49.824588,-20.156191],[-49.822637,-20.154658],[-49.813699,-20.152951],[-49.812073,-20.150428],[-49.811909,-20.142554],[-49.809801,-20.141047],[-49.805853,-20.141073],[-49.797122,-20.144116],[-49.794922,-20.146598],[-49.791489,-20.157891],[-49.787803,-20.161853],[-49.783554,-20.183086],[-49.779826,-20.18661],[-49.778475,-20.193124],[-49.775573,-20.195591],[-49.765828,-20.196006],[-49.756412,-20.193735],[-49.744526,-20.196176],[-49.733095,-20.192731],[-49.726252,-20.193044],[-49.718532,-20.189788],[-49.705924,-20.190934],[-49.704242,-20.19317],[-49.704608,-20.195984],[-49.710234,-20.199295],[-49.715434,-20.205357],[-49.715793,-20.21676],[-49.709954,-20.224635],[-49.702243,-20.227881],[-49.699772,-20.231507],[-49.696363,-20.260664],[-49.691513,-20.264677],[-49.681999,-20.267125],[-49.679916,-20.269356],[-49.679412,-20.276294],[-49.682356,-20.282269],[-49.683433,-20.292983],[-49.673749,-20.308792],[-49.663091,-20.335516],[-49.653684,-20.350297],[-49.661934,-20.364637],[-49.668102,-20.371518],[-49.669539,-20.376219],[-49.66342,-20.392437],[-49.654093,-20.400442],[-49.648997,-20.399562],[-49.636146,-20.400835],[-49.622595,-20.395919],[-49.61589,-20.386814],[-49.613062,-20.378374],[-49.616684,-20.370593],[-49.615812,-20.364401],[-49.624843,-20.349761],[-49.62771,-20.341599],[-49.62434,-20.314101],[-49.621766,-20.305838],[-49.627101,-20.287939],[-49.636565,-20.272241],[-49.648604,-20.24748],[-49.649082,-20.241493],[-49.667494,-20.233409],[-49.669491,-20.226721],[-49.667146,-20.223483],[-49.653146,-20.226356],[-49.643761,-20.222006],[-49.633396,-20.22107],[-49.620467,-20.23185],[-49.618409,-20.236421],[-49.618802,-20.241204],[-49.616936,-20.24794],[-49.610619,-20.251638],[-49.597889,-20.250611],[-49.588784,-20.256928],[-49.578104,-20.270038],[-49.577205,-20.274124],[-49.575109,-20.275937],[-49.570648,-20.275414],[-49.565626,-20.269551],[-49.555709,-20.264999],[-49.551842,-20.265532],[-49.550491,-20.267944],[-49.551493,-20.278084],[-49.544848,-20.283486],[-49.545075,-20.288417],[-49.548094,-20.292647],[-49.547422,-20.298208],[-49.541573,-20.303693],[-49.53457,-20.305192],[-49.530136,-20.308879],[-49.532417,-20.316081],[-49.53227,-20.325931],[-49.534472,-20.330085],[-49.533526,-20.335147],[-49.529681,-20.337195],[-49.519609,-20.335557],[-49.508243,-20.341453],[-49.50283,-20.34629],[-49.500872,-20.352878],[-49.494828,-20.355472],[-49.493502,-20.361397],[-49.490553,-20.363995],[-49.486308,-20.362995],[-49.479706,-20.352878],[-49.476603,-20.350913],[-49.473864,-20.35159],[-49.470816,-20.356728],[-49.466461,-20.359195],[-49.457139,-20.35993],[-49.454119,-20.357753],[-49.453893,-20.351542],[-49.450127,-20.34348],[-49.45544,-20.338349],[-49.458008,-20.330579],[-49.458225,-20.312349],[-49.462366,-20.299975],[-49.461299,-20.296219],[-49.454527,-20.293223],[-49.453148,-20.289683],[-49.45548,-20.286881],[-49.460156,-20.286731],[-49.462328,-20.285229],[-49.463635,-20.273559],[-49.462577,-20.271306],[-49.45538,-20.266788],[-49.452193,-20.256616],[-49.44919,-20.253198],[-49.442986,-20.253776],[-49.433317,-20.268479],[-49.424865,-20.271052],[-49.417898,-20.276971],[-49.418514,-20.282176],[-49.425723,-20.283553],[-49.427581,-20.286901],[-49.420964,-20.293974],[-49.423404,-20.301493],[-49.419235,-20.317639],[-49.413601,-20.328689],[-49.410696,-20.328708],[-49.40684,-20.326375],[-49.403543,-20.320228],[-49.397792,-20.31631],[-49.391858,-20.314921],[-49.388558,-20.308855],[-49.384239,-20.306063],[-49.381614,-20.300475],[-49.369403,-20.297712],[-49.360334,-20.29028],[-49.356797,-20.29005],[-49.352881,-20.292423],[-49.35185,-20.295475],[-49.354276,-20.303587],[-49.36431,-20.31592],[-49.363077,-20.320727],[-49.36029,-20.322083],[-49.350444,-20.321001],[-49.338263,-20.314584],[-49.335722,-20.315407],[-49.334427,-20.317735],[-49.343539,-20.339666],[-49.348154,-20.345686],[-49.350217,-20.351392],[-49.345443,-20.364182],[-49.349724,-20.372933],[-49.347885,-20.380039],[-49.337884,-20.38515],[-49.332914,-20.390086],[-49.32699,-20.391624],[-49.322138,-20.386345],[-49.319339,-20.375009],[-49.316171,-20.373309],[-49.31336,-20.374289],[-49.311053,-20.381367],[-49.313977,-20.388871],[-49.314252,-20.402096],[-49.316902,-20.408093],[-49.322792,-20.409468],[-49.325814,-20.41278],[-49.324454,-20.422314],[-49.311142,-20.430186],[-49.302971,-20.429165],[-49.290259,-20.430442],[-49.285121,-20.43287],[-49.283454,-20.4365],[-49.285253,-20.446221],[-49.289667,-20.454936],[-49.297605,-20.458892],[-49.304514,-20.460125],[-49.30706,-20.468062],[-49.303021,-20.470978],[-49.291972,-20.469647],[-49.284265,-20.467323],[-49.272414,-20.460513],[-49.266372,-20.460749],[-49.265528,-20.464678],[-49.272014,-20.474205],[-49.270954,-20.478614],[-49.265474,-20.48267],[-49.262303,-20.487439],[-49.257863,-20.489161],[-49.25304,-20.488989],[-49.248673,-20.49235],[-49.240821,-20.492818],[-49.238186,-20.494936],[-49.238407,-20.497979],[-49.248042,-20.509818],[-49.24858,-20.516682],[-49.234664,-20.532479],[-49.228181,-20.531399],[-49.223241,-20.533009],[-49.218907,-20.530993],[-49.204125,-20.529726],[-49.19816,-20.530634],[-49.188832,-20.538905],[-49.169457,-20.547148],[-49.166874,-20.547088],[-49.16325,-20.541212],[-49.156961,-20.536906],[-49.151188,-20.526073],[-49.149362,-20.518683],[-49.143625,-20.514624],[-49.138054,-20.507999],[-49.129714,-20.493251],[-49.109966,-20.480659],[-49.106454,-20.475911],[-49.091542,-20.471479],[-49.086115,-20.466115],[-49.087219,-20.461601],[-49.09453,-20.45992],[-49.107641,-20.459704],[-49.110495,-20.461793],[-49.112605,-20.468021],[-49.115231,-20.469222],[-49.125487,-20.46403],[-49.134584,-20.463374],[-49.137254,-20.453108],[-49.147417,-20.44836],[-49.150873,-20.442613],[-49.147738,-20.435837],[-49.150543,-20.429231],[-49.145464,-20.424722],[-49.144645,-20.421888],[-49.147007,-20.418888],[-49.156251,-20.415197],[-49.158906,-20.411353],[-49.158963,-20.408322],[-49.154065,-20.400765],[-49.145004,-20.396927],[-49.131816,-20.401726],[-49.123471,-20.401549],[-49.120001,-20.406363],[-49.114386,-20.421167],[-49.11163,-20.423688],[-49.10695,-20.424828],[-49.099009,-20.42213],[-49.093384,-20.427791],[-49.088574,-20.430189],[-49.08356,-20.430688],[-49.078041,-20.429131],[-49.066246,-20.419899],[-49.065169,-20.417401],[-49.067361,-20.414246],[-49.074405,-20.411967],[-49.075593,-20.406205],[-49.082229,-20.400377],[-49.081514,-20.396632],[-49.077183,-20.395378],[-49.067464,-20.399261],[-49.062717,-20.396799],[-49.057924,-20.397392],[-49.05381,-20.394829],[-49.050965,-20.394829],[-49.045318,-20.40211],[-49.044065,-20.412398],[-49.039153,-20.419107],[-49.037307,-20.432866],[-49.023208,-20.446924],[-49.018644,-20.458929],[-49.020711,-20.464286],[-49.026902,-20.464159],[-49.029835,-20.466446],[-49.026075,-20.479511],[-49.029795,-20.484496],[-49.03841,-20.483173],[-49.047039,-20.468763],[-49.050511,-20.468276],[-49.052717,-20.470279],[-49.051924,-20.479129],[-49.044556,-20.488415],[-49.043805,-20.511228],[-49.03756,-20.51279],[-49.03085,-20.507098],[-49.025456,-20.508728],[-49.017097,-20.507922],[-49.015402,-20.503569],[-49.020584,-20.496702],[-49.020846,-20.493511],[-49.016163,-20.489503],[-49.009539,-20.488879],[-48.996083,-20.494926],[-48.984949,-20.514899],[-48.978774,-20.515126],[-48.963359,-20.506406],[-48.959901,-20.506281],[-48.957682,-20.508355],[-48.958505,-20.515947],[-48.966529,-20.521898],[-48.967612,-20.52422],[-48.966057,-20.532931],[-48.957176,-20.5521],[-48.956784,-20.556393],[-48.962478,-20.565332],[-48.961365,-20.577722],[-48.969574,-20.585321],[-48.97085,-20.602786],[-48.968868,-20.605338],[-48.964075,-20.606987],[-48.951662,-20.604375],[-48.945897,-20.601271],[-48.942588,-20.595806],[-48.937621,-20.592865],[-48.936188,-20.586673],[-48.93011,-20.582984],[-48.926117,-20.574685],[-48.920375,-20.571403],[-48.91711,-20.561055],[-48.903358,-20.556709],[-48.900765,-20.549178],[-48.893242,-20.543275],[-48.891029,-20.536162],[-48.886777,-20.534317],[-48.883082,-20.53632],[-48.879168,-20.548218],[-48.875998,-20.550219],[-48.868006,-20.550516],[-48.864665,-20.548521],[-48.85875,-20.534912],[-48.854601,-20.532853],[-48.849936,-20.534741],[-48.840509,-20.543891],[-48.837018,-20.549243],[-48.826604,-20.553032],[-48.824897,-20.559845],[-48.816726,-20.567189],[-48.80791,-20.588459],[-48.80553,-20.591015],[-48.800428,-20.592212],[-48.7863,-20.588955],[-48.774632,-20.593659],[-48.76566,-20.590209],[-48.758344,-20.566408],[-48.759694,-20.561767],[-48.765242,-20.560419],[-48.767426,-20.558291],[-48.76698,-20.543193],[-48.780094,-20.535527],[-48.788359,-20.534816],[-48.798055,-20.529796],[-48.803968,-20.517804],[-48.812237,-20.516538],[-48.81469,-20.513554],[-48.812876,-20.507736],[-48.806592,-20.50184],[-48.805307,-20.494012],[-48.799025,-20.488347],[-48.79708,-20.475895],[-48.786966,-20.45992],[-48.785033,-20.450943],[-48.788168,-20.443527],[-48.786565,-20.438077],[-48.779813,-20.433374],[-48.775167,-20.434963],[-48.770701,-20.44603],[-48.748487,-20.452074],[-48.734677,-20.462696],[-48.730423,-20.485624],[-48.723704,-20.48936],[-48.722729,-20.492164],[-48.727236,-20.496657],[-48.738551,-20.501653],[-48.739951,-20.505043],[-48.72429,-20.521065],[-48.716333,-20.523632],[-48.708543,-20.516318],[-48.702686,-20.503153],[-48.702608,-20.494776],[-48.700368,-20.492146],[-48.695976,-20.491146],[-48.685288,-20.491905],[-48.681516,-20.503641],[-48.678845,-20.505713],[-48.674432,-20.505287],[-48.669819,-20.499138],[-48.664708,-20.499191],[-48.662918,-20.504243],[-48.670729,-20.512378],[-48.673254,-20.52553],[-48.684717,-20.531638],[-48.682966,-20.540895],[-48.696788,-20.552302],[-48.699202,-20.557299],[-48.707665,-20.559343],[-48.70987,-20.561949],[-48.709029,-20.564833],[-48.702939,-20.569727],[-48.703872,-20.577864],[-48.701743,-20.581352],[-48.696742,-20.58407],[-48.689393,-20.583577],[-48.686854,-20.586213],[-48.686484,-20.595261],[-48.692745,-20.608512],[-48.694255,-20.623354],[-48.697349,-20.629107],[-48.694494,-20.639407],[-48.689185,-20.644763],[-48.691368,-20.65255],[-48.689142,-20.654645],[-48.682761,-20.654431],[-48.675072,-20.657888],[-48.666793,-20.656693],[-48.663542,-20.652068],[-48.660133,-20.651246],[-48.656381,-20.654464],[-48.652323,-20.662921],[-48.647376,-20.665102],[-48.635902,-20.660433],[-48.631716,-20.661326],[-48.62653,-20.670948],[-48.628407,-20.674109],[-48.637612,-20.676928],[-48.640231,-20.682115],[-48.639325,-20.684899],[-48.635814,-20.687436],[-48.635053,-20.692212],[-48.630184,-20.698618],[-48.638877,-20.715485],[-48.63812,-20.719469],[-48.634138,-20.721413],[-48.618463,-20.718976],[-48.603668,-20.72624],[-48.588614,-20.727169],[-48.586681,-20.728695],[-48.584955,-20.734415],[-48.574301,-20.735859],[-48.571891,-20.73737],[-48.57088,-20.740574],[-48.572344,-20.744104],[-48.57676,-20.745612],[-48.601876,-20.735969],[-48.608052,-20.735862],[-48.610903,-20.737115],[-48.612879,-20.740507],[-48.613595,-20.747633],[-48.619004,-20.752462],[-48.63683,-20.751276],[-48.64072,-20.751793],[-48.642785,-20.753629],[-48.643508,-20.764523],[-48.648941,-20.772427],[-48.648216,-20.775738],[-48.64165,-20.784092],[-48.640587,-20.79516],[-48.642755,-20.798507],[-48.650213,-20.802671],[-48.651426,-20.805904],[-48.647789,-20.816469],[-48.644908,-20.819564],[-48.634318,-20.825067],[-48.63117,-20.830028],[-48.630759,-20.836301],[-48.635475,-20.846477],[-48.630264,-20.858497],[-48.635688,-20.864989],[-48.635378,-20.869006],[-48.630923,-20.874198],[-48.622706,-20.877798],[-48.619202,-20.877665],[-48.614086,-20.873574],[-48.60738,-20.877986],[-48.606125,-20.882262],[-48.607001,-20.888281],[-48.599363,-20.892852],[-48.597107,-20.898572],[-48.597271,-20.922811],[-48.599325,-20.930947],[-48.597792,-20.933186],[-48.591859,-20.936227],[-48.592117,-20.946132],[-48.587513,-20.94961],[-48.58562,-20.954432],[-48.570979,-20.957176],[-48.566135,-20.962451],[-48.563485,-20.973837],[-48.564241,-20.984653],[-48.559067,-20.989929],[-48.556516,-20.995887],[-48.546014,-20.999609],[-48.539543,-21.007922],[-48.532151,-21.00606],[-48.528245,-21.007288],[-48.522165,-21.025127],[-48.512997,-21.027696],[-48.507611,-21.032392],[-48.501044,-21.03058],[-48.496266,-21.031849],[-48.494186,-21.034229],[-48.492192,-21.042631],[-48.479964,-21.0449],[-48.47537,-21.053279],[-48.478203,-21.058701],[-48.477745,-21.061492],[-48.470579,-21.064683],[-48.458552,-21.077537],[-48.460803,-21.089273],[-48.458887,-21.102048],[-48.448295,-21.108628],[-48.445417,-21.114645],[-48.447368,-21.118173],[-48.453927,-21.120148],[-48.456192,-21.122555],[-48.455804,-21.132826],[-48.461826,-21.138203],[-48.461593,-21.142791],[-48.458632,-21.147899],[-48.460664,-21.154641],[-48.458559,-21.164661],[-48.459973,-21.169807],[-48.458178,-21.172717],[-48.447474,-21.181295],[-48.4388,-21.182159],[-48.430079,-21.18972],[-48.419245,-21.195031],[-48.418092,-21.198381],[-48.420228,-21.205508],[-48.418084,-21.20838],[-48.410147,-21.208333],[-48.40383,-21.205019],[-48.393694,-21.2054],[-48.387226,-21.209906],[-48.365456,-21.216612],[-48.358998,-21.223014],[-48.347633,-21.227848],[-48.340435,-21.236871],[-48.330239,-21.234487],[-48.324694,-21.237529],[-48.319796,-21.236309],[-48.312821,-21.237833],[-48.308929,-21.237161],[-48.300133,-21.239901],[-48.293733,-21.236416],[-48.288983,-21.228087],[-48.279344,-21.222717],[-48.275315,-21.217302],[-48.278559,-21.211323],[-48.281308,-21.199268],[-48.289029,-21.192656],[-48.285019,-21.180156],[-48.285813,-21.173977],[-48.280694,-21.170738],[-48.27437,-21.171465],[-48.264227,-21.167266],[-48.258233,-21.161162],[-48.253031,-21.151849],[-48.256503,-21.146307],[-48.256845,-21.13584],[-48.258189,-21.133786],[-48.261473,-21.133163],[-48.26637,-21.135267],[-48.275382,-21.13245],[-48.288764,-21.124048],[-48.294445,-21.123488],[-48.296056,-21.119676],[-48.292826,-21.115426],[-48.287127,-21.112258],[-48.27825,-21.101327],[-48.267978,-21.097566],[-48.257209,-21.090827],[-48.253894,-21.084149],[-48.257248,-21.080109],[-48.267625,-21.082981],[-48.276889,-21.080682],[-48.287784,-21.070577],[-48.299596,-21.063081],[-48.303648,-21.045642],[-48.302416,-21.033929],[-48.298397,-21.02905],[-48.292536,-21.02652],[-48.290212,-21.022761],[-48.290226,-21.019817],[-48.295428,-21.013801],[-48.306984,-21.004723],[-48.312432,-20.995816],[-48.324917,-20.989558],[-48.326454,-20.984542],[-48.32524,-20.973969],[-48.334901,-20.965147],[-48.338111,-20.958153],[-48.337798,-20.947116],[-48.324575,-20.935534],[-48.324716,-20.931247],[-48.330442,-20.92212],[-48.332702,-20.909604],[-48.330576,-20.895526],[-48.325148,-20.888409],[-48.308879,-20.88489],[-48.306193,-20.871387],[-48.312765,-20.863595],[-48.318508,-20.852453],[-48.324929,-20.848766],[-48.357737,-20.84737],[-48.362505,-20.844052],[-48.364192,-20.838154],[-48.362821,-20.833306],[-48.366125,-20.819809],[-48.360357,-20.811125],[-48.361276,-20.803842],[-48.364134,-20.799684],[-48.375902,-20.791381],[-48.377773,-20.783402],[-48.372803,-20.772516],[-48.380388,-20.759674],[-48.385269,-20.759493],[-48.388024,-20.764734],[-48.39704,-20.77263],[-48.400417,-20.777679],[-48.402285,-20.786269],[-48.407212,-20.788692],[-48.413596,-20.786012],[-48.424282,-20.779718],[-48.425592,-20.777485],[-48.423547,-20.771971],[-48.419062,-20.767891],[-48.415003,-20.759993],[-48.416783,-20.743362],[-48.416006,-20.738013],[-48.420455,-20.728767],[-48.427132,-20.726523],[-48.430416,-20.721685],[-48.438667,-20.719538],[-48.447605,-20.723185],[-48.462191,-20.724555],[-48.465071,-20.720948],[-48.466883,-20.71235],[-48.475554,-20.710228],[-48.48576,-20.701987],[-48.490317,-20.686583],[-48.493521,-20.685869],[-48.498364,-20.687392],[-48.506447,-20.683686],[-48.510984,-20.689266],[-48.513643,-20.690058],[-48.518402,-20.685996],[-48.515862,-20.675861],[-48.517025,-20.668166],[-48.515029,-20.665899],[-48.50939,-20.66435],[-48.50742,-20.661677],[-48.50319,-20.645621],[-48.503192,-20.636438],[-48.501059,-20.634726],[-48.490341,-20.632307],[-48.488127,-20.62897],[-48.489986,-20.626091],[-48.495472,-20.625023],[-48.498839,-20.620173],[-48.503451,-20.618587],[-48.505881,-20.613865],[-48.504594,-20.60807],[-48.495048,-20.59116],[-48.49497,-20.58734],[-48.4976,-20.585184],[-48.506447,-20.584675],[-48.507577,-20.576363],[-48.509359,-20.574316],[-48.524196,-20.572402],[-48.526051,-20.56871],[-48.525748,-20.562285],[-48.523437,-20.557588],[-48.5184,-20.555596],[-48.513281,-20.55557],[-48.502095,-20.559616],[-48.49762,-20.557502],[-48.496308,-20.554329],[-48.497118,-20.551595],[-48.508987,-20.546301],[-48.50991,-20.541412],[-48.490177,-20.529315],[-48.484009,-20.521613],[-48.485013,-20.519297],[-48.493727,-20.512198],[-48.49703,-20.512786],[-48.501591,-20.519981],[-48.50475,-20.520856],[-48.510922,-20.515743],[-48.520571,-20.519031],[-48.523336,-20.518726],[-48.526305,-20.51362],[-48.531821,-20.50973],[-48.531129,-20.503097],[-48.515142,-20.494261],[-48.511484,-20.487852],[-48.51265,-20.485002],[-48.523328,-20.477705],[-48.523091,-20.47508],[-48.516507,-20.464819],[-48.520673,-20.457809],[-48.526981,-20.452297],[-48.526401,-20.421878],[-48.523626,-20.416502],[-48.511585,-20.401795],[-48.501344,-20.397377],[-48.488807,-20.396202],[-48.483709,-20.398339],[-48.476968,-20.405169],[-48.472194,-20.406881],[-48.468316,-20.40635],[-48.46098,-20.401626],[-48.454281,-20.390052],[-48.459095,-20.375635],[-48.46033,-20.362969],[-48.457421,-20.357755],[-48.441713,-20.342248],[-48.440099,-20.33731],[-48.420153,-20.332604],[-48.41581,-20.329915],[-48.409163,-20.319077],[-48.396013,-20.316412],[-48.391237,-20.310467],[-48.386315,-20.310061],[-48.382269,-20.306755],[-48.375718,-20.305704],[-48.371527,-20.294744],[-48.366279,-20.292269],[-48.362761,-20.295285],[-48.364662,-20.300712],[-48.36444,-20.308612],[-48.371042,-20.315571],[-48.370852,-20.319593],[-48.367371,-20.322222],[-48.357343,-20.322277],[-48.351801,-20.331166],[-48.342711,-20.333504],[-48.336267,-20.343305],[-48.322034,-20.349862],[-48.316538,-20.355889],[-48.314755,-20.358941],[-48.315272,-20.361367],[-48.323891,-20.369035],[-48.321538,-20.376105],[-48.318064,-20.376907],[-48.314312,-20.374119],[-48.309242,-20.37284],[-48.304264,-20.373757],[-48.301916,-20.376264],[-48.300925,-20.385266],[-48.291834,-20.385653],[-48.285997,-20.390395],[-48.285708,-20.39331],[-48.289082,-20.397211],[-48.289126,-20.400343],[-48.286638,-20.402214],[-48.280684,-20.402316],[-48.278152,-20.406228],[-48.28342,-20.414757],[-48.285078,-20.425655],[-48.283112,-20.430815],[-48.274852,-20.431471],[-48.269386,-20.441152],[-48.26546,-20.442249],[-48.261733,-20.437851],[-48.260884,-20.424548],[-48.256677,-20.42252],[-48.254037,-20.42467],[-48.250622,-20.435225],[-48.241244,-20.438089],[-48.23379,-20.435513],[-48.229517,-20.436346],[-48.223596,-20.439966],[-48.220474,-20.445842],[-48.217751,-20.447171],[-48.213094,-20.445212],[-48.205917,-20.444919],[-48.202689,-20.434926],[-48.204999,-20.432296],[-48.213061,-20.429484],[-48.217457,-20.422545],[-48.232941,-20.41722],[-48.231968,-20.409601],[-48.235526,-20.402524],[-48.233243,-20.394688],[-48.234597,-20.391635],[-48.239302,-20.389842],[-48.244725,-20.394036],[-48.255242,-20.39335],[-48.260789,-20.391884],[-48.271163,-20.385375],[-48.273235,-20.379147],[-48.277331,-20.374894],[-48.278524,-20.367171],[-48.282111,-20.362258],[-48.283393,-20.34995],[-48.285526,-20.345248],[-48.29422,-20.338635],[-48.320801,-20.304703],[-48.325287,-20.303296],[-48.330366,-20.304568],[-48.333942,-20.301808],[-48.338097,-20.292467],[-48.334085,-20.281406],[-48.335137,-20.273053],[-48.337959,-20.264857],[-48.344307,-20.256863],[-48.349146,-20.256203],[-48.35242,-20.259788],[-48.35885,-20.263301],[-48.364218,-20.27012],[-48.369203,-20.271334],[-48.371662,-20.270185],[-48.373339,-20.266333],[-48.374371,-20.254488],[-48.376609,-20.253178],[-48.383486,-20.253259],[-48.392845,-20.238858],[-48.400136,-20.233975],[-48.404897,-20.233401],[-48.409234,-20.235377],[-48.410973,-20.237203],[-48.41179,-20.242822],[-48.41401,-20.244532],[-48.421734,-20.245884],[-48.442356,-20.246054],[-48.44966,-20.24162],[-48.452696,-20.237883],[-48.457075,-20.229064],[-48.458147,-20.220857],[-48.460017,-20.219017],[-48.464157,-20.219692],[-48.472288,-20.230211],[-48.476398,-20.23062],[-48.484642,-20.226914],[-48.487288,-20.222767],[-48.487428,-20.218104],[-48.482092,-20.209037],[-48.480808,-20.203972],[-48.482226,-20.201119],[-48.487435,-20.199268],[-48.500327,-20.203354],[-48.515549,-20.216008],[-48.523872,-20.217639],[-48.529886,-20.210349],[-48.529494,-20.207228],[-48.525008,-20.201653],[-48.526424,-20.197078],[-48.532549,-20.195967],[-48.543987,-20.199378],[-48.551516,-20.197889],[-48.555794,-20.190383],[-48.562187,-20.187309],[-48.569791,-20.180591],[-48.572111,-20.175598],[-48.570949,-20.17218],[-48.566524,-20.169154],[-48.559664,-20.168201],[-48.550785,-20.169318],[-48.538921,-20.163225],[-48.509831,-20.165969],[-48.505095,-20.16366],[-48.499254,-20.156987],[-48.502232,-20.145832],[-48.500612,-20.142777],[-48.495468,-20.138783],[-48.454317,-20.12809],[-48.447651,-20.123145],[-48.441192,-20.120488],[-48.408288,-20.113002],[-48.400624,-20.113321],[-48.391048,-20.118789],[-48.38614,-20.118259],[-48.379344,-20.121331],[-48.369026,-20.122801],[-48.349262,-20.120425],[-48.341255,-20.114086],[-48.33477,-20.114647],[-48.328789,-20.112374],[-48.324628,-20.113758],[-48.316654,-20.113383],[-48.29481,-20.124242],[-48.283962,-20.137805],[-48.275108,-20.141653],[-48.267075,-20.14305],[-48.247513,-20.141833],[-48.241602,-20.139835],[-48.235236,-20.134463],[-48.225845,-20.134277],[-48.217878,-20.126379],[-48.219734,-20.115033],[-48.228215,-20.107931],[-48.24049,-20.092373],[-48.250399,-20.086184],[-48.253453,-20.078277],[-48.252237,-20.069716],[-48.248356,-20.063262],[-48.245458,-20.05297],[-48.247224,-20.034704],[-48.243009,-20.029544],[-48.23216,-20.026879],[-48.227351,-20.027472],[-48.217499,-20.031614],[-48.206719,-20.040428],[-48.182905,-20.075164],[-48.181136,-20.080706],[-48.182537,-20.089284],[-48.178588,-20.097304],[-48.170171,-20.10325],[-48.161585,-20.102996],[-48.157413,-20.104871],[-48.154956,-20.107483],[-48.150874,-20.120502],[-48.147372,-20.124451],[-48.128087,-20.131775],[-48.116351,-20.143791],[-48.105904,-20.147158],[-48.097943,-20.146506],[-48.075266,-20.149094],[-48.062922,-20.142208],[-48.050999,-20.139142],[-48.048993,-20.130077],[-48.038524,-20.119992],[-48.03384,-20.119694],[-48.02711,-20.124457],[-48.022452,-20.125179],[-48.010434,-20.112043],[-48.004998,-20.109278],[-48.001923,-20.104591],[-48.001586,-20.098645],[-47.995094,-20.082937],[-47.990877,-20.078865],[-47.988839,-20.074065],[-47.990977,-20.042718],[-47.98619,-20.037065],[-47.974195,-20.037966],[-47.963015,-20.042749],[-47.952339,-20.05258],[-47.945723,-20.067106],[-47.944464,-20.088798],[-47.938959,-20.101535],[-47.949009,-20.111222],[-47.953781,-20.11829],[-47.955331,-20.127272],[-47.954706,-20.142045],[-47.950045,-20.172961],[-47.956604,-20.187977],[-47.976363,-20.198473],[-47.992716,-20.19648],[-47.999983,-20.197941],[-48.005287,-20.195166],[-48.010502,-20.194966],[-48.015657,-20.196245],[-48.022971,-20.200887],[-48.041074,-20.200327],[-48.047126,-20.202675],[-48.054435,-20.209481],[-48.059232,-20.209072],[-48.064521,-20.206117],[-48.07169,-20.205445],[-48.075112,-20.206673],[-48.078468,-20.211001],[-48.083449,-20.213843],[-48.097131,-20.207566],[-48.108556,-20.207083],[-48.124039,-20.215587],[-48.128861,-20.22549],[-48.119807,-20.245513],[-48.116299,-20.248455],[-48.10546,-20.252955],[-48.101364,-20.253381],[-48.096068,-20.251289],[-48.089339,-20.25383],[-48.084303,-20.248987],[-48.079651,-20.247939],[-48.058938,-20.249526],[-48.04946,-20.246933],[-48.041826,-20.248147],[-48.040366,-20.2507],[-48.040451,-20.260622],[-48.035696,-20.267702],[-48.035966,-20.273032],[-48.032008,-20.284178],[-48.031723,-20.288971],[-48.033927,-20.295243],[-48.032744,-20.305743],[-48.029304,-20.312955],[-48.024874,-20.315118],[-48.018285,-20.314868],[-48.012464,-20.311302],[-47.997861,-20.306993],[-47.995156,-20.308113],[-47.99126,-20.313963],[-47.985054,-20.314722],[-47.973678,-20.306165],[-47.96528,-20.291708],[-47.959395,-20.288049],[-47.944601,-20.291215],[-47.933558,-20.310438],[-47.929967,-20.314263],[-47.923234,-20.313913],[-47.918439,-20.307235],[-47.904822,-20.30694],[-47.902942,-20.304045],[-47.904016,-20.299055],[-47.917731,-20.27413],[-47.920466,-20.2597],[-47.926015,-20.253352],[-47.925012,-20.247891],[-47.91433,-20.242637],[-47.898684,-20.241895],[-47.889364,-20.23791],[-47.871659,-20.199753],[-47.868594,-20.199667],[-47.864335,-20.202937],[-47.842862,-20.206412],[-47.816676,-20.195843],[-47.810385,-20.200737],[-47.802035,-20.204608],[-47.794216,-20.204707],[-47.784713,-20.200292],[-47.773075,-20.199369],[-47.766692,-20.202676],[-47.763613,-20.207806],[-47.755075,-20.214197],[-47.751887,-20.214491],[-47.745118,-20.210797],[-47.739619,-20.210194],[-47.731927,-20.214839],[-47.714811,-20.220095],[-47.713856,-20.223985],[-47.718547,-20.227599],[-47.7298,-20.229292],[-47.73611,-20.225805],[-47.744245,-20.229755],[-47.745754,-20.233399],[-47.742733,-20.238952],[-47.739524,-20.240601],[-47.73343,-20.239756],[-47.714404,-20.251069],[-47.70994,-20.255754],[-47.706789,-20.262655],[-47.701555,-20.266791],[-47.69013,-20.269014],[-47.683623,-20.268578],[-47.681801,-20.274644],[-47.677864,-20.279039],[-47.677717,-20.281784],[-47.682101,-20.284607],[-47.689045,-20.28166],[-47.695975,-20.283145],[-47.712029,-20.274436],[-47.723526,-20.26424],[-47.730446,-20.261037],[-47.736022,-20.255856],[-47.745837,-20.256366],[-47.753672,-20.262473],[-47.755644,-20.266236],[-47.75514,-20.268789],[-47.750233,-20.271409],[-47.74869,-20.275911],[-47.745857,-20.27768],[-47.741563,-20.277047],[-47.736537,-20.271389],[-47.732631,-20.271738],[-47.728852,-20.276577],[-47.731599,-20.281267],[-47.731374,-20.284592],[-47.725291,-20.29119],[-47.727501,-20.294555],[-47.748004,-20.301047],[-47.750431,-20.305326],[-47.750111,-20.309408],[-47.746006,-20.315882],[-47.737697,-20.318959],[-47.737645,-20.32644],[-47.73567,-20.33048],[-47.729584,-20.332186],[-47.721286,-20.32969],[-47.714532,-20.319834],[-47.690951,-20.311168],[-47.683876,-20.31225],[-47.682989,-20.315002],[-47.685988,-20.319527],[-47.686062,-20.323534],[-47.681879,-20.327021],[-47.676373,-20.328341],[-47.669326,-20.327469],[-47.651084,-20.316761],[-47.646593,-20.316525],[-47.637366,-20.32989],[-47.631686,-20.334832],[-47.628942,-20.348128],[-47.632733,-20.367481],[-47.636689,-20.372495],[-47.644137,-20.37579],[-47.644695,-20.378633],[-47.642574,-20.381333],[-47.635222,-20.382007],[-47.629227,-20.378692],[-47.619068,-20.364846],[-47.615987,-20.3585],[-47.614867,-20.349672],[-47.610881,-20.345304],[-47.602032,-20.343935],[-47.588609,-20.348062],[-47.569841,-20.346622],[-47.56173,-20.343252],[-47.55501,-20.336843],[-47.550028,-20.337982],[-47.547059,-20.340573],[-47.544834,-20.349143],[-47.545775,-20.352629],[-47.548262,-20.353782],[-47.557102,-20.352675],[-47.571997,-20.358718],[-47.580515,-20.359542],[-47.587547,-20.362954],[-47.598813,-20.365291],[-47.604517,-20.369689],[-47.608385,-20.377739],[-47.60652,-20.385383],[-47.597099,-20.387179],[-47.588292,-20.383094],[-47.572088,-20.384728],[-47.557558,-20.369535],[-47.553827,-20.368913],[-47.544714,-20.373658],[-47.530331,-20.364023],[-47.526754,-20.366398],[-47.525731,-20.373832],[-47.518039,-20.376065],[-47.51802,-20.382226],[-47.515975,-20.385226],[-47.511568,-20.385547],[-47.503983,-20.382449],[-47.497746,-20.384358],[-47.494643,-20.383341],[-47.492515,-20.380309],[-47.486527,-20.36313],[-47.479773,-20.357907],[-47.471316,-20.353682],[-47.466474,-20.352972],[-47.456885,-20.355635],[-47.451718,-20.359036],[-47.451016,-20.36244],[-47.453362,-20.367566],[-47.480801,-20.378068],[-47.483733,-20.38394],[-47.483668,-20.387647],[-47.481597,-20.389687],[-47.464585,-20.390804],[-47.458242,-20.393494],[-47.456837,-20.401175],[-47.461296,-20.404483],[-47.467889,-20.404693],[-47.475665,-20.402874],[-47.481559,-20.406869],[-47.489121,-20.404607],[-47.494821,-20.408398],[-47.498112,-20.408792],[-47.500763,-20.4072],[-47.503542,-20.400599],[-47.508516,-20.397591],[-47.511706,-20.397861],[-47.515565,-20.40237],[-47.518239,-20.403287],[-47.525064,-20.397973],[-47.54775,-20.395528],[-47.557793,-20.396941],[-47.570524,-20.404453],[-47.579708,-20.404008],[-47.585474,-20.408792],[-47.596587,-20.402424],[-47.602051,-20.401253],[-47.60964,-20.405057],[-47.611595,-20.411863],[-47.610011,-20.415609],[-47.595582,-20.427291],[-47.588768,-20.440309],[-47.586464,-20.441949],[-47.571496,-20.443374],[-47.565896,-20.435353],[-47.563244,-20.434201],[-47.55727,-20.438326],[-47.550498,-20.436981],[-47.544941,-20.439644],[-47.538276,-20.440284],[-47.535745,-20.438113],[-47.534992,-20.432374],[-47.528244,-20.4245],[-47.524277,-20.424951],[-47.520395,-20.43007],[-47.517608,-20.431144],[-47.511457,-20.426876],[-47.504423,-20.425159],[-47.469106,-20.4346],[-47.459658,-20.432743],[-47.453544,-20.439617],[-47.442161,-20.438983],[-47.436117,-20.445319],[-47.436149,-20.45009],[-47.438144,-20.452586],[-47.446678,-20.451421],[-47.46062,-20.452839],[-47.472968,-20.449638],[-47.481738,-20.444541],[-47.489896,-20.449202],[-47.495608,-20.442731],[-47.503152,-20.444251],[-47.509303,-20.441805],[-47.514356,-20.445316],[-47.523549,-20.446858],[-47.527565,-20.456265],[-47.529996,-20.457819],[-47.534532,-20.456828],[-47.543142,-20.45058],[-47.548645,-20.449145],[-47.555391,-20.450392],[-47.560858,-20.454921],[-47.569302,-20.453953],[-47.576756,-20.459372],[-47.581174,-20.4581],[-47.589834,-20.450743],[-47.592435,-20.45062],[-47.594777,-20.452715],[-47.594607,-20.456897],[-47.596161,-20.459261],[-47.603597,-20.45917],[-47.606519,-20.45619],[-47.604714,-20.448987],[-47.610505,-20.442402],[-47.615267,-20.429173],[-47.621912,-20.420677],[-47.628454,-20.416824],[-47.633516,-20.42032],[-47.632088,-20.426723],[-47.633888,-20.429635],[-47.636938,-20.429976],[-47.644872,-20.42641],[-47.648868,-20.427992],[-47.649668,-20.431259],[-47.646443,-20.436977],[-47.647829,-20.439746],[-47.65138,-20.440313],[-47.660873,-20.435774],[-47.666024,-20.436612],[-47.668123,-20.439484],[-47.665899,-20.444055],[-47.666574,-20.447156],[-47.673512,-20.448413],[-47.678297,-20.452388],[-47.681835,-20.450926],[-47.683949,-20.444045],[-47.686154,-20.442347],[-47.696835,-20.444463],[-47.705686,-20.439685],[-47.714231,-20.440366],[-47.719783,-20.434325],[-47.726169,-20.431658],[-47.738132,-20.43168],[-47.744092,-20.43409],[-47.747477,-20.437588],[-47.747588,-20.44263],[-47.745717,-20.44713],[-47.739108,-20.452452],[-47.725773,-20.449468],[-47.719459,-20.450973],[-47.718011,-20.455426],[-47.722104,-20.461509],[-47.720359,-20.464838],[-47.714483,-20.465356],[-47.707792,-20.462169],[-47.697407,-20.46048],[-47.687625,-20.461708],[-47.676742,-20.466376],[-47.675435,-20.469312],[-47.676673,-20.473557],[-47.691137,-20.486868],[-47.69784,-20.488982],[-47.71751,-20.48901],[-47.722568,-20.490834],[-47.724122,-20.493248],[-47.723552,-20.496691],[-47.720739,-20.4983],[-47.709675,-20.496106],[-47.698369,-20.497524],[-47.689585,-20.49675],[-47.682117,-20.506933],[-47.682016,-20.510776],[-47.686576,-20.513772],[-47.694421,-20.512923],[-47.698544,-20.51401],[-47.704311,-20.523006],[-47.713861,-20.527129],[-47.720693,-20.533091],[-47.731467,-20.532224],[-47.736045,-20.52849],[-47.742981,-20.525641],[-47.748183,-20.519026],[-47.753361,-20.517121],[-47.759654,-20.517451],[-47.771038,-20.521027],[-47.7913,-20.515185],[-47.794306,-20.517461],[-47.793978,-20.52182],[-47.785956,-20.532093],[-47.780461,-20.535152],[-47.777245,-20.541942],[-47.771338,-20.541576],[-47.762561,-20.535085],[-47.757459,-20.536063],[-47.752084,-20.540253],[-47.749885,-20.542969],[-47.748742,-20.549583],[-47.750632,-20.557982],[-47.748723,-20.561022],[-47.744056,-20.560662],[-47.733209,-20.553606],[-47.726314,-20.555671],[-47.722454,-20.560591],[-47.722783,-20.564573],[-47.74115,-20.573084],[-47.746185,-20.581279],[-47.742251,-20.58509],[-47.730821,-20.584014],[-47.727316,-20.588292],[-47.724174,-20.589113],[-47.71803,-20.58279],[-47.714762,-20.572537],[-47.710265,-20.569132],[-47.705942,-20.568866],[-47.703563,-20.570203],[-47.701574,-20.579834],[-47.698822,-20.580528],[-47.696307,-20.579146],[-47.692932,-20.565885],[-47.685589,-20.560881],[-47.684477,-20.549744],[-47.66803,-20.542726],[-47.665509,-20.540172],[-47.663661,-20.530522],[-47.650773,-20.528145],[-47.644881,-20.520711],[-47.638734,-20.50965],[-47.636334,-20.490379],[-47.629685,-20.484607],[-47.62145,-20.48395],[-47.610852,-20.487201],[-47.611003,-20.49093],[-47.620418,-20.496777],[-47.621701,-20.499527],[-47.620668,-20.501834],[-47.615924,-20.504966],[-47.612982,-20.518249],[-47.60866,-20.520712],[-47.602258,-20.515917],[-47.600896,-20.496365],[-47.597711,-20.490373],[-47.593332,-20.487957],[-47.589432,-20.488703],[-47.583371,-20.496359],[-47.576099,-20.49748],[-47.570864,-20.493854],[-47.562798,-20.492369],[-47.557569,-20.487891],[-47.548735,-20.48964],[-47.546977,-20.48738],[-47.546389,-20.481334],[-47.543601,-20.47936],[-47.523347,-20.482094],[-47.507438,-20.474164],[-47.50377,-20.474807],[-47.498776,-20.47824],[-47.494888,-20.477896],[-47.487039,-20.471371],[-47.480132,-20.473417],[-47.470868,-20.472821],[-47.464871,-20.47729],[-47.457741,-20.478742],[-47.455991,-20.48281],[-47.46015,-20.486819],[-47.474903,-20.487997],[-47.486457,-20.486083],[-47.489097,-20.487293],[-47.491018,-20.490807],[-47.488429,-20.502329],[-47.489002,-20.513168],[-47.487447,-20.515582],[-47.482992,-20.515983],[-47.470991,-20.506932],[-47.465428,-20.505122],[-47.461176,-20.507143],[-47.456151,-20.514273],[-47.45702,-20.523442],[-47.459783,-20.525947],[-47.470614,-20.528998],[-47.475363,-20.543742],[-47.478231,-20.544133],[-47.48721,-20.540426],[-47.503631,-20.553546],[-47.511405,-20.555175],[-47.517347,-20.553354],[-47.519236,-20.546203],[-47.523649,-20.542418],[-47.52961,-20.54185],[-47.533966,-20.539659],[-47.540694,-20.541635],[-47.545672,-20.536732],[-47.550642,-20.536344],[-47.558908,-20.540208],[-47.56003,-20.545338],[-47.562332,-20.547515],[-47.57064,-20.544664],[-47.576654,-20.546586],[-47.586386,-20.547176],[-47.590186,-20.549709],[-47.591479,-20.553001],[-47.58952,-20.557217],[-47.572656,-20.569586],[-47.57375,-20.581507],[-47.564622,-20.588176],[-47.564389,-20.602765],[-47.552403,-20.607809],[-47.54512,-20.613655],[-47.541803,-20.612024],[-47.541507,-20.608801],[-47.544643,-20.601902],[-47.549192,-20.598144],[-47.552191,-20.592441],[-47.551543,-20.587087],[-47.548649,-20.583678],[-47.543296,-20.58327],[-47.541866,-20.585649],[-47.542361,-20.593316],[-47.539404,-20.595242],[-47.53568,-20.595281],[-47.529372,-20.590326],[-47.521601,-20.588613],[-47.5194,-20.586439],[-47.520683,-20.582554],[-47.531592,-20.576997],[-47.531249,-20.573551],[-47.526604,-20.569029],[-47.519568,-20.569662],[-47.513677,-20.565994],[-47.505495,-20.569437],[-47.499622,-20.56562],[-47.491952,-20.565889],[-47.487158,-20.559553],[-47.473666,-20.55987],[-47.46794,-20.553445],[-47.465314,-20.553507],[-47.460794,-20.556325],[-47.459741,-20.55892],[-47.461761,-20.567549],[-47.465509,-20.574152],[-47.468909,-20.575323],[-47.473053,-20.573048],[-47.476594,-20.572879],[-47.482323,-20.579404],[-47.481339,-20.583188],[-47.474498,-20.585881],[-47.47422,-20.589854],[-47.484487,-20.593661],[-47.497923,-20.610963],[-47.497966,-20.61374],[-47.494251,-20.616907],[-47.49361,-20.619375],[-47.504563,-20.630804],[-47.504448,-20.637167],[-47.501534,-20.639304],[-47.497241,-20.637852],[-47.491823,-20.633449],[-47.486603,-20.624819],[-47.473504,-20.62038],[-47.470917,-20.61462],[-47.470709,-20.601581],[-47.461942,-20.596241],[-47.460776,-20.586772],[-47.455196,-20.581833],[-47.439759,-20.578563],[-47.436048,-20.5766],[-47.43092,-20.567655],[-47.432674,-20.561451],[-47.430385,-20.558416],[-47.422717,-20.555278],[-47.417839,-20.558992],[-47.421386,-20.56774],[-47.421036,-20.576672],[-47.422978,-20.583457],[-47.4213,-20.586378],[-47.409879,-20.584756],[-47.401018,-20.585797],[-47.392071,-20.582464],[-47.386897,-20.583625],[-47.385486,-20.587412],[-47.388228,-20.592516],[-47.391296,-20.595081],[-47.396409,-20.593834],[-47.399657,-20.594826],[-47.401778,-20.602491],[-47.404269,-20.605239],[-47.408396,-20.605866],[-47.420496,-20.602753],[-47.424282,-20.603649],[-47.430023,-20.609478],[-47.440425,-20.608993],[-47.441758,-20.611336],[-47.44092,-20.614003],[-47.435335,-20.618107],[-47.426668,-20.621108],[-47.426,-20.625789],[-47.429395,-20.627493],[-47.439316,-20.625201],[-47.445828,-20.627299],[-47.453639,-20.633603],[-47.45348,-20.636647],[-47.450868,-20.640172],[-47.45179,-20.643149],[-47.464803,-20.64448],[-47.46998,-20.648798],[-47.47388,-20.654951],[-47.474077,-20.657769],[-47.47205,-20.660022],[-47.457483,-20.661521],[-47.45482,-20.662871],[-47.453913,-20.665197],[-47.457291,-20.67021],[-47.47341,-20.674651],[-47.474835,-20.677247],[-47.473593,-20.680183],[-47.467659,-20.682412],[-47.455366,-20.678391],[-47.448688,-20.677884],[-47.446126,-20.680732],[-47.447066,-20.687611],[-47.443412,-20.690033],[-47.439903,-20.68975],[-47.43672,-20.687494],[-47.43085,-20.677258],[-47.421689,-20.674162],[-47.413546,-20.678515],[-47.411162,-20.684628],[-47.408724,-20.686724],[-47.402897,-20.688704],[-47.398282,-20.686852],[-47.399742,-20.679211],[-47.396752,-20.671902],[-47.404219,-20.666979],[-47.404725,-20.660852],[-47.408801,-20.65809],[-47.412989,-20.652182],[-47.416166,-20.644412],[-47.41151,-20.638835],[-47.40537,-20.638083],[-47.40039,-20.633919],[-47.392894,-20.632668],[-47.381596,-20.62365],[-47.381679,-20.619957],[-47.386623,-20.616971],[-47.391518,-20.608641],[-47.390659,-20.604575],[-47.380788,-20.603906],[-47.372658,-20.600469],[-47.369972,-20.601902],[-47.367663,-20.606285],[-47.363381,-20.607879],[-47.360688,-20.605656],[-47.359853,-20.598756],[-47.35259,-20.595771],[-47.341924,-20.597578],[-47.337299,-20.601207],[-47.335739,-20.606379],[-47.336564,-20.61123],[-47.339463,-20.614615],[-47.349734,-20.618983],[-47.354778,-20.626149],[-47.355901,-20.637452],[-47.358162,-20.643311],[-47.367311,-20.64823],[-47.367822,-20.662209],[-47.37989,-20.670472],[-47.387726,-20.681474],[-47.387654,-20.685828],[-47.382583,-20.692383],[-47.383506,-20.696549],[-47.391758,-20.70215],[-47.398496,-20.703124],[-47.401174,-20.709355],[-47.398459,-20.722559],[-47.390899,-20.725732],[-47.387051,-20.723776],[-47.378467,-20.711458],[-47.367041,-20.709924],[-47.362649,-20.711267],[-47.356645,-20.71033],[-47.354291,-20.714108],[-47.356331,-20.719571],[-47.35597,-20.728185],[-47.359327,-20.730292],[-47.36805,-20.726308],[-47.37272,-20.726858],[-47.374435,-20.734302],[-47.380185,-20.736304],[-47.382125,-20.738441],[-47.381356,-20.748361],[-47.383471,-20.750035],[-47.391233,-20.751572],[-47.392582,-20.760203],[-47.397153,-20.76775],[-47.400028,-20.768582],[-47.407014,-20.766256],[-47.416807,-20.769839],[-47.417545,-20.77243],[-47.415919,-20.776948],[-47.417946,-20.781443],[-47.417444,-20.784112],[-47.409776,-20.787952],[-47.409582,-20.794916],[-47.406686,-20.797366],[-47.402914,-20.796278],[-47.39499,-20.786687],[-47.381492,-20.79085],[-47.37585,-20.79434],[-47.366633,-20.79084],[-47.36158,-20.786953],[-47.356747,-20.786581],[-47.353168,-20.788416],[-47.352565,-20.793803],[-47.349762,-20.795995],[-47.338569,-20.792686],[-47.328881,-20.793224],[-47.322594,-20.795115],[-47.318691,-20.803969],[-47.315366,-20.805816],[-47.305954,-20.799462],[-47.308617,-20.786919],[-47.305821,-20.783303],[-47.29922,-20.784642],[-47.286795,-20.793526],[-47.279421,-20.79145],[-47.274989,-20.792926],[-47.270905,-20.792411],[-47.26478,-20.797982],[-47.261116,-20.798754],[-47.255734,-20.794464],[-47.25579,-20.786883],[-47.253096,-20.783707],[-47.241756,-20.781208],[-47.226041,-20.792411],[-47.220094,-20.789881],[-47.216011,-20.783989],[-47.212343,-20.783524],[-47.213761,-20.79187],[-47.22218,-20.797141],[-47.225149,-20.801693],[-47.219826,-20.81686],[-47.222731,-20.816668],[-47.234019,-20.809001],[-47.241,-20.809116],[-47.244402,-20.811584],[-47.246628,-20.822326],[-47.251142,-20.824226],[-47.264377,-20.81568],[-47.272702,-20.813849],[-47.27626,-20.814511],[-47.281045,-20.8179],[-47.280896,-20.827876],[-47.283212,-20.83148],[-47.287965,-20.833172],[-47.297106,-20.832194],[-47.299661,-20.839475],[-47.310514,-20.844334],[-47.315197,-20.849953],[-47.321737,-20.847918],[-47.325528,-20.842594],[-47.332315,-20.842142],[-47.342743,-20.838808],[-47.348747,-20.838093],[-47.364217,-20.840096],[-47.365147,-20.844959],[-47.357076,-20.852922],[-47.355343,-20.865584],[-47.361333,-20.872314],[-47.363433,-20.890315],[-47.384395,-20.913974],[-47.384956,-20.917517],[-47.381806,-20.920728],[-47.378868,-20.921149],[-47.365494,-20.912847],[-47.358219,-20.916795],[-47.348762,-20.915891],[-47.345131,-20.919866],[-47.339871,-20.921396],[-47.338784,-20.92436],[-47.344016,-20.929211],[-47.36102,-20.930315],[-47.366566,-20.932201],[-47.380539,-20.945741],[-47.381809,-20.954177],[-47.380254,-20.956912],[-47.377553,-20.957816],[-47.36521,-20.952717],[-47.360794,-20.952589],[-47.355207,-20.964174],[-47.342984,-20.966881],[-47.338866,-20.971842],[-47.334504,-20.974279],[-47.334537,-20.982168],[-47.337323,-20.98484],[-47.341653,-20.993694],[-47.349813,-21.000537],[-47.34784,-21.004593],[-47.330134,-21.010536],[-47.317546,-21.010295],[-47.297601,-21.020123],[-47.291543,-21.014245],[-47.289572,-21.005505],[-47.279662,-21.00553],[-47.27467,-20.998783],[-47.268749,-20.998612],[-47.265037,-21.00301],[-47.267783,-21.009027],[-47.266797,-21.012142],[-47.261504,-21.013645],[-47.257555,-21.018119],[-47.253329,-21.019437],[-47.250862,-21.023833],[-47.245074,-21.027881],[-47.231044,-21.033668],[-47.225932,-21.043698],[-47.227464,-21.046029],[-47.232987,-21.048346],[-47.233912,-21.053762],[-47.223216,-21.070809],[-47.213959,-21.081455],[-47.205382,-21.087522],[-47.207303,-21.091383],[-47.216353,-21.092631],[-47.221048,-21.095334],[-47.221554,-21.10305],[-47.217385,-21.10925],[-47.218266,-21.112764],[-47.230275,-21.116417],[-47.234016,-21.115547],[-47.239171,-21.111398],[-47.240272,-21.106396],[-47.236041,-21.092667],[-47.238813,-21.08017],[-47.248215,-21.066847],[-47.24857,-21.058818],[-47.259666,-21.051358],[-47.265165,-21.045261],[-47.270805,-21.044111],[-47.276822,-21.039338],[-47.283557,-21.03793],[-47.288877,-21.039085],[-47.296013,-21.044285],[-47.302623,-21.040573],[-47.314096,-21.041658],[-47.31655,-21.038211],[-47.313683,-21.034085],[-47.313611,-21.031129],[-47.319331,-21.027963],[-47.329099,-21.031413],[-47.330238,-21.038522],[-47.334979,-21.042818],[-47.342349,-21.04583],[-47.347342,-21.045697],[-47.349994,-21.043927],[-47.350516,-21.037919],[-47.352088,-21.03611],[-47.357268,-21.035098],[-47.363595,-21.038838],[-47.369881,-21.038432],[-47.372789,-21.036404],[-47.374703,-21.031138],[-47.384726,-21.024906],[-47.388381,-21.019459],[-47.386934,-21.012981],[-47.393324,-21.002975],[-47.39481,-20.997768],[-47.388729,-20.974941],[-47.390819,-20.969419],[-47.39936,-20.965615],[-47.402477,-20.966582],[-47.406422,-20.970901],[-47.410093,-20.970241],[-47.41172,-20.964464],[-47.404702,-20.953172],[-47.411134,-20.94323],[-47.417971,-20.941977],[-47.423899,-20.948538],[-47.430367,-20.94935],[-47.433523,-20.947034],[-47.435087,-20.943299],[-47.432778,-20.930735],[-47.434127,-20.92316],[-47.439005,-20.92013],[-47.458046,-20.922096],[-47.461651,-20.919397],[-47.464034,-20.914124],[-47.464539,-20.907907],[-47.460165,-20.898613],[-47.455975,-20.894045],[-47.442156,-20.885421],[-47.437597,-20.880167],[-47.439364,-20.875357],[-47.451729,-20.872761],[-47.454901,-20.867853],[-47.451175,-20.861566],[-47.438131,-20.855192],[-47.433891,-20.851136],[-47.431633,-20.845808],[-47.433734,-20.842144],[-47.442043,-20.843145],[-47.456041,-20.855851],[-47.463606,-20.858394],[-47.466143,-20.855498],[-47.461537,-20.832932],[-47.463062,-20.829212],[-47.467358,-20.825552],[-47.47678,-20.822031],[-47.482633,-20.822955],[-47.486097,-20.825624],[-47.488283,-20.830757],[-47.488018,-20.834228],[-47.478554,-20.847767],[-47.483446,-20.85471],[-47.482387,-20.865253],[-47.489937,-20.869302],[-47.491561,-20.873774],[-47.488902,-20.878446],[-47.477548,-20.885945],[-47.474648,-20.894956],[-47.477014,-20.901467],[-47.48081,-20.904732],[-47.494496,-20.90403],[-47.498712,-20.907096],[-47.498813,-20.911105],[-47.48861,-20.921998],[-47.489946,-20.925729],[-47.495945,-20.930759],[-47.495554,-20.941005],[-47.500108,-20.945319],[-47.505277,-20.945706],[-47.511417,-20.943306],[-47.516569,-20.936573],[-47.524381,-20.930071],[-47.530019,-20.920079],[-47.53493,-20.916698],[-47.538717,-20.916715],[-47.54453,-20.921031],[-47.554139,-20.918713],[-47.561792,-20.921533],[-47.564602,-20.921125],[-47.566858,-20.917508],[-47.566514,-20.913294],[-47.562672,-20.90888],[-47.56223,-20.906064],[-47.572396,-20.897302],[-47.572503,-20.892501],[-47.570231,-20.891043],[-47.560594,-20.890124],[-47.546832,-20.891207],[-47.543898,-20.888435],[-47.546099,-20.884303],[-47.561398,-20.881842],[-47.564896,-20.878353],[-47.56387,-20.874396],[-47.555335,-20.863809],[-47.55265,-20.858232],[-47.552893,-20.855439],[-47.55519,-20.85372],[-47.558995,-20.853666],[-47.579793,-20.85764],[-47.590237,-20.856911],[-47.603468,-20.852513],[-47.60659,-20.848697],[-47.606714,-20.845202],[-47.605071,-20.843174],[-47.601622,-20.842388],[-47.588452,-20.846376],[-47.57956,-20.842045],[-47.564731,-20.841131],[-47.544743,-20.835907],[-47.537758,-20.832322],[-47.534025,-20.827884],[-47.534469,-20.819142],[-47.53932,-20.81762],[-47.545843,-20.821179],[-47.556886,-20.822716],[-47.564242,-20.82614],[-47.569117,-20.824309],[-47.571853,-20.819515],[-47.56797,-20.81174],[-47.571946,-20.804967],[-47.575617,-20.803978],[-47.585123,-20.807328],[-47.588724,-20.80473],[-47.588081,-20.801689],[-47.582762,-20.797917],[-47.578803,-20.792581],[-47.579075,-20.789063],[-47.58184,-20.787563],[-47.587635,-20.789706],[-47.591262,-20.788847],[-47.593231,-20.785185],[-47.593766,-20.775629],[-47.608302,-20.770696],[-47.610856,-20.771525],[-47.612165,-20.774314],[-47.608113,-20.791546],[-47.608921,-20.79759],[-47.612503,-20.800026],[-47.615892,-20.799985],[-47.622729,-20.793286],[-47.627807,-20.790448],[-47.631012,-20.790649],[-47.635525,-20.796297],[-47.637376,-20.809706],[-47.639553,-20.814654],[-47.64342,-20.817457],[-47.648571,-20.815413],[-47.653242,-20.808137],[-47.652306,-20.797113],[-47.642377,-20.771121],[-47.638608,-20.757021],[-47.633113,-20.745894],[-47.636583,-20.739349],[-47.644174,-20.733559],[-47.648031,-20.734101],[-47.658224,-20.739906],[-47.676944,-20.766355],[-47.683153,-20.770568],[-47.687194,-20.768146],[-47.686709,-20.762578],[-47.676473,-20.743629],[-47.678284,-20.738524],[-47.677443,-20.732597],[-47.685859,-20.727572],[-47.686345,-20.720912],[-47.679801,-20.716429],[-47.659805,-20.714464],[-47.650522,-20.711885],[-47.63987,-20.703968],[-47.639128,-20.699989],[-47.64232,-20.696337],[-47.654058,-20.691645],[-47.659103,-20.691333],[-47.665792,-20.698228],[-47.681492,-20.701357],[-47.684609,-20.699206],[-47.685377,-20.691966],[-47.688338,-20.690694],[-47.69146,-20.691583],[-47.695673,-20.694762],[-47.701581,-20.70356],[-47.703825,-20.716387],[-47.712967,-20.735144],[-47.717276,-20.738785],[-47.723213,-20.740915],[-47.732891,-20.741257],[-47.735364,-20.73973],[-47.736719,-20.736516],[-47.734068,-20.72982],[-47.736702,-20.713534],[-47.723428,-20.696751],[-47.714935,-20.691875],[-47.712549,-20.688606],[-47.71265,-20.682757],[-47.716116,-20.677827],[-47.720735,-20.67588],[-47.725821,-20.676778],[-47.737229,-20.695942],[-47.741816,-20.699543],[-47.747091,-20.700089],[-47.759979,-20.696334],[-47.765157,-20.697378],[-47.767787,-20.702465],[-47.768815,-20.709234],[-47.777931,-20.718532],[-47.78088,-20.717943],[-47.783153,-20.714438],[-47.784047,-20.70405],[-47.787618,-20.696894],[-47.779848,-20.687846],[-47.776038,-20.680434],[-47.774058,-20.671489],[-47.775435,-20.667323],[-47.777594,-20.665683],[-47.793055,-20.665313],[-47.795659,-20.669111],[-47.79664,-20.678979],[-47.799174,-20.684818],[-47.811111,-20.689217],[-47.822118,-20.699983],[-47.82716,-20.701087],[-47.835802,-20.700228],[-47.846304,-20.693279],[-47.84671,-20.68512],[-47.837962,-20.668515],[-47.823572,-20.663018],[-47.824186,-20.656531],[-47.827378,-20.654717],[-47.83603,-20.65476],[-47.848945,-20.660286],[-47.852976,-20.660311],[-47.85507,-20.656525],[-47.850588,-20.647447],[-47.853266,-20.643749],[-47.855972,-20.643108],[-47.861192,-20.64768],[-47.865939,-20.663173],[-47.869144,-20.664659],[-47.872467,-20.66309],[-47.87362,-20.657788],[-47.869585,-20.646231],[-47.86877,-20.635897],[-47.865302,-20.629864],[-47.866023,-20.623462],[-47.868927,-20.620774],[-47.874216,-20.620819],[-47.881272,-20.624729],[-47.886119,-20.629378],[-47.890574,-20.629553],[-47.894943,-20.627999],[-47.899385,-20.621049],[-47.909802,-20.621492],[-47.923363,-20.613693],[-47.924131,-20.6071],[-47.920805,-20.595739],[-47.916609,-20.589878],[-47.91572,-20.585793],[-47.924058,-20.566709],[-47.928343,-20.565446],[-47.931765,-20.566464],[-47.933623,-20.571546],[-47.932647,-20.57933],[-47.933631,-20.582625],[-47.950809,-20.591318],[-47.957709,-20.592062],[-47.963792,-20.590647],[-47.978378,-20.578462],[-47.982134,-20.578309],[-47.988066,-20.584987],[-47.98658,-20.590336],[-47.982709,-20.593739],[-47.972908,-20.595919],[-47.968326,-20.599044],[-47.967117,-20.602187],[-47.970135,-20.608071],[-47.969679,-20.610862],[-47.966376,-20.612481],[-47.96078,-20.611114],[-47.957982,-20.613395],[-47.960974,-20.625758],[-47.958773,-20.627472],[-47.950138,-20.628675],[-47.948439,-20.630389],[-47.94856,-20.6334],[-47.954407,-20.641242],[-47.950842,-20.649886],[-47.945681,-20.651169],[-47.93526,-20.647136],[-47.929417,-20.646914],[-47.92717,-20.650435],[-47.929492,-20.658671],[-47.928184,-20.66161],[-47.923447,-20.66467],[-47.893574,-20.674126],[-47.890686,-20.6764],[-47.889977,-20.679096],[-47.892598,-20.69022],[-47.895171,-20.692051],[-47.898624,-20.69195],[-47.91145,-20.684239],[-47.930493,-20.678359],[-47.947723,-20.669557],[-47.958407,-20.669722],[-47.967881,-20.660432],[-47.972254,-20.659746],[-47.983142,-20.663124],[-47.986801,-20.666078],[-47.987384,-20.675123],[-47.9846,-20.680495],[-47.978171,-20.682781],[-47.969009,-20.682757],[-47.961104,-20.687383],[-47.952357,-20.689236],[-47.941122,-20.69637],[-47.937481,-20.696541],[-47.932004,-20.692973],[-47.928791,-20.693002],[-47.924609,-20.697281],[-47.927756,-20.706168],[-47.925934,-20.709656],[-47.915984,-20.709649],[-47.910598,-20.711369],[-47.906005,-20.717604],[-47.900758,-20.718619],[-47.889505,-20.724742],[-47.884465,-20.72492],[-47.877685,-20.721872],[-47.863157,-20.729834],[-47.85497,-20.727037],[-47.850132,-20.735453],[-47.844619,-20.739596],[-47.836546,-20.742469],[-47.832025,-20.740812],[-47.826657,-20.730589],[-47.824448,-20.724078],[-47.824722,-20.716219],[-47.82232,-20.714948],[-47.813636,-20.715045],[-47.811179,-20.718497],[-47.816551,-20.728214],[-47.816155,-20.733109],[-47.794774,-20.744438],[-47.784812,-20.746023],[-47.781594,-20.748071],[-47.781827,-20.758985],[-47.785868,-20.761406],[-47.788338,-20.760065],[-47.792016,-20.754101],[-47.797379,-20.752195],[-47.802371,-20.752335],[-47.809796,-20.746923],[-47.812767,-20.747516],[-47.81602,-20.750692],[-47.823643,-20.750235],[-47.829096,-20.753601],[-47.835154,-20.750519],[-47.846817,-20.747566],[-47.859668,-20.747235],[-47.868175,-20.749131],[-47.870621,-20.747806],[-47.874922,-20.741263],[-47.881697,-20.737177],[-47.887277,-20.73652],[-47.895535,-20.738581],[-47.90844,-20.732521],[-47.912759,-20.732271],[-47.915464,-20.734206],[-47.915255,-20.739314],[-47.908895,-20.745325],[-47.903554,-20.753493],[-47.907432,-20.768174],[-47.905594,-20.772366],[-47.893042,-20.773411],[-47.889549,-20.780148],[-47.88527,-20.781125],[-47.882123,-20.777254],[-47.882449,-20.770974],[-47.874663,-20.765893],[-47.872353,-20.760065],[-47.869395,-20.758423],[-47.866159,-20.759624],[-47.86276,-20.765529],[-47.855081,-20.765759],[-47.851714,-20.768395],[-47.851325,-20.771972],[-47.854231,-20.778336],[-47.866232,-20.78669],[-47.869788,-20.792025],[-47.871259,-20.799998],[-47.867878,-20.803119],[-47.855067,-20.801167],[-47.846534,-20.803724],[-47.841443,-20.803373],[-47.836393,-20.796414],[-47.835835,-20.785782],[-47.833595,-20.784521],[-47.826517,-20.784654],[-47.823243,-20.781342],[-47.821657,-20.767606],[-47.807566,-20.766474],[-47.804772,-20.768101],[-47.803624,-20.773852],[-47.807651,-20.779399],[-47.815098,-20.784316],[-47.815616,-20.790329],[-47.812638,-20.793586],[-47.805399,-20.794177],[-47.802021,-20.791354],[-47.800073,-20.786215],[-47.796809,-20.785127],[-47.790509,-20.789885],[-47.789987,-20.793606],[-47.802585,-20.80353],[-47.816252,-20.805681],[-47.824544,-20.81192],[-47.826612,-20.816285],[-47.834064,-20.820957],[-47.835031,-20.823978],[-47.832414,-20.830206],[-47.841996,-20.838858],[-47.840989,-20.843529],[-47.83554,-20.845603],[-47.829283,-20.845906],[-47.819944,-20.84251],[-47.813799,-20.833051],[-47.808137,-20.827342],[-47.808274,-20.819014],[-47.805573,-20.815663],[-47.802498,-20.815992],[-47.800623,-20.818014],[-47.796229,-20.828552],[-47.791551,-20.829016],[-47.789974,-20.826999],[-47.788908,-20.817073],[-47.775128,-20.805201],[-47.76817,-20.796602],[-47.764682,-20.796302],[-47.760689,-20.798192],[-47.747127,-20.811746],[-47.738316,-20.813025],[-47.735682,-20.814985],[-47.734227,-20.821128],[-47.736821,-20.824506],[-47.74519,-20.828758],[-47.764609,-20.833105],[-47.768493,-20.835765],[-47.7729,-20.842434],[-47.792106,-20.83781],[-47.805668,-20.842016],[-47.810507,-20.847302],[-47.812229,-20.852164],[-47.810194,-20.859187],[-47.805126,-20.865423],[-47.808606,-20.8726],[-47.814659,-20.872939],[-47.83315,-20.866765],[-47.838095,-20.868509],[-47.840355,-20.873056],[-47.840109,-20.879854],[-47.832271,-20.887796],[-47.827133,-20.889672],[-47.821961,-20.885888],[-47.819236,-20.885497],[-47.812256,-20.888336],[-47.809302,-20.891594],[-47.809018,-20.894408],[-47.813777,-20.902381],[-47.817469,-20.914741],[-47.816323,-20.917971],[-47.810958,-20.919173],[-47.794375,-20.916173],[-47.790851,-20.918087],[-47.787657,-20.926975],[-47.783761,-20.92778],[-47.779976,-20.926556],[-47.778104,-20.918077],[-47.789305,-20.89493],[-47.7891,-20.884256],[-47.786994,-20.881757],[-47.778794,-20.878906],[-47.774403,-20.875758],[-47.7624,-20.858492],[-47.747357,-20.851815],[-47.743966,-20.844123],[-47.739589,-20.840613],[-47.729135,-20.845049],[-47.72057,-20.844618],[-47.712086,-20.846242],[-47.704012,-20.841406],[-47.697885,-20.842146],[-47.686052,-20.851172],[-47.683647,-20.857176],[-47.688591,-20.860605],[-47.699844,-20.855747],[-47.706951,-20.854288],[-47.711526,-20.855103],[-47.719965,-20.863947],[-47.73579,-20.873636],[-47.752191,-20.87567],[-47.762571,-20.881024],[-47.767714,-20.888514],[-47.768004,-20.891597],[-47.766075,-20.894058],[-47.756771,-20.894095],[-47.740362,-20.886616],[-47.724257,-20.889885],[-47.700859,-20.88834],[-47.68718,-20.88011],[-47.674287,-20.876943],[-47.663112,-20.870629],[-47.656462,-20.869799],[-47.652921,-20.872754],[-47.654592,-20.886489],[-47.65752,-20.887785],[-47.667088,-20.886925],[-47.670588,-20.889489],[-47.670123,-20.892426],[-47.661202,-20.902666],[-47.661355,-20.905481],[-47.663213,-20.907129],[-47.666711,-20.906853],[-47.671339,-20.902656],[-47.68264,-20.896755],[-47.693309,-20.89761],[-47.696587,-20.899891],[-47.698714,-20.904275],[-47.701129,-20.905267],[-47.706434,-20.902996],[-47.711423,-20.904288],[-47.716244,-20.902049],[-47.725746,-20.902219],[-47.735921,-20.898608],[-47.743115,-20.900702],[-47.746191,-20.906684],[-47.752905,-20.907463],[-47.758166,-20.910885],[-47.760971,-20.918088],[-47.760291,-20.920745],[-47.7553,-20.923331],[-47.749471,-20.92372],[-47.746325,-20.930859],[-47.738053,-20.936831],[-47.734961,-20.936451],[-47.730397,-20.933336],[-47.723256,-20.93541],[-47.717707,-20.929376],[-47.714265,-20.930545],[-47.711327,-20.935769],[-47.706162,-20.937367],[-47.699591,-20.933227],[-47.692689,-20.934892],[-47.685123,-20.929819],[-47.67796,-20.932168],[-47.664797,-20.926151],[-47.658456,-20.927192],[-47.652951,-20.924945],[-47.649689,-20.927947],[-47.650334,-20.932642],[-47.65223,-20.934771],[-47.661422,-20.935614],[-47.665466,-20.942698],[-47.672019,-20.94183],[-47.67436,-20.942778],[-47.676077,-20.948633],[-47.681612,-20.952628],[-47.685085,-20.957646],[-47.696613,-20.952922],[-47.703947,-20.953615],[-47.712323,-20.944842],[-47.720202,-20.948309],[-47.727971,-20.947097],[-47.736425,-20.950183],[-47.740663,-20.956256],[-47.740773,-20.96457],[-47.735415,-20.969561],[-47.728504,-20.96834],[-47.724476,-20.971638],[-47.719854,-20.972801],[-47.718353,-20.978228],[-47.720469,-20.980702],[-47.72515,-20.980917],[-47.729333,-20.983456],[-47.735501,-20.983692],[-47.744975,-20.992814],[-47.745919,-20.99565],[-47.744781,-20.998125],[-47.739099,-21.000325],[-47.729664,-20.996457],[-47.722073,-21.00059],[-47.719137,-21.000477],[-47.715255,-20.995463],[-47.709034,-20.992375],[-47.705615,-20.986418],[-47.695177,-20.978102],[-47.691118,-20.972777],[-47.684268,-20.96838],[-47.667031,-20.962893],[-47.654585,-20.965154],[-47.647141,-20.970417],[-47.639638,-20.973065],[-47.624044,-20.968898],[-47.607759,-20.975074],[-47.597695,-20.971731],[-47.590597,-20.971021],[-47.580837,-20.974765],[-47.570278,-20.967783],[-47.572816,-20.958005],[-47.571776,-20.955334],[-47.565602,-20.950468],[-47.55807,-20.950125],[-47.553735,-20.952721],[-47.548677,-20.952976],[-47.546942,-20.954765],[-47.548101,-20.962604],[-47.542954,-20.966166],[-47.542026,-20.968417],[-47.545642,-20.974976],[-47.546427,-20.980526],[-47.544703,-20.98333],[-47.540539,-20.984704],[-47.534272,-20.984059],[-47.531186,-20.973807],[-47.527954,-20.971777],[-47.521905,-20.974466],[-47.517491,-20.972682],[-47.508537,-20.972597],[-47.502063,-20.975413],[-47.494827,-20.982994],[-47.488285,-20.987058],[-47.474169,-20.984582],[-47.467502,-20.992337],[-47.456624,-20.992901],[-47.451495,-20.995348],[-47.443061,-21.01164],[-47.441306,-21.01873],[-47.436997,-21.023526],[-47.432766,-21.024322],[-47.430385,-21.026769],[-47.430941,-21.031253],[-47.429232,-21.036989],[-47.431578,-21.03888],[-47.438545,-21.039681],[-47.441041,-21.046647],[-47.445301,-21.050272],[-47.445426,-21.057302],[-47.447729,-21.058669],[-47.451685,-21.058472],[-47.455046,-21.054956],[-47.451258,-21.041422],[-47.454126,-21.036079],[-47.466103,-21.036223],[-47.471513,-21.034391],[-47.476771,-21.037246],[-47.480017,-21.03665],[-47.483311,-21.03357],[-47.483188,-21.025536],[-47.487821,-21.021791],[-47.492568,-21.020321],[-47.507292,-21.027815],[-47.51731,-21.027706],[-47.524025,-21.0232],[-47.529439,-21.027352],[-47.532374,-21.027637],[-47.534635,-21.025775],[-47.535649,-21.021189],[-47.539487,-21.017917],[-47.543556,-21.009448],[-47.547946,-21.008374],[-47.550182,-21.011018],[-47.549694,-21.016603],[-47.553932,-21.019881],[-47.555571,-21.023123],[-47.555716,-21.035589],[-47.558263,-21.037403],[-47.563201,-21.03726],[-47.565432,-21.039327],[-47.568122,-21.04785],[-47.567385,-21.056166],[-47.56878,-21.059408],[-47.575965,-21.059733],[-47.580237,-21.064164],[-47.583648,-21.064533],[-47.587442,-21.06077],[-47.589092,-21.051659],[-47.592939,-21.049239],[-47.599346,-21.050116],[-47.604993,-21.057251],[-47.604747,-21.065728],[-47.595272,-21.077496],[-47.596553,-21.085041],[-47.599296,-21.088234],[-47.607677,-21.088172],[-47.61136,-21.09145],[-47.617128,-21.093406],[-47.624742,-21.092687],[-47.63384,-21.088233],[-47.646025,-21.074225],[-47.654573,-21.071376],[-47.660955,-21.072246],[-47.662238,-21.075118],[-47.660829,-21.086549],[-47.655868,-21.09478],[-47.653111,-21.105508],[-47.662379,-21.118203],[-47.667834,-21.121309],[-47.680674,-21.133873],[-47.688323,-21.138338],[-47.694268,-21.135327],[-47.701391,-21.133996],[-47.710022,-21.135268],[-47.718567,-21.12313],[-47.730138,-21.118133],[-47.743189,-21.116401],[-47.748092,-21.117331],[-47.757851,-21.114675],[-47.76436,-21.110905],[-47.767076,-21.100659],[-47.761259,-21.089173],[-47.761574,-21.086551],[-47.763783,-21.084869],[-47.773829,-21.088694],[-47.777681,-21.092627],[-47.784466,-21.093286],[-47.790398,-21.0979],[-47.79312,-21.104069],[-47.799013,-21.104782],[-47.805025,-21.103335],[-47.810296,-21.10569],[-47.813043,-21.110684],[-47.818554,-21.111616],[-47.821458,-21.113916],[-47.823381,-21.130974],[-47.819949,-21.141911],[-47.817278,-21.145871],[-47.80772,-21.152196],[-47.791189,-21.149278],[-47.785922,-21.149939],[-47.78272,-21.152532],[-47.785294,-21.160431],[-47.783674,-21.167621],[-47.777855,-21.177086],[-47.776528,-21.185261],[-47.779785,-21.198908],[-47.785201,-21.207832],[-47.785684,-21.217453],[-47.784078,-21.222643],[-47.774779,-21.235714],[-47.769547,-21.236155],[-47.764439,-21.238888],[-47.759268,-21.237017],[-47.760018,-21.230896],[-47.757392,-21.226425],[-47.757845,-21.221919],[-47.751659,-21.20888],[-47.754899,-21.201822],[-47.753134,-21.196071],[-47.750724,-21.194288],[-47.744846,-21.19438],[-47.736968,-21.19723],[-47.735356,-21.203588],[-47.729966,-21.213237],[-47.727649,-21.21477],[-47.706536,-21.209994],[-47.69995,-21.212112],[-47.697418,-21.21476],[-47.696356,-21.21994],[-47.69313,-21.221432],[-47.687953,-21.220172],[-47.670966,-21.21134],[-47.668419,-21.206959],[-47.666455,-21.196337],[-47.671677,-21.174829],[-47.668554,-21.164299],[-47.668747,-21.159625],[-47.660512,-21.152871],[-47.654708,-21.152101],[-47.648689,-21.147159],[-47.633632,-21.153125],[-47.631268,-21.155563],[-47.627061,-21.173374],[-47.626864,-21.181033],[-47.621838,-21.187895],[-47.611364,-21.190326],[-47.602861,-21.185973],[-47.598888,-21.18562],[-47.583079,-21.190858],[-47.57813,-21.195996],[-47.576529,-21.206369],[-47.570078,-21.215378],[-47.573052,-21.224931],[-47.572229,-21.227718],[-47.568688,-21.228929],[-47.560358,-21.225432],[-47.55486,-21.226276],[-47.549332,-21.228735],[-47.544999,-21.234607],[-47.543728,-21.245744],[-47.547774,-21.251278],[-47.548434,-21.262171],[-47.551581,-21.265871],[-47.565419,-21.274768],[-47.575868,-21.290123],[-47.572462,-21.298954],[-47.572486,-21.302793],[-47.581644,-21.314306],[-47.575991,-21.324203],[-47.576072,-21.327762],[-47.578581,-21.330548],[-47.591999,-21.337035],[-47.594825,-21.337131],[-47.614177,-21.319361],[-47.626954,-21.313871],[-47.629952,-21.308704],[-47.631242,-21.301373],[-47.630624,-21.289292],[-47.632467,-21.284679],[-47.638247,-21.280397],[-47.642581,-21.273784],[-47.648923,-21.272108],[-47.651283,-21.274038],[-47.656185,-21.287062],[-47.660843,-21.292244],[-47.662929,-21.298976],[-47.671081,-21.307305],[-47.671633,-21.315925],[-47.669614,-21.333688],[-47.672567,-21.343262],[-47.6877,-21.351965],[-47.708305,-21.357574],[-47.710542,-21.359669],[-47.707682,-21.374387],[-47.70544,-21.376041],[-47.700001,-21.376516],[-47.698185,-21.378594],[-47.701872,-21.387771],[-47.700233,-21.393149],[-47.692248,-21.400766],[-47.679215,-21.405448],[-47.677718,-21.414408],[-47.669411,-21.419126],[-47.665121,-21.427925],[-47.665245,-21.430605],[-47.668213,-21.434177],[-47.667881,-21.436704],[-47.654293,-21.446283],[-47.653444,-21.454092],[-47.645118,-21.464869],[-47.643286,-21.476274],[-47.646508,-21.482329],[-47.644636,-21.489443],[-47.647283,-21.496948],[-47.64649,-21.501647],[-47.649561,-21.509096],[-47.648886,-21.516929],[-47.652155,-21.526695],[-47.655123,-21.529364],[-47.659748,-21.529698],[-47.684492,-21.522965],[-47.686446,-21.520609],[-47.685644,-21.514318],[-47.687965,-21.509766],[-47.701325,-21.505909],[-47.711266,-21.497495],[-47.74022,-21.480815],[-47.759727,-21.475652],[-47.770361,-21.463538],[-47.776605,-21.46316],[-47.780299,-21.45979],[-47.793645,-21.455397],[-47.799236,-21.452062],[-47.813551,-21.452844],[-47.820424,-21.449564],[-47.832977,-21.45487],[-47.834845,-21.45849],[-47.833728,-21.462419],[-47.824653,-21.470404],[-47.818972,-21.480801],[-47.813427,-21.482584],[-47.806062,-21.47837],[-47.799548,-21.478325],[-47.786634,-21.492118],[-47.770099,-21.502083],[-47.7586,-21.507056],[-47.743163,-21.511141],[-47.736281,-21.51519],[-47.728456,-21.527423],[-47.718037,-21.536291],[-47.711619,-21.546646],[-47.690132,-21.558599],[-47.677756,-21.555811],[-47.672703,-21.559853],[-47.672148,-21.564359],[-47.677854,-21.569295],[-47.693393,-21.572116],[-47.702461,-21.571382],[-47.706139,-21.572452],[-47.709362,-21.581315],[-47.708818,-21.594729],[-47.713194,-21.601825],[-47.718893,-21.603967],[-47.725777,-21.602866],[-47.729586,-21.600259],[-47.730525,-21.597905],[-47.726152,-21.588264],[-47.725866,-21.584281],[-47.734136,-21.570871],[-47.739098,-21.567963],[-47.740449,-21.56551],[-47.738467,-21.55818],[-47.733193,-21.55478],[-47.73227,-21.552352],[-47.739262,-21.544194],[-47.759918,-21.544226],[-47.777915,-21.54193],[-47.783384,-21.538687],[-47.786879,-21.539673],[-47.791644,-21.545834],[-47.798533,-21.545561],[-47.807152,-21.539004],[-47.811764,-21.523501],[-47.835025,-21.524035],[-47.840935,-21.514303],[-47.850768,-21.507728],[-47.856373,-21.501002],[-47.887547,-21.493242],[-47.903797,-21.478648],[-47.908752,-21.479995],[-47.924438,-21.489879],[-47.947449,-21.488913],[-47.961188,-21.481556],[-47.970662,-21.483203],[-47.977902,-21.479141],[-47.983371,-21.481128],[-47.99044,-21.479852],[-47.999459,-21.480348],[-48.009291,-21.475977],[-48.012581,-21.472841],[-48.018879,-21.471695],[-48.027979,-21.467067],[-48.033247,-21.459411],[-48.036883,-21.449065],[-48.045241,-21.441811],[-48.047632,-21.430825],[-48.047441,-21.422346],[-48.043608,-21.406504],[-48.047275,-21.400641],[-48.056281,-21.393052],[-48.055856,-21.38142],[-48.058877,-21.378171],[-48.064862,-21.375946],[-48.068043,-21.369549],[-48.087832,-21.357099],[-48.091999,-21.349953],[-48.097006,-21.349848],[-48.103697,-21.354287],[-48.108951,-21.352947],[-48.126314,-21.337569],[-48.129651,-21.330696],[-48.126022,-21.324989],[-48.126021,-21.322139],[-48.134187,-21.317994],[-48.136922,-21.309686],[-48.140784,-21.308275],[-48.143548,-21.310658],[-48.143829,-21.316647],[-48.147411,-21.325943],[-48.146463,-21.337851],[-48.150181,-21.346783],[-48.146595,-21.35366],[-48.146236,-21.360316],[-48.150253,-21.369394],[-48.150157,-21.372833],[-48.135269,-21.390948],[-48.128193,-21.402086],[-48.128748,-21.408143],[-48.12746,-21.412076],[-48.116105,-21.421485],[-48.116313,-21.429983],[-48.11184,-21.434944],[-48.111304,-21.454902],[-48.107011,-21.457285],[-48.093842,-21.460416],[-48.092434,-21.468591],[-48.094322,-21.480511],[-48.084308,-21.485243],[-48.078608,-21.49412],[-48.08066,-21.501626],[-48.090129,-21.510127],[-48.090428,-21.514491],[-48.083614,-21.524217],[-48.07711,-21.528372],[-48.061462,-21.524175],[-48.055221,-21.525021],[-48.050592,-21.531904],[-48.043477,-21.536028],[-48.03589,-21.546349],[-48.036525,-21.550331],[-48.042121,-21.552652],[-48.045765,-21.556531],[-48.052177,-21.556324],[-48.055364,-21.557637],[-48.060388,-21.566939],[-48.0593,-21.570431],[-48.055334,-21.571085],[-48.037341,-21.5623],[-48.029827,-21.556544],[-48.025154,-21.556687],[-48.021994,-21.560285],[-48.025439,-21.565036],[-48.025373,-21.567858],[-48.015815,-21.574772],[-48.012804,-21.58175],[-48.010715,-21.592772],[-48.010487,-21.607368],[-48.017702,-21.636345],[-48.01915,-21.656413],[-48.029665,-21.676955],[-48.028358,-21.679183],[-48.02562,-21.679989],[-48.014793,-21.675593],[-48.011035,-21.668226],[-48.009265,-21.657976],[-48.001664,-21.64931],[-47.996784,-21.650027],[-47.997058,-21.665108],[-47.994091,-21.677544],[-47.998381,-21.696929],[-47.995674,-21.719969],[-47.996804,-21.722555],[-48.003534,-21.727739],[-48.007798,-21.736317],[-48.014693,-21.741895],[-48.024468,-21.746973],[-48.025598,-21.751209],[-48.02286,-21.756655],[-48.02718,-21.762621],[-48.024858,-21.769403],[-48.025361,-21.773888],[-48.027259,-21.776421],[-48.03245,-21.77683],[-48.035262,-21.778675],[-48.037392,-21.786776],[-48.030759,-21.805429],[-48.031146,-21.818749],[-48.021233,-21.825144],[-48.018741,-21.835051],[-48.011236,-21.838731],[-48.007255,-21.842478],[-48.004366,-21.847986],[-48.006608,-21.854585],[-48.009149,-21.855639],[-48.019762,-21.854528],[-48.025556,-21.855535],[-48.027627,-21.853211],[-48.026532,-21.848353],[-48.028802,-21.841344],[-48.039529,-21.838972],[-48.04232,-21.839607],[-48.044654,-21.84358],[-48.048422,-21.846077],[-48.054308,-21.845267],[-48.060208,-21.848636],[-48.063763,-21.84785],[-48.066544,-21.835789],[-48.07036,-21.832018],[-48.071181,-21.827256],[-48.073299,-21.825696],[-48.082012,-21.824518],[-48.085532,-21.813749],[-48.089464,-21.813022],[-48.096441,-21.816987],[-48.103288,-21.811328],[-48.103414,-21.807593],[-48.098342,-21.799841],[-48.097314,-21.794367],[-48.094075,-21.792498],[-48.08962,-21.792206],[-48.087597,-21.790128],[-48.091539,-21.778251],[-48.094877,-21.775352],[-48.098961,-21.775952],[-48.101979,-21.781611],[-48.114994,-21.786536],[-48.116478,-21.791178],[-48.122544,-21.800002],[-48.133798,-21.80568],[-48.139014,-21.803463],[-48.13913,-21.800715],[-48.136519,-21.796158],[-48.138114,-21.789483],[-48.12849,-21.785663],[-48.122608,-21.777713],[-48.123712,-21.774084],[-48.128575,-21.772656],[-48.130568,-21.769928],[-48.125262,-21.757271],[-48.110914,-21.750692],[-48.104306,-21.739639],[-48.098036,-21.735073],[-48.096126,-21.730384],[-48.080825,-21.720361],[-48.075686,-21.719079],[-48.074306,-21.716244],[-48.077438,-21.704033],[-48.083829,-21.697544],[-48.113398,-21.700153],[-48.131762,-21.698607],[-48.134186,-21.697102],[-48.13581,-21.692831],[-48.140574,-21.689501],[-48.139439,-21.682522],[-48.136752,-21.678518],[-48.136868,-21.672966],[-48.148452,-21.664367],[-48.149614,-21.662123],[-48.14785,-21.655989],[-48.143196,-21.64935],[-48.146764,-21.643598],[-48.146193,-21.634659],[-48.143522,-21.632439],[-48.125694,-21.628247],[-48.117805,-21.622359],[-48.110399,-21.624939],[-48.107669,-21.624432],[-48.099962,-21.6118],[-48.099444,-21.607983],[-48.103568,-21.603851],[-48.114248,-21.605141],[-48.129317,-21.595962],[-48.134449,-21.588877],[-48.133949,-21.582518],[-48.136916,-21.577477],[-48.145829,-21.572781],[-48.156763,-21.574972],[-48.167456,-21.569745],[-48.17308,-21.574691],[-48.178559,-21.576804],[-48.180978,-21.581117],[-48.178245,-21.59261],[-48.179359,-21.601212],[-48.201785,-21.616264],[-48.211643,-21.6322],[-48.226712,-21.635675],[-48.2305,-21.638668],[-48.232677,-21.641647],[-48.236727,-21.655985],[-48.244559,-21.663137],[-48.248566,-21.676144],[-48.252499,-21.678041],[-48.257956,-21.678216],[-48.262569,-21.683083],[-48.272203,-21.68676],[-48.280871,-21.69396],[-48.29019,-21.693065],[-48.294678,-21.696678],[-48.299944,-21.697935],[-48.311424,-21.695366],[-48.319866,-21.696541],[-48.327746,-21.692185],[-48.345837,-21.685879],[-48.361861,-21.691502],[-48.380143,-21.689559],[-48.388208,-21.694731],[-48.395508,-21.689656],[-48.403535,-21.689275],[-48.406485,-21.690633],[-48.411802,-21.698834],[-48.432004,-21.698631],[-48.442518,-21.707889],[-48.450307,-21.706126],[-48.459786,-21.706731],[-48.473183,-21.702636],[-48.484399,-21.704028],[-48.489713,-21.707414],[-48.492716,-21.712575],[-48.498369,-21.714244],[-48.502875,-21.718051],[-48.513183,-21.722388],[-48.516926,-21.726647],[-48.516875,-21.728893],[-48.514721,-21.731023],[-48.505103,-21.731124],[-48.503715,-21.733445],[-48.50468,-21.739836],[-48.497112,-21.743623],[-48.497241,-21.74671],[-48.50443,-21.753442],[-48.505898,-21.757987],[-48.504781,-21.761237],[-48.499929,-21.765105],[-48.496208,-21.771309],[-48.489124,-21.773],[-48.48163,-21.770092],[-48.470396,-21.753793],[-48.464514,-21.754777],[-48.459015,-21.752673],[-48.455804,-21.754599],[-48.455487,-21.76104],[-48.461935,-21.765196],[-48.465996,-21.771147],[-48.462904,-21.782104],[-48.47694,-21.800724],[-48.475394,-21.80734],[-48.472293,-21.810361],[-48.468562,-21.809961],[-48.46121,-21.806121],[-48.457668,-21.792263],[-48.454052,-21.788375],[-48.448817,-21.787495],[-48.444046,-21.790024],[-48.439927,-21.801199],[-48.433808,-21.805096],[-48.429431,-21.805044],[-48.424366,-21.798022],[-48.420656,-21.796917],[-48.414094,-21.803023],[-48.397658,-21.803395],[-48.394935,-21.809526],[-48.38731,-21.815231],[-48.367018,-21.809623],[-48.364314,-21.811305],[-48.361719,-21.816665],[-48.357214,-21.819245],[-48.351228,-21.820147],[-48.342489,-21.817068],[-48.327145,-21.814918],[-48.321502,-21.810432],[-48.319012,-21.803225],[-48.303857,-21.796586],[-48.269057,-21.796668],[-48.256018,-21.792039],[-48.24497,-21.792173],[-48.236021,-21.789259],[-48.226195,-21.789685],[-48.213983,-21.787491],[-48.211227,-21.789374],[-48.210355,-21.795052],[-48.202665,-21.800726],[-48.204049,-21.806501],[-48.202597,-21.816639],[-48.196197,-21.818117],[-48.185048,-21.81383],[-48.176122,-21.822793],[-48.176229,-21.826859],[-48.182621,-21.833518],[-48.181629,-21.837301],[-48.177739,-21.838911],[-48.169023,-21.839311],[-48.159786,-21.842649],[-48.156365,-21.844986],[-48.153184,-21.850344],[-48.143473,-21.852909],[-48.139586,-21.857643],[-48.128838,-21.862281],[-48.115733,-21.874607],[-48.108833,-21.873921],[-48.098715,-21.867819],[-48.090136,-21.865723],[-48.086388,-21.862737],[-48.084549,-21.857762],[-48.081692,-21.856685],[-48.071106,-21.862297],[-48.048401,-21.863634],[-48.032545,-21.869449],[-48.018084,-21.877142],[-48.013587,-21.882227],[-48.004933,-21.887759],[-48.001828,-21.904207],[-47.999539,-21.907112],[-47.993656,-21.910059],[-47.994341,-21.915373],[-47.992374,-21.923183],[-47.994553,-21.926324],[-48.009482,-21.922462],[-48.011042,-21.919352],[-48.01046,-21.911174],[-48.017324,-21.906332],[-48.018065,-21.897185],[-48.020604,-21.893431],[-48.024421,-21.89],[-48.037282,-21.885337],[-48.051025,-21.881806],[-48.064459,-21.881185],[-48.071963,-21.877127],[-48.085054,-21.878872],[-48.090372,-21.882066],[-48.106692,-21.884004],[-48.114678,-21.887592],[-48.11565,-21.890978],[-48.111788,-21.896612],[-48.103517,-21.925195],[-48.096397,-21.927902],[-48.088501,-21.928427],[-48.085205,-21.934196],[-48.087021,-21.938089],[-48.098443,-21.942001],[-48.098674,-21.949492],[-48.095119,-21.953697],[-48.085024,-21.959702],[-48.082847,-21.966014],[-48.080616,-21.967968],[-48.077046,-21.967469],[-48.072594,-21.959835],[-48.069527,-21.958388],[-48.056143,-21.962512],[-48.047594,-21.967226],[-48.046015,-21.970386],[-48.047843,-21.975857],[-48.055063,-21.982309],[-48.058665,-21.990244],[-48.058023,-21.995108],[-48.056176,-21.997156],[-48.049698,-21.996904],[-48.043122,-21.993525],[-48.03774,-21.987984],[-48.025809,-21.985452],[-48.019824,-21.988654],[-48.013624,-21.999866],[-48.00834,-22.005551],[-48.00176,-22.007105],[-47.992139,-22.00557],[-47.97532,-22.0066],[-47.965773,-22.012867],[-47.964295,-22.021702],[-47.962397,-22.023664],[-47.955419,-22.021934],[-47.949399,-22.025188],[-47.942802,-22.022272],[-47.938594,-22.023897],[-47.938234,-22.027838],[-47.942735,-22.032276],[-47.95122,-22.034083],[-47.953118,-22.035732],[-47.954021,-22.044901],[-47.957677,-22.051184],[-47.95759,-22.059687],[-47.952576,-22.069159],[-47.941817,-22.078679],[-47.938722,-22.086664],[-47.929442,-22.095987],[-47.926252,-22.097521],[-47.91962,-22.096996],[-47.917032,-22.103517],[-47.910903,-22.10512],[-47.907932,-22.109028],[-47.903209,-22.110909],[-47.887838,-22.109453],[-47.884673,-22.111215],[-47.88479,-22.115701],[-47.889965,-22.119949],[-47.893448,-22.126009],[-47.896725,-22.126751],[-47.905842,-22.125383],[-47.909439,-22.127018],[-47.909812,-22.13023],[-47.905123,-22.136148],[-47.911439,-22.142002],[-47.910698,-22.144905],[-47.905982,-22.147899],[-47.9036,-22.15239],[-47.900336,-22.152995],[-47.895561,-22.150652],[-47.890538,-22.150305],[-47.88801,-22.152852],[-47.888639,-22.155698],[-47.89347,-22.158234],[-47.89915,-22.165653],[-47.902576,-22.165936],[-47.915737,-22.154668],[-47.926979,-22.154114],[-47.93068,-22.148606],[-47.93722,-22.144895],[-47.939381,-22.137647],[-47.954799,-22.12913],[-47.973286,-22.133262],[-47.974409,-22.135648],[-47.973366,-22.144573],[-47.975345,-22.147005],[-47.977767,-22.147325],[-47.983708,-22.144855],[-47.986222,-22.140613],[-47.996685,-22.130556],[-48.003608,-22.118807],[-48.004922,-22.109978],[-48.014939,-22.099222],[-48.020676,-22.08796],[-48.02607,-22.084431],[-48.03892,-22.085001],[-48.048739,-22.091572],[-48.055755,-22.093327],[-48.073119,-22.087565],[-48.081004,-22.081806],[-48.084121,-22.081545],[-48.086565,-22.08419],[-48.087945,-22.09724],[-48.094928,-22.107554],[-48.097633,-22.108472],[-48.100129,-22.107448],[-48.102292,-22.098396],[-48.108862,-22.094632],[-48.110718,-22.091482],[-48.109075,-22.083905],[-48.110071,-22.079335],[-48.113867,-22.077195],[-48.12221,-22.077164],[-48.125101,-22.071802],[-48.132104,-22.065759],[-48.131298,-22.051781],[-48.132844,-22.046427],[-48.138066,-22.039912],[-48.147144,-22.035351],[-48.147787,-22.031925],[-48.144923,-22.028056],[-48.135419,-22.026228],[-48.125133,-22.021704],[-48.122325,-22.022045],[-48.117581,-22.029889],[-48.116088,-22.044361],[-48.11254,-22.04837],[-48.10421,-22.049986],[-48.100283,-22.055575],[-48.092969,-22.055981],[-48.085034,-22.063046],[-48.073173,-22.066551],[-48.0476,-22.066649],[-48.03636,-22.070803],[-48.027357,-22.069232],[-48.022289,-22.063442],[-48.012645,-22.059445],[-48.009978,-22.055196],[-48.009802,-22.049996],[-48.024601,-22.039069],[-48.037386,-22.034998],[-48.04399,-22.03491],[-48.050425,-22.037456],[-48.057397,-22.036029],[-48.067837,-22.039286],[-48.074611,-22.034405],[-48.088197,-22.037275],[-48.090847,-22.036591],[-48.092306,-22.034353],[-48.09218,-22.029524],[-48.08564,-22.027186],[-48.082165,-22.023702],[-48.084529,-22.015446],[-48.081765,-22.007578],[-48.084917,-22.004749],[-48.09954,-22.001509],[-48.104598,-21.99564],[-48.10601,-21.989809],[-48.099403,-21.984562],[-48.098587,-21.981038],[-48.105875,-21.970243],[-48.110767,-21.967275],[-48.115382,-21.952842],[-48.119988,-21.947497],[-48.125477,-21.946189],[-48.134374,-21.947873],[-48.151068,-21.94151],[-48.165647,-21.941776],[-48.177637,-21.939344],[-48.186754,-21.929776],[-48.18722,-21.924939],[-48.189948,-21.921064],[-48.189556,-21.915937],[-48.198051,-21.904535],[-48.202042,-21.904258],[-48.208023,-21.909636],[-48.2186,-21.910099],[-48.22945,-21.903853],[-48.229713,-21.896142],[-48.232537,-21.888154],[-48.235485,-21.887117],[-48.240159,-21.888017],[-48.247858,-21.885068],[-48.24886,-21.882132],[-48.24764,-21.879638],[-48.238841,-21.878367],[-48.234869,-21.872949],[-48.223851,-21.874104],[-48.217871,-21.870501],[-48.206453,-21.873232],[-48.197118,-21.877579],[-48.184264,-21.889205],[-48.18109,-21.889205],[-48.179058,-21.88697],[-48.177824,-21.878888],[-48.18238,-21.872879],[-48.195222,-21.869267],[-48.200849,-21.865701],[-48.20167,-21.860376],[-48.208944,-21.853738],[-48.209893,-21.846076],[-48.217412,-21.836082],[-48.219729,-21.828364],[-48.225591,-21.817598],[-48.227909,-21.815871],[-48.261427,-21.823943],[-48.281921,-21.838919],[-48.301084,-21.843112],[-48.312326,-21.848829],[-48.332504,-21.850865],[-48.33894,-21.848161],[-48.347479,-21.852221],[-48.356863,-21.850353],[-48.368194,-21.852237],[-48.375291,-21.850762],[-48.383461,-21.854249],[-48.392773,-21.855497],[-48.399327,-21.854772],[-48.402164,-21.859921],[-48.398607,-21.864297],[-48.396684,-21.870728],[-48.398909,-21.87337],[-48.407625,-21.876665],[-48.406835,-21.883494],[-48.408657,-21.892212],[-48.403359,-21.90442],[-48.403156,-21.909168],[-48.404894,-21.913287],[-48.404107,-21.917716],[-48.392435,-21.925391],[-48.389425,-21.930284],[-48.389628,-21.938919],[-48.398051,-21.9411],[-48.401161,-21.93974],[-48.40328,-21.934697],[-48.407779,-21.933097],[-48.415837,-21.926501],[-48.41669,-21.91443],[-48.421997,-21.905861],[-48.433305,-21.901859],[-48.444611,-21.899856],[-48.457463,-21.899939],[-48.46636,-21.902325],[-48.470161,-21.906464],[-48.473502,-21.906896],[-48.483924,-21.89738],[-48.48622,-21.879978],[-48.49147,-21.873281],[-48.505911,-21.871492],[-48.514315,-21.872821],[-48.519765,-21.875741],[-48.531189,-21.870283],[-48.530679,-21.849165],[-48.535297,-21.841385],[-48.535771,-21.837944],[-48.533867,-21.833258],[-48.5376,-21.824748],[-48.532349,-21.811726],[-48.535357,-21.803937],[-48.534138,-21.801589],[-48.529974,-21.799976],[-48.524653,-21.794634],[-48.521793,-21.786412],[-48.523515,-21.783762],[-48.530368,-21.782084],[-48.538466,-21.776868],[-48.55412,-21.779287],[-48.561882,-21.791006],[-48.568646,-21.797595],[-48.571652,-21.808636],[-48.583308,-21.81294],[-48.584626,-21.824254],[-48.587718,-21.833354],[-48.582123,-21.845338],[-48.584689,-21.850058],[-48.584275,-21.862414],[-48.585429,-21.866168],[-48.587716,-21.867716],[-48.600623,-21.861977],[-48.611969,-21.860764],[-48.623283,-21.855243],[-48.638544,-21.851432],[-48.652538,-21.852997],[-48.661835,-21.851339],[-48.669994,-21.85433],[-48.686526,-21.853191],[-48.693639,-21.855639],[-48.698092,-21.852718],[-48.710588,-21.850612],[-48.73917,-21.835019],[-48.747453,-21.832715],[-48.751483,-21.829928],[-48.757092,-21.82252],[-48.761777,-21.819744],[-48.765689,-21.821268],[-48.777099,-21.842593],[-48.781637,-21.841625],[-48.782446,-21.835445],[-48.78505,-21.832953],[-48.792798,-21.831821],[-48.798096,-21.836329],[-48.797917,-21.839176],[-48.792309,-21.842411],[-48.791238,-21.846343],[-48.787642,-21.849319],[-48.786926,-21.852101],[-48.790324,-21.85869],[-48.796137,-21.860383],[-48.806504,-21.866718],[-48.807661,-21.871047],[-48.802973,-21.87914],[-48.807544,-21.884004],[-48.807465,-21.887375],[-48.800444,-21.89069],[-48.792997,-21.887556],[-48.782121,-21.89225],[-48.780869,-21.895694],[-48.784323,-21.901743],[-48.781407,-21.905492],[-48.779324,-21.91418],[-48.774776,-21.921508],[-48.767574,-21.92717],[-48.754373,-21.930336],[-48.745325,-21.937438],[-48.736753,-21.944676],[-48.731799,-21.95542],[-48.726912,-21.960751],[-48.725703,-21.966505],[-48.731882,-21.976433],[-48.731291,-21.980255],[-48.728474,-21.982173],[-48.723031,-21.981131],[-48.71834,-21.983248],[-48.710567,-21.983626],[-48.707647,-21.986179],[-48.708382,-21.990004],[-48.716166,-21.997576],[-48.71689,-22.006702],[-48.724778,-22.013196],[-48.730391,-22.020095],[-48.733146,-22.026505],[-48.733317,-22.029842],[-48.729703,-22.036208],[-48.728989,-22.042016],[-48.725335,-22.044506],[-48.718218,-22.043524],[-48.705349,-22.044289],[-48.698002,-22.047542],[-48.684936,-22.043529],[-48.666002,-22.057295],[-48.660043,-22.056463],[-48.655141,-22.051574],[-48.650906,-22.05075],[-48.648299,-22.051773],[-48.647338,-22.055643],[-48.650495,-22.066385],[-48.645535,-22.075794],[-48.64917,-22.080576],[-48.649237,-22.083398],[-48.637076,-22.089932],[-48.629827,-22.089295],[-48.615577,-22.098391],[-48.615144,-22.100827],[-48.618085,-22.107131],[-48.612336,-22.112492],[-48.611741,-22.118145],[-48.622994,-22.130638],[-48.623285,-22.136554],[-48.620882,-22.138949],[-48.610523,-22.13937],[-48.608204,-22.140741],[-48.6054,-22.157536],[-48.6003,-22.166276],[-48.594414,-22.169114],[-48.580722,-22.165716],[-48.57556,-22.155522],[-48.569634,-22.153792],[-48.563598,-22.148029],[-48.562008,-22.133904],[-48.558984,-22.128959],[-48.562346,-22.123336],[-48.564197,-22.116388],[-48.563285,-22.113735],[-48.557434,-22.109972],[-48.554525,-22.105355],[-48.545253,-22.100467],[-48.540621,-22.093025],[-48.537533,-22.091487],[-48.524207,-22.090401],[-48.519878,-22.086581],[-48.518111,-22.082276],[-48.512741,-22.077776],[-48.512867,-22.073237],[-48.519136,-22.064715],[-48.518421,-22.061458],[-48.513875,-22.06057],[-48.501511,-22.06715],[-48.497498,-22.065521],[-48.497503,-22.061732],[-48.503719,-22.053111],[-48.510876,-22.04762],[-48.517249,-22.045166],[-48.51933,-22.040643],[-48.51809,-22.037613],[-48.504547,-22.030413],[-48.489605,-22.03028],[-48.487894,-22.032385],[-48.486988,-22.04044],[-48.484729,-22.042537],[-48.479292,-22.043099],[-48.473024,-22.041211],[-48.46996,-22.042048],[-48.466134,-22.047427],[-48.47035,-22.05491],[-48.469377,-22.058295],[-48.457393,-22.063714],[-48.449928,-22.064786],[-48.436137,-22.074571],[-48.421867,-22.08807],[-48.414971,-22.088334],[-48.405437,-22.09315],[-48.400387,-22.099967],[-48.399308,-22.108212],[-48.395089,-22.111081],[-48.392406,-22.117222],[-48.389886,-22.118791],[-48.386692,-22.117923],[-48.384518,-22.113764],[-48.38014,-22.110205],[-48.381324,-22.103817],[-48.375331,-22.096233],[-48.37487,-22.086859],[-48.366647,-22.082883],[-48.363387,-22.075914],[-48.357062,-22.076205],[-48.353361,-22.074342],[-48.352915,-22.071422],[-48.355636,-22.067877],[-48.355449,-22.064957],[-48.345713,-22.060813],[-48.336398,-22.05141],[-48.335847,-22.048589],[-48.339664,-22.040965],[-48.332272,-22.035735],[-48.317313,-22.037356],[-48.306402,-22.046483],[-48.303519,-22.046126],[-48.300362,-22.043593],[-48.29748,-22.0437],[-48.281053,-22.055727],[-48.276107,-22.054404],[-48.273185,-22.046921],[-48.269324,-22.04658],[-48.264441,-22.05503],[-48.265471,-22.062867],[-48.262837,-22.070084],[-48.260248,-22.07157],[-48.252556,-22.071415],[-48.250883,-22.069226],[-48.251656,-22.064515],[-48.250402,-22.061707],[-48.230243,-22.057654],[-48.224132,-22.04996],[-48.22419,-22.046313],[-48.227479,-22.043305],[-48.236571,-22.041334],[-48.244136,-22.033879],[-48.252379,-22.037179],[-48.25927,-22.033214],[-48.271672,-22.032436],[-48.276393,-22.030252],[-48.282811,-22.029547],[-48.287457,-22.025002],[-48.287481,-22.019651],[-48.284381,-22.013779],[-48.286597,-22.01039],[-48.299581,-22.012794],[-48.308645,-22.009688],[-48.308882,-22.006323],[-48.303248,-21.999272],[-48.297293,-21.987684],[-48.299347,-21.983058],[-48.306382,-21.975372],[-48.3066,-21.968231],[-48.310406,-21.962482],[-48.306194,-21.953042],[-48.309932,-21.946024],[-48.306998,-21.939638],[-48.309301,-21.933767],[-48.303574,-21.926245],[-48.308521,-21.919096],[-48.308653,-21.916571],[-48.304456,-21.914232],[-48.295413,-21.920076],[-48.28076,-21.920058],[-48.278219,-21.918738],[-48.275246,-21.913492],[-48.271864,-21.912458],[-48.260691,-21.920915],[-48.249608,-21.922829],[-48.247177,-21.924582],[-48.246824,-21.929162],[-48.254718,-21.937448],[-48.256405,-21.941304],[-48.255048,-21.944044],[-48.24953,-21.946699],[-48.247688,-21.952181],[-48.262298,-21.960695],[-48.266913,-21.965893],[-48.265068,-21.969219],[-48.257819,-21.971028],[-48.256334,-21.979992],[-48.253562,-21.982211],[-48.228296,-21.977969],[-48.217983,-21.966231],[-48.216088,-21.961475],[-48.215973,-21.950831],[-48.219628,-21.942705],[-48.219273,-21.936583],[-48.214892,-21.931851],[-48.208126,-21.932148],[-48.204795,-21.934319],[-48.194661,-21.964608],[-48.190331,-21.969225],[-48.19558,-21.979207],[-48.192106,-21.991157],[-48.195841,-21.99618],[-48.201789,-21.99746],[-48.206925,-21.994846],[-48.210221,-21.990156],[-48.213654,-21.988074],[-48.221823,-21.988984],[-48.225928,-21.995488],[-48.220613,-22.001912],[-48.220296,-22.006674],[-48.2258,-22.016549],[-48.224346,-22.018718],[-48.221705,-22.019389],[-48.213315,-22.017433],[-48.202196,-22.010546],[-48.190769,-22.009689],[-48.185459,-22.011913],[-48.187201,-22.021959],[-48.196319,-22.026909],[-48.197854,-22.029861],[-48.195118,-22.035486],[-48.186994,-22.037371],[-48.18353,-22.042018],[-48.183323,-22.044824],[-48.187834,-22.051104],[-48.188111,-22.054448],[-48.184716,-22.062693],[-48.180138,-22.067902],[-48.181185,-22.074585],[-48.185214,-22.077853],[-48.189229,-22.08588],[-48.187345,-22.093006],[-48.190552,-22.099078],[-48.186908,-22.104348],[-48.183833,-22.106101],[-48.173779,-22.102603],[-48.162297,-22.108075],[-48.161694,-22.114103],[-48.158947,-22.119011],[-48.16413,-22.125504],[-48.159712,-22.137857],[-48.161065,-22.145171],[-48.169427,-22.148599],[-48.177566,-22.14746],[-48.179079,-22.145322],[-48.178991,-22.141121],[-48.181448,-22.137729],[-48.188183,-22.136578],[-48.191304,-22.132715],[-48.201313,-22.12692],[-48.201231,-22.123309],[-48.195824,-22.116925],[-48.202531,-22.108575],[-48.206884,-22.106197],[-48.214805,-22.107913],[-48.221172,-22.104477],[-48.226748,-22.11128],[-48.234496,-22.113368],[-48.238421,-22.116111],[-48.251995,-22.118125],[-48.259843,-22.116957],[-48.263858,-22.118892],[-48.267695,-22.125354],[-48.279548,-22.126227],[-48.287636,-22.132111],[-48.289748,-22.138077],[-48.293897,-22.140845],[-48.301386,-22.151186],[-48.306792,-22.154274],[-48.307429,-22.162442],[-48.309977,-22.164963],[-48.313696,-22.164951],[-48.325551,-22.158368],[-48.335937,-22.161247],[-48.341671,-22.165112],[-48.353793,-22.165129],[-48.35619,-22.168962],[-48.3336,-22.187796],[-48.336506,-22.201132],[-48.344518,-22.20789],[-48.3468,-22.213526],[-48.34525,-22.215993],[-48.336159,-22.220461],[-48.335996,-22.223063],[-48.33978,-22.228444],[-48.335143,-22.237505],[-48.328851,-22.244155],[-48.322189,-22.244443],[-48.319475,-22.246413],[-48.322702,-22.258167],[-48.321863,-22.262819],[-48.313952,-22.264195],[-48.309966,-22.26207],[-48.306682,-22.256589],[-48.305139,-22.247336],[-48.302558,-22.245505],[-48.296834,-22.246657],[-48.290374,-22.255473],[-48.287228,-22.256953],[-48.279289,-22.257637],[-48.272889,-22.253154],[-48.263891,-22.253011],[-48.252031,-22.260749],[-48.242314,-22.272125],[-48.235178,-22.275139],[-48.22455,-22.284474],[-48.21574,-22.296266],[-48.209658,-22.299678],[-48.200778,-22.312177],[-48.191189,-22.319665],[-48.18586,-22.328085],[-48.178389,-22.334832],[-48.155671,-22.340372],[-48.155107,-22.343712],[-48.158755,-22.347131],[-48.159085,-22.349937],[-48.156161,-22.356781],[-48.149323,-22.360188],[-48.147649,-22.364956],[-48.150014,-22.371035],[-48.147158,-22.379029],[-48.148529,-22.39038],[-48.147251,-22.401649],[-48.15015,-22.410524],[-48.146971,-22.414619],[-48.143239,-22.415692],[-48.139342,-22.414913],[-48.128928,-22.409172],[-48.119313,-22.399763],[-48.114376,-22.397083],[-48.104361,-22.384744],[-48.10047,-22.37369],[-48.091101,-22.367095],[-48.087775,-22.360395],[-48.08362,-22.356163],[-48.074598,-22.357315],[-48.069795,-22.361835],[-48.063038,-22.365094],[-48.054156,-22.364669],[-48.05039,-22.36855],[-48.047234,-22.377032],[-48.040729,-22.384681],[-48.034308,-22.387012],[-48.026618,-22.385948],[-48.019679,-22.392088],[-48.007281,-22.389049],[-48.000211,-22.37839],[-47.994801,-22.376336],[-47.990082,-22.370785],[-47.977186,-22.373417],[-47.973685,-22.372784],[-47.968038,-22.36864],[-47.967218,-22.366375],[-47.976462,-22.355743],[-47.975026,-22.350989],[-47.971431,-22.34869],[-47.960524,-22.345741],[-47.94663,-22.344873],[-47.944312,-22.342739],[-47.943691,-22.336006],[-47.948965,-22.330399],[-47.952611,-22.329084],[-47.960027,-22.330786],[-47.963572,-22.329232],[-47.965589,-22.325444],[-47.959791,-22.314258],[-47.953296,-22.311934],[-47.946541,-22.30605],[-47.945174,-22.301622],[-47.94116,-22.298585],[-47.942543,-22.290083],[-47.939551,-22.287177],[-47.930911,-22.288024],[-47.927154,-22.297675],[-47.924559,-22.299364],[-47.916476,-22.297581],[-47.912255,-22.292294],[-47.907491,-22.29329],[-47.905883,-22.29835],[-47.90139,-22.301681],[-47.898042,-22.309008],[-47.892522,-22.312037],[-47.89053,-22.318612],[-47.892193,-22.322151],[-47.900247,-22.324266],[-47.900556,-22.330817],[-47.897399,-22.332477],[-47.89156,-22.331179],[-47.881223,-22.335667],[-47.873121,-22.346955],[-47.872912,-22.353428],[-47.866531,-22.355876],[-47.858402,-22.367748],[-47.855265,-22.369812],[-47.852181,-22.369681],[-47.848532,-22.367119],[-47.840243,-22.367194],[-47.832249,-22.36007],[-47.820294,-22.358087],[-47.819134,-22.355702],[-47.820474,-22.345734],[-47.817492,-22.337866],[-47.814483,-22.331074],[-47.806236,-22.323214],[-47.797687,-22.327814],[-47.794322,-22.33323],[-47.779896,-22.334341],[-47.771843,-22.341428],[-47.757314,-22.335618],[-47.750686,-22.338582],[-47.747562,-22.338562],[-47.745365,-22.336088],[-47.745287,-22.331175],[-47.742691,-22.329403],[-47.726538,-22.332236],[-47.720747,-22.336464],[-47.715648,-22.348092],[-47.707797,-22.354039],[-47.70833,-22.359767],[-47.705518,-22.374785],[-47.70924,-22.381445],[-47.712938,-22.395844],[-47.718787,-22.399642],[-47.720591,-22.402514],[-47.723061,-22.41582],[-47.720822,-22.424221],[-47.725812,-22.430321],[-47.732751,-22.434187],[-47.734765,-22.441365],[-47.739647,-22.445785],[-47.741605,-22.449841],[-47.740261,-22.45682],[-47.732446,-22.467531],[-47.732782,-22.474915],[-47.735574,-22.479191],[-47.738751,-22.479844],[-47.750452,-22.476997],[-47.761347,-22.471637],[-47.764297,-22.47289],[-47.769395,-22.480504],[-47.779268,-22.478241],[-47.788327,-22.481931],[-47.799608,-22.492083],[-47.802451,-22.498074],[-47.80981,-22.504932],[-47.812575,-22.509976],[-47.812529,-22.516452],[-47.820038,-22.524966],[-47.825751,-22.538309],[-47.834881,-22.540389],[-47.841697,-22.533572],[-47.854701,-22.533977],[-47.86222,-22.540235],[-47.867959,-22.551863],[-47.872702,-22.553905],[-47.88474,-22.552809],[-47.886431,-22.546838],[-47.890584,-22.544003],[-47.892632,-22.539708],[-47.901455,-22.536058],[-47.906143,-22.526136],[-47.911493,-22.52432],[-47.917196,-22.524445],[-47.929855,-22.528984],[-47.938651,-22.528649],[-47.94038,-22.531274],[-47.93955,-22.540248],[-47.944501,-22.544906],[-47.949068,-22.544474],[-47.954539,-22.541732],[-47.964464,-22.540579],[-47.971993,-22.544071],[-47.97803,-22.542256],[-47.987874,-22.542259],[-47.99354,-22.540214],[-47.997783,-22.536795],[-48.003096,-22.536097],[-48.00727,-22.538641],[-48.013254,-22.551419],[-48.021654,-22.55393],[-48.024098,-22.556009],[-48.024302,-22.56257],[-48.03035,-22.569516],[-48.031536,-22.575014],[-48.029546,-22.57771],[-48.023028,-22.578929],[-48.021385,-22.582947],[-48.02595,-22.589586],[-48.029958,-22.591774],[-48.040653,-22.590375],[-48.041706,-22.587879],[-48.039666,-22.583813],[-48.039913,-22.580808],[-48.055915,-22.564008],[-48.066028,-22.561142],[-48.074386,-22.561109],[-48.079879,-22.556788],[-48.086273,-22.56014],[-48.098826,-22.559327],[-48.100141,-22.5571],[-48.100163,-22.548998],[-48.098579,-22.542948],[-48.106812,-22.534579],[-48.110943,-22.534379],[-48.116509,-22.538861],[-48.128767,-22.536564],[-48.135769,-22.541233],[-48.146305,-22.545185],[-48.151026,-22.545334],[-48.153819,-22.543873],[-48.155219,-22.540258],[-48.150764,-22.532519],[-48.15428,-22.513101],[-48.151402,-22.506723],[-48.156,-22.502108],[-48.159102,-22.502923],[-48.162221,-22.507052],[-48.16352,-22.518315],[-48.172836,-22.531642],[-48.177647,-22.535429],[-48.182768,-22.535706],[-48.190201,-22.529298],[-48.193569,-22.528898],[-48.198444,-22.533602],[-48.200833,-22.539175],[-48.212545,-22.548507],[-48.215787,-22.554359],[-48.238439,-22.550483],[-48.246799,-22.55677],[-48.25092,-22.556614],[-48.254196,-22.552917],[-48.254578,-22.549265],[-48.252108,-22.541865],[-48.247698,-22.534891],[-48.248063,-22.531254],[-48.252059,-22.529293],[-48.25863,-22.532802],[-48.263918,-22.531964],[-48.27454,-22.520151],[-48.275367,-22.512128],[-48.272082,-22.507169],[-48.259776,-22.504747],[-48.24803,-22.497213],[-48.233148,-22.492141],[-48.228957,-22.48635],[-48.213366,-22.484003],[-48.210172,-22.481598],[-48.206929,-22.474835],[-48.207354,-22.472307],[-48.213716,-22.469535],[-48.224893,-22.469026],[-48.226013,-22.465645],[-48.222179,-22.457638],[-48.228615,-22.453793],[-48.232735,-22.453895],[-48.234933,-22.455511],[-48.237924,-22.462737],[-48.238197,-22.472878],[-48.241898,-22.476909],[-48.244686,-22.477603],[-48.247185,-22.476262],[-48.249249,-22.471885],[-48.2531,-22.469639],[-48.258796,-22.45806],[-48.274231,-22.444826],[-48.281266,-22.444184],[-48.286287,-22.445784],[-48.289076,-22.450352],[-48.290984,-22.460489],[-48.294813,-22.465928],[-48.299766,-22.469053],[-48.302385,-22.478193],[-48.309604,-22.48321],[-48.312365,-22.487644],[-48.319612,-22.489984],[-48.32435,-22.493334],[-48.330298,-22.504868],[-48.332779,-22.506359],[-48.343117,-22.501536],[-48.355028,-22.498909],[-48.364447,-22.494983],[-48.379645,-22.486122],[-48.385319,-22.490193],[-48.390462,-22.491133],[-48.39297,-22.489815],[-48.395423,-22.485605],[-48.400208,-22.484015],[-48.406729,-22.488816],[-48.413821,-22.491287],[-48.416737,-22.507425],[-48.416295,-22.510507],[-48.412471,-22.515882],[-48.412802,-22.522558],[-48.40893,-22.525331],[-48.398828,-22.526962],[-48.394728,-22.533157],[-48.395406,-22.536799],[-48.399201,-22.540727],[-48.408637,-22.542446],[-48.41432,-22.547683],[-48.419442,-22.55715],[-48.420045,-22.565533],[-48.418391,-22.579348],[-48.419683,-22.587034],[-48.42357,-22.592393],[-48.433923,-22.597299],[-48.443576,-22.598101],[-48.447225,-22.602438],[-48.449014,-22.609058],[-48.452259,-22.61211],[-48.453805,-22.620055],[-48.446477,-22.639493],[-48.447338,-22.64791],[-48.453943,-22.653522],[-48.464587,-22.651747],[-48.47275,-22.653121],[-48.478552,-22.657834],[-48.489609,-22.660192],[-48.495759,-22.669069],[-48.495922,-22.67233],[-48.485234,-22.683617],[-48.483765,-22.691598],[-48.488065,-22.693501],[-48.496131,-22.688064],[-48.500488,-22.686982],[-48.503046,-22.68807],[-48.506122,-22.692988],[-48.505694,-22.696633],[-48.49983,-22.705815],[-48.501102,-22.71848],[-48.496158,-22.728475],[-48.497302,-22.737699],[-48.488425,-22.743833],[-48.48536,-22.747769],[-48.48446,-22.756802],[-48.481719,-22.757998],[-48.461717,-22.756576],[-48.448076,-22.763469],[-48.437794,-22.763936],[-48.432473,-22.768324],[-48.429641,-22.784874],[-48.425689,-22.789219],[-48.416032,-22.790997],[-48.406463,-22.800661],[-48.399469,-22.802589],[-48.3945,-22.801399],[-48.391637,-22.802943],[-48.393156,-22.815413],[-48.395937,-22.817302],[-48.405998,-22.818585],[-48.408528,-22.820678],[-48.408994,-22.837761],[-48.413101,-22.841628],[-48.415762,-22.841895],[-48.424038,-22.838174],[-48.433693,-22.839682],[-48.435853,-22.841871],[-48.437856,-22.850053],[-48.44714,-22.851653],[-48.452043,-22.846554],[-48.458903,-22.8477],[-48.461811,-22.846478],[-48.461991,-22.837155],[-48.470504,-22.834332],[-48.472152,-22.830313],[-48.471814,-22.824868],[-48.477775,-22.821961],[-48.480927,-22.823573],[-48.483401,-22.829007],[-48.49071,-22.828786],[-48.495252,-22.832647],[-48.49728,-22.837652],[-48.496533,-22.853526],[-48.498673,-22.856019],[-48.502664,-22.855518],[-48.510366,-22.848692],[-48.528928,-22.852452],[-48.535794,-22.849997],[-48.539894,-22.841143],[-48.538954,-22.830201],[-48.543535,-22.824905],[-48.542103,-22.816065],[-48.542885,-22.810441],[-48.540424,-22.805217],[-48.541516,-22.801027],[-48.539816,-22.788874],[-48.544466,-22.781454],[-48.54374,-22.769769],[-48.541084,-22.766658],[-48.535607,-22.767864],[-48.53277,-22.76684],[-48.52571,-22.753812],[-48.530046,-22.748288],[-48.52951,-22.741844],[-48.534711,-22.733439],[-48.539851,-22.729227],[-48.539074,-22.718572],[-48.528794,-22.713214],[-48.527113,-22.707263],[-48.529373,-22.704245],[-48.536177,-22.705669],[-48.539388,-22.703349],[-48.538462,-22.697269],[-48.532847,-22.694713],[-48.529816,-22.690349],[-48.538173,-22.680461],[-48.538893,-22.673746],[-48.54079,-22.671151],[-48.544326,-22.671074],[-48.549717,-22.676231],[-48.56062,-22.679977],[-48.567616,-22.678829],[-48.577487,-22.673345],[-48.586365,-22.674429],[-48.591035,-22.670855],[-48.594085,-22.670362],[-48.599028,-22.674362],[-48.602688,-22.687444],[-48.609343,-22.691414],[-48.617074,-22.691879],[-48.621193,-22.688039],[-48.624234,-22.678425],[-48.633147,-22.676145],[-48.635885,-22.668875],[-48.639113,-22.665422],[-48.638945,-22.659034],[-48.643695,-22.651611],[-48.647265,-22.65156],[-48.65199,-22.656248],[-48.655292,-22.656719],[-48.657758,-22.654431],[-48.657381,-22.648464],[-48.659908,-22.64404],[-48.663242,-22.64359],[-48.671266,-22.648293],[-48.673666,-22.647071],[-48.675966,-22.64292],[-48.679244,-22.641541],[-48.683412,-22.642438],[-48.689795,-22.650049],[-48.695226,-22.649014],[-48.699981,-22.650305],[-48.702318,-22.649163],[-48.703208,-22.643718],[-48.697901,-22.633259],[-48.697076,-22.628299],[-48.700444,-22.618968],[-48.699408,-22.608225],[-48.701406,-22.604579],[-48.704066,-22.603583],[-48.711433,-22.606904],[-48.714383,-22.611039],[-48.713771,-22.616017],[-48.71644,-22.629148],[-48.715507,-22.656544],[-48.719544,-22.659266],[-48.724319,-22.657038],[-48.728197,-22.656972],[-48.730306,-22.658749],[-48.731977,-22.663876],[-48.736192,-22.665269],[-48.738753,-22.663169],[-48.739473,-22.658652],[-48.728884,-22.636195],[-48.729916,-22.632583],[-48.738654,-22.631025],[-48.750739,-22.637331],[-48.7572,-22.637011],[-48.760075,-22.634553],[-48.76381,-22.626906],[-48.759609,-22.610935],[-48.760751,-22.606753],[-48.767318,-22.604796],[-48.776666,-22.611711],[-48.77939,-22.611851],[-48.781501,-22.610234],[-48.782467,-22.605621],[-48.77846,-22.600564],[-48.778631,-22.596852],[-48.784567,-22.585966],[-48.794075,-22.580354],[-48.794458,-22.577719],[-48.79275,-22.575031],[-48.784723,-22.573304],[-48.776607,-22.576161],[-48.769304,-22.576836],[-48.767359,-22.579396],[-48.767042,-22.588961],[-48.762078,-22.592405],[-48.751089,-22.592928],[-48.739401,-22.588975],[-48.727904,-22.589233],[-48.725129,-22.586907],[-48.723587,-22.58101],[-48.715008,-22.577544],[-48.716843,-22.569772],[-48.715718,-22.566447],[-48.711786,-22.565701],[-48.704702,-22.570023],[-48.700394,-22.569196],[-48.697302,-22.564203],[-48.700721,-22.557643],[-48.700048,-22.554755],[-48.696143,-22.552021],[-48.680281,-22.550555],[-48.67494,-22.538324],[-48.689995,-22.523185],[-48.69262,-22.513281],[-48.695824,-22.511131],[-48.706045,-22.508996],[-48.706676,-22.506036],[-48.704288,-22.500609],[-48.705875,-22.497838],[-48.708801,-22.496774],[-48.715801,-22.501159],[-48.717979,-22.50894],[-48.72573,-22.512309],[-48.733031,-22.510563],[-48.744419,-22.514975],[-48.750356,-22.513495],[-48.755145,-22.5157],[-48.764504,-22.516383],[-48.770732,-22.524971],[-48.772092,-22.532534],[-48.774698,-22.536329],[-48.782832,-22.54403],[-48.787929,-22.543533],[-48.791624,-22.539151],[-48.793646,-22.527391],[-48.77805,-22.511447],[-48.766768,-22.496895],[-48.752884,-22.485571],[-48.753696,-22.473565],[-48.758781,-22.471492],[-48.763057,-22.473987],[-48.771132,-22.483229],[-48.777897,-22.496024],[-48.780877,-22.496575],[-48.785924,-22.494218],[-48.787112,-22.490096],[-48.780868,-22.482844],[-48.784175,-22.477521],[-48.783846,-22.475],[-48.772244,-22.469486],[-48.763807,-22.461566],[-48.764052,-22.457634],[-48.776498,-22.452146],[-48.783288,-22.455288],[-48.786842,-22.455426],[-48.794993,-22.447184],[-48.800272,-22.444269],[-48.805555,-22.444004],[-48.811844,-22.447197],[-48.815109,-22.446701],[-48.817217,-22.440996],[-48.810918,-22.435562],[-48.809325,-22.432227],[-48.80977,-22.422192],[-48.813051,-22.415782],[-48.838041,-22.406483],[-48.852672,-22.406449],[-48.857062,-22.399868],[-48.863129,-22.397064],[-48.865358,-22.391936],[-48.877316,-22.38538],[-48.883697,-22.379438],[-48.892691,-22.355999],[-48.89133,-22.346292],[-48.888781,-22.343287],[-48.88258,-22.341212],[-48.876116,-22.34277],[-48.869504,-22.348275],[-48.863548,-22.356573],[-48.85742,-22.358775],[-48.850157,-22.35458],[-48.849613,-22.345252],[-48.848216,-22.343287],[-48.844269,-22.342524],[-48.838888,-22.34643],[-48.831429,-22.346447],[-48.828119,-22.342341],[-48.821471,-22.340594],[-48.813585,-22.332725],[-48.806225,-22.331493],[-48.805016,-22.322337],[-48.813223,-22.311027],[-48.826581,-22.305986],[-48.828839,-22.297564],[-48.843123,-22.283448],[-48.847324,-22.274696],[-48.845614,-22.2699],[-48.837088,-22.263673],[-48.837487,-22.261335],[-48.842394,-22.256169],[-48.844304,-22.24302],[-48.839535,-22.235496],[-48.837894,-22.225928],[-48.843132,-22.219586],[-48.851495,-22.217868],[-48.857752,-22.21151],[-48.85857,-22.19774],[-48.8601,-22.193811],[-48.864058,-22.192375],[-48.870081,-22.195611],[-48.877121,-22.203747],[-48.887558,-22.212079],[-48.898068,-22.211391],[-48.901964,-22.206598],[-48.900448,-22.202968],[-48.893873,-22.201526],[-48.885188,-22.188778],[-48.884773,-22.186267],[-48.886747,-22.182319],[-48.885904,-22.179974],[-48.876754,-22.178594],[-48.870428,-22.17426],[-48.864568,-22.164633],[-48.867568,-22.161114],[-48.876449,-22.163041],[-48.880323,-22.162028],[-48.882155,-22.15453],[-48.898397,-22.13675],[-48.897406,-22.133727],[-48.88471,-22.124954],[-48.883044,-22.122365],[-48.88853,-22.112884],[-48.88403,-22.098548],[-48.890146,-22.094677],[-48.891363,-22.092245],[-48.891031,-22.083538],[-48.885795,-22.073193],[-48.884799,-22.066547],[-48.885781,-22.061597],[-48.889245,-22.059447],[-48.905735,-22.063785],[-48.919235,-22.062957],[-48.920617,-22.054946],[-48.916308,-22.048989],[-48.918076,-22.041499],[-48.917475,-22.031707],[-48.920529,-22.027553],[-48.927115,-22.023943],[-48.929959,-22.019598],[-48.927796,-22.015922],[-48.920796,-22.01643],[-48.917018,-22.014381],[-48.915002,-22.002502],[-48.907859,-21.996011],[-48.904293,-21.990263],[-48.89986,-21.981035],[-48.900145,-21.975773],[-48.896274,-21.970644],[-48.896483,-21.967838],[-48.899039,-21.966042],[-48.908203,-21.965712],[-48.915294,-21.958918],[-48.918565,-21.959948],[-48.922401,-21.964934],[-48.9264,-21.965528],[-48.938118,-21.953106],[-48.949399,-21.953822],[-48.958517,-21.957942],[-48.963025,-21.956585],[-48.968549,-21.949586],[-48.968556,-21.945581],[-48.965923,-21.941175],[-48.95416,-21.931153],[-48.952259,-21.927037],[-48.95251,-21.923595],[-48.95442,-21.921197],[-48.958502,-21.919629],[-48.970818,-21.928622],[-48.98236,-21.926745],[-48.984344,-21.923182],[-48.981064,-21.917235],[-48.984186,-21.908573],[-48.987024,-21.906601],[-49.000102,-21.914079],[-49.006443,-21.923062],[-49.00449,-21.926894],[-48.997069,-21.926931],[-48.994515,-21.928215],[-48.993596,-21.931191],[-48.994842,-21.935023],[-49.006238,-21.947727],[-49.00907,-21.948193],[-49.01447,-21.946173],[-49.018708,-21.9495],[-49.023326,-21.956367],[-49.028628,-21.969489],[-49.030334,-21.979274],[-49.028995,-21.982112],[-49.023777,-21.984306],[-49.009469,-21.984484],[-49.007056,-21.986461],[-49.007449,-21.989889],[-49.011772,-21.99219],[-49.012988,-21.994621],[-49.012112,-21.997027],[-49.007983,-22.000152],[-49.007594,-22.002743],[-49.013297,-22.008725],[-49.007179,-22.019759],[-49.011165,-22.024724],[-49.024876,-22.02841],[-49.026886,-22.030142],[-49.024999,-22.038406],[-49.017998,-22.043921],[-49.017535,-22.050385],[-49.019567,-22.052718],[-49.027174,-22.053766],[-49.02745,-22.061343],[-49.029301,-22.063509],[-49.031998,-22.06381],[-49.038381,-22.061255],[-49.044156,-22.063231],[-49.044708,-22.067805],[-49.038315,-22.073863],[-49.039887,-22.078001],[-49.04506,-22.078959],[-49.050555,-22.077181],[-49.058244,-22.059142],[-49.061297,-22.057491],[-49.065732,-22.060564],[-49.068004,-22.068453],[-49.065256,-22.083642],[-49.068047,-22.086971],[-49.076866,-22.083507],[-49.084581,-22.087443],[-49.09396,-22.086631],[-49.102225,-22.083436],[-49.111397,-22.08465],[-49.1162,-22.079462],[-49.12614,-22.073929],[-49.132478,-22.073964],[-49.13937,-22.077466],[-49.141762,-22.088228],[-49.150305,-22.096638],[-49.167352,-22.099932],[-49.178247,-22.106161],[-49.178587,-22.111513],[-49.173591,-22.118601],[-49.165751,-22.122627],[-49.163289,-22.126093],[-49.167106,-22.132272],[-49.170938,-22.133788],[-49.175373,-22.132843],[-49.179112,-22.128516],[-49.181345,-22.121643],[-49.186285,-22.117017],[-49.189705,-22.108897],[-49.197763,-22.096556],[-49.195684,-22.092949],[-49.192366,-22.091964],[-49.18511,-22.093059],[-49.181144,-22.088936],[-49.180642,-22.084782],[-49.185117,-22.077533],[-49.18461,-22.073845],[-49.181769,-22.071711],[-49.174554,-22.069886],[-49.16042,-22.077283],[-49.157798,-22.075743],[-49.155977,-22.069342],[-49.152398,-22.067727],[-49.145331,-22.069026],[-49.138861,-22.060469],[-49.133534,-22.060211],[-49.122841,-22.064394],[-49.110211,-22.06212],[-49.107532,-22.057875],[-49.102289,-22.055834],[-49.090834,-22.043565],[-49.090459,-22.040905],[-49.093224,-22.035355],[-49.085317,-22.027433],[-49.085474,-22.020911],[-49.089213,-22.018751],[-49.09942,-22.022328],[-49.10303,-22.02087],[-49.105235,-22.012998],[-49.103141,-22.0071],[-49.103509,-21.9977],[-49.107073,-21.992544],[-49.124817,-21.984836],[-49.129221,-21.980737],[-49.146948,-21.976683],[-49.149457,-21.978009],[-49.152993,-21.983323],[-49.163486,-21.986478],[-49.165429,-21.988456],[-49.164555,-21.992133],[-49.157537,-21.994728],[-49.155944,-21.997238],[-49.159883,-22.010046],[-49.164031,-22.011235],[-49.172388,-22.003588],[-49.176876,-22.004185],[-49.178163,-22.014566],[-49.182582,-22.020274],[-49.188192,-22.021228],[-49.19162,-22.024217],[-49.195464,-22.031308],[-49.194232,-22.038793],[-49.196748,-22.041737],[-49.199712,-22.042423],[-49.223628,-22.030045],[-49.223942,-22.025973],[-49.218199,-22.01793],[-49.219443,-22.006489],[-49.223089,-21.999169],[-49.230863,-21.997059],[-49.236543,-22.003532],[-49.235168,-22.01779],[-49.236879,-22.023049],[-49.236237,-22.03302],[-49.240335,-22.042695],[-49.240728,-22.055124],[-49.246648,-22.06024],[-49.255457,-22.085863],[-49.252918,-22.095415],[-49.259901,-22.099722],[-49.264808,-22.117726],[-49.271585,-22.123934],[-49.269984,-22.129448],[-49.264998,-22.134218],[-49.267779,-22.140981],[-49.266405,-22.147259],[-49.268976,-22.149206],[-49.277007,-22.149697],[-49.281706,-22.141868],[-49.285566,-22.139872],[-49.302401,-22.144137],[-49.304573,-22.148194],[-49.309761,-22.152739],[-49.311569,-22.158954],[-49.320988,-22.171464],[-49.324877,-22.181488],[-49.31579,-22.196878],[-49.296419,-22.196205],[-49.290963,-22.190483],[-49.287376,-22.189884],[-49.285191,-22.191742],[-49.282083,-22.200916],[-49.274312,-22.202485],[-49.263287,-22.211046],[-49.249398,-22.217058],[-49.245992,-22.228172],[-49.215378,-22.232979],[-49.205861,-22.240659],[-49.20218,-22.247462],[-49.202614,-22.265207],[-49.199436,-22.270643],[-49.196633,-22.272501],[-49.181037,-22.275357],[-49.17919,-22.278315],[-49.17961,-22.285362],[-49.171787,-22.289549],[-49.16907,-22.288866],[-49.16759,-22.286324],[-49.171359,-22.274632],[-49.166355,-22.261825],[-49.166548,-22.246213],[-49.171065,-22.244564],[-49.176404,-22.250781],[-49.181699,-22.252435],[-49.184639,-22.251634],[-49.186013,-22.248705],[-49.184177,-22.241265],[-49.189289,-22.237651],[-49.190278,-22.235283],[-49.183959,-22.223193],[-49.18517,-22.218188],[-49.187465,-22.216657],[-49.190882,-22.216862],[-49.204298,-22.223177],[-49.210349,-22.220644],[-49.211895,-22.213588],[-49.209745,-22.211404],[-49.201792,-22.2096],[-49.192904,-22.202387],[-49.193,-22.194656],[-49.18986,-22.190902],[-49.185668,-22.180534],[-49.182793,-22.177118],[-49.179369,-22.176689],[-49.175621,-22.178863],[-49.172741,-22.188668],[-49.1676,-22.193849],[-49.168898,-22.197175],[-49.177861,-22.201426],[-49.179461,-22.206253],[-49.170103,-22.22823],[-49.166491,-22.229945],[-49.157673,-22.228703],[-49.152177,-22.230882],[-49.128754,-22.233447],[-49.126527,-22.235887],[-49.128443,-22.241161],[-49.127344,-22.245077],[-49.119588,-22.24836],[-49.115483,-22.246895],[-49.114114,-22.235316],[-49.11701,-22.225351],[-49.123918,-22.219528],[-49.125264,-22.215828],[-49.12512,-22.210804],[-49.117973,-22.197805],[-49.118108,-22.193701],[-49.120484,-22.189205],[-49.129156,-22.18489],[-49.13218,-22.178745],[-49.134751,-22.165367],[-49.144001,-22.158978],[-49.149092,-22.153156],[-49.148212,-22.150422],[-49.144276,-22.148006],[-49.132274,-22.144748],[-49.127488,-22.141901],[-49.120649,-22.134145],[-49.110559,-22.134363],[-49.108139,-22.137273],[-49.109522,-22.140731],[-49.120625,-22.152545],[-49.122098,-22.15702],[-49.122723,-22.16477],[-49.117231,-22.179701],[-49.111742,-22.180789],[-49.104338,-22.177496],[-49.091978,-22.178569],[-49.082877,-22.172933],[-49.075539,-22.170517],[-49.070253,-22.171911],[-49.066244,-22.17546],[-49.051519,-22.179566],[-49.045046,-22.186726],[-49.043766,-22.198662],[-49.046901,-22.204123],[-49.056711,-22.21022],[-49.059079,-22.21381],[-49.058418,-22.216806],[-49.047199,-22.223262],[-49.042623,-22.222534],[-49.039219,-22.217847],[-49.032838,-22.215494],[-49.019846,-22.217885],[-49.007357,-22.232187],[-49.007276,-22.236289],[-49.010171,-22.238779],[-49.021987,-22.236469],[-49.0322,-22.236282],[-49.040074,-22.247853],[-49.04502,-22.25112],[-49.05847,-22.257789],[-49.082716,-22.265326],[-49.096919,-22.271875],[-49.100658,-22.286671],[-49.108022,-22.292408],[-49.109679,-22.297317],[-49.129672,-22.311878],[-49.134642,-22.31337],[-49.137926,-22.317322],[-49.136654,-22.323433],[-49.129011,-22.324278],[-49.125347,-22.329843],[-49.116566,-22.333533],[-49.116298,-22.344052],[-49.106475,-22.356469],[-49.106845,-22.364072],[-49.10459,-22.365804],[-49.099057,-22.366575],[-49.093499,-22.372188],[-49.092289,-22.380271],[-49.080131,-22.397049],[-49.072421,-22.400171],[-49.067778,-22.398883],[-49.064867,-22.399661],[-49.060437,-22.41261],[-49.057385,-22.413859],[-49.051729,-22.4115],[-49.048398,-22.412085],[-49.046509,-22.414408],[-49.046175,-22.420389],[-49.051008,-22.424146],[-49.062098,-22.42812],[-49.068114,-22.429345],[-49.075216,-22.427731],[-49.079009,-22.422999],[-49.087006,-22.416998],[-49.094866,-22.41675],[-49.097575,-22.41157],[-49.102967,-22.409534],[-49.109864,-22.401955],[-49.11273,-22.400981],[-49.118622,-22.403553],[-49.121274,-22.408205],[-49.127023,-22.411357],[-49.12868,-22.415886],[-49.133385,-22.41903],[-49.133783,-22.422184],[-49.128234,-22.427445],[-49.11715,-22.430179],[-49.113232,-22.435704],[-49.114154,-22.442846],[-49.107001,-22.447025],[-49.105971,-22.454045],[-49.104093,-22.456171],[-49.099985,-22.456437],[-49.095007,-22.454579],[-49.093523,-22.44785],[-49.090995,-22.446133],[-49.081458,-22.447132],[-49.074826,-22.449557],[-49.072113,-22.452929],[-49.071776,-22.46115],[-49.073203,-22.469157],[-49.076057,-22.474985],[-49.074045,-22.477839],[-49.070437,-22.479436],[-49.064582,-22.478133],[-49.058857,-22.479623],[-49.055825,-22.477903],[-49.056053,-22.469013],[-49.052654,-22.464263],[-49.053686,-22.456175],[-49.050932,-22.453413],[-49.045069,-22.45493],[-49.03441,-22.46156],[-49.026711,-22.458019],[-49.019325,-22.459106],[-49.011519,-22.456829],[-49.008233,-22.457744],[-49.005161,-22.462804],[-49.005239,-22.465221],[-49.007538,-22.467229],[-49.01518,-22.468743],[-49.02049,-22.472749],[-49.021149,-22.475395],[-49.018706,-22.480771],[-49.022995,-22.486825],[-49.018766,-22.493868],[-49.00969,-22.499146],[-49.008537,-22.503724],[-49.010699,-22.510038],[-49.007864,-22.523248],[-48.996056,-22.529595],[-48.997657,-22.536039],[-48.997018,-22.541861],[-48.992698,-22.547671],[-48.99418,-22.554414],[-48.989226,-22.558994],[-48.990108,-22.570738],[-48.986237,-22.5732],[-48.97998,-22.573022],[-48.976816,-22.574426],[-48.968736,-22.589355],[-48.967189,-22.59523],[-48.96329,-22.598331],[-48.956772,-22.599721],[-48.949533,-22.599058],[-48.943656,-22.59361],[-48.940138,-22.593107],[-48.938146,-22.594636],[-48.93725,-22.599712],[-48.935126,-22.602289],[-48.921788,-22.605169],[-48.919038,-22.609612],[-48.921551,-22.61332],[-48.930987,-22.61382],[-48.936774,-22.617762],[-48.960131,-22.616159],[-48.969911,-22.617242],[-48.976645,-22.621611],[-48.98675,-22.623839],[-48.989801,-22.63177],[-48.992773,-22.633713],[-49.000698,-22.63353],[-49.007716,-22.63111],[-49.011278,-22.626893],[-49.012523,-22.618822],[-49.01505,-22.617409],[-49.019463,-22.617879],[-49.023038,-22.62272],[-49.021602,-22.629677],[-49.028563,-22.632676],[-49.03305,-22.636753],[-49.034336,-22.646545],[-49.039813,-22.651044],[-49.039629,-22.653881],[-49.035806,-22.658589],[-49.036025,-22.662723],[-49.039206,-22.664296],[-49.046762,-22.664527],[-49.052084,-22.678879],[-49.062284,-22.680941],[-49.067118,-22.683351],[-49.070309,-22.688521],[-49.072554,-22.689586],[-49.075638,-22.688664],[-49.078501,-22.683992],[-49.090527,-22.679123],[-49.091445,-22.675835],[-49.090173,-22.670611],[-49.091622,-22.66826],[-49.101285,-22.666758],[-49.10528,-22.658628],[-49.109359,-22.655543],[-49.122372,-22.654239],[-49.126524,-22.651419],[-49.127257,-22.648822],[-49.122421,-22.643555],[-49.107532,-22.644845],[-49.101326,-22.638801],[-49.102107,-22.62865],[-49.106996,-22.616647],[-49.106813,-22.613689],[-49.104668,-22.611844],[-49.101135,-22.61233],[-49.097087,-22.619336],[-49.087402,-22.624797],[-49.082978,-22.629046],[-49.072671,-22.62689],[-49.064754,-22.622964],[-49.056943,-22.626015],[-49.045555,-22.622312],[-49.043988,-22.610361],[-49.038034,-22.60667],[-49.036551,-22.603595],[-49.039338,-22.595062],[-49.038829,-22.590353],[-49.034498,-22.587663],[-49.028428,-22.588393],[-49.023846,-22.586648],[-49.022683,-22.583553],[-49.023993,-22.576249],[-49.022274,-22.573759],[-49.019114,-22.573387],[-49.014672,-22.575511],[-49.011404,-22.573759],[-49.011373,-22.565787],[-49.015274,-22.556151],[-49.03376,-22.548104],[-49.035999,-22.54386],[-49.035519,-22.536267],[-49.039444,-22.522783],[-49.043166,-22.51772],[-49.04602,-22.516811],[-49.048753,-22.51796],[-49.050522,-22.525157],[-49.053394,-22.52744],[-49.057316,-22.528491],[-49.060943,-22.526109],[-49.064044,-22.526068],[-49.069657,-22.532643],[-49.071163,-22.542623],[-49.065043,-22.549123],[-49.067302,-22.554404],[-49.085468,-22.552165],[-49.091335,-22.55655],[-49.094349,-22.556505],[-49.096435,-22.554095],[-49.096989,-22.540056],[-49.099373,-22.538146],[-49.104094,-22.538348],[-49.108037,-22.541965],[-49.107765,-22.558358],[-49.110021,-22.560453],[-49.113198,-22.560195],[-49.117625,-22.554843],[-49.120574,-22.542752],[-49.120862,-22.533088],[-49.127154,-22.513828],[-49.133034,-22.509199],[-49.140257,-22.509494],[-49.153547,-22.513015],[-49.158597,-22.508904],[-49.159403,-22.498767],[-49.158179,-22.496417],[-49.154562,-22.495659],[-49.149286,-22.498365],[-49.137708,-22.496922],[-49.134891,-22.494144],[-49.136426,-22.49003],[-49.154105,-22.478699],[-49.167921,-22.477212],[-49.177193,-22.466565],[-49.183596,-22.46285],[-49.191795,-22.464035],[-49.200679,-22.475425],[-49.204597,-22.477148],[-49.208295,-22.476865],[-49.213602,-22.472731],[-49.218766,-22.475729],[-49.225123,-22.475639],[-49.226377,-22.471287],[-49.221463,-22.466732],[-49.217185,-22.459914],[-49.216125,-22.441972],[-49.219249,-22.440573],[-49.230443,-22.444106],[-49.233282,-22.443423],[-49.234739,-22.440438],[-49.230804,-22.432579],[-49.231783,-22.42831],[-49.238775,-22.426447],[-49.24306,-22.422445],[-49.255864,-22.420716],[-49.257459,-22.418035],[-49.255367,-22.409747],[-49.256636,-22.406753],[-49.263396,-22.405908],[-49.27276,-22.401001],[-49.276949,-22.393547],[-49.28509,-22.394654],[-49.290369,-22.39048],[-49.295864,-22.391903],[-49.3005,-22.390903],[-49.307757,-22.392893],[-49.313067,-22.401012],[-49.319649,-22.4041],[-49.32747,-22.405191],[-49.329518,-22.412566],[-49.33256,-22.416736],[-49.334593,-22.428083],[-49.340066,-22.436605],[-49.343063,-22.436362],[-49.346074,-22.433625],[-49.349094,-22.425607],[-49.353896,-22.422008],[-49.356984,-22.421462],[-49.362761,-22.422525],[-49.36497,-22.425459],[-49.364845,-22.428139],[-49.361635,-22.432002],[-49.362362,-22.434825],[-49.372014,-22.438951],[-49.381151,-22.438314],[-49.382416,-22.430331],[-49.384726,-22.428354],[-49.392879,-22.431779],[-49.40209,-22.42769],[-49.407091,-22.428332],[-49.416003,-22.425713],[-49.419272,-22.42698],[-49.423923,-22.434512],[-49.427488,-22.436876],[-49.444531,-22.442566],[-49.451313,-22.442899],[-49.457603,-22.432223],[-49.456216,-22.429684],[-49.450976,-22.427829],[-49.444673,-22.421767],[-49.444189,-22.418468],[-49.446631,-22.416116],[-49.452232,-22.415504],[-49.459282,-22.419786],[-49.462725,-22.419582],[-49.464625,-22.41738],[-49.465277,-22.41131],[-49.469343,-22.405898],[-49.477274,-22.401323],[-49.483344,-22.402043],[-49.50347,-22.416299],[-49.507604,-22.416117],[-49.510111,-22.413475],[-49.509865,-22.399899],[-49.513865,-22.387178],[-49.506401,-22.377104],[-49.491382,-22.376868],[-49.484222,-22.366077],[-49.489431,-22.346267],[-49.499209,-22.335433],[-49.505781,-22.324078],[-49.506974,-22.318321],[-49.509698,-22.315773],[-49.51568,-22.313888],[-49.520903,-22.315688],[-49.523257,-22.324604],[-49.529168,-22.328564],[-49.532815,-22.328715],[-49.542827,-22.324602],[-49.547089,-22.325384],[-49.548537,-22.328388],[-49.54586,-22.334162],[-49.546209,-22.337463],[-49.550573,-22.342505],[-49.558878,-22.343341],[-49.561477,-22.346502],[-49.556968,-22.354822],[-49.562299,-22.36068],[-49.560743,-22.377699],[-49.563641,-22.38185],[-49.563615,-22.384847],[-49.544593,-22.407275],[-49.533353,-22.41216],[-49.52514,-22.417466],[-49.52298,-22.420407],[-49.528184,-22.431009],[-49.536416,-22.431988],[-49.539683,-22.43436],[-49.54001,-22.44247],[-49.545515,-22.448893],[-49.542973,-22.454629],[-49.535186,-22.459186],[-49.531875,-22.476573],[-49.533831,-22.478732],[-49.53711,-22.478827],[-49.541079,-22.476774],[-49.547728,-22.466627],[-49.557962,-22.466651],[-49.566135,-22.472813],[-49.570293,-22.479983],[-49.57754,-22.481695],[-49.578788,-22.489751],[-49.582831,-22.494184],[-49.583921,-22.498918],[-49.581671,-22.512276],[-49.582572,-22.529258],[-49.590481,-22.53492],[-49.592875,-22.541973],[-49.596197,-22.544741],[-49.609966,-22.546968],[-49.613379,-22.54966],[-49.614121,-22.55476],[-49.608105,-22.563179],[-49.608242,-22.566559],[-49.621934,-22.573524],[-49.627266,-22.580461],[-49.634307,-22.585089],[-49.641279,-22.58147],[-49.645441,-22.56601],[-49.653862,-22.559824],[-49.654907,-22.553791],[-49.650612,-22.543772],[-49.643619,-22.537668],[-49.635905,-22.534978],[-49.632721,-22.527873],[-49.641574,-22.521896],[-49.656961,-22.520607],[-49.660719,-22.516296],[-49.659406,-22.512997],[-49.644032,-22.503051],[-49.641858,-22.499633],[-49.642192,-22.497084],[-49.647304,-22.491623],[-49.646147,-22.483461],[-49.648298,-22.475928],[-49.646698,-22.46759],[-49.651253,-22.463529],[-49.662735,-22.465443],[-49.669092,-22.464541],[-49.670696,-22.461823],[-49.669499,-22.453032],[-49.672678,-22.448304],[-49.676359,-22.446137],[-49.683349,-22.446403],[-49.687385,-22.439823],[-49.693657,-22.435929],[-49.69677,-22.436572],[-49.700928,-22.440813],[-49.710395,-22.441831],[-49.712596,-22.445506],[-49.707242,-22.455921],[-49.700343,-22.46235],[-49.699014,-22.465524],[-49.701701,-22.474212],[-49.70812,-22.479199],[-49.709169,-22.485144],[-49.706266,-22.489737],[-49.693955,-22.499086],[-49.691974,-22.503533],[-49.69391,-22.50677],[-49.702143,-22.50519],[-49.710516,-22.508489],[-49.722367,-22.505926],[-49.733435,-22.507993],[-49.741037,-22.503374],[-49.75079,-22.500904],[-49.753479,-22.503818],[-49.751223,-22.509744],[-49.751418,-22.523703],[-49.755588,-22.527676],[-49.763542,-22.524993],[-49.768913,-22.51876],[-49.778597,-22.516563],[-49.782666,-22.512874],[-49.792162,-22.510422],[-49.79466,-22.507823],[-49.797548,-22.495921],[-49.794465,-22.487463],[-49.789575,-22.481632],[-49.789139,-22.474855],[-49.783798,-22.468752],[-49.783406,-22.466311],[-49.786092,-22.463683],[-49.804697,-22.460281],[-49.808092,-22.462805],[-49.810731,-22.477524],[-49.814526,-22.48308],[-49.829683,-22.479509],[-49.831085,-22.477216],[-49.830737,-22.471135],[-49.833201,-22.469166],[-49.848344,-22.47367],[-49.849384,-22.476741],[-49.844749,-22.488319],[-49.844049,-22.496466],[-49.851481,-22.509666],[-49.854358,-22.513284],[-49.860925,-22.515174],[-49.863518,-22.522541],[-49.869769,-22.529059],[-49.882025,-22.52919],[-49.884929,-22.526917],[-49.886793,-22.518764],[-49.881814,-22.508522],[-49.882153,-22.500208],[-49.877095,-22.494803],[-49.87345,-22.484515],[-49.874458,-22.47864],[-49.879622,-22.469237],[-49.881226,-22.457809],[-49.884494,-22.452527],[-49.88911,-22.449664],[-49.898432,-22.448205],[-49.905466,-22.44499],[-49.909789,-22.427744],[-49.918684,-22.418935],[-49.926982,-22.416123],[-49.932656,-22.41701],[-49.933879,-22.419594],[-49.932691,-22.425421],[-49.938288,-22.435634],[-49.940813,-22.437203],[-49.953059,-22.430529],[-49.956834,-22.431179],[-49.962552,-22.436059],[-49.965592,-22.436464],[-49.968426,-22.434497],[-49.969934,-22.428225],[-49.97689,-22.4279],[-49.979063,-22.430923],[-49.977582,-22.441433],[-49.980638,-22.445103],[-49.983039,-22.445774],[-49.985541,-22.444751],[-49.994813,-22.43477],[-50.001442,-22.434736],[-50.01156,-22.431416],[-50.023544,-22.431027],[-50.025177,-22.428795],[-50.026564,-22.418821],[-50.029327,-22.416502],[-50.039116,-22.414829],[-50.045943,-22.426782],[-50.055652,-22.428615],[-50.062273,-22.422792],[-50.064978,-22.415906],[-50.068265,-22.414789],[-50.072838,-22.418005],[-50.083865,-22.420792],[-50.086595,-22.42417],[-50.086251,-22.426765],[-50.078898,-22.436505],[-50.078653,-22.440426],[-50.081807,-22.446881],[-50.076401,-22.452417],[-50.078568,-22.458186],[-50.081928,-22.460772],[-50.08877,-22.460044],[-50.096627,-22.464469],[-50.105037,-22.463194],[-50.111113,-22.468572],[-50.118036,-22.464594],[-50.126052,-22.462254],[-50.138727,-22.465648],[-50.154134,-22.447831],[-50.156631,-22.442745],[-50.160985,-22.440596],[-50.173707,-22.447157],[-50.180592,-22.448711],[-50.184019,-22.457269],[-50.190411,-22.459639],[-50.193453,-22.457544],[-50.196852,-22.450577],[-50.200697,-22.446524],[-50.211988,-22.445579],[-50.217361,-22.446869],[-50.220375,-22.444767],[-50.223734,-22.434747],[-50.223989,-22.428255],[-50.229001,-22.422352],[-50.234098,-22.420238],[-50.2381,-22.413669],[-50.237521,-22.406981],[-50.234092,-22.401399],[-50.235929,-22.38182],[-50.237995,-22.379874],[-50.243344,-22.37851],[-50.252099,-22.368074],[-50.265663,-22.369542],[-50.274345,-22.365406],[-50.280391,-22.369147],[-50.29406,-22.36853],[-50.298102,-22.365285],[-50.300673,-22.359199],[-50.304674,-22.356721],[-50.333446,-22.34875],[-50.341285,-22.350085],[-50.351622,-22.348721],[-50.357024,-22.345701],[-50.366071,-22.33596],[-50.369468,-22.335724],[-50.373941,-22.338977],[-50.377813,-22.339628],[-50.386075,-22.333358],[-50.393195,-22.334783],[-50.404604,-22.334174],[-50.408163,-22.331104],[-50.408016,-22.323773],[-50.410948,-22.320431],[-50.419682,-22.322289],[-50.42582,-22.317559],[-50.431687,-22.316594],[-50.438402,-22.322973],[-50.445152,-22.324186],[-50.449111,-22.321519],[-50.451513,-22.313465],[-50.45782,-22.310405],[-50.467666,-22.311506],[-50.480531,-22.310302],[-50.494351,-22.312336],[-50.504194,-22.310397],[-50.511732,-22.306455],[-50.515018,-22.296984],[-50.518253,-22.295275],[-50.521899,-22.296366],[-50.524197,-22.300796],[-50.529982,-22.305451],[-50.53284,-22.31266],[-50.532996,-22.322228],[-50.529225,-22.328562],[-50.528534,-22.333276],[-50.532731,-22.342471],[-50.544097,-22.348633],[-50.554444,-22.348448],[-50.558051,-22.349778],[-50.56524,-22.357767],[-50.568586,-22.356572],[-50.570378,-22.351663],[-50.573923,-22.347849],[-50.581668,-22.349053],[-50.586602,-22.35528],[-50.582784,-22.362691],[-50.583023,-22.365211],[-50.60593,-22.384797],[-50.606562,-22.387682],[-50.604528,-22.394624],[-50.609142,-22.399153],[-50.609176,-22.405248],[-50.611883,-22.407882],[-50.615266,-22.40829],[-50.625911,-22.405366],[-50.632308,-22.399136],[-50.653563,-22.391347],[-50.662913,-22.391455],[-50.672186,-22.397482],[-50.690885,-22.395864],[-50.701865,-22.388853],[-50.707747,-22.377143],[-50.707025,-22.354197],[-50.698684,-22.347125],[-50.696956,-22.341867],[-50.697987,-22.336631],[-50.702209,-22.330741],[-50.703854,-22.322429],[-50.710943,-22.311525],[-50.733915,-22.297128],[-50.737927,-22.297278],[-50.745831,-22.303038],[-50.754684,-22.303329],[-50.760191,-22.311395],[-50.770575,-22.313609],[-50.776305,-22.318761],[-50.786233,-22.318528],[-50.793475,-22.320198],[-50.795882,-22.318054],[-50.795521,-22.313037],[-50.797394,-22.310435],[-50.817165,-22.307405],[-50.827656,-22.293957],[-50.828938,-22.288808],[-50.833775,-22.284376],[-50.835776,-22.279918],[-50.83954,-22.277414],[-50.844442,-22.267585],[-50.849015,-22.26565],[-50.852992,-22.268159],[-50.855059,-22.275398],[-50.860397,-22.27837],[-50.868383,-22.279453],[-50.881958,-22.275292],[-50.886301,-22.275558],[-50.88869,-22.278093],[-50.888408,-22.281564],[-50.884395,-22.285578],[-50.882544,-22.289979],[-50.873798,-22.292391],[-50.870896,-22.296956],[-50.87129,-22.299546],[-50.875121,-22.302637],[-50.88013,-22.311238],[-50.877655,-22.314378],[-50.867068,-22.314839],[-50.86327,-22.317457],[-50.863408,-22.321287],[-50.87026,-22.326354],[-50.882319,-22.32821],[-50.893146,-22.32554],[-50.905945,-22.319821],[-50.912917,-22.30988],[-50.917637,-22.30587],[-50.931966,-22.301884],[-50.939574,-22.30335],[-50.945345,-22.301494],[-50.945733,-22.295761],[-50.941296,-22.291493],[-50.937119,-22.279702],[-50.939931,-22.272408],[-50.948475,-22.269374],[-50.96573,-22.272698],[-50.970318,-22.271149],[-50.974244,-22.266266],[-50.968521,-22.254057],[-50.974047,-22.243909],[-50.9733,-22.240572],[-50.967241,-22.237349],[-50.949649,-22.23799],[-50.940868,-22.234412],[-50.935256,-22.226015],[-50.937796,-22.220592],[-50.945745,-22.219453],[-50.950399,-22.215046],[-50.953985,-22.203321],[-50.954069,-22.194796],[-50.95136,-22.189171],[-50.955162,-22.178954],[-50.949921,-22.168595],[-50.949018,-22.15662],[-50.95373,-22.147619],[-50.959241,-22.147194],[-50.9656,-22.150515],[-50.971802,-22.159702],[-50.97904,-22.166719],[-50.988882,-22.166069],[-50.99178,-22.162546],[-50.990739,-22.157061],[-50.985077,-22.151902],[-50.981033,-22.14341],[-50.97359,-22.137943],[-50.974376,-22.124194],[-50.967048,-22.117106],[-50.970778,-22.111397],[-50.970945,-22.107659],[-50.968017,-22.105664],[-50.959708,-22.105087],[-50.957803,-22.101101],[-50.963532,-22.093514],[-50.970694,-22.093094],[-50.975776,-22.089438],[-50.981787,-22.089925],[-50.984703,-22.087155],[-50.985211,-22.082667],[-50.980275,-22.050384],[-50.981168,-22.04787],[-50.983803,-22.046657],[-50.988818,-22.047088],[-50.996285,-22.042561],[-51.005277,-22.041326],[-51.015113,-22.037349],[-51.019031,-22.037944],[-51.021773,-22.040506],[-51.022191,-22.045711],[-51.023868,-22.047995],[-51.034934,-22.048626],[-51.039081,-22.051108],[-51.038711,-22.058249],[-51.042747,-22.062021],[-51.045839,-22.070848],[-51.044756,-22.07509],[-51.036763,-22.081574],[-51.037459,-22.085852],[-51.043897,-22.087258],[-51.048488,-22.092286],[-51.062529,-22.088882],[-51.071126,-22.098975],[-51.076149,-22.112492],[-51.07612,-22.121265],[-51.074462,-22.12495],[-51.068543,-22.130228],[-51.067968,-22.133016],[-51.073121,-22.137909],[-51.071525,-22.144064],[-51.072319,-22.146499],[-51.075208,-22.147833],[-51.079747,-22.146012],[-51.082565,-22.146599],[-51.085397,-22.154354],[-51.087824,-22.156803],[-51.091971,-22.156463],[-51.096422,-22.148242],[-51.10051,-22.146965],[-51.102876,-22.148924],[-51.1044,-22.158167],[-51.106437,-22.161073],[-51.113249,-22.162243],[-51.121093,-22.166918],[-51.124275,-22.167034],[-51.127584,-22.165493],[-51.136221,-22.155677],[-51.134609,-22.147956],[-51.135667,-22.145074],[-51.138992,-22.142272],[-51.148554,-22.138331],[-51.15152,-22.140409],[-51.151337,-22.146004],[-51.156502,-22.153018],[-51.163875,-22.155869],[-51.166278,-22.158467],[-51.166536,-22.167097],[-51.168745,-22.171567],[-51.171835,-22.174418],[-51.190269,-22.183044],[-51.194123,-22.182423],[-51.197279,-22.178169],[-51.197635,-22.169725],[-51.200488,-22.164061],[-51.198777,-22.157238],[-51.199492,-22.152302],[-51.202076,-22.149764],[-51.214027,-22.146902],[-51.22011,-22.149007],[-51.221729,-22.150903],[-51.220675,-22.159004],[-51.21739,-22.165549],[-51.219457,-22.169758],[-51.230861,-22.177575],[-51.235086,-22.176564],[-51.240514,-22.170429],[-51.244594,-22.170289],[-51.250402,-22.17695],[-51.254958,-22.179839],[-51.254927,-22.188444],[-51.260223,-22.192862],[-51.265144,-22.192967],[-51.272434,-22.189888],[-51.276397,-22.184231],[-51.284288,-22.178225],[-51.28929,-22.179595],[-51.293835,-22.18702],[-51.295955,-22.198949],[-51.290262,-22.203732],[-51.281105,-22.205352],[-51.279277,-22.20858],[-51.28142,-22.215709],[-51.287199,-22.220053],[-51.286962,-22.223417],[-51.27946,-22.22865],[-51.275837,-22.236583],[-51.268876,-22.236622],[-51.26376,-22.239865],[-51.258328,-22.240203],[-51.255119,-22.248061],[-51.242025,-22.249909],[-51.239069,-22.253366],[-51.243027,-22.259176],[-51.244066,-22.265825],[-51.246291,-22.267592],[-51.253065,-22.266056],[-51.257815,-22.269406],[-51.26365,-22.27074],[-51.266071,-22.26992],[-51.268147,-22.265956],[-51.270574,-22.264628],[-51.275444,-22.265636],[-51.281732,-22.264157],[-51.287368,-22.266502],[-51.288217,-22.269213],[-51.284961,-22.280543],[-51.281347,-22.286034],[-51.2913,-22.297834],[-51.291259,-22.301559],[-51.288276,-22.305926],[-51.290189,-22.311602],[-51.288568,-22.314381],[-51.285446,-22.315234],[-51.27453,-22.309197],[-51.26426,-22.312251],[-51.256689,-22.31013],[-51.248803,-22.313679],[-51.245784,-22.318756],[-51.240011,-22.321209],[-51.239283,-22.324816],[-51.243924,-22.339693],[-51.237462,-22.352118],[-51.24801,-22.365912],[-51.246678,-22.368292],[-51.241791,-22.370234],[-51.234852,-22.376507],[-51.234234,-22.382794],[-51.236889,-22.385402],[-51.242152,-22.384542],[-51.245188,-22.386171],[-51.245671,-22.388802],[-51.242313,-22.394814],[-51.249014,-22.39991],[-51.250391,-22.406968],[-51.25313,-22.40801],[-51.258025,-22.405975],[-51.260726,-22.406362],[-51.263763,-22.411769],[-51.273635,-22.418887],[-51.302127,-22.413283],[-51.306413,-22.407326],[-51.312788,-22.403985],[-51.320034,-22.406249],[-51.327733,-22.404876],[-51.330455,-22.407643],[-51.32918,-22.413033],[-51.332506,-22.42642],[-51.335536,-22.431396],[-51.344833,-22.439061],[-51.352052,-22.437482],[-51.35459,-22.4281],[-51.361093,-22.426064],[-51.382487,-22.42989],[-51.393183,-22.436187],[-51.396678,-22.4352],[-51.397677,-22.432144],[-51.394729,-22.424806],[-51.394426,-22.417968],[-51.396291,-22.390882],[-51.401943,-22.37964],[-51.405067,-22.378299],[-51.41229,-22.382374],[-51.421754,-22.38171],[-51.431449,-22.385794],[-51.446823,-22.384495],[-51.451513,-22.388989],[-51.451395,-22.400383],[-51.454397,-22.403186],[-51.460558,-22.402085],[-51.467344,-22.404826],[-51.469601,-22.403004],[-51.472735,-22.393601],[-51.482264,-22.390311],[-51.492102,-22.392268],[-51.496967,-22.395687],[-51.499806,-22.410611],[-51.504392,-22.41591],[-51.508382,-22.429088],[-51.512902,-22.430896],[-51.518846,-22.428361],[-51.520824,-22.424671],[-51.520864,-22.416822],[-51.51895,-22.412565],[-51.510587,-22.404868],[-51.51111,-22.391087],[-51.514773,-22.389509],[-51.526796,-22.389251],[-51.536832,-22.392729],[-51.540571,-22.391864],[-51.546897,-22.387263],[-51.548004,-22.382696],[-51.541497,-22.37308],[-51.541444,-22.369851],[-51.546605,-22.365429],[-51.554642,-22.363611],[-51.554849,-22.355571],[-51.556875,-22.353339],[-51.563751,-22.351496],[-51.577049,-22.351741],[-51.581769,-22.347613],[-51.589843,-22.345435],[-51.608392,-22.346675],[-51.612975,-22.344943],[-51.613827,-22.340543],[-51.610026,-22.334043],[-51.610865,-22.327475],[-51.616186,-22.319177],[-51.62365,-22.313491],[-51.629028,-22.311939],[-51.631093,-22.309439],[-51.631344,-22.306766],[-51.627998,-22.300575],[-51.631281,-22.295969],[-51.632213,-22.289228],[-51.637818,-22.281615],[-51.652767,-22.275466],[-51.657214,-22.275008],[-51.667055,-22.26539],[-51.666322,-22.262233],[-51.663509,-22.260901],[-51.645206,-22.263534],[-51.638661,-22.259635],[-51.637515,-22.254928],[-51.649106,-22.248757],[-51.651263,-22.238817],[-51.655123,-22.235295],[-51.661055,-22.233442],[-51.668709,-22.236403],[-51.672039,-22.235415],[-51.676138,-22.221679],[-51.683841,-22.213832],[-51.687878,-22.214121],[-51.693112,-22.22059],[-51.707592,-22.222258],[-51.728024,-22.229916],[-51.731356,-22.233541],[-51.732667,-22.240423],[-51.735505,-22.241828],[-51.744441,-22.237531],[-51.749986,-22.229583],[-51.750588,-22.218066],[-51.75221,-22.214584],[-51.759246,-22.213224],[-51.765118,-22.214126],[-51.782638,-22.220089],[-51.789404,-22.226333],[-51.789962,-22.230046],[-51.786601,-22.237653],[-51.788714,-22.243565],[-51.800944,-22.245828],[-51.807979,-22.2448],[-51.812235,-22.24862],[-51.820269,-22.268851],[-51.821481,-22.279304],[-51.826066,-22.289907],[-51.826055,-22.293998],[-51.823778,-22.299024],[-51.81846,-22.30447],[-51.797704,-22.318461],[-51.791425,-22.327083],[-51.787924,-22.327287],[-51.779617,-22.324544],[-51.775803,-22.325869],[-51.775816,-22.351406],[-51.771453,-22.359608],[-51.766686,-22.363689],[-51.763303,-22.365087],[-51.753752,-22.364839],[-51.745381,-22.362651],[-51.742692,-22.363431],[-51.741221,-22.365635],[-51.744525,-22.377557],[-51.740845,-22.386365],[-51.744462,-22.390055],[-51.75559,-22.392088],[-51.759546,-22.387737],[-51.76874,-22.38546],[-51.772908,-22.381021],[-51.778159,-22.378383],[-51.78156,-22.379933],[-51.782513,-22.387098],[-51.785054,-22.38942],[-51.796669,-22.38419],[-51.800766,-22.384622],[-51.802668,-22.386907],[-51.80007,-22.393331],[-51.802902,-22.39948],[-51.797416,-22.405562],[-51.796359,-22.412478],[-51.792157,-22.416279],[-51.786229,-22.418888],[-51.783563,-22.422089],[-51.785347,-22.431265],[-51.784144,-22.439288],[-51.780383,-22.450385],[-51.774612,-22.455942],[-51.774508,-22.466091],[-51.770822,-22.469616],[-51.757384,-22.469214],[-51.753407,-22.462842],[-51.746492,-22.45877],[-51.736367,-22.448699],[-51.732641,-22.440114],[-51.732014,-22.432652],[-51.729126,-22.428261],[-51.732129,-22.40989],[-51.730814,-22.405158],[-51.72792,-22.401661],[-51.718621,-22.395945],[-51.709175,-22.383004],[-51.701587,-22.378224],[-51.68811,-22.363883],[-51.685806,-22.358764],[-51.688015,-22.345366],[-51.685288,-22.342054],[-51.679669,-22.340116],[-51.674929,-22.342873],[-51.665394,-22.361217],[-51.668483,-22.376565],[-51.664481,-22.383939],[-51.661557,-22.384158],[-51.651542,-22.379314],[-51.647141,-22.378632],[-51.638059,-22.38564],[-51.623104,-22.385654],[-51.598021,-22.382282],[-51.579705,-22.388327],[-51.57942,-22.395684],[-51.590091,-22.410179],[-51.589964,-22.435878],[-51.590895,-22.442816],[-51.595336,-22.453527],[-51.595729,-22.471655],[-51.58999,-22.483584],[-51.577746,-22.493268],[-51.576087,-22.499109],[-51.56791,-22.507258],[-51.559277,-22.508627],[-51.530945,-22.522729],[-51.524492,-22.523824],[-51.522384,-22.526368],[-51.521889,-22.533283],[-51.519862,-22.535731],[-51.499045,-22.532184],[-51.493761,-22.528227],[-51.490264,-22.519709],[-51.483775,-22.51496],[-51.470039,-22.512394],[-51.45853,-22.51411],[-51.447754,-22.513842],[-51.435946,-22.501034],[-51.43317,-22.501163],[-51.426378,-22.505109],[-51.409491,-22.50362],[-51.404654,-22.499371],[-51.4024,-22.494468],[-51.390247,-22.486593],[-51.381544,-22.482411],[-51.374965,-22.48135],[-51.362988,-22.474478],[-51.357411,-22.474365],[-51.348773,-22.478419],[-51.344145,-22.486954],[-51.338235,-22.488481],[-51.335981,-22.486386],[-51.334113,-22.478496],[-51.328999,-22.476949],[-51.324467,-22.471543],[-51.318464,-22.469367],[-51.315246,-22.471256],[-51.314124,-22.476538],[-51.31193,-22.47849],[-51.291666,-22.478599],[-51.288995,-22.480003],[-51.285963,-22.484821],[-51.287328,-22.494541],[-51.289529,-22.502051],[-51.294501,-22.505964],[-51.294349,-22.509197],[-51.287308,-22.513434],[-51.284624,-22.519431],[-51.274563,-22.527785],[-51.264913,-22.530661],[-51.26204,-22.533861],[-51.250809,-22.540372],[-51.24961,-22.544787],[-51.250692,-22.557579],[-51.245924,-22.569112],[-51.240888,-22.574794],[-51.232896,-22.577832],[-51.227288,-22.581767],[-51.220551,-22.589093],[-51.211203,-22.591379],[-51.196733,-22.590902],[-51.188641,-22.588287],[-51.1759,-22.588272],[-51.164955,-22.585004],[-51.160484,-22.580936],[-51.155514,-22.572054],[-51.147362,-22.568663],[-51.138858,-22.559684],[-51.134788,-22.553607],[-51.133996,-22.548691],[-51.123359,-22.531839],[-51.120471,-22.530316],[-51.114976,-22.531233],[-51.112528,-22.536819],[-51.112428,-22.547171],[-51.117968,-22.555212],[-51.120426,-22.562008],[-51.113221,-22.576027],[-51.112234,-22.587283],[-51.109736,-22.589165],[-51.103706,-22.589764],[-51.101679,-22.597017],[-51.098776,-22.600595],[-51.093709,-22.603992],[-51.086972,-22.605503],[-51.064751,-22.621527],[-51.059803,-22.623257],[-51.052991,-22.62312],[-51.04683,-22.616559],[-51.037764,-22.61621],[-51.030662,-22.612755],[-51.023346,-22.598633],[-51.014666,-22.590774],[-51.012798,-22.581315],[-51.009728,-22.579226],[-51.005909,-22.579858],[-50.999268,-22.600809],[-51.006505,-22.614294],[-51.012251,-22.618807],[-51.015592,-22.62411],[-51.015617,-22.641599],[-51.01165,-22.651576],[-50.999722,-22.655998],[-50.992369,-22.654852],[-50.980944,-22.647304],[-50.977521,-22.642754],[-50.97992,-22.638597],[-50.993792,-22.633633],[-50.99778,-22.630515],[-50.99948,-22.626621],[-50.998528,-22.624149],[-50.994552,-22.623172],[-50.983675,-22.629219],[-50.97311,-22.629163],[-50.969062,-22.625592],[-50.969969,-22.617522],[-50.979995,-22.606329],[-50.976515,-22.597097],[-50.977628,-22.59365],[-50.983877,-22.588232],[-50.983973,-22.584465],[-50.97972,-22.581637],[-50.976698,-22.577191],[-50.967982,-22.578556],[-50.962194,-22.572232],[-50.958894,-22.572151],[-50.949281,-22.576728],[-50.945552,-22.575798],[-50.942212,-22.571583],[-50.942376,-22.566599],[-50.944898,-22.563176],[-50.952831,-22.559818],[-50.969912,-22.565014],[-50.976448,-22.562225],[-50.976781,-22.557034],[-50.971076,-22.550242],[-50.972026,-22.542631],[-50.968551,-22.540457],[-50.957904,-22.541863],[-50.951893,-22.537582],[-50.945849,-22.536215],[-50.933692,-22.529322],[-50.925539,-22.528121],[-50.924339,-22.521189],[-50.927086,-22.508482],[-50.92066,-22.498604],[-50.922943,-22.490135],[-50.919588,-22.486451],[-50.916758,-22.486633],[-50.909697,-22.492304],[-50.903157,-22.494883],[-50.902505,-22.497765],[-50.904911,-22.50119],[-50.904785,-22.50387],[-50.894066,-22.512453],[-50.888182,-22.515599],[-50.877905,-22.517534],[-50.877049,-22.520258],[-50.879345,-22.525064],[-50.878017,-22.527962],[-50.869404,-22.529533],[-50.859877,-22.535869],[-50.856716,-22.543315],[-50.859593,-22.554161],[-50.856863,-22.561779],[-50.855768,-22.571245],[-50.852117,-22.573632],[-50.845009,-22.572772],[-50.842218,-22.573881],[-50.83632,-22.58621],[-50.833054,-22.599838],[-50.824097,-22.603147],[-50.815222,-22.61037],[-50.810849,-22.608474],[-50.810434,-22.596311],[-50.809115,-22.593721],[-50.806606,-22.592666],[-50.802954,-22.59459],[-50.799935,-22.602733],[-50.785009,-22.604653],[-50.775492,-22.609725],[-50.765077,-22.611884],[-50.757379,-22.608212],[-50.749784,-22.607895],[-50.743544,-22.601832],[-50.72949,-22.597883],[-50.724497,-22.588852],[-50.711739,-22.590355],[-50.701734,-22.583498],[-50.690275,-22.579598],[-50.687336,-22.57683],[-50.684511,-22.569789],[-50.676067,-22.567754],[-50.670758,-22.562276],[-50.658898,-22.564302],[-50.649624,-22.560615],[-50.638352,-22.551191],[-50.632603,-22.550763],[-50.629765,-22.553841],[-50.631985,-22.558908],[-50.64508,-22.570451],[-50.655067,-22.57418],[-50.665611,-22.581228],[-50.668018,-22.593761],[-50.664989,-22.597333],[-50.651404,-22.602711],[-50.648351,-22.60171],[-50.642957,-22.595848],[-50.639546,-22.595915],[-50.637691,-22.598092],[-50.636123,-22.606735],[-50.632258,-22.612053],[-50.626418,-22.616411],[-50.614277,-22.619729],[-50.60848,-22.624617],[-50.606452,-22.628534],[-50.607318,-22.63126],[-50.614912,-22.632175],[-50.617195,-22.634386],[-50.616144,-22.641891],[-50.618103,-22.653282],[-50.615176,-22.657036],[-50.607872,-22.657752],[-50.60101,-22.664709],[-50.597452,-22.673733],[-50.58917,-22.677815],[-50.589512,-22.681006],[-50.594499,-22.686893],[-50.596569,-22.703778],[-50.592742,-22.708031],[-50.585702,-22.707683],[-50.582898,-22.709926],[-50.582554,-22.720175],[-50.584814,-22.727058],[-50.583776,-22.735438],[-50.581584,-22.73746],[-50.573555,-22.739341],[-50.568448,-22.742952],[-50.56225,-22.742853],[-50.558044,-22.748048],[-50.550843,-22.750261],[-50.537043,-22.750208],[-50.532823,-22.74887],[-50.530014,-22.746135],[-50.528162,-22.737146],[-50.525223,-22.735576],[-50.519197,-22.738673],[-50.508657,-22.749272],[-50.502103,-22.750313],[-50.497204,-22.748256],[-50.48835,-22.739608],[-50.491517,-22.730992],[-50.492171,-22.721622],[-50.491023,-22.714267],[-50.488708,-22.708149],[-50.486494,-22.706299],[-50.483656,-22.706455],[-50.481842,-22.708179],[-50.480761,-22.717101],[-50.477654,-22.722421],[-50.474118,-22.725004],[-50.469686,-22.723906],[-50.466002,-22.715277],[-50.467573,-22.698616],[-50.465901,-22.678669],[-50.469065,-22.674365],[-50.46906,-22.671336],[-50.465953,-22.669385],[-50.456031,-22.669434],[-50.451154,-22.671097],[-50.448817,-22.670122],[-50.443189,-22.659083],[-50.437314,-22.657307],[-50.434945,-22.653893],[-50.435944,-22.650977],[-50.442776,-22.645894],[-50.442925,-22.642714],[-50.43678,-22.638897],[-50.434072,-22.63516],[-50.425908,-22.632524],[-50.423187,-22.63324],[-50.416263,-22.639193],[-50.411178,-22.636417],[-50.405927,-22.63622],[-50.398834,-22.631999],[-50.395524,-22.632551],[-50.39277,-22.638314],[-50.392459,-22.643044],[-50.385974,-22.647754],[-50.387955,-22.655682],[-50.381964,-22.66597],[-50.37921,-22.667116],[-50.372071,-22.666124],[-50.366299,-22.668039],[-50.363554,-22.670837],[-50.36005,-22.679247],[-50.351459,-22.686647],[-50.341785,-22.692377],[-50.335255,-22.693682],[-50.335145,-22.711897],[-50.337452,-22.721399],[-50.3348,-22.736397],[-50.330186,-22.743028],[-50.324853,-22.744896],[-50.318883,-22.749787],[-50.309831,-22.748347],[-50.302343,-22.741496],[-50.297319,-22.73916],[-50.295788,-22.728361],[-50.282379,-22.71356],[-50.278863,-22.702507],[-50.277842,-22.691282],[-50.266825,-22.681093],[-50.250307,-22.679822],[-50.246796,-22.68183],[-50.246921,-22.696925],[-50.249644,-22.701214],[-50.256815,-22.70679],[-50.258443,-22.711033],[-50.250715,-22.733404],[-50.240571,-22.737298],[-50.232388,-22.734842],[-50.222435,-22.724237],[-50.220386,-22.716154],[-50.225368,-22.703536],[-50.222749,-22.700204],[-50.219053,-22.700041],[-50.21077,-22.705495],[-50.206615,-22.718209],[-50.197243,-22.721198],[-50.191009,-22.721187],[-50.182755,-22.719632],[-50.177668,-22.713573],[-50.169256,-22.707499],[-50.158975,-22.706715],[-50.154895,-22.697335],[-50.149183,-22.694126],[-50.143393,-22.69575],[-50.135881,-22.701234],[-50.131594,-22.70671],[-50.127918,-22.707809],[-50.118044,-22.705072],[-50.113757,-22.701363],[-50.108569,-22.700123],[-50.105152,-22.697416],[-50.099778,-22.696775],[-50.094657,-22.692347],[-50.091446,-22.692409],[-50.089365,-22.695327],[-50.092693,-22.713943],[-50.091181,-22.729673],[-50.098224,-22.744106],[-50.089455,-22.754103],[-50.087164,-22.764984],[-50.073022,-22.774579],[-50.071458,-22.787813],[-50.065087,-22.790332],[-50.051749,-22.789977],[-50.04263,-22.786173],[-50.027534,-22.790363],[-50.021145,-22.789552],[-50.017733,-22.785235],[-50.025026,-22.775561],[-50.023456,-22.771325],[-50.020575,-22.770922],[-50.007049,-22.775676],[-49.983659,-22.769182],[-49.975876,-22.764194],[-49.968628,-22.756918],[-49.958909,-22.739509],[-49.951497,-22.740801],[-49.943081,-22.739031],[-49.930559,-22.745891],[-49.926448,-22.743396],[-49.923475,-22.736093],[-49.920636,-22.734332],[-49.91796,-22.734994],[-49.915115,-22.738355],[-49.913606,-22.745085],[-49.911326,-22.747621],[-49.90771,-22.749159],[-49.896647,-22.750006],[-49.889314,-22.755566],[-49.888117,-22.758873],[-49.889586,-22.763769],[-49.887668,-22.767201],[-49.87332,-22.772398],[-49.868993,-22.77537],[-49.852365,-22.768755],[-49.847217,-22.763022],[-49.845214,-22.757631],[-49.841401,-22.754867],[-49.831428,-22.75305],[-49.820994,-22.746752],[-49.812409,-22.747536],[-49.808163,-22.745678],[-49.795833,-22.744218],[-49.789644,-22.740285],[-49.779966,-22.739453],[-49.776913,-22.741705],[-49.775823,-22.751451],[-49.772137,-22.753913],[-49.76873,-22.754105],[-49.765119,-22.751887],[-49.761694,-22.746894],[-49.763166,-22.73637],[-49.762081,-22.734015],[-49.758309,-22.733125],[-49.75062,-22.736815],[-49.746768,-22.734124],[-49.745882,-22.727575],[-49.752712,-22.719582],[-49.749658,-22.712651],[-49.746706,-22.711249],[-49.737044,-22.711969],[-49.730218,-22.70783],[-49.724958,-22.710196],[-49.720876,-22.718513],[-49.704215,-22.723507],[-49.703242,-22.727647],[-49.70592,-22.737722],[-49.7028,-22.744432],[-49.696671,-22.74519],[-49.685901,-22.74166],[-49.683459,-22.733876],[-49.679618,-22.728983],[-49.675837,-22.728333],[-49.669616,-22.730773],[-49.664752,-22.727648],[-49.666032,-22.717532],[-49.662816,-22.71085],[-49.659035,-22.693977],[-49.650878,-22.692373],[-49.642625,-22.694431],[-49.630235,-22.700022],[-49.622621,-22.697435],[-49.617455,-22.687877],[-49.615946,-22.677366],[-49.612483,-22.670803],[-49.606247,-22.665791],[-49.603685,-22.658925],[-49.599968,-22.658294],[-49.594237,-22.661158],[-49.58444,-22.655162],[-49.5725,-22.653169],[-49.568404,-22.654044],[-49.565823,-22.657008],[-49.567842,-22.662011],[-49.566788,-22.666778],[-49.559282,-22.670102],[-49.552486,-22.67652],[-49.551312,-22.694252],[-49.540712,-22.696323],[-49.528786,-22.696543],[-49.525794,-22.698634],[-49.525556,-22.701598],[-49.530677,-22.707967],[-49.523844,-22.729293],[-49.516837,-22.731831],[-49.506812,-22.729914],[-49.503578,-22.732955],[-49.503892,-22.736887],[-49.508408,-22.742165],[-49.511436,-22.749181],[-49.516058,-22.766247],[-49.515208,-22.768988],[-49.506158,-22.774039],[-49.502614,-22.781785],[-49.484847,-22.785961],[-49.479387,-22.784173],[-49.469433,-22.771333],[-49.464311,-22.769229],[-49.46064,-22.771303],[-49.463906,-22.782071],[-49.460287,-22.791246],[-49.460164,-22.804045],[-49.454404,-22.808394],[-49.453923,-22.81398],[-49.448931,-22.820643],[-49.452828,-22.831525],[-49.457308,-22.832105],[-49.46731,-22.825197],[-49.470255,-22.821699],[-49.471092,-22.815681],[-49.475461,-22.81057],[-49.47947,-22.809066],[-49.486738,-22.80929],[-49.49179,-22.812445],[-49.500656,-22.812652],[-49.505443,-22.810068],[-49.514057,-22.797922],[-49.518475,-22.795828],[-49.523206,-22.800209],[-49.524159,-22.809136],[-49.522256,-22.820611],[-49.530515,-22.83359],[-49.529433,-22.83648],[-49.526193,-22.837774],[-49.515324,-22.835201],[-49.496658,-22.834574],[-49.493736,-22.837849],[-49.495195,-22.849905],[-49.494101,-22.855237],[-49.486681,-22.863876],[-49.473954,-22.866996],[-49.465775,-22.875142],[-49.460219,-22.874802],[-49.456347,-22.872393],[-49.448915,-22.860252],[-49.44282,-22.857683],[-49.439485,-22.858346],[-49.436658,-22.862072],[-49.435188,-22.868946],[-49.437089,-22.872104],[-49.447165,-22.8776],[-49.453579,-22.88561],[-49.454886,-22.889419],[-49.452362,-22.893955],[-49.443682,-22.892805],[-49.434969,-22.894108],[-49.432201,-22.891504],[-49.431301,-22.885366],[-49.428336,-22.883406],[-49.419316,-22.889228],[-49.416525,-22.889522],[-49.414276,-22.887938],[-49.411921,-22.881678],[-49.399033,-22.879614],[-49.394419,-22.869688],[-49.397068,-22.862893],[-49.396645,-22.860394],[-49.376733,-22.844671],[-49.373672,-22.845518],[-49.368637,-22.85199],[-49.368381,-22.857016],[-49.36656,-22.860188],[-49.358823,-22.863863],[-49.356803,-22.868356],[-49.353562,-22.869936],[-49.340829,-22.865156],[-49.329413,-22.867753],[-49.319997,-22.863969],[-49.312763,-22.867994],[-49.307019,-22.868475],[-49.298069,-22.862622],[-49.295176,-22.863957],[-49.293872,-22.870624],[-49.290543,-22.873158],[-49.285857,-22.872126],[-49.282766,-22.868019],[-49.280072,-22.866897],[-49.270742,-22.872495],[-49.267252,-22.872822],[-49.259603,-22.866226],[-49.251798,-22.86774],[-49.248146,-22.867001],[-49.246474,-22.857096],[-49.243595,-22.854642],[-49.240902,-22.85509],[-49.233283,-22.860752],[-49.227451,-22.860266],[-49.222208,-22.857408],[-49.214284,-22.860033],[-49.210387,-22.868674],[-49.204783,-22.875391],[-49.206321,-22.882692],[-49.20542,-22.886947],[-49.209917,-22.900237],[-49.207973,-22.908025],[-49.207913,-22.918453],[-49.209208,-22.921365],[-49.212147,-22.922637],[-49.215031,-22.921361],[-49.219304,-22.908231],[-49.223657,-22.906953],[-49.226862,-22.908884],[-49.231395,-22.908627],[-49.233719,-22.909893],[-49.236172,-22.9216],[-49.239297,-22.926834],[-49.242861,-22.927626],[-49.245357,-22.925596],[-49.248646,-22.91238],[-49.252431,-22.909375],[-49.255641,-22.909071],[-49.26003,-22.915046],[-49.26168,-22.923343],[-49.260931,-22.927195],[-49.263183,-22.930007],[-49.276308,-22.932739],[-49.279669,-22.930257],[-49.281254,-22.922106],[-49.28436,-22.921301],[-49.288391,-22.922895],[-49.288963,-22.932436],[-49.291235,-22.936445],[-49.290324,-22.942533],[-49.296151,-22.947902],[-49.295464,-22.950754],[-49.284842,-22.960862],[-49.278153,-22.962448],[-49.272065,-22.959413],[-49.269082,-22.959581],[-49.265287,-22.964622],[-49.250692,-22.973189],[-49.240396,-22.975907],[-49.23859,-22.97836],[-49.238961,-22.980942],[-49.24097,-22.982511],[-49.248542,-22.983688],[-49.249522,-22.986241],[-49.247773,-22.992043],[-49.251842,-22.994362],[-49.257965,-22.991268],[-49.264006,-22.980762],[-49.268981,-22.979441],[-49.274338,-22.974472],[-49.278845,-22.973424],[-49.284556,-22.976387],[-49.288168,-22.986045],[-49.28876,-22.994009],[-49.291226,-22.995323],[-49.298344,-22.994925],[-49.301177,-22.999259],[-49.298777,-23.008661],[-49.295883,-23.010191],[-49.287517,-23.010722],[-49.279057,-23.028066],[-49.271219,-23.032809],[-49.271392,-23.035574],[-49.274625,-23.039132],[-49.275245,-23.043946],[-49.280673,-23.049793],[-49.280011,-23.053424],[-49.277265,-23.054633],[-49.260711,-23.054608],[-49.257485,-23.059596],[-49.251903,-23.062219],[-49.248824,-23.069217],[-49.234344,-23.070973],[-49.229766,-23.078097],[-49.224778,-23.0797],[-49.218762,-23.078198],[-49.217288,-23.074899],[-49.218789,-23.072589],[-49.22394,-23.070756],[-49.227847,-23.064066],[-49.225544,-23.055242],[-49.217982,-23.050059],[-49.20622,-23.048521],[-49.192964,-23.0575],[-49.19043,-23.063232],[-49.186572,-23.064393],[-49.180831,-23.058671],[-49.174358,-23.056999],[-49.170225,-23.051976],[-49.160894,-23.050727],[-49.154506,-23.044596],[-49.151049,-23.043796],[-49.148469,-23.045543],[-49.147583,-23.053121],[-49.142443,-23.060992],[-49.137862,-23.061006],[-49.131551,-23.056328],[-49.124614,-23.059344],[-49.125327,-23.071779],[-49.117038,-23.077008],[-49.119836,-23.085084],[-49.11589,-23.097258],[-49.113461,-23.099231],[-49.108631,-23.09754],[-49.105061,-23.08857],[-49.09867,-23.085554],[-49.092878,-23.085677],[-49.088483,-23.082497],[-49.077615,-23.086062],[-49.069459,-23.084586],[-49.061414,-23.086528],[-49.056966,-23.084659],[-49.050225,-23.08474],[-49.044039,-23.080147],[-49.037114,-23.084234],[-49.032041,-23.084819],[-49.022677,-23.078502],[-49.014761,-23.076469],[-49.007361,-23.082239],[-48.996491,-23.084988],[-48.99369,-23.09199],[-48.989111,-23.094832],[-48.984978,-23.100522],[-48.976923,-23.104523],[-48.930596,-23.110071],[-48.927009,-23.112342],[-48.911581,-23.11625],[-48.895434,-23.125926],[-48.882903,-23.127243],[-48.877537,-23.125795],[-48.866724,-23.125811],[-48.864792,-23.128281],[-48.866596,-23.137233],[-48.864787,-23.145532],[-48.859181,-23.149131],[-48.849266,-23.149052],[-48.842513,-23.143058],[-48.839168,-23.121368],[-48.83508,-23.118649],[-48.81868,-23.135401],[-48.808232,-23.138418],[-48.79914,-23.136478],[-48.793666,-23.131957],[-48.790513,-23.131518],[-48.78299,-23.136729],[-48.769938,-23.138589],[-48.76638,-23.141333],[-48.760777,-23.151566],[-48.757617,-23.153501],[-48.751123,-23.152781],[-48.735254,-23.155961],[-48.726013,-23.163909],[-48.711184,-23.163958],[-48.706008,-23.162832],[-48.699276,-23.155597],[-48.6989,-23.142386],[-48.684808,-23.134946],[-48.678283,-23.134086],[-48.674564,-23.125515],[-48.668214,-23.122289],[-48.662651,-23.123187],[-48.656263,-23.122159],[-48.653293,-23.127096],[-48.640607,-23.138303],[-48.634016,-23.140011],[-48.61093,-23.133955],[-48.60822,-23.134905],[-48.602373,-23.140719],[-48.59584,-23.142142],[-48.582069,-23.138249],[-48.571894,-23.1273],[-48.571879,-23.123173],[-48.577187,-23.11594],[-48.574898,-23.110329],[-48.565006,-23.110568],[-48.548855,-23.099147],[-48.53899,-23.101042],[-48.528486,-23.097226],[-48.522249,-23.099013],[-48.517702,-23.098702],[-48.513311,-23.094975],[-48.512599,-23.08535],[-48.508147,-23.081778],[-48.50385,-23.073068],[-48.50435,-23.055825],[-48.508021,-23.04841],[-48.503975,-23.03853],[-48.504851,-23.030359],[-48.503729,-23.027827],[-48.494476,-23.027238],[-48.488011,-23.028906],[-48.482881,-23.026173],[-48.47941,-23.026475],[-48.468827,-23.035862],[-48.46093,-23.040255],[-48.456821,-23.04078],[-48.454613,-23.03858],[-48.455325,-23.033525],[-48.453008,-23.029129],[-48.453753,-23.016851],[-48.448243,-23.01352],[-48.442999,-23.006714],[-48.436416,-23.004885],[-48.432423,-23.002144],[-48.427752,-23.001843],[-48.423353,-23.004198],[-48.423692,-23.01704],[-48.41745,-23.018965],[-48.408819,-23.024839],[-48.40647,-23.037953],[-48.398983,-23.047912],[-48.39756,-23.054538],[-48.394527,-23.055824],[-48.3856,-23.053942],[-48.38272,-23.045598],[-48.386429,-23.038497],[-48.385869,-23.034446],[-48.388153,-23.030045],[-48.387771,-23.027484],[-48.381873,-23.023749],[-48.367311,-23.030619],[-48.360278,-23.02825],[-48.355077,-23.015411],[-48.353792,-22.999339],[-48.348574,-22.994119],[-48.347592,-22.991108],[-48.349841,-22.988101],[-48.35348,-22.987315],[-48.366108,-22.990462],[-48.373148,-22.981002],[-48.371052,-22.975745],[-48.372149,-22.972467],[-48.37623,-22.970348],[-48.382872,-22.97456],[-48.387176,-22.972748],[-48.386612,-22.966383],[-48.373061,-22.954892],[-48.375078,-22.947077],[-48.371674,-22.942388],[-48.3713,-22.935826],[-48.373317,-22.933523],[-48.378611,-22.933669],[-48.380956,-22.932351],[-48.385043,-22.91723],[-48.389539,-22.91424],[-48.392209,-22.914429],[-48.395015,-22.916896],[-48.398474,-22.92502],[-48.404576,-22.927343],[-48.407881,-22.92628],[-48.409269,-22.92238],[-48.407836,-22.916447],[-48.411637,-22.913014],[-48.41238,-22.910153],[-48.410645,-22.90786],[-48.405752,-22.905825],[-48.405062,-22.900902],[-48.402886,-22.898657],[-48.396669,-22.899176],[-48.389203,-22.895301],[-48.383289,-22.895961],[-48.381136,-22.898483],[-48.37946,-22.907993],[-48.375711,-22.910892],[-48.372364,-22.909847],[-48.365202,-22.899873],[-48.360358,-22.900021],[-48.35345,-22.918585],[-48.350615,-22.919849],[-48.34074,-22.919679],[-48.338347,-22.921823],[-48.338466,-22.926068],[-48.342158,-22.932907],[-48.335948,-22.941441],[-48.336547,-22.944229],[-48.34165,-22.949798],[-48.341233,-22.952309],[-48.339094,-22.953899],[-48.328527,-22.950102],[-48.321262,-22.954152],[-48.314824,-22.9528],[-48.307561,-22.956204],[-48.300176,-22.954794],[-48.295507,-22.949901],[-48.29219,-22.949026],[-48.277408,-22.958631],[-48.26296,-22.950979],[-48.248053,-22.94986],[-48.243052,-22.951713],[-48.232605,-22.963609],[-48.227224,-22.965579],[-48.202998,-22.963104],[-48.187436,-22.965148],[-48.185113,-22.969538],[-48.186198,-22.976132],[-48.184099,-22.981959],[-48.184345,-22.987856],[-48.189588,-22.996299],[-48.211682,-23.013539],[-48.218513,-23.01263],[-48.224314,-23.009336],[-48.233432,-23.00874],[-48.243938,-23.004217],[-48.255733,-23.00706],[-48.270682,-23.004281],[-48.278678,-23.005925],[-48.28393,-23.010654],[-48.293118,-23.010589],[-48.29529,-23.013197],[-48.290671,-23.0212],[-48.290285,-23.029952],[-48.281784,-23.035761],[-48.272011,-23.04637],[-48.258858,-23.052581],[-48.257452,-23.0591],[-48.255019,-23.061901],[-48.247004,-23.064191],[-48.243151,-23.068001],[-48.242898,-23.072882],[-48.248644,-23.079086],[-48.246308,-23.087897],[-48.24953,-23.09556],[-48.248019,-23.101314],[-48.249908,-23.110895],[-48.246734,-23.118571],[-48.250232,-23.127067],[-48.255187,-23.131449],[-48.255879,-23.134122],[-48.253833,-23.140243],[-48.24628,-23.143117],[-48.239485,-23.155335],[-48.234355,-23.159095],[-48.227786,-23.168567],[-48.219762,-23.172463],[-48.217659,-23.18193],[-48.224111,-23.185312],[-48.23009,-23.183704],[-48.234822,-23.184325],[-48.240738,-23.181881],[-48.245991,-23.186589],[-48.249996,-23.186843],[-48.258626,-23.17547],[-48.27908,-23.163166],[-48.290627,-23.153312],[-48.293626,-23.153707],[-48.297066,-23.15672],[-48.301004,-23.157167],[-48.308299,-23.151008],[-48.320349,-23.146894],[-48.33721,-23.144106],[-48.340629,-23.145166],[-48.349228,-23.15359],[-48.354568,-23.153436],[-48.358478,-23.150661],[-48.358968,-23.146627],[-48.351487,-23.1375],[-48.350647,-23.132465],[-48.352263,-23.13029],[-48.358253,-23.12746],[-48.359596,-23.12257],[-48.361858,-23.120584],[-48.370562,-23.120138],[-48.380327,-23.117347],[-48.384245,-23.118847],[-48.387755,-23.123952],[-48.397025,-23.120762],[-48.403923,-23.122907],[-48.410768,-23.129849],[-48.415182,-23.130326],[-48.418869,-23.127702],[-48.418791,-23.120031],[-48.426526,-23.110589],[-48.439415,-23.10668],[-48.447251,-23.108056],[-48.452714,-23.105299],[-48.459065,-23.10673],[-48.464856,-23.111805],[-48.467751,-23.112388],[-48.471726,-23.109559],[-48.475511,-23.102866],[-48.4854,-23.100239],[-48.503408,-23.103346],[-48.505052,-23.107026],[-48.499203,-23.11488],[-48.500326,-23.118887],[-48.502969,-23.122142],[-48.513358,-23.125502],[-48.518657,-23.130024],[-48.530757,-23.12879],[-48.534509,-23.132523],[-48.544071,-23.137007],[-48.550511,-23.132822],[-48.554549,-23.131793],[-48.557081,-23.132779],[-48.559331,-23.137635],[-48.552434,-23.146761],[-48.55156,-23.154356],[-48.557485,-23.158169],[-48.559363,-23.166541],[-48.565906,-23.170338],[-48.567549,-23.174427],[-48.571728,-23.178732],[-48.576346,-23.179953],[-48.579641,-23.178372],[-48.581492,-23.167774],[-48.585515,-23.164723],[-48.595348,-23.165314],[-48.599779,-23.168777],[-48.601081,-23.171987],[-48.598578,-23.181256],[-48.603847,-23.185416],[-48.611471,-23.183303],[-48.611487,-23.176396],[-48.613179,-23.174234],[-48.619742,-23.172316],[-48.622451,-23.173017],[-48.62393,-23.175724],[-48.622174,-23.179882],[-48.622752,-23.186167],[-48.621044,-23.19238],[-48.623864,-23.195478],[-48.633455,-23.196785],[-48.639674,-23.190833],[-48.649665,-23.186988],[-48.65358,-23.176117],[-48.658418,-23.173647],[-48.661149,-23.16982],[-48.665058,-23.169424],[-48.66881,-23.173742],[-48.672313,-23.174451],[-48.674613,-23.17273],[-48.676714,-23.166914],[-48.680493,-23.164506],[-48.684106,-23.165073],[-48.687001,-23.169008],[-48.688585,-23.175445],[-48.687492,-23.181422],[-48.688481,-23.186066],[-48.699476,-23.190588],[-48.709287,-23.1851],[-48.72002,-23.184736],[-48.72402,-23.186692],[-48.726896,-23.186342],[-48.732622,-23.173942],[-48.737968,-23.170526],[-48.745456,-23.173385],[-48.75182,-23.171326],[-48.756115,-23.17393],[-48.764573,-23.175257],[-48.773594,-23.182108],[-48.774303,-23.19068],[-48.780979,-23.197488],[-48.783134,-23.203535],[-48.780947,-23.206846],[-48.766623,-23.210796],[-48.765395,-23.213253],[-48.766198,-23.217172],[-48.773464,-23.222688],[-48.780484,-23.225539],[-48.791579,-23.221956],[-48.794442,-23.22252],[-48.798576,-23.237075],[-48.800982,-23.23915],[-48.813691,-23.240332],[-48.823936,-23.23554],[-48.830848,-23.236577],[-48.833971,-23.241079],[-48.832329,-23.247611],[-48.834246,-23.263271],[-48.841242,-23.268089],[-48.846163,-23.267198],[-48.850645,-23.263852],[-48.854465,-23.257717],[-48.854541,-23.250086],[-48.857796,-23.247022],[-48.861142,-23.247113],[-48.866187,-23.250586],[-48.873298,-23.250131],[-48.882113,-23.254708],[-48.894468,-23.245735],[-48.901433,-23.249652],[-48.904624,-23.253715],[-48.913054,-23.254271],[-48.918203,-23.25728],[-48.925831,-23.257328],[-48.932048,-23.260218],[-48.936342,-23.26746],[-48.940337,-23.268539],[-48.952028,-23.259826],[-48.951492,-23.248581],[-48.957297,-23.236387],[-48.964128,-23.233534],[-48.968268,-23.234502],[-48.979187,-23.24674],[-48.983314,-23.24769],[-48.98568,-23.245304],[-48.986123,-23.237732],[-48.992617,-23.23183],[-48.991023,-23.224068],[-48.992947,-23.219542],[-48.99972,-23.219273],[-49.00676,-23.227137],[-49.011604,-23.228727],[-49.014126,-23.226683],[-49.016968,-23.217239],[-49.0249,-23.20995],[-49.032674,-23.207995],[-49.040479,-23.211431],[-49.045535,-23.211755],[-49.052429,-23.203749],[-49.061768,-23.206743],[-49.068164,-23.20584],[-49.074867,-23.210443],[-49.082318,-23.211257],[-49.087458,-23.217624],[-49.100398,-23.219822],[-49.12474,-23.230797],[-49.127026,-23.229386],[-49.127483,-23.226177],[-49.117073,-23.216577],[-49.116016,-23.211635],[-49.118194,-23.209974],[-49.123596,-23.210583],[-49.129719,-23.208456],[-49.135729,-23.213226],[-49.139643,-23.213485],[-49.143867,-23.205729],[-49.143873,-23.198669],[-49.147558,-23.196292],[-49.159244,-23.204206],[-49.157044,-23.212955],[-49.161953,-23.217781],[-49.162667,-23.225486],[-49.165815,-23.228189],[-49.170882,-23.228002],[-49.182525,-23.221771],[-49.17795,-23.206242],[-49.178204,-23.203265],[-49.180144,-23.201397],[-49.190328,-23.20172],[-49.201863,-23.207586],[-49.209045,-23.20414],[-49.216511,-23.20586],[-49.222813,-23.202931],[-49.235442,-23.202296],[-49.23865,-23.204604],[-49.235939,-23.212021],[-49.239962,-23.217484],[-49.245306,-23.219878],[-49.247784,-23.223854],[-49.252866,-23.225611],[-49.255784,-23.229422],[-49.261893,-23.230556],[-49.265554,-23.235677],[-49.270495,-23.238982],[-49.270887,-23.241959],[-49.268531,-23.244286],[-49.256417,-23.246039],[-49.252845,-23.253972],[-49.253958,-23.256575],[-49.25961,-23.260893],[-49.261686,-23.272784],[-49.268118,-23.277713],[-49.270355,-23.288681],[-49.268811,-23.298995],[-49.274504,-23.304468],[-49.281744,-23.308424],[-49.288069,-23.321714],[-49.294099,-23.324937],[-49.297174,-23.331359],[-49.313263,-23.331903],[-49.31622,-23.333662],[-49.316639,-23.336599],[-49.30269,-23.345259],[-49.292857,-23.34276],[-49.287059,-23.343773],[-49.285949,-23.347673],[-49.290343,-23.354581],[-49.285854,-23.361095],[-49.282429,-23.362254],[-49.272808,-23.360385],[-49.268922,-23.360995],[-49.264819,-23.364951],[-49.262584,-23.370501],[-49.252562,-23.372281],[-49.247068,-23.379678],[-49.237465,-23.381592],[-49.218218,-23.370446],[-49.215446,-23.360556],[-49.21781,-23.353615],[-49.217381,-23.347191],[-49.214607,-23.3381],[-49.207442,-23.329069],[-49.204473,-23.321795],[-49.206013,-23.302079],[-49.203243,-23.296034],[-49.195007,-23.288869],[-49.195947,-23.282971],[-49.201265,-23.277743],[-49.200254,-23.273992],[-49.19822,-23.27257],[-49.191346,-23.272557],[-49.176445,-23.27867],[-49.16657,-23.277588],[-49.154073,-23.28572],[-49.143325,-23.28873],[-49.141241,-23.297136],[-49.138154,-23.299107],[-49.129056,-23.294116],[-49.122269,-23.294802],[-49.113594,-23.289865],[-49.110684,-23.290445],[-49.107954,-23.294745],[-49.104524,-23.296237],[-49.09635,-23.292663],[-49.083978,-23.289805],[-49.080626,-23.291613],[-49.078889,-23.298147],[-49.07393,-23.299564],[-49.063751,-23.297995],[-49.056683,-23.294426],[-49.051158,-23.295601],[-49.047838,-23.294792],[-49.031604,-23.285676],[-49.028838,-23.285426],[-49.024765,-23.290563],[-49.018583,-23.293563],[-49.017674,-23.296343],[-49.023095,-23.303318],[-49.029163,-23.303177],[-49.031704,-23.304745],[-49.035385,-23.311493],[-49.035997,-23.322099],[-49.030806,-23.324287],[-49.02857,-23.329034],[-49.025524,-23.330287],[-49.011409,-23.320331],[-49.001701,-23.319812],[-48.99845,-23.322563],[-48.999477,-23.329895],[-49.003391,-23.337312],[-49.002525,-23.341709],[-49.004249,-23.345936],[-49.002259,-23.351748],[-49.004622,-23.35556],[-49.008437,-23.356282],[-49.012409,-23.35252],[-49.017897,-23.351754],[-49.021444,-23.355143],[-49.02306,-23.359778],[-49.026954,-23.361583],[-49.034059,-23.357565],[-49.038919,-23.35726],[-49.047486,-23.361914],[-49.04809,-23.36774],[-49.052379,-23.373055],[-49.063185,-23.378154],[-49.071538,-23.378856],[-49.076682,-23.377003],[-49.079032,-23.377867],[-49.085627,-23.384399],[-49.086744,-23.389161],[-49.08589,-23.395549],[-49.088843,-23.398105],[-49.094264,-23.397324],[-49.106591,-23.386897],[-49.112955,-23.382826],[-49.121631,-23.379844],[-49.125148,-23.376382],[-49.133658,-23.374598],[-49.139577,-23.377174],[-49.146509,-23.376566],[-49.152551,-23.36848],[-49.147561,-23.352448],[-49.148317,-23.347385],[-49.153055,-23.345695],[-49.157678,-23.348648],[-49.16286,-23.348377],[-49.164987,-23.349602],[-49.167062,-23.355506],[-49.167664,-23.370283],[-49.161808,-23.377895],[-49.163142,-23.382941],[-49.160992,-23.388807],[-49.161351,-23.395694],[-49.163534,-23.398935],[-49.170068,-23.400445],[-49.173842,-23.406757],[-49.177423,-23.406803],[-49.180884,-23.403017],[-49.183862,-23.402251],[-49.192626,-23.410429],[-49.192679,-23.423405],[-49.185363,-23.432545],[-49.186609,-23.435157],[-49.191921,-23.437374],[-49.19277,-23.440008],[-49.189403,-23.444084],[-49.186751,-23.451121],[-49.187719,-23.459992],[-49.184566,-23.47175],[-49.171638,-23.477705],[-49.161423,-23.479214],[-49.160365,-23.481895],[-49.161472,-23.485019],[-49.168113,-23.487423],[-49.17038,-23.492729],[-49.168245,-23.494798],[-49.156264,-23.49807],[-49.152193,-23.502152],[-49.152787,-23.504698],[-49.160136,-23.51235],[-49.167789,-23.516439],[-49.174218,-23.524045],[-49.173612,-23.53345],[-49.174838,-23.537659],[-49.171294,-23.542562],[-49.172252,-23.548292],[-49.170562,-23.550408],[-49.165638,-23.551484],[-49.162616,-23.554681],[-49.157162,-23.556226],[-49.152153,-23.560328],[-49.145456,-23.561411],[-49.144252,-23.565468],[-49.154483,-23.577654],[-49.162061,-23.581438],[-49.163019,-23.588289],[-49.164641,-23.590135],[-49.176133,-23.591133],[-49.182929,-23.58795],[-49.189053,-23.589897],[-49.194399,-23.58528],[-49.203724,-23.583769],[-49.221765,-23.577127],[-49.231517,-23.568033],[-49.234327,-23.556865],[-49.229227,-23.544685],[-49.237367,-23.536305],[-49.241318,-23.536932],[-49.250478,-23.549716],[-49.259282,-23.547001],[-49.269053,-23.547623],[-49.272813,-23.549513],[-49.279216,-23.55831],[-49.280088,-23.562125],[-49.278905,-23.568402],[-49.275729,-23.574261],[-49.266337,-23.578366],[-49.26308,-23.597382],[-49.253699,-23.604959],[-49.252764,-23.608262],[-49.253814,-23.613454],[-49.257629,-23.619289],[-49.261662,-23.620442],[-49.267422,-23.618723],[-49.274033,-23.61088],[-49.280181,-23.606359],[-49.283316,-23.606077],[-49.285418,-23.6077],[-49.29016,-23.621822],[-49.286054,-23.638341],[-49.287716,-23.647186],[-49.286028,-23.657626],[-49.286641,-23.676402],[-49.289644,-23.679955],[-49.296981,-23.681235],[-49.301608,-23.686308],[-49.298625,-23.696894],[-49.303375,-23.70508],[-49.303302,-23.711409],[-49.317037,-23.717905],[-49.32239,-23.724487],[-49.321048,-23.729746],[-49.321694,-23.736591],[-49.316931,-23.741317],[-49.312252,-23.741755],[-49.307565,-23.740289],[-49.302597,-23.74195],[-49.296987,-23.740584],[-49.293178,-23.742321],[-49.289802,-23.746108],[-49.286629,-23.746063],[-49.281198,-23.739156],[-49.283334,-23.733021],[-49.282703,-23.730403],[-49.27944,-23.727699],[-49.273186,-23.726779],[-49.267114,-23.729082],[-49.260279,-23.728017],[-49.256402,-23.735336],[-49.2465,-23.734867],[-49.243338,-23.737122],[-49.241078,-23.741322],[-49.235312,-23.743138],[-49.228612,-23.75751],[-49.23123,-23.762805],[-49.231277,-23.76699],[-49.224426,-23.77395],[-49.226076,-23.779018],[-49.225111,-23.787439],[-49.231832,-23.795217],[-49.230499,-23.799583],[-49.224843,-23.801289],[-49.208392,-23.800337],[-49.199097,-23.80155],[-49.191863,-23.806339],[-49.18396,-23.80444],[-49.178455,-23.806155],[-49.167665,-23.806777],[-49.158821,-23.805301],[-49.152696,-23.798945],[-49.136256,-23.797884],[-49.131479,-23.803144],[-49.124968,-23.805164],[-49.12113,-23.811391],[-49.109527,-23.812258],[-49.097284,-23.822565],[-49.096649,-23.827961],[-49.104823,-23.834947],[-49.10819,-23.839257],[-49.10837,-23.841791],[-49.104548,-23.846019],[-49.094971,-23.851904],[-49.092675,-23.861016],[-49.082252,-23.868665],[-49.079606,-23.875411],[-49.073414,-23.877584],[-49.060968,-23.877571],[-49.057478,-23.875625],[-49.051579,-23.868662],[-49.044373,-23.867813],[-49.040789,-23.871074],[-49.044589,-23.877602],[-49.042346,-23.881516],[-49.035006,-23.880472],[-49.025143,-23.876005],[-49.021138,-23.877363],[-49.020708,-23.880686],[-49.025723,-23.888076],[-49.034867,-23.893454],[-49.036213,-23.900344],[-49.040994,-23.903975],[-49.041945,-23.907009],[-49.03906,-23.914548],[-49.029624,-23.919548],[-49.030767,-23.927694],[-49.024061,-23.930651],[-49.022954,-23.934142],[-49.030306,-23.941343],[-49.035866,-23.944483],[-49.036379,-23.951999],[-49.043089,-23.954429],[-49.044968,-23.957313],[-49.044114,-23.959656],[-49.039818,-23.961613],[-49.035541,-23.966236],[-49.025648,-23.967153],[-49.024418,-23.969684],[-49.025148,-23.973473],[-49.028676,-23.976833],[-49.047487,-23.976238],[-49.050336,-23.978747],[-49.051278,-23.98268],[-49.04909,-23.985551],[-49.044338,-23.985929],[-49.039768,-23.989292],[-49.034211,-23.990326],[-49.030557,-23.996833],[-49.022433,-23.997649],[-49.016442,-23.999987],[-49.01167,-24.007047],[-49.012071,-24.012652],[-49.013845,-24.015407],[-49.021324,-24.016612],[-49.025106,-24.01963],[-49.032896,-24.018697],[-49.03857,-24.025318],[-49.050729,-24.029722],[-49.059974,-24.042869],[-49.065518,-24.047762],[-49.062569,-24.061161],[-49.052595,-24.066641],[-49.049725,-24.074404],[-49.051467,-24.078228],[-49.05712,-24.083093],[-49.064025,-24.082368],[-49.070536,-24.085367],[-49.07614,-24.080623],[-49.081455,-24.080165],[-49.083885,-24.07812],[-49.082964,-24.070524],[-49.086856,-24.063252],[-49.074961,-24.046971],[-49.074597,-24.043904],[-49.076692,-24.041408],[-49.079688,-24.041202],[-49.093378,-24.046088],[-49.10189,-24.043645],[-49.113372,-24.04933],[-49.120073,-24.045334],[-49.125464,-24.045765],[-49.136637,-24.056019],[-49.139973,-24.070025],[-49.144564,-24.072254],[-49.148459,-24.069976],[-49.154104,-24.057487],[-49.159131,-24.052938],[-49.164766,-24.05023],[-49.165826,-24.045811],[-49.163292,-24.038122],[-49.165667,-24.032058],[-49.17243,-24.027417],[-49.189473,-24.025575],[-49.208168,-24.035045],[-49.212525,-24.038711],[-49.21708,-24.044627],[-49.217451,-24.05084],[-49.219995,-24.054922],[-49.224027,-24.055348],[-49.230841,-24.051753],[-49.23868,-24.053786],[-49.249041,-24.066766],[-49.261222,-24.073272],[-49.266122,-24.088001],[-49.26978,-24.093568],[-49.276082,-24.096243],[-49.281244,-24.096615],[-49.28841,-24.090548],[-49.290447,-24.054721],[-49.296518,-24.044876],[-49.2999,-24.032495],[-49.306234,-24.02922],[-49.311922,-24.021255],[-49.311496,-24.010957],[-49.314174,-24.007763],[-49.318476,-24.007681],[-49.32566,-24.010722],[-49.331982,-24.005783],[-49.341718,-24.006391],[-49.348501,-24.010997],[-49.353174,-24.021214],[-49.359673,-24.023648],[-49.363166,-24.023108],[-49.371597,-24.01757],[-49.378653,-24.017486],[-49.381656,-24.013176],[-49.384423,-24.011926],[-49.396314,-24.014236],[-49.402372,-24.018247],[-49.407767,-24.019335],[-49.427886,-24.010071],[-49.440429,-24.009331],[-49.447669,-24.010725],[-49.452363,-24.010098],[-49.457546,-24.012914],[-49.458786,-24.01616],[-49.458218,-24.024832],[-49.461675,-24.030224],[-49.463138,-24.025918],[-49.465111,-24.024581],[-49.470172,-24.024228],[-49.473525,-24.02559],[-49.474232,-24.018798],[-49.479688,-24.018229],[-49.481119,-24.023171],[-49.487739,-24.024142],[-49.487855,-24.021739],[-49.490496,-24.018688],[-49.486263,-24.015608],[-49.492495,-24.014262],[-49.48867,-24.011943],[-49.483117,-24.011366],[-49.480652,-24.005125],[-49.48638,-24.006354],[-49.487476,-24.003794],[-49.486644,-23.998427],[-49.489482,-23.998666],[-49.4918,-23.992926],[-49.496843,-23.994447],[-49.498523,-23.993096],[-49.495118,-23.98553],[-49.496247,-23.983904],[-49.493913,-23.976829],[-49.497859,-23.974377],[-49.499601,-23.970492],[-49.506768,-23.96767],[-49.51012,-23.971766],[-49.517399,-23.970149],[-49.515022,-23.964689],[-49.499414,-23.958799],[-49.506038,-23.954791],[-49.503675,-23.947141],[-49.509309,-23.948284],[-49.514468,-23.944269],[-49.520616,-23.947202],[-49.525188,-23.936218],[-49.523877,-23.934342],[-49.517246,-23.937534],[-49.510228,-23.937466],[-49.509169,-23.932291],[-49.511198,-23.931105],[-49.514163,-23.931712],[-49.515944,-23.929769],[-49.51167,-23.925329],[-49.517685,-23.923102],[-49.523651,-23.916532],[-49.527354,-23.92242],[-49.531491,-23.922961],[-49.531962,-23.930348],[-49.53777,-23.927053],[-49.540439,-23.927377],[-49.546011,-23.923113],[-49.557112,-23.922662],[-49.553703,-23.915905],[-49.563856,-23.911712],[-49.568427,-23.903027],[-49.568136,-23.899968],[-49.573587,-23.899898],[-49.577244,-23.896876],[-49.575968,-23.883971],[-49.573692,-23.877601],[-49.57824,-23.880165],[-49.5842,-23.889744],[-49.585855,-23.890144],[-49.588761,-23.885756],[-49.592084,-23.875004],[-49.6022,-23.8688],[-49.601905,-23.863987],[-49.599106,-23.8585],[-49.60283,-23.855607],[-49.610429,-23.853188],[-49.611074,-23.851505],[-49.608369,-23.848017],[-49.598778,-23.85009],[-49.59587,-23.848374],[-49.596802,-23.845956],[-49.607488,-23.841478],[-49.608574,-23.839735],[-49.59868,-23.83676],[-49.5871,-23.842382],[-49.586322,-23.841357],[-49.591904,-23.837923],[-49.594288,-23.834346],[-49.590756,-23.828477],[-49.586346,-23.82726],[-49.573745,-23.827924],[-49.5686,-23.821582],[-49.563282,-23.819748],[-49.560732,-23.816216],[-49.560771,-23.807402],[-49.563071,-23.801957],[-49.559643,-23.791777],[-49.564188,-23.786656],[-49.564802,-23.781526],[-49.570771,-23.778764],[-49.565959,-23.777791],[-49.567044,-23.772029],[-49.562494,-23.769902],[-49.563647,-23.764269],[-49.560071,-23.76226],[-49.573465,-23.755765],[-49.571629,-23.753627],[-49.566452,-23.753529],[-49.563968,-23.750779],[-49.568114,-23.739256],[-49.563563,-23.732371],[-49.561376,-23.731846],[-49.552443,-23.738409],[-49.550858,-23.738562],[-49.548635,-23.735793],[-49.549471,-23.731874],[-49.555358,-23.722583],[-49.553978,-23.712445],[-49.549656,-23.704074],[-49.551916,-23.703423],[-49.555166,-23.706875],[-49.558863,-23.705659],[-49.5587,-23.703751],[-49.554471,-23.703628],[-49.55584,-23.700919],[-49.553416,-23.697181],[-49.557136,-23.69371],[-49.556011,-23.690952],[-49.558976,-23.690026],[-49.561258,-23.692851],[-49.563617,-23.688762],[-49.561539,-23.686752],[-49.56219,-23.68558],[-49.566451,-23.685619],[-49.567082,-23.689187],[-49.568422,-23.689087],[-49.569321,-23.684749],[-49.572012,-23.683708],[-49.573196,-23.681026],[-49.576204,-23.68034],[-49.574759,-23.676063],[-49.577556,-23.679174],[-49.57926,-23.679162],[-49.581071,-23.672119],[-49.583343,-23.670233],[-49.582771,-23.666806],[-49.580272,-23.664393],[-49.582232,-23.66312],[-49.585502,-23.664636],[-49.585257,-23.659166],[-49.602289,-23.652096],[-49.602883,-23.644805],[-49.616849,-23.640231],[-49.616745,-23.638547],[-49.611739,-23.637352],[-49.60836,-23.634517],[-49.60855,-23.628061],[-49.605879,-23.624644],[-49.613527,-23.623591],[-49.613658,-23.619777],[-49.615689,-23.617439],[-49.613467,-23.61475],[-49.621134,-23.611678],[-49.621085,-23.604806],[-49.616161,-23.591466],[-49.608546,-23.589829],[-49.606337,-23.585822],[-49.601137,-23.582942],[-49.601195,-23.574544],[-49.607711,-23.568054],[-49.608019,-23.564804],[-49.599815,-23.558476],[-49.598493,-23.553972],[-49.604729,-23.547957],[-49.605807,-23.54376],[-49.605467,-23.541457],[-49.600668,-23.538132],[-49.600998,-23.535691],[-49.611069,-23.529079],[-49.622645,-23.525185],[-49.629795,-23.512904],[-49.628492,-23.50947],[-49.621417,-23.50593],[-49.61578,-23.5102],[-49.612866,-23.509697],[-49.613809,-23.50676],[-49.618656,-23.502625],[-49.619152,-23.497024],[-49.621887,-23.492752],[-49.616035,-23.490163],[-49.613442,-23.486897],[-49.612573,-23.480898],[-49.615269,-23.472128],[-49.60226,-23.478697],[-49.598406,-23.477618],[-49.602435,-23.471059],[-49.601339,-23.461477],[-49.597752,-23.458084],[-49.603359,-23.452547],[-49.597942,-23.446159],[-49.595216,-23.438882],[-49.589989,-23.435508],[-49.577887,-23.436759],[-49.575847,-23.443382],[-49.573453,-23.443951],[-49.568882,-23.440627],[-49.572285,-23.435332],[-49.566241,-23.427748],[-49.566849,-23.425777],[-49.568795,-23.425499],[-49.574704,-23.431298],[-49.57992,-23.431994],[-49.581615,-23.429328],[-49.578697,-23.422239],[-49.580064,-23.414665],[-49.589395,-23.415942],[-49.591143,-23.41448],[-49.593652,-23.406656],[-49.601504,-23.408747],[-49.604548,-23.406299],[-49.604224,-23.402128],[-49.599436,-23.400699],[-49.598926,-23.398117],[-49.608671,-23.393434],[-49.61702,-23.398129],[-49.619961,-23.397928],[-49.621692,-23.395536],[-49.620424,-23.388666],[-49.61014,-23.387132],[-49.601218,-23.38343],[-49.597696,-23.384113],[-49.592419,-23.389333],[-49.590866,-23.382359],[-49.596401,-23.375005],[-49.595184,-23.367227],[-49.604614,-23.358682],[-49.616687,-23.351793],[-49.618537,-23.351854],[-49.619704,-23.355692],[-49.621779,-23.356698],[-49.632232,-23.356744],[-49.635612,-23.354605],[-49.637592,-23.350851],[-49.637935,-23.342939],[-49.636207,-23.340062],[-49.63515,-23.339542],[-49.632049,-23.343886],[-49.630002,-23.344049],[-49.62314,-23.336641],[-49.621624,-23.33229],[-49.623457,-23.327594],[-49.623622,-23.317897],[-49.628568,-23.312615],[-49.631729,-23.303546],[-49.625799,-23.284767],[-49.628702,-23.277707],[-49.635487,-23.271828],[-49.634569,-23.269372],[-49.640896,-23.255467],[-49.647787,-23.250846],[-49.644333,-23.240135],[-49.652938,-23.235141],[-49.655007,-23.22743],[-49.652113,-23.218749],[-49.652934,-23.213178],[-49.661136,-23.201758],[-49.66284,-23.193598],[-49.665224,-23.191989],[-49.665832,-23.189313],[-49.670679,-23.185122],[-49.678087,-23.174946],[-49.683126,-23.174166],[-49.678129,-23.167518],[-49.678586,-23.165456],[-49.683313,-23.163863],[-49.69771,-23.165589],[-49.699539,-23.161894],[-49.703998,-23.158331],[-49.701365,-23.152791],[-49.706695,-23.156062],[-49.7117,-23.156797],[-49.715531,-23.153733],[-49.71841,-23.148143],[-49.73051,-23.142009],[-49.734699,-23.132833],[-49.730282,-23.126322],[-49.725784,-23.115118],[-49.725278,-23.109802],[-49.72824,-23.106311],[-49.735229,-23.104037],[-49.739411,-23.099136],[-49.750477,-23.097137],[-49.755768,-23.103078],[-49.763456,-23.105368],[-49.774153,-23.101676],[-49.791758,-23.102695],[-49.79298,-23.098332],[-49.797108,-23.094071],[-49.799801,-23.092871],[-49.804238,-23.094499],[-49.808405,-23.094132],[-49.813419,-23.0794],[-49.82429,-23.076173],[-49.827835,-23.076666],[-49.833295,-23.067531],[-49.85276,-23.074363],[-49.859422,-23.071255],[-49.869164,-23.071884],[-49.874274,-23.068008],[-49.879603,-23.059894],[-49.881054,-23.060072],[-49.883107,-23.064631],[-49.887465,-23.06542],[-49.891323,-23.060398],[-49.899004,-23.054644],[-49.911822,-23.052563],[-49.913301,-23.0437],[-49.916299,-23.038212],[-49.916193,-23.034427],[-49.913334,-23.029276],[-49.913557,-23.024148],[-49.910714,-23.016097],[-49.907524,-23.011618],[-49.901605,-23.007708],[-49.899547,-23.003907],[-49.900397,-23.00041],[-49.907667,-22.995915],[-49.913007,-22.990368],[-49.919666,-22.990057],[-49.930016,-22.982812],[-49.940761,-22.982026],[-49.954324,-22.97826],[-49.962434,-22.969279],[-49.970867,-22.963383],[-49.973753,-22.954679],[-49.97092,-22.949827],[-49.96683,-22.947705],[-49.961455,-22.932265],[-49.961233,-22.927419],[-49.965299,-22.914908],[-49.972682,-22.906577],[-49.984168,-22.898507],[-49.99558,-22.898193],[-49.998402,-22.900543],[-49.998629,-22.903642],[-49.992918,-22.913528],[-49.989953,-22.923423],[-49.991012,-22.926499],[-49.994638,-22.929741],[-50.007794,-22.927184],[-50.0159,-22.910277],[-50.036165,-22.909267],[-50.039181,-22.907993],[-50.043452,-22.902611],[-50.047256,-22.901412],[-50.052741,-22.905983],[-50.05686,-22.91614],[-50.061809,-22.923543],[-50.069083,-22.928071],[-50.07353,-22.927432],[-50.08075,-22.921937],[-50.091823,-22.92232],[-50.104738,-22.930206],[-50.113901,-22.939298],[-50.118941,-22.94115],[-50.130476,-22.941293],[-50.147496,-22.935517],[-50.151667,-22.935328],[-50.156183,-22.937746],[-50.167142,-22.948044],[-50.174747,-22.948771],[-50.183207,-22.954153],[-50.193821,-22.950745],[-50.203642,-22.952241],[-50.218539,-22.947318],[-50.228638,-22.953029],[-50.238852,-22.954246],[-50.244471,-22.95118],[-50.247679,-22.938164],[-50.262229,-22.936037],[-50.273027,-22.931155],[-50.283698,-22.938221],[-50.299483,-22.938279],[-50.303061,-22.941618],[-50.305149,-22.946395],[-50.309611,-22.948394],[-50.323141,-22.95144],[-50.330379,-22.949579],[-50.338035,-22.949678],[-50.341,-22.947174],[-50.345987,-22.933538],[-50.358998,-22.923296],[-50.358956,-22.915865],[-50.363575,-22.91463],[-50.379336,-22.90538],[-50.38801,-22.907764],[-50.398383,-22.907345],[-50.418585,-22.913867],[-50.420373,-22.917589],[-50.418347,-22.933184],[-50.427805,-22.946045],[-50.432468,-22.946598],[-50.439199,-22.942917],[-50.447039,-22.941601],[-50.459782,-22.945451],[-50.474554,-22.941616],[-50.485695,-22.936785],[-50.493894,-22.939441],[-50.499497,-22.943645],[-50.508059,-22.945855],[-50.52523,-22.938103],[-50.530213,-22.920484],[-50.532987,-22.916356],[-50.540885,-22.911253],[-50.557107,-22.910897],[-50.570269,-22.903932],[-50.57629,-22.903546],[-50.585359,-22.907206],[-50.604658,-22.922946],[-50.610003,-22.924612],[-50.613564,-22.922074],[-50.618645,-22.913269],[-50.637789,-22.906313],[-50.644805,-22.899608],[-50.651004,-22.896632],[-50.661447,-22.895701],[-50.673235,-22.898969],[-50.680402,-22.904747],[-50.685802,-22.914464],[-50.696106,-22.927217],[-50.701905,-22.939961],[-50.711547,-22.955127],[-50.730992,-22.963183],[-50.737222,-22.963768],[-50.744594,-22.961169],[-50.752634,-22.950224],[-50.761083,-22.947807],[-50.777461,-22.946282],[-50.795583,-22.951658],[-50.803567,-22.947753],[-50.806113,-22.942988],[-50.805294,-22.935698],[-50.800073,-22.927886],[-50.797744,-22.915599],[-50.792754,-22.904098],[-50.792558,-22.896742],[-50.794846,-22.891211],[-50.799149,-22.887505],[-50.812257,-22.882662],[-50.819308,-22.877271],[-50.822132,-22.873315],[-50.823308,-22.867219],[-50.830562,-22.862953],[-50.8344,-22.857265],[-50.837107,-22.844941],[-50.843645,-22.831112],[-50.85095,-22.825472],[-50.858097,-22.816426],[-50.875295,-22.806888],[-50.884256,-22.799067],[-50.893006,-22.794552],[-50.914121,-22.794631],[-50.927575,-22.797607],[-50.937817,-22.805024],[-50.943046,-22.80488],[-50.949256,-22.801957],[-50.958369,-22.788439],[-50.97017,-22.782976],[-50.974931,-22.782435],[-50.984969,-22.784192],[-50.99537,-22.792269],[-51.008774,-22.793684],[-51.0615,-22.764998],[-51.077504,-22.765373],[-51.090401,-22.762687],[-51.102731,-22.76292],[-51.117522,-22.759946],[-51.125421,-22.760361],[-51.154098,-22.753538],[-51.167938,-22.746858],[-51.18078,-22.734176],[-51.188686,-22.728849],[-51.205138,-22.727201],[-51.231189,-22.71377],[-51.238455,-22.70445],[-51.242788,-22.689327],[-51.257923,-22.673465],[-51.269189,-22.666971],[-51.280504,-22.66626],[-51.29735,-22.672642],[-51.305947,-22.674391],[-51.336811,-22.665666],[-51.353851,-22.663021],[-51.36993,-22.658652],[-51.385777,-22.661068],[-51.39527,-22.666409],[-51.405285,-22.667071],[-51.411392,-22.664589],[-51.41733,-22.657898],[-51.424117,-22.653871],[-51.444195,-22.651651],[-51.451177,-22.65361],[-51.456404,-22.658098],[-51.464817,-22.671498],[-51.469339,-22.675884],[-51.492255,-22.688181],[-51.510295,-22.692094],[-51.514747,-22.691421],[-51.521336,-22.687629],[-51.533189,-22.687625],[-51.543201,-22.68987],[-51.556114,-22.696506],[-51.562143,-22.697003],[-51.578577,-22.689018],[-51.587144,-22.687637],[-51.594132,-22.68467],[-51.599047,-22.680844],[-51.607053,-22.670151],[-51.613673,-22.665212],[-51.621569,-22.661096],[-51.637475,-22.656637],[-51.676024,-22.659767],[-51.687492,-22.663007],[-51.700989,-22.670112],[-51.715681,-22.669354],[-51.721945,-22.665726],[-51.726766,-22.659786],[-51.733643,-22.62566],[-51.737688,-22.623842],[-51.744771,-22.624917],[-51.754183,-22.616657],[-51.768324,-22.614262],[-51.779663,-22.615382],[-51.789871,-22.619194],[-51.816672,-22.623323],[-51.846948,-22.632001],[-51.860292,-22.632106],[-51.871373,-22.630182],[-51.881035,-22.622982],[-51.899887,-22.602456],[-51.919177,-22.584412],[-51.929002,-22.57754],[-51.934588,-22.570308],[-51.941865,-22.566389],[-51.96243,-22.562227],[-51.987884,-22.552394],[-51.994115,-22.548139],[-52.009939,-22.541817],[-52.060975,-22.537926],[-52.084947,-22.523364],[-52.095798,-22.518761],[-52.108975,-22.516495],[-52.123454,-22.5186],[-52.133777,-22.52514],[-52.142589,-22.537397],[-52.149415,-22.55332],[-52.152003,-22.567281],[-52.159506,-22.585485],[-52.162559,-22.600901],[-52.16157,-22.614948],[-52.157204,-22.629442],[-52.156966,-22.643786],[-52.160964,-22.647259],[-52.168474,-22.650677],[-52.201517,-22.66091],[-52.213977,-22.671927],[-52.220249,-22.674748],[-52.225376,-22.673411],[-52.228098,-22.668407],[-52.228594,-22.640143],[-52.231489,-22.633026],[-52.240223,-22.620339],[-52.24773,-22.616083],[-52.259762,-22.616471],[-52.278186,-22.62081],[-52.299265,-22.634004],[-52.309419,-22.636916],[-52.339542,-22.632256],[-52.342804,-22.630694],[-52.37031,-22.629209],[-52.380004,-22.627123],[-52.421531,-22.610213],[-52.438024,-22.606804],[-52.456423,-22.61131],[-52.468233,-22.616149],[-52.493003,-22.632071],[-52.500594,-22.634076],[-52.505598,-22.633803],[-52.526001,-22.618387],[-52.541308,-22.614132],[-52.546877,-22.610011],[-52.554494,-22.600241],[-52.569364,-22.586338],[-52.576808,-22.570343],[-52.581137,-22.566666],[-52.585793,-22.565496],[-52.597807,-22.569271],[-52.616758,-22.57808],[-52.630049,-22.590838],[-52.648331,-22.599348],[-52.664967,-22.613193],[-52.693867,-22.626],[-52.715881,-22.628101],[-52.723273,-22.6272],[-52.729393,-22.624476],[-52.751083,-22.61218],[-52.799263,-22.597464],[-52.811164,-22.59669],[-52.821464,-22.598004],[-52.829232,-22.600488],[-52.84395,-22.608814],[-52.849534,-22.610447],[-52.855066,-22.610212],[-52.86338,-22.606655],[-52.86941,-22.602132],[-52.904452,-22.572355],[-52.919241,-22.566573],[-52.936911,-22.565336],[-52.966702,-22.568749],[-52.972742,-22.569934],[-52.994394,-22.581785],[-53.004301,-22.593551],[-53.027117,-22.608439],[-53.056881,-22.633028],[-53.07572,-22.639972],[-53.082429,-22.648693],[-53.086158,-22.656463],[-53.088428,-22.656958],[-53.089421,-22.65537],[-53.094168,-22.640083],[-53.104873,-22.62251],[-53.094744,-22.59051],[-53.090283,-22.58422],[-53.09067,-22.574461],[-53.082772,-22.5646],[-53.061506,-22.550665],[-53.034417,-22.527903],[-53.011633,-22.513212],[-52.995777,-22.494537],[-52.968748,-22.480147],[-52.915892,-22.465395],[-52.859977,-22.441584],[-52.850871,-22.435225],[-52.840141,-22.417174],[-52.795706,-22.380539],[-52.77174,-22.365264],[-52.733812,-22.348942],[-52.723247,-22.337158],[-52.69379,-22.313712],[-52.687168,-22.309942],[-52.677753,-22.308367],[-52.669164,-22.304007],[-52.657568,-22.301085],[-52.649523,-22.294401],[-52.641028,-22.282172],[-52.600569,-22.271909],[-52.592288,-22.268491],[-52.5766,-22.256059],[-52.574188,-22.250342],[-52.568812,-22.245677],[-52.549981,-22.243184],[-52.53012,-22.231506],[-52.50059,-22.223404],[-52.49369,-22.219221],[-52.483204,-22.208027],[-52.47944,-22.200552],[-52.463665,-22.191132],[-52.417351,-22.150034],[-52.39452,-22.116586],[-52.390174,-22.112255],[-52.382101,-22.108473],[-52.37439,-22.100755],[-52.366026,-22.087291],[-52.348796,-22.066973],[-52.346347,-22.061984],[-52.343252,-22.050751],[-52.337637,-22.040705],[-52.32482,-21.982232],[-52.306465,-21.944406],[-52.300088,-21.936757],[-52.27531,-21.915139],[-52.263565,-21.912019],[-52.258611,-21.905829],[-52.251572,-21.903172],[-52.241725,-21.896462],[-52.222543,-21.873713],[-52.20344,-21.85939],[-52.194365,-21.850241],[-52.190189,-21.844969],[-52.185591,-21.83114],[-52.183138,-21.812369],[-52.165973,-21.77841],[-52.154454,-21.764918],[-52.140348,-21.754594],[-52.125909,-21.751569],[-52.121697,-21.749142],[-52.112558,-21.749288],[-52.102344,-21.745011],[-52.093463,-21.731715],[-52.07631,-21.714061],[-52.064545,-21.688654],[-52.052795,-21.669738],[-52.048319,-21.658795],[-52.048345,-21.647421],[-52.053454,-21.634538],[-52.063886,-21.618165],[-52.068958,-21.597999],[-52.078936,-21.586578],[-52.096984,-21.577417],[-52.102076,-21.57022],[-52.103309,-21.557797],[-52.096973,-21.535511],[-52.078083,-21.519981],[-52.068413,-21.509154],[-52.062492,-21.506055],[-52.0492,-21.504898],[-52.001265,-21.51698],[-51.9709,-21.503969],[-51.958225,-21.50033],[-51.941459,-21.481622],[-51.934854,-21.463545],[-51.924948,-21.449786],[-51.922018,-21.440342],[-51.916061,-21.405705],[-51.910058,-21.39101],[-51.90167,-21.380143],[-51.882457,-21.362884],[-51.866837,-21.351192],[-51.864523,-21.347925],[-51.861539,-21.339343],[-51.860711,-21.314816],[-51.856423,-21.289413],[-51.855068,-21.28435],[-51.84962,-21.279376],[-51.848877,-21.26811],[-51.860544,-21.233935],[-51.879163,-21.199624],[-51.879376,-21.189956],[-51.875751,-21.178782],[-51.878881,-21.157937],[-51.877721,-21.139246],[-51.873459,-21.135039],[-51.861539,-21.131157],[-51.845918,-21.131617],[-51.821457,-21.126967],[-51.815365,-21.122353],[-51.807958,-21.112404],[-51.790012,-21.102535],[-51.782329,-21.091155],[-51.778315,-21.081506],[-51.772263,-21.051452],[-51.765756,-21.031099],[-51.718901,-20.973338],[-51.712426,-20.969656],[-51.703866,-20.968497],[-51.683369,-20.970582],[-51.666976,-20.968839],[-51.657062,-20.964233],[-51.644853,-20.953265],[-51.62835,-20.948887],[-51.624965,-20.944607],[-51.620835,-20.934167],[-51.619379,-20.916886],[-51.614383,-20.892925],[-51.61631,-20.885367],[-51.627644,-20.87],[-51.629668,-20.861281],[-51.63361,-20.818611],[-51.632032,-20.810648],[-51.628226,-20.802886],[-51.627194,-20.787057],[-51.622643,-20.773887],[-51.633809,-20.758703],[-51.636504,-20.749496],[-51.625833,-20.711166],[-51.610143,-20.67776],[-51.603179,-20.653837],[-51.600858,-20.630653],[-51.598643,-20.624289],[-51.589092,-20.611237],[-51.577365,-20.601513],[-51.558324,-20.595188],[-51.542084,-20.587164],[-51.535172,-20.589599],[-51.528935,-20.588719],[-51.525944,-20.587109],[-51.512291,-20.572263],[-51.500543,-20.566357],[-51.495779,-20.555651],[-51.495175,-20.54888],[-51.492302,-20.541752],[-51.483546,-20.531682],[-51.453529,-20.482084],[-51.441072,-20.472501],[-51.419349,-20.464863],[-51.404956,-20.454245],[-51.387812,-20.423426],[-51.380551,-20.414661],[-51.376806,-20.400069],[-51.373172,-20.392821],[-51.366443,-20.384494],[-51.35491,-20.375503],[-51.343389,-20.369846],[-51.334907,-20.363785],[-51.320449,-20.347387],[-51.293224,-20.332476],[-51.289426,-20.329619]]],[[[-48.678158,-20.161838],[-48.670866,-20.163025],[-48.666281,-20.16566],[-48.648647,-20.166903],[-48.635547,-20.16364],[-48.627472,-20.163539],[-48.617417,-20.159246],[-48.610032,-20.160191],[-48.606216,-20.167505],[-48.594386,-20.172223],[-48.586222,-20.188888],[-48.578322,-20.201068],[-48.564893,-20.216959],[-48.556395,-20.219767],[-48.551861,-20.222878],[-48.542054,-20.231017],[-48.536105,-20.238494],[-48.527297,-20.238855],[-48.520878,-20.242976],[-48.517286,-20.252778],[-48.509996,-20.262554],[-48.505702,-20.276054],[-48.506716,-20.279628],[-48.512143,-20.282448],[-48.514752,-20.285676],[-48.516055,-20.311885],[-48.524231,-20.325677],[-48.532808,-20.329191],[-48.54996,-20.325641],[-48.553022,-20.315909],[-48.557619,-20.311821],[-48.559597,-20.305958],[-48.554677,-20.302725],[-48.547273,-20.306644],[-48.544145,-20.306386],[-48.540384,-20.301392],[-48.540873,-20.297813],[-48.550287,-20.293326],[-48.550175,-20.287007],[-48.551798,-20.284592],[-48.556106,-20.282435],[-48.566537,-20.283905],[-48.56995,-20.282947],[-48.572319,-20.280356],[-48.575107,-20.272283],[-48.581568,-20.26458],[-48.586563,-20.262359],[-48.595963,-20.263514],[-48.610147,-20.250376],[-48.620403,-20.247424],[-48.624826,-20.249975],[-48.62651,-20.272005],[-48.630973,-20.27803],[-48.63534,-20.276881],[-48.64082,-20.268396],[-48.652571,-20.262601],[-48.656136,-20.263341],[-48.6627,-20.269701],[-48.669534,-20.267901],[-48.685886,-20.272819],[-48.69194,-20.272234],[-48.693229,-20.269773],[-48.692459,-20.267452],[-48.683454,-20.261223],[-48.679788,-20.253332],[-48.680889,-20.246],[-48.688495,-20.239234],[-48.689987,-20.234686],[-48.689341,-20.231552],[-48.683259,-20.225773],[-48.681795,-20.218196],[-48.676268,-20.214785],[-48.667559,-20.214152],[-48.656718,-20.207201],[-48.647888,-20.20594],[-48.64615,-20.20193],[-48.653059,-20.197228],[-48.656082,-20.185035],[-48.659294,-20.181436],[-48.671337,-20.183377],[-48.675096,-20.189659],[-48.678501,-20.190974],[-48.681213,-20.189277],[-48.686429,-20.178361],[-48.694487,-20.176855],[-48.69673,-20.178486],[-48.701675,-20.190764],[-48.706034,-20.194528],[-48.70971,-20.192325],[-48.711654,-20.182837],[-48.715138,-20.17868],[-48.717702,-20.178098],[-48.723886,-20.18355],[-48.729221,-20.185719],[-48.742865,-20.184037],[-48.744652,-20.186974],[-48.743571,-20.195719],[-48.744535,-20.197787],[-48.755214,-20.202588],[-48.761638,-20.20237],[-48.768528,-20.211399],[-48.775008,-20.209562],[-48.77532,-20.202733],[-48.780176,-20.196642],[-48.786594,-20.193264],[-48.790967,-20.193311],[-48.797317,-20.190746],[-48.802125,-20.191203],[-48.806889,-20.188619],[-48.811015,-20.190856],[-48.809505,-20.199869],[-48.811957,-20.202767],[-48.822998,-20.200611],[-48.832392,-20.196545],[-48.83596,-20.197999],[-48.836499,-20.200924],[-48.830664,-20.208694],[-48.827614,-20.220548],[-48.821659,-20.224883],[-48.821828,-20.227524],[-48.826076,-20.23243],[-48.822119,-20.237266],[-48.821999,-20.240312],[-48.828454,-20.246702],[-48.831256,-20.254767],[-48.836352,-20.256062],[-48.847861,-20.25554],[-48.850674,-20.257199],[-48.851536,-20.263451],[-48.844669,-20.269951],[-48.847291,-20.274565],[-48.854875,-20.274366],[-48.860992,-20.270641],[-48.86398,-20.271466],[-48.865501,-20.274264],[-48.856748,-20.284558],[-48.843568,-20.283759],[-48.84109,-20.288287],[-48.837057,-20.29108],[-48.836746,-20.293779],[-48.838965,-20.296038],[-48.843583,-20.296507],[-48.853661,-20.293866],[-48.863642,-20.29361],[-48.866802,-20.297224],[-48.864598,-20.300904],[-48.848232,-20.313598],[-48.848654,-20.317068],[-48.85425,-20.320477],[-48.853729,-20.324212],[-48.831211,-20.334239],[-48.829702,-20.337614],[-48.831796,-20.340251],[-48.839669,-20.342844],[-48.85278,-20.338287],[-48.856021,-20.338702],[-48.857729,-20.342044],[-48.855749,-20.34859],[-48.858213,-20.354345],[-48.855367,-20.360682],[-48.855842,-20.362881],[-48.860265,-20.364496],[-48.868337,-20.358938],[-48.873878,-20.349787],[-48.878741,-20.335443],[-48.875884,-20.316286],[-48.887459,-20.295705],[-48.885469,-20.285591],[-48.886288,-20.27391],[-48.884109,-20.265466],[-48.874645,-20.245096],[-48.870001,-20.238523],[-48.859625,-20.231136],[-48.854163,-20.218705],[-48.85354,-20.211296],[-48.857173,-20.204044],[-48.858012,-20.197512],[-48.857377,-20.184562],[-48.855019,-20.178899],[-48.835454,-20.166601],[-48.823899,-20.161826],[-48.779563,-20.162816],[-48.770277,-20.161107],[-48.756136,-20.154033],[-48.750421,-20.152686],[-48.74,-20.153826],[-48.731122,-20.151275],[-48.721432,-20.153585],[-48.706915,-20.160328],[-48.687212,-20.163435],[-48.678395,-20.161826],[-48.678158,-20.161838]]],[[[-47.478559,-19.967956],[-47.476854,-19.97123],[-47.471763,-19.972557],[-47.468329,-19.975263],[-47.468185,-19.980422],[-47.472369,-19.995297],[-47.468503,-20.004068],[-47.461547,-20.010006],[-47.462269,-20.012745],[-47.467409,-20.017814],[-47.465383,-20.030021],[-47.467203,-20.035171],[-47.46327,-20.040038],[-47.462785,-20.048481],[-47.468646,-20.052826],[-47.469286,-20.055664],[-47.466399,-20.059485],[-47.462416,-20.061693],[-47.459752,-20.066556],[-47.450282,-20.065291],[-47.446998,-20.068484],[-47.447956,-20.071142],[-47.454652,-20.076904],[-47.454508,-20.082453],[-47.458984,-20.087786],[-47.459004,-20.090761],[-47.454309,-20.093002],[-47.445172,-20.088849],[-47.441194,-20.090217],[-47.441197,-20.094461],[-47.450274,-20.104657],[-47.449215,-20.106987],[-47.442007,-20.111806],[-47.438879,-20.111556],[-47.435457,-20.107013],[-47.432855,-20.105983],[-47.430022,-20.107195],[-47.428377,-20.111291],[-47.426087,-20.112704],[-47.418088,-20.113397],[-47.410117,-20.108235],[-47.405341,-20.107204],[-47.402623,-20.108228],[-47.400747,-20.112223],[-47.40556,-20.11975],[-47.414063,-20.123535],[-47.416342,-20.129561],[-47.421443,-20.132199],[-47.425003,-20.138155],[-47.433526,-20.137601],[-47.437773,-20.143595],[-47.447688,-20.148281],[-47.458628,-20.144335],[-47.467008,-20.146478],[-47.470682,-20.149934],[-47.473536,-20.159266],[-47.477933,-20.16312],[-47.478033,-20.167083],[-47.47125,-20.176399],[-47.464485,-20.179088],[-47.463562,-20.184869],[-47.45631,-20.192906],[-47.455617,-20.197678],[-47.459505,-20.201484],[-47.467411,-20.203333],[-47.472813,-20.202347],[-47.483234,-20.207613],[-47.486455,-20.207311],[-47.491186,-20.202986],[-47.49223,-20.197866],[-47.4957,-20.194299],[-47.494917,-20.185321],[-47.501028,-20.181945],[-47.506951,-20.183721],[-47.505913,-20.191805],[-47.51216,-20.197497],[-47.512597,-20.203946],[-47.517091,-20.205898],[-47.546874,-20.199884],[-47.554911,-20.191549],[-47.559511,-20.193189],[-47.563324,-20.19861],[-47.570909,-20.196622],[-47.581759,-20.200081],[-47.588063,-20.20435],[-47.6002,-20.20323],[-47.608884,-20.199648],[-47.614868,-20.193574],[-47.62829,-20.18937],[-47.642063,-20.188757],[-47.660223,-20.190503],[-47.665732,-20.185501],[-47.66634,-20.180604],[-47.668432,-20.178627],[-47.671225,-20.178652],[-47.675693,-20.181835],[-47.679328,-20.181646],[-47.683118,-20.175385],[-47.681732,-20.170259],[-47.667282,-20.164789],[-47.665314,-20.162587],[-47.665788,-20.150282],[-47.667836,-20.14775],[-47.673974,-20.146089],[-47.679163,-20.147856],[-47.68389,-20.157943],[-47.695137,-20.16638],[-47.705934,-20.160991],[-47.716113,-20.162913],[-47.7199,-20.158179],[-47.719287,-20.146341],[-47.714051,-20.136554],[-47.710959,-20.133287],[-47.703907,-20.131575],[-47.69733,-20.127672],[-47.688667,-20.110249],[-47.689527,-20.098778],[-47.693003,-20.096265],[-47.700488,-20.099967],[-47.700225,-20.108261],[-47.702686,-20.111393],[-47.710326,-20.11406],[-47.713906,-20.111876],[-47.71187,-20.095635],[-47.703861,-20.083049],[-47.703916,-20.079441],[-47.706227,-20.077383],[-47.709996,-20.078296],[-47.723226,-20.09463],[-47.723745,-20.104237],[-47.721761,-20.11279],[-47.728201,-20.118073],[-47.728205,-20.129447],[-47.73052,-20.130841],[-47.737598,-20.131203],[-47.739816,-20.13347],[-47.7393,-20.137215],[-47.73312,-20.14222],[-47.73317,-20.145529],[-47.735636,-20.147479],[-47.745309,-20.146503],[-47.753214,-20.150122],[-47.766744,-20.142397],[-47.773167,-20.141335],[-47.79335,-20.109201],[-47.804691,-20.100802],[-47.811857,-20.090071],[-47.81491,-20.088158],[-47.839435,-20.087359],[-47.846302,-20.088499],[-47.849329,-20.093344],[-47.847252,-20.116955],[-47.850931,-20.122097],[-47.856683,-20.122488],[-47.869886,-20.116311],[-47.879292,-20.114866],[-47.881634,-20.112697],[-47.882714,-20.106868],[-47.878896,-20.103569],[-47.874978,-20.096911],[-47.871685,-20.083329],[-47.868445,-20.077511],[-47.871036,-20.064526],[-47.870225,-20.061103],[-47.861849,-20.056235],[-47.859163,-20.049548],[-47.860746,-20.045479],[-47.87403,-20.035205],[-47.87576,-20.030375],[-47.875692,-20.020804],[-47.861917,-19.995953],[-47.855699,-19.99049],[-47.848174,-19.989673],[-47.842577,-19.991416],[-47.830312,-19.987313],[-47.814467,-19.988033],[-47.802612,-19.9846],[-47.784602,-19.985445],[-47.779127,-19.986932],[-47.76277,-19.98555],[-47.755909,-19.990155],[-47.749402,-19.990621],[-47.733773,-19.987373],[-47.721585,-19.980147],[-47.707009,-19.979295],[-47.690486,-19.987646],[-47.677543,-20.001311],[-47.674032,-20.008348],[-47.67576,-20.016649],[-47.670343,-20.02322],[-47.6577,-20.031929],[-47.640527,-20.047819],[-47.633715,-20.049581],[-47.631246,-20.048751],[-47.626504,-20.043472],[-47.61391,-20.042047],[-47.607741,-20.036584],[-47.601095,-20.034192],[-47.595291,-20.027527],[-47.593115,-20.022197],[-47.59458,-20.01451],[-47.592982,-20.008042],[-47.587409,-19.998663],[-47.583021,-19.995439],[-47.575783,-19.993975],[-47.560612,-19.997184],[-47.554129,-19.997021],[-47.549981,-19.994509],[-47.544096,-19.986543],[-47.540383,-19.984111],[-47.5084,-19.982794],[-47.505779,-19.981529],[-47.502815,-19.975273],[-47.497264,-19.971266],[-47.489997,-19.96908],[-47.47985,-19.968516],[-47.478559,-19.967956]]],[[[-49.461603,-24.033367],[-49.461823,-24.037416],[-49.46147,-24.039347],[-49.462595,-24.038515],[-49.462953,-24.037815],[-49.462292,-24.03632],[-49.461775,-24.033719],[-49.461603,-24.033367]]],[[[-49.457636,-24.046813],[-49.457422,-24.048417],[-49.457161,-24.04931],[-49.457745,-24.048645],[-49.457882,-24.048145],[-49.457736,-24.0475],[-49.457636,-24.046813]]],[[[-47.057336,-21.243093],[-47.063924,-21.260571],[-47.071763,-21.272936],[-47.076223,-21.303333],[-47.092374,-21.318492],[-47.095604,-21.324262],[-47.104987,-21.328386],[-47.110579,-21.333597],[-47.112152,-21.336418],[-47.111035,-21.340706],[-47.112649,-21.345009],[-47.11839,-21.348086],[-47.129044,-21.35073],[-47.130581,-21.362666],[-47.132326,-21.36484],[-47.135925,-21.364914],[-47.140456,-21.360386],[-47.141663,-21.354379],[-47.140477,-21.345439],[-47.150229,-21.334263],[-47.155702,-21.331877],[-47.160499,-21.332436],[-47.165564,-21.336396],[-47.170726,-21.346283],[-47.174321,-21.36048],[-47.180831,-21.370601],[-47.182708,-21.376358],[-47.193208,-21.386087],[-47.19962,-21.383871],[-47.202958,-21.376234],[-47.211323,-21.370265],[-47.212345,-21.365295],[-47.207126,-21.359759],[-47.2082,-21.355626],[-47.22796,-21.349417],[-47.232661,-21.349398],[-47.235696,-21.351335],[-47.242344,-21.366182],[-47.239664,-21.394706],[-47.245694,-21.41207],[-47.244268,-21.429552],[-47.256122,-21.4434],[-47.263595,-21.448167],[-47.272459,-21.45114],[-47.276676,-21.458753],[-47.274782,-21.465199],[-47.27536,-21.479982],[-47.272357,-21.488632],[-47.274391,-21.494208],[-47.271557,-21.500408],[-47.272211,-21.505251],[-47.267476,-21.509916],[-47.265945,-21.514126],[-47.259145,-21.520611],[-47.251975,-21.522329],[-47.247894,-21.520441],[-47.241544,-21.514177],[-47.23595,-21.514985],[-47.232075,-21.521938],[-47.227128,-21.526329],[-47.223492,-21.533959],[-47.211049,-21.535095],[-47.206278,-21.530354],[-47.202641,-21.530189],[-47.198512,-21.534173],[-47.198444,-21.542887],[-47.196475,-21.545534],[-47.192926,-21.546135],[-47.187542,-21.543061],[-47.182603,-21.542891],[-47.171133,-21.557282],[-47.168716,-21.558509],[-47.165298,-21.557165],[-47.163289,-21.551079],[-47.159105,-21.550407],[-47.155251,-21.555253],[-47.154532,-21.562717],[-47.151325,-21.565873],[-47.146779,-21.565757],[-47.143119,-21.563911],[-47.139151,-21.559226],[-47.134289,-21.558549],[-47.131692,-21.562291],[-47.131595,-21.567671],[-47.126748,-21.572079],[-47.125491,-21.575412],[-47.126613,-21.579165],[-47.130426,-21.582669],[-47.139535,-21.585054],[-47.147612,-21.590989],[-47.157353,-21.591774],[-47.163995,-21.597676],[-47.164257,-21.601373],[-47.158825,-21.608018],[-47.157236,-21.61236],[-47.160751,-21.61965],[-47.160623,-21.62383],[-47.158992,-21.625874],[-47.153762,-21.627801],[-47.152562,-21.630228],[-47.161991,-21.646556],[-47.160122,-21.662195],[-47.163158,-21.666122],[-47.164257,-21.672598],[-47.170869,-21.673638],[-47.175276,-21.675949],[-47.183313,-21.688954],[-47.183349,-21.695904],[-47.193285,-21.700672],[-47.195668,-21.707189],[-47.192904,-21.724867],[-47.183721,-21.739223],[-47.18429,-21.748752],[-47.189252,-21.750724],[-47.200145,-21.74806],[-47.205296,-21.748955],[-47.207377,-21.753075],[-47.2058,-21.763168],[-47.20697,-21.766771],[-47.226145,-21.770685],[-47.237158,-21.7782],[-47.240597,-21.783557],[-47.240321,-21.799035],[-47.233765,-21.812515],[-47.220872,-21.820889],[-47.197403,-21.826328],[-47.192252,-21.833245],[-47.191233,-21.839373],[-47.192818,-21.844487],[-47.204421,-21.85122],[-47.208847,-21.856566],[-47.222049,-21.858811],[-47.225092,-21.86249],[-47.226097,-21.876739],[-47.225019,-21.886713],[-47.226798,-21.894172],[-47.230584,-21.901565],[-47.240773,-21.908049],[-47.248849,-21.915452],[-47.253082,-21.933378],[-47.258691,-21.945059],[-47.258211,-21.950647],[-47.262454,-21.955231],[-47.261364,-21.958723],[-47.256513,-21.959865],[-47.254391,-21.961949],[-47.256718,-21.967669],[-47.259157,-21.96909],[-47.279544,-21.969421],[-47.286033,-21.972516],[-47.289961,-21.976733],[-47.288957,-21.98376],[-47.291004,-21.986386],[-47.29862,-21.989964],[-47.304413,-21.988199],[-47.309545,-21.988598],[-47.320207,-21.995142],[-47.330812,-21.996707],[-47.344489,-22.002447],[-47.347993,-22.002132],[-47.3519,-21.999074],[-47.351492,-21.986652],[-47.35407,-21.981609],[-47.359608,-21.979486],[-47.363566,-21.980227],[-47.369927,-21.984095],[-47.373067,-21.983495],[-47.374576,-21.980611],[-47.374619,-21.962249],[-47.363551,-21.952539],[-47.358986,-21.952872],[-47.352785,-21.957426],[-47.349631,-21.95666],[-47.34492,-21.947428],[-47.333144,-21.939416],[-47.331958,-21.930851],[-47.338578,-21.926766],[-47.341162,-21.928229],[-47.345199,-21.935178],[-47.348669,-21.936911],[-47.358815,-21.937151],[-47.365561,-21.935079],[-47.380439,-21.938674],[-47.383176,-21.93729],[-47.389464,-21.928615],[-47.399278,-21.922762],[-47.403281,-21.922497],[-47.405975,-21.923328],[-47.418574,-21.93395],[-47.424296,-21.935709],[-47.427342,-21.935082],[-47.430378,-21.92918],[-47.429848,-21.923186],[-47.425264,-21.913507],[-47.418723,-21.904419],[-47.418481,-21.894943],[-47.422628,-21.884596],[-47.428975,-21.87655],[-47.429455,-21.871062],[-47.436271,-21.863214],[-47.445498,-21.859638],[-47.451409,-21.846752],[-47.448114,-21.843912],[-47.436278,-21.847941],[-47.415414,-21.846094],[-47.409945,-21.847898],[-47.40556,-21.85187],[-47.397878,-21.855497],[-47.377626,-21.8517],[-47.370777,-21.852389],[-47.365448,-21.848319],[-47.35358,-21.84314],[-47.343849,-21.830333],[-47.343933,-21.826584],[-47.349873,-21.824525],[-47.354903,-21.828523],[-47.367431,-21.829003],[-47.383684,-21.83583],[-47.396822,-21.83518],[-47.404954,-21.836944],[-47.40724,-21.834163],[-47.406425,-21.829452],[-47.403426,-21.826219],[-47.39774,-21.823578],[-47.39426,-21.81843],[-47.39706,-21.807561],[-47.405147,-21.801388],[-47.418018,-21.80592],[-47.422422,-21.804212],[-47.431246,-21.787197],[-47.433424,-21.77692],[-47.441011,-21.775129],[-47.446147,-21.770078],[-47.451963,-21.772249],[-47.457928,-21.770748],[-47.463715,-21.775175],[-47.472534,-21.771553],[-47.480736,-21.772608],[-47.48657,-21.768555],[-47.492803,-21.771276],[-47.497501,-21.770744],[-47.503742,-21.772197],[-47.505739,-21.770028],[-47.506042,-21.765266],[-47.509468,-21.761145],[-47.509484,-21.753413],[-47.514122,-21.749973],[-47.527108,-21.744664],[-47.535222,-21.744423],[-47.545125,-21.75019],[-47.556506,-21.763359],[-47.563924,-21.767023],[-47.569097,-21.773565],[-47.568022,-21.780036],[-47.563999,-21.784882],[-47.552632,-21.7879],[-47.53936,-21.796934],[-47.537535,-21.803866],[-47.52939,-21.810775],[-47.529048,-21.814511],[-47.535452,-21.820966],[-47.543275,-21.825724],[-47.544369,-21.8287],[-47.543075,-21.836058],[-47.549169,-21.842997],[-47.551152,-21.850951],[-47.553541,-21.852729],[-47.561006,-21.853814],[-47.561394,-21.861094],[-47.566402,-21.866355],[-47.572975,-21.871218],[-47.579063,-21.873199],[-47.582966,-21.872608],[-47.586756,-21.869201],[-47.59226,-21.867336],[-47.594049,-21.862059],[-47.597847,-21.857326],[-47.594221,-21.849089],[-47.592477,-21.847558],[-47.586027,-21.846466],[-47.583995,-21.842148],[-47.579492,-21.839922],[-47.577219,-21.835003],[-47.571371,-21.83223],[-47.568371,-21.827653],[-47.556615,-21.823073],[-47.554675,-21.81989],[-47.555464,-21.814884],[-47.558579,-21.810306],[-47.582655,-21.796659],[-47.583529,-21.794253],[-47.582078,-21.78744],[-47.59029,-21.783401],[-47.59186,-21.776745],[-47.598778,-21.769987],[-47.59983,-21.763082],[-47.60775,-21.758866],[-47.610303,-21.760631],[-47.612136,-21.76651],[-47.61647,-21.767468],[-47.622754,-21.760449],[-47.62328,-21.752837],[-47.626013,-21.751677],[-47.630732,-21.752179],[-47.634378,-21.748804],[-47.637616,-21.748535],[-47.647047,-21.761423],[-47.645593,-21.764377],[-47.635705,-21.772849],[-47.63794,-21.779149],[-47.633137,-21.786034],[-47.636544,-21.790215],[-47.639474,-21.797614],[-47.644302,-21.797603],[-47.650076,-21.788868],[-47.659342,-21.783857],[-47.663767,-21.775715],[-47.668039,-21.760819],[-47.670597,-21.759063],[-47.676003,-21.761228],[-47.685489,-21.771158],[-47.694634,-21.787942],[-47.696339,-21.793902],[-47.696038,-21.802789],[-47.694433,-21.806667],[-47.687288,-21.811646],[-47.675009,-21.809145],[-47.671231,-21.811439],[-47.671683,-21.81463],[-47.678066,-21.82205],[-47.679196,-21.838783],[-47.676162,-21.841597],[-47.671017,-21.839823],[-47.667907,-21.840458],[-47.663129,-21.849668],[-47.66438,-21.852147],[-47.67061,-21.855714],[-47.673575,-21.861647],[-47.673191,-21.864331],[-47.670132,-21.866076],[-47.66379,-21.864844],[-47.659554,-21.871707],[-47.647609,-21.87149],[-47.64446,-21.875203],[-47.647808,-21.884504],[-47.662884,-21.897108],[-47.664061,-21.908913],[-47.670869,-21.921293],[-47.670723,-21.926358],[-47.666675,-21.93031],[-47.667383,-21.933564],[-47.671578,-21.936299],[-47.674846,-21.935752],[-47.681202,-21.9297],[-47.683477,-21.921894],[-47.687131,-21.920581],[-47.689832,-21.92252],[-47.691297,-21.9297],[-47.701194,-21.933754],[-47.70304,-21.936186],[-47.703346,-21.94027],[-47.702172,-21.942657],[-47.697321,-21.94584],[-47.691842,-21.955252],[-47.688021,-21.967515],[-47.671252,-21.970814],[-47.666852,-21.982761],[-47.65639,-21.992681],[-47.650679,-21.993302],[-47.643761,-21.990869],[-47.636992,-21.991196],[-47.632461,-21.984989],[-47.627918,-21.985331],[-47.621884,-21.996152],[-47.624542,-21.998946],[-47.631251,-21.999002],[-47.632866,-22.00358],[-47.631207,-22.011444],[-47.622411,-22.027898],[-47.617174,-22.030434],[-47.609157,-22.024336],[-47.603841,-22.023911],[-47.599671,-22.027335],[-47.600082,-22.031515],[-47.602667,-22.034162],[-47.60862,-22.036203],[-47.611653,-22.044498],[-47.620424,-22.051009],[-47.626923,-22.059625],[-47.630755,-22.061693],[-47.642422,-22.061474],[-47.650178,-22.055663],[-47.656195,-22.040434],[-47.664726,-22.032697],[-47.663719,-22.026712],[-47.654738,-22.024792],[-47.652537,-22.021619],[-47.655339,-22.007341],[-47.659844,-22.004702],[-47.665833,-22.004372],[-47.670462,-22.005783],[-47.680348,-22.015452],[-47.693675,-22.03421],[-47.699418,-22.034552],[-47.713156,-22.030905],[-47.730512,-22.034949],[-47.744326,-22.035624],[-47.764017,-22.046794],[-47.766417,-22.058524],[-47.757733,-22.064417],[-47.747453,-22.066085],[-47.727,-22.066148],[-47.718206,-22.069908],[-47.704229,-22.068991],[-47.694358,-22.076043],[-47.682826,-22.072257],[-47.675942,-22.068408],[-47.665327,-22.070613],[-47.655957,-22.076409],[-47.655677,-22.082741],[-47.662175,-22.088847],[-47.67281,-22.09009],[-47.677761,-22.094078],[-47.680458,-22.100015],[-47.684635,-22.104518],[-47.693315,-22.110021],[-47.700973,-22.109617],[-47.705626,-22.111691],[-47.708603,-22.120326],[-47.714515,-22.127596],[-47.716468,-22.134404],[-47.721594,-22.137117],[-47.726372,-22.137286],[-47.728592,-22.135746],[-47.729884,-22.132614],[-47.728389,-22.127157],[-47.730389,-22.123521],[-47.734839,-22.121922],[-47.743983,-22.121816],[-47.749629,-22.115519],[-47.75617,-22.119535],[-47.758746,-22.119472],[-47.760773,-22.117696],[-47.76185,-22.113211],[-47.764446,-22.111696],[-47.771664,-22.113653],[-47.780839,-22.110813],[-47.788649,-22.114702],[-47.798771,-22.1169],[-47.810171,-22.116004],[-47.814052,-22.113971],[-47.818695,-22.107436],[-47.816337,-22.101808],[-47.810135,-22.096707],[-47.809317,-22.090619],[-47.810334,-22.086371],[-47.81558,-22.080789],[-47.815684,-22.072777],[-47.80921,-22.067561],[-47.806102,-22.06079],[-47.794968,-22.053684],[-47.793015,-22.05038],[-47.794311,-22.047409],[-47.798638,-22.046001],[-47.801688,-22.042923],[-47.816529,-22.038412],[-47.818641,-22.035653],[-47.815164,-22.001951],[-47.812848,-21.999822],[-47.805043,-22.000522],[-47.801451,-21.998377],[-47.800152,-21.994436],[-47.800932,-21.987436],[-47.806339,-21.982715],[-47.806716,-21.97522],[-47.81275,-21.972805],[-47.815081,-21.967054],[-47.821703,-21.963887],[-47.821952,-21.958591],[-47.823465,-21.956478],[-47.83394,-21.954759],[-47.836477,-21.95646],[-47.838853,-21.961227],[-47.841663,-21.962144],[-47.84635,-21.95985],[-47.846877,-21.956891],[-47.838684,-21.945999],[-47.830079,-21.941146],[-47.826911,-21.9414],[-47.823614,-21.946342],[-47.8123,-21.952158],[-47.809489,-21.950442],[-47.808099,-21.945823],[-47.800855,-21.939388],[-47.785376,-21.937994],[-47.78012,-21.935392],[-47.77506,-21.937714],[-47.772249,-21.943424],[-47.766289,-21.94581],[-47.763918,-21.951275],[-47.752935,-21.95331],[-47.750001,-21.949904],[-47.753841,-21.942185],[-47.752296,-21.938705],[-47.747289,-21.938541],[-47.741895,-21.941629],[-47.738856,-21.941681],[-47.729034,-21.924739],[-47.725716,-21.923726],[-47.719866,-21.92506],[-47.713071,-21.920112],[-47.704267,-21.920963],[-47.698911,-21.918974],[-47.697896,-21.915971],[-47.701085,-21.907998],[-47.702641,-21.898276],[-47.709364,-21.892295],[-47.707649,-21.884425],[-47.70956,-21.882836],[-47.71461,-21.882316],[-47.71741,-21.879131],[-47.716399,-21.875894],[-47.710479,-21.873569],[-47.708734,-21.871287],[-47.711717,-21.8617],[-47.715739,-21.859891],[-47.726951,-21.863798],[-47.729628,-21.863084],[-47.731108,-21.86076],[-47.730074,-21.849995],[-47.727048,-21.840674],[-47.723989,-21.838441],[-47.71552,-21.838643],[-47.713235,-21.837395],[-47.711475,-21.825066],[-47.714153,-21.822035],[-47.725656,-21.81756],[-47.728554,-21.813629],[-47.731677,-21.812898],[-47.737191,-21.814795],[-47.742779,-21.819265],[-47.747847,-21.82527],[-47.750329,-21.832524],[-47.761712,-21.831042],[-47.764247,-21.829066],[-47.765098,-21.823675],[-47.762299,-21.814825],[-47.769876,-21.807725],[-47.774039,-21.80734],[-47.776988,-21.810772],[-47.780925,-21.811914],[-47.790579,-21.807618],[-47.794926,-21.803622],[-47.798177,-21.80342],[-47.800426,-21.805854],[-47.80051,-21.810187],[-47.797681,-21.817206],[-47.796297,-21.828751],[-47.789273,-21.840247],[-47.781443,-21.842903],[-47.777225,-21.847792],[-47.775325,-21.852776],[-47.770443,-21.857031],[-47.771384,-21.859902],[-47.777146,-21.862502],[-47.783096,-21.868486],[-47.788537,-21.881147],[-47.799537,-21.881708],[-47.808548,-21.887114],[-47.808739,-21.894261],[-47.81019,-21.896303],[-47.812662,-21.896957],[-47.819423,-21.89523],[-47.825593,-21.902672],[-47.833385,-21.90532],[-47.839386,-21.900823],[-47.846906,-21.900774],[-47.8494,-21.898917],[-47.84796,-21.892384],[-47.849685,-21.886384],[-47.845934,-21.878584],[-47.846335,-21.875987],[-47.848753,-21.874037],[-47.854977,-21.874756],[-47.861977,-21.880748],[-47.867175,-21.878254],[-47.877174,-21.876432],[-47.884886,-21.887258],[-47.887582,-21.887793],[-47.893265,-21.885539],[-47.894314,-21.88295],[-47.891326,-21.87656],[-47.891546,-21.869578],[-47.886849,-21.865053],[-47.88587,-21.860586],[-47.890976,-21.857037],[-47.893004,-21.851702],[-47.899981,-21.849262],[-47.898485,-21.840489],[-47.902418,-21.836981],[-47.910017,-21.823467],[-47.917452,-21.821667],[-47.921328,-21.817785],[-47.920462,-21.810951],[-47.9237,-21.805639],[-47.922842,-21.803053],[-47.91513,-21.796174],[-47.907669,-21.796262],[-47.905423,-21.795001],[-47.90329,-21.789205],[-47.904225,-21.784048],[-47.907327,-21.781365],[-47.910751,-21.781102],[-47.915536,-21.78568],[-47.920832,-21.786362],[-47.924437,-21.790098],[-47.927241,-21.790679],[-47.930328,-21.787532],[-47.928119,-21.780126],[-47.919744,-21.775121],[-47.908179,-21.771269],[-47.901549,-21.765731],[-47.888571,-21.767137],[-47.88266,-21.770845],[-47.879798,-21.775273],[-47.88089,-21.781187],[-47.879127,-21.787063],[-47.887941,-21.802277],[-47.889189,-21.811091],[-47.883987,-21.815561],[-47.883507,-21.822573],[-47.877559,-21.824882],[-47.874345,-21.831156],[-47.867147,-21.833002],[-47.864651,-21.844814],[-47.862156,-21.847502],[-47.858924,-21.847832],[-47.852264,-21.840144],[-47.851472,-21.835769],[-47.848106,-21.830518],[-47.841481,-21.828011],[-47.840044,-21.822203],[-47.834723,-21.818257],[-47.834922,-21.814577],[-47.838679,-21.810639],[-47.839452,-21.806915],[-47.838264,-21.804385],[-47.832453,-21.800818],[-47.834083,-21.79382],[-47.833195,-21.788554],[-47.826798,-21.78465],[-47.811391,-21.784511],[-47.806801,-21.78265],[-47.801771,-21.783564],[-47.795324,-21.779311],[-47.792594,-21.773263],[-47.786025,-21.770723],[-47.780444,-21.761677],[-47.775412,-21.758415],[-47.775689,-21.755144],[-47.779888,-21.750677],[-47.779091,-21.743603],[-47.782248,-21.741232],[-47.79074,-21.74155],[-47.793262,-21.735167],[-47.796746,-21.733439],[-47.803566,-21.736002],[-47.80362,-21.746602],[-47.805429,-21.749082],[-47.819363,-21.748792],[-47.820594,-21.746088],[-47.818848,-21.739839],[-47.820607,-21.73371],[-47.810459,-21.726532],[-47.807717,-21.722787],[-47.811246,-21.710009],[-47.825468,-21.697785],[-47.829036,-21.698854],[-47.833875,-21.705818],[-47.837622,-21.705926],[-47.845372,-21.692416],[-47.841977,-21.680196],[-47.83432,-21.67262],[-47.833744,-21.663177],[-47.830665,-21.658821],[-47.830283,-21.654312],[-47.826643,-21.650752],[-47.825016,-21.64616],[-47.820138,-21.642436],[-47.822034,-21.637215],[-47.833299,-21.635601],[-47.837201,-21.631459],[-47.846348,-21.627972],[-47.854529,-21.630875],[-47.863068,-21.630292],[-47.869627,-21.631876],[-47.87487,-21.627878],[-47.884318,-21.624894],[-47.890325,-21.624699],[-47.897662,-21.626825],[-47.917286,-21.619013],[-47.922804,-21.614419],[-47.931727,-21.61548],[-47.935547,-21.611561],[-47.944247,-21.609885],[-47.953321,-21.603745],[-47.956322,-21.604053],[-47.960122,-21.607388],[-47.963094,-21.607056],[-47.970473,-21.602359],[-47.970837,-21.59678],[-47.97737,-21.583317],[-47.986963,-21.580582],[-47.990543,-21.565155],[-47.996475,-21.560082],[-48.0051,-21.555906],[-48.005841,-21.552551],[-48.004197,-21.54425],[-48.007684,-21.538722],[-48.006788,-21.535595],[-47.998814,-21.533611],[-47.992971,-21.541519],[-47.987941,-21.542544],[-47.97889,-21.541514],[-47.975956,-21.542972],[-47.973591,-21.547605],[-47.96881,-21.550922],[-47.966467,-21.559999],[-47.962752,-21.565109],[-47.962641,-21.570418],[-47.957565,-21.575274],[-47.958348,-21.582493],[-47.955917,-21.585319],[-47.951681,-21.584607],[-47.948092,-21.578214],[-47.94091,-21.575429],[-47.932989,-21.565973],[-47.921665,-21.561287],[-47.9192,-21.562861],[-47.916956,-21.568387],[-47.910972,-21.572509],[-47.901257,-21.569801],[-47.890865,-21.572896],[-47.883152,-21.571672],[-47.876895,-21.574339],[-47.871617,-21.572959],[-47.865737,-21.57724],[-47.857306,-21.577631],[-47.850616,-21.584179],[-47.846558,-21.585924],[-47.841523,-21.585974],[-47.836346,-21.591891],[-47.829224,-21.594242],[-47.818332,-21.613143],[-47.814603,-21.613308],[-47.807411,-21.608217],[-47.803995,-21.608845],[-47.801589,-21.618825],[-47.798765,-21.622135],[-47.789288,-21.623023],[-47.772341,-21.616443],[-47.766354,-21.618695],[-47.765276,-21.621353],[-47.767083,-21.624162],[-47.797069,-21.633968],[-47.801406,-21.63764],[-47.802116,-21.644137],[-47.796308,-21.652217],[-47.786808,-21.652404],[-47.783238,-21.653947],[-47.78211,-21.656789],[-47.783813,-21.662895],[-47.777524,-21.669401],[-47.774095,-21.669278],[-47.764474,-21.661038],[-47.757587,-21.657745],[-47.746958,-21.657879],[-47.741431,-21.666152],[-47.742038,-21.669845],[-47.74598,-21.674061],[-47.745776,-21.680312],[-47.73349,-21.693568],[-47.730833,-21.699259],[-47.73333,-21.708827],[-47.73308,-21.724358],[-47.739199,-21.733604],[-47.742078,-21.747646],[-47.746337,-21.759147],[-47.750798,-21.765533],[-47.750976,-21.773852],[-47.744287,-21.790288],[-47.746698,-21.798589],[-47.744315,-21.801861],[-47.73906,-21.801314],[-47.729982,-21.797464],[-47.717599,-21.796944],[-47.710174,-21.792705],[-47.70366,-21.776643],[-47.696569,-21.767765],[-47.695455,-21.760554],[-47.691425,-21.752567],[-47.681613,-21.746941],[-47.678464,-21.742877],[-47.677411,-21.737209],[-47.679681,-21.731315],[-47.677713,-21.722764],[-47.679475,-21.717116],[-47.68229,-21.714736],[-47.686626,-21.714456],[-47.691459,-21.712041],[-47.694033,-21.708597],[-47.693027,-21.706215],[-47.688074,-21.7036],[-47.686455,-21.701093],[-47.687404,-21.688261],[-47.692261,-21.679238],[-47.692534,-21.675411],[-47.686141,-21.666449],[-47.6867,-21.659672],[-47.683486,-21.655308],[-47.681777,-21.648902],[-47.6848,-21.638399],[-47.680499,-21.634691],[-47.670011,-21.637541],[-47.669355,-21.642093],[-47.67137,-21.64866],[-47.668441,-21.654289],[-47.665422,-21.65435],[-47.657468,-21.649907],[-47.653106,-21.652001],[-47.650236,-21.65707],[-47.646293,-21.659799],[-47.622164,-21.660754],[-47.612253,-21.662833],[-47.603955,-21.659275],[-47.594076,-21.660831],[-47.591329,-21.659949],[-47.589322,-21.657458],[-47.588168,-21.648586],[-47.582652,-21.640698],[-47.571873,-21.639504],[-47.555578,-21.642825],[-47.552426,-21.64081],[-47.549733,-21.63505],[-47.547332,-21.633952],[-47.544602,-21.634752],[-47.542494,-21.639029],[-47.539276,-21.641497],[-47.522424,-21.647704],[-47.507011,-21.647876],[-47.49935,-21.650805],[-47.480509,-21.653143],[-47.475466,-21.650648],[-47.472244,-21.650694],[-47.470355,-21.652341],[-47.468209,-21.659504],[-47.456337,-21.66397],[-47.452608,-21.667592],[-47.446502,-21.676949],[-47.446234,-21.680137],[-47.448126,-21.6825],[-47.452491,-21.682376],[-47.457066,-21.676213],[-47.460919,-21.674027],[-47.466483,-21.674239],[-47.472141,-21.677305],[-47.482646,-21.676105],[-47.495268,-21.681083],[-47.513009,-21.67044],[-47.518162,-21.670217],[-47.524144,-21.672241],[-47.528675,-21.671328],[-47.531566,-21.673448],[-47.530356,-21.679099],[-47.524525,-21.681321],[-47.522689,-21.683524],[-47.522979,-21.685982],[-47.527281,-21.691295],[-47.525374,-21.695499],[-47.526449,-21.700523],[-47.52105,-21.711834],[-47.520725,-21.716237],[-47.517633,-21.718387],[-47.510342,-21.717098],[-47.505958,-21.721915],[-47.504874,-21.726391],[-47.505859,-21.729231],[-47.515599,-21.734128],[-47.512726,-21.741206],[-47.508513,-21.742041],[-47.501681,-21.738973],[-47.493751,-21.730352],[-47.490595,-21.718732],[-47.487066,-21.716537],[-47.479374,-21.718088],[-47.474207,-21.721521],[-47.460937,-21.720604],[-47.458461,-21.721594],[-47.457564,-21.72529],[-47.462573,-21.735459],[-47.456053,-21.744948],[-47.451928,-21.744584],[-47.448133,-21.738975],[-47.442119,-21.737993],[-47.4389,-21.739142],[-47.436062,-21.743353],[-47.432773,-21.743569],[-47.430718,-21.74164],[-47.428657,-21.734072],[-47.424896,-21.73029],[-47.420377,-21.729691],[-47.411357,-21.731849],[-47.408669,-21.730816],[-47.406499,-21.712967],[-47.385755,-21.693368],[-47.374704,-21.69056],[-47.369048,-21.69726],[-47.371204,-21.720478],[-47.364636,-21.723469],[-47.355568,-21.720893],[-47.352135,-21.724792],[-47.35297,-21.731684],[-47.367195,-21.75245],[-47.368166,-21.757322],[-47.366631,-21.762187],[-47.335874,-21.775188],[-47.319887,-21.775621],[-47.3084,-21.769702],[-47.293008,-21.758106],[-47.288214,-21.74897],[-47.283396,-21.744899],[-47.280315,-21.739396],[-47.284807,-21.73462],[-47.294955,-21.732026],[-47.298372,-21.72777],[-47.310169,-21.72694],[-47.318286,-21.722008],[-47.323295,-21.713832],[-47.326428,-21.696362],[-47.332235,-21.684197],[-47.332389,-21.680954],[-47.327484,-21.677998],[-47.318494,-21.678043],[-47.314266,-21.679995],[-47.302854,-21.690258],[-47.296427,-21.691459],[-47.293558,-21.689923],[-47.29097,-21.683709],[-47.290759,-21.677226],[-47.292415,-21.673089],[-47.296077,-21.670381],[-47.304069,-21.671895],[-47.310759,-21.670388],[-47.317357,-21.663301],[-47.317802,-21.65984],[-47.305792,-21.65393],[-47.276984,-21.630678],[-47.272713,-21.621169],[-47.26492,-21.610678],[-47.264586,-21.60176],[-47.263114,-21.599441],[-47.255756,-21.595998],[-47.250186,-21.595925],[-47.245592,-21.598054],[-47.242009,-21.604042],[-47.237181,-21.602949],[-47.234653,-21.595397],[-47.227732,-21.587398],[-47.226259,-21.582061],[-47.234937,-21.569571],[-47.23806,-21.559195],[-47.244215,-21.553898],[-47.260029,-21.554162],[-47.261844,-21.560395],[-47.268698,-21.566069],[-47.269007,-21.574819],[-47.270807,-21.578387],[-47.275861,-21.580869],[-47.281402,-21.580778],[-47.283422,-21.583102],[-47.282702,-21.589762],[-47.284986,-21.593767],[-47.285061,-21.597293],[-47.28276,-21.59928],[-47.274027,-21.600993],[-47.273065,-21.603865],[-47.274304,-21.607006],[-47.280233,-21.610231],[-47.285243,-21.618727],[-47.287699,-21.619214],[-47.29372,-21.616974],[-47.30419,-21.619759],[-47.308628,-21.628785],[-47.31201,-21.628629],[-47.31632,-21.625791],[-47.323796,-21.627263],[-47.326954,-21.619803],[-47.330586,-21.616606],[-47.33132,-21.611864],[-47.334244,-21.607986],[-47.338642,-21.596374],[-47.339417,-21.588607],[-47.33737,-21.576732],[-47.348526,-21.569658],[-47.348527,-21.560009],[-47.343175,-21.554605],[-47.343173,-21.548528],[-47.340357,-21.546167],[-47.330766,-21.542618],[-47.325373,-21.545629],[-47.316362,-21.546783],[-47.313998,-21.545911],[-47.312443,-21.53959],[-47.315325,-21.532526],[-47.313013,-21.530398],[-47.30761,-21.52956],[-47.306149,-21.526196],[-47.30768,-21.523897],[-47.314073,-21.520836],[-47.324154,-21.518267],[-47.325184,-21.515602],[-47.323662,-21.509505],[-47.325328,-21.507016],[-47.336969,-21.50761],[-47.339778,-21.506242],[-47.340463,-21.503349],[-47.338042,-21.498718],[-47.339888,-21.494438],[-47.339849,-21.489116],[-47.351779,-21.484277],[-47.35174,-21.477481],[-47.356041,-21.473893],[-47.357952,-21.467474],[-47.363074,-21.463509],[-47.36427,-21.456491],[-47.368742,-21.455997],[-47.377698,-21.463364],[-47.382401,-21.477306],[-47.388074,-21.484376],[-47.402381,-21.493687],[-47.407971,-21.494428],[-47.41153,-21.493149],[-47.415749,-21.489718],[-47.419637,-21.481672],[-47.421595,-21.464054],[-47.425098,-21.450308],[-47.418221,-21.44147],[-47.415932,-21.432701],[-47.416672,-21.425794],[-47.420519,-21.423947],[-47.430921,-21.426977],[-47.434566,-21.425872],[-47.436917,-21.420961],[-47.437691,-21.407489],[-47.440522,-21.400348],[-47.4449,-21.397065],[-47.452235,-21.39503],[-47.46299,-21.386606],[-47.471981,-21.382972],[-47.478848,-21.378196],[-47.4822,-21.373149],[-47.488238,-21.373358],[-47.495524,-21.378864],[-47.512275,-21.383973],[-47.522942,-21.4015],[-47.528781,-21.403954],[-47.535378,-21.402652],[-47.538101,-21.404873],[-47.537963,-21.407901],[-47.532549,-21.415744],[-47.534058,-21.425837],[-47.532299,-21.433388],[-47.529339,-21.436303],[-47.52425,-21.437819],[-47.518301,-21.43674],[-47.506964,-21.438824],[-47.506095,-21.442084],[-47.510003,-21.448932],[-47.505066,-21.454501],[-47.504472,-21.458697],[-47.507507,-21.463234],[-47.516033,-21.469058],[-47.515498,-21.471875],[-47.510609,-21.476787],[-47.508989,-21.484371],[-47.510076,-21.487188],[-47.51841,-21.489648],[-47.534528,-21.487745],[-47.544412,-21.48318],[-47.548944,-21.477276],[-47.553513,-21.474242],[-47.559564,-21.472087],[-47.562536,-21.463876],[-47.570553,-21.457509],[-47.573061,-21.447852],[-47.567592,-21.442006],[-47.567616,-21.437315],[-47.590023,-21.42336],[-47.598654,-21.403456],[-47.604765,-21.396096],[-47.605541,-21.38954],[-47.61145,-21.385262],[-47.611081,-21.37134],[-47.606221,-21.368245],[-47.590967,-21.367268],[-47.582846,-21.371264],[-47.576557,-21.378803],[-47.571088,-21.377935],[-47.565773,-21.374863],[-47.558721,-21.378522],[-47.546864,-21.380688],[-47.533231,-21.3785],[-47.526834,-21.375452],[-47.520495,-21.362615],[-47.524537,-21.343569],[-47.517805,-21.321143],[-47.518831,-21.313462],[-47.515637,-21.309799],[-47.51142,-21.309029],[-47.504212,-21.311607],[-47.494949,-21.303403],[-47.485551,-21.300726],[-47.474769,-21.310841],[-47.47037,-21.318246],[-47.469167,-21.328834],[-47.466465,-21.330221],[-47.462207,-21.329986],[-47.45838,-21.333484],[-47.455483,-21.333958],[-47.451292,-21.331844],[-47.449178,-21.322672],[-47.44062,-21.318371],[-47.43432,-21.311595],[-47.431869,-21.306081],[-47.433556,-21.299697],[-47.432267,-21.295471],[-47.424596,-21.292371],[-47.415268,-21.295612],[-47.411896,-21.2945],[-47.411088,-21.291209],[-47.417152,-21.284069],[-47.417534,-21.281218],[-47.415429,-21.279043],[-47.409754,-21.278421],[-47.40719,-21.276266],[-47.409295,-21.264532],[-47.407499,-21.258124],[-47.40252,-21.257047],[-47.392862,-21.258288],[-47.3894,-21.256412],[-47.38789,-21.2385],[-47.38904,-21.233975],[-47.397252,-21.222179],[-47.403494,-21.220298],[-47.406067,-21.221732],[-47.40796,-21.227667],[-47.410144,-21.229378],[-47.430497,-21.228714],[-47.43274,-21.230773],[-47.433685,-21.236348],[-47.437133,-21.241167],[-47.447039,-21.244114],[-47.450194,-21.240946],[-47.448603,-21.236586],[-47.449947,-21.230856],[-47.44845,-21.222631],[-47.442244,-21.218076],[-47.42547,-21.19637],[-47.417856,-21.195593],[-47.411696,-21.19904],[-47.406312,-21.199136],[-47.404127,-21.196854],[-47.404104,-21.190173],[-47.394095,-21.187276],[-47.392936,-21.179357],[-47.389885,-21.17859],[-47.384934,-21.180841],[-47.382118,-21.179597],[-47.380516,-21.16881],[-47.375778,-21.16599],[-47.372389,-21.161797],[-47.374828,-21.149132],[-47.361037,-21.142433],[-47.359262,-21.12593],[-47.351197,-21.122538],[-47.3414,-21.114925],[-47.336929,-21.115502],[-47.332778,-21.119638],[-47.333602,-21.124815],[-47.339893,-21.135893],[-47.337619,-21.140016],[-47.332148,-21.144076],[-47.331063,-21.147539],[-47.334376,-21.150447],[-47.34504,-21.14885],[-47.346735,-21.150759],[-47.346479,-21.154629],[-47.335245,-21.16096],[-47.329893,-21.16221],[-47.327317,-21.161895],[-47.321489,-21.157479],[-47.318697,-21.158283],[-47.317395,-21.160585],[-47.3241,-21.176931],[-47.33682,-21.182793],[-47.337267,-21.186883],[-47.335632,-21.189205],[-47.322384,-21.192167],[-47.316271,-21.188663],[-47.299098,-21.187537],[-47.291724,-21.189655],[-47.281211,-21.195513],[-47.277971,-21.192477],[-47.280375,-21.184849],[-47.279604,-21.182193],[-47.264448,-21.174836],[-47.259228,-21.174563],[-47.255021,-21.176218],[-47.246685,-21.185814],[-47.23774,-21.185084],[-47.2329,-21.17986],[-47.230549,-21.179159],[-47.227851,-21.180365],[-47.224796,-21.185628],[-47.220386,-21.186585],[-47.213288,-21.183418],[-47.209413,-21.175827],[-47.205805,-21.174526],[-47.201815,-21.178341],[-47.197863,-21.189696],[-47.198765,-21.193515],[-47.202006,-21.19682],[-47.201731,-21.199772],[-47.187479,-21.20609],[-47.185514,-21.209185],[-47.186817,-21.211814],[-47.189834,-21.21261],[-47.222605,-21.202161],[-47.249875,-21.197312],[-47.262889,-21.200314],[-47.273372,-21.208777],[-47.280171,-21.21121],[-47.283062,-21.21042],[-47.285856,-21.206643],[-47.298434,-21.200485],[-47.305369,-21.20123],[-47.307575,-21.20766],[-47.312687,-21.211363],[-47.315249,-21.210936],[-47.319617,-21.206593],[-47.324657,-21.204296],[-47.33166,-21.20399],[-47.336154,-21.207002],[-47.340855,-21.213725],[-47.34042,-21.218035],[-47.335603,-21.225062],[-47.336002,-21.230372],[-47.339013,-21.234077],[-47.339887,-21.239339],[-47.338655,-21.245831],[-47.333898,-21.255975],[-47.335589,-21.265636],[-47.340198,-21.269212],[-47.346616,-21.268747],[-47.360341,-21.259066],[-47.364378,-21.254647],[-47.368213,-21.253705],[-47.371319,-21.254895],[-47.373808,-21.260589],[-47.370188,-21.268137],[-47.361025,-21.277116],[-47.357241,-21.283866],[-47.356423,-21.292355],[-47.359858,-21.303077],[-47.359162,-21.317094],[-47.346744,-21.32814],[-47.348224,-21.332067],[-47.362336,-21.343976],[-47.361102,-21.347754],[-47.353309,-21.351912],[-47.344891,-21.353066],[-47.328333,-21.34815],[-47.310453,-21.338646],[-47.303911,-21.329484],[-47.304919,-21.313492],[-47.302285,-21.307372],[-47.296871,-21.303817],[-47.283339,-21.305207],[-47.27754,-21.308055],[-47.27504,-21.30752],[-47.272911,-21.304202],[-47.271533,-21.28906],[-47.269946,-21.285466],[-47.265466,-21.281536],[-47.252866,-21.276998],[-47.245752,-21.276109],[-47.241386,-21.277135],[-47.235991,-21.280775],[-47.235259,-21.284039],[-47.240763,-21.292269],[-47.254042,-21.296127],[-47.262154,-21.304255],[-47.262673,-21.309777],[-47.260098,-21.315117],[-47.255061,-21.318936],[-47.247385,-21.319465],[-47.235529,-21.316866],[-47.220969,-21.322841],[-47.214414,-21.32278],[-47.212039,-21.317113],[-47.214699,-21.307076],[-47.213054,-21.290787],[-47.200634,-21.275725],[-47.193628,-21.262721],[-47.180871,-21.259859],[-47.168739,-21.248334],[-47.16588,-21.249138],[-47.164029,-21.252296],[-47.164404,-21.258277],[-47.174576,-21.266771],[-47.185876,-21.273327],[-47.190607,-21.280712],[-47.201762,-21.292556],[-47.205303,-21.298881],[-47.201028,-21.326193],[-47.198349,-21.329189],[-47.194158,-21.33084],[-47.183549,-21.328106],[-47.178829,-21.32439],[-47.173544,-21.315034],[-47.164718,-21.304701],[-47.148378,-21.295618],[-47.144653,-21.298172],[-47.145267,-21.306796],[-47.130654,-21.324797],[-47.126143,-21.325435],[-47.120154,-21.318973],[-47.10917,-21.314911],[-47.091255,-21.296671],[-47.090941,-21.293982],[-47.097749,-21.278087],[-47.097437,-21.267755],[-47.095651,-21.262017],[-47.087544,-21.249698],[-47.079562,-21.244581],[-47.077264,-21.240164],[-47.073266,-21.241927],[-47.063115,-21.239125],[-47.057379,-21.243014],[-47.057336,-21.243093]]],[[[-47.122105,-21.11268],[-47.123325,-21.10611],[-47.134291,-21.096291],[-47.139044,-21.093949],[-47.147055,-21.094072],[-47.153709,-21.097848],[-47.162622,-21.096192],[-47.172623,-21.098785],[-47.186264,-21.095208],[-47.191882,-21.090598],[-47.191149,-21.085553],[-47.18639,-21.080031],[-47.186654,-21.075909],[-47.193134,-21.070106],[-47.196707,-21.060689],[-47.202687,-21.055566],[-47.203114,-21.051555],[-47.201345,-21.047137],[-47.190016,-21.032933],[-47.189563,-21.02964],[-47.194667,-21.02271],[-47.205231,-21.019024],[-47.213999,-21.013361],[-47.215377,-21.006855],[-47.212513,-20.992273],[-47.215315,-20.988771],[-47.216493,-20.982636],[-47.223547,-20.981257],[-47.225305,-20.97805],[-47.220377,-20.969319],[-47.212216,-20.962506],[-47.209476,-20.957139],[-47.201085,-20.955112],[-47.194036,-20.949441],[-47.195925,-20.926872],[-47.189961,-20.928185],[-47.192551,-20.940805],[-47.187511,-20.948365],[-47.180806,-20.953891],[-47.173666,-20.95428],[-47.169035,-20.956153],[-47.167115,-20.963656],[-47.163877,-20.966496],[-47.159634,-20.96679],[-47.149774,-20.971826],[-47.143981,-20.982533],[-47.147072,-20.992462],[-47.150955,-20.997031],[-47.150724,-21.003664],[-47.153987,-21.008724],[-47.157168,-21.0186],[-47.1558,-21.022263],[-47.152536,-21.024435],[-47.147354,-21.037092],[-47.147294,-21.043424],[-47.148715,-21.045181],[-47.146671,-21.045349],[-47.145636,-21.048371],[-47.146197,-21.05944],[-47.138757,-21.069414],[-47.140806,-21.078884],[-47.14523,-21.088194],[-47.143548,-21.089876],[-47.141767,-21.088333],[-47.136825,-21.088074],[-47.136917,-21.090334],[-47.132984,-21.090312],[-47.12908,-21.094512],[-47.128404,-21.098585],[-47.123686,-21.101531],[-47.119288,-21.101199],[-47.117458,-21.103792],[-47.114675,-21.104466],[-47.11498,-21.10554],[-47.113167,-21.105017],[-47.112377,-21.108675],[-47.118864,-21.109024],[-47.121546,-21.112517],[-47.122105,-21.11268]]],[[[-47.183257,-20.748182],[-47.188824,-20.752567],[-47.192316,-20.762487],[-47.19438,-20.764502],[-47.2023,-20.766757],[-47.207111,-20.765516],[-47.217045,-20.759681],[-47.222316,-20.75429],[-47.221196,-20.738218],[-47.222871,-20.732942],[-47.227308,-20.726783],[-47.236825,-20.727224],[-47.238455,-20.724726],[-47.237787,-20.718394],[-47.244185,-20.714184],[-47.25045,-20.716195],[-47.259993,-20.7268],[-47.263825,-20.725515],[-47.265156,-20.71954],[-47.268139,-20.717134],[-47.271664,-20.718372],[-47.274933,-20.723475],[-47.278995,-20.723471],[-47.280901,-20.717904],[-47.278205,-20.712238],[-47.28152,-20.706372],[-47.289593,-20.698402],[-47.295055,-20.697797],[-47.300431,-20.700279],[-47.304574,-20.698461],[-47.305538,-20.695787],[-47.303443,-20.68571],[-47.309195,-20.681487],[-47.310309,-20.677411],[-47.306285,-20.664824],[-47.306974,-20.65943],[-47.304229,-20.650657],[-47.297381,-20.635051],[-47.295137,-20.633041],[-47.292539,-20.633101],[-47.285828,-20.636928],[-47.280566,-20.642747],[-47.273667,-20.645659],[-47.269487,-20.650084],[-47.262027,-20.652963],[-47.254907,-20.658246],[-47.236729,-20.658262],[-47.229647,-20.655409],[-47.224896,-20.650372],[-47.225309,-20.644484],[-47.223444,-20.638204],[-47.213693,-20.634012],[-47.208811,-20.629734],[-47.205674,-20.622253],[-47.194635,-20.611466],[-47.193142,-20.602564],[-47.196397,-20.594418],[-47.200351,-20.591226],[-47.209412,-20.590018],[-47.223766,-20.592078],[-47.232356,-20.595105],[-47.245581,-20.589482],[-47.26313,-20.588048],[-47.267834,-20.590087],[-47.271055,-20.593691],[-47.289371,-20.599705],[-47.294469,-20.5977],[-47.300084,-20.591214],[-47.306507,-20.580947],[-47.307602,-20.575693],[-47.313093,-20.572191],[-47.314038,-20.568547],[-47.310414,-20.556052],[-47.30787,-20.552171],[-47.308185,-20.544546],[-47.306615,-20.542086],[-47.301125,-20.542583],[-47.298776,-20.550159],[-47.291164,-20.552245],[-47.291535,-20.565627],[-47.289073,-20.570674],[-47.285119,-20.571379],[-47.279026,-20.562119],[-47.279776,-20.543622],[-47.276185,-20.541848],[-47.271823,-20.543796],[-47.269114,-20.543477],[-47.26674,-20.537169],[-47.261658,-20.532703],[-47.259231,-20.531955],[-47.252001,-20.533708],[-47.248944,-20.529582],[-47.244737,-20.527911],[-47.240709,-20.523248],[-47.237696,-20.523622],[-47.23417,-20.526459],[-47.228014,-20.52603],[-47.224844,-20.530235],[-47.218997,-20.533303],[-47.214649,-20.539048],[-47.213651,-20.543009],[-47.209934,-20.546795],[-47.214246,-20.555864],[-47.213665,-20.558411],[-47.211194,-20.5599],[-47.206029,-20.559303],[-47.201931,-20.555316],[-47.199899,-20.544287],[-47.197268,-20.541326],[-47.193218,-20.540737],[-47.187718,-20.543696],[-47.180759,-20.540238],[-47.174588,-20.542074],[-47.171471,-20.547117],[-47.16775,-20.547457],[-47.160316,-20.539956],[-47.162233,-20.532562],[-47.180657,-20.526394],[-47.186153,-20.529216],[-47.188698,-20.529001],[-47.194046,-20.524853],[-47.19549,-20.518085],[-47.199367,-20.516057],[-47.202967,-20.517193],[-47.207383,-20.52158],[-47.210575,-20.521612],[-47.215475,-20.512904],[-47.218666,-20.510197],[-47.221915,-20.510823],[-47.226275,-20.515759],[-47.229712,-20.515759],[-47.231781,-20.512915],[-47.232305,-20.502955],[-47.235177,-20.500839],[-47.246222,-20.501757],[-47.251906,-20.500038],[-47.258138,-20.505822],[-47.264146,-20.504526],[-47.271293,-20.507272],[-47.276889,-20.505537],[-47.283452,-20.511901],[-47.286152,-20.511417],[-47.29133,-20.507065],[-47.295585,-20.5071],[-47.298043,-20.509382],[-47.297835,-20.513995],[-47.299178,-20.515844],[-47.305554,-20.516071],[-47.309639,-20.518219],[-47.319783,-20.51264],[-47.328468,-20.51198],[-47.333191,-20.514369],[-47.338867,-20.51451],[-47.343048,-20.518977],[-47.346216,-20.518675],[-47.349744,-20.514277],[-47.355281,-20.51188],[-47.355328,-20.50634],[-47.360528,-20.499807],[-47.360948,-20.495795],[-47.355803,-20.48485],[-47.343949,-20.477136],[-47.343667,-20.47281],[-47.346194,-20.469737],[-47.35131,-20.468544],[-47.357415,-20.472288],[-47.366638,-20.482303],[-47.371327,-20.481707],[-47.373087,-20.471808],[-47.3673,-20.461441],[-47.361184,-20.457962],[-47.358321,-20.449427],[-47.361606,-20.446669],[-47.377881,-20.44711],[-47.379333,-20.444482],[-47.378412,-20.439304],[-47.383041,-20.435565],[-47.385422,-20.430472],[-47.380981,-20.422309],[-47.371414,-20.422163],[-47.364828,-20.425292],[-47.361062,-20.422442],[-47.363581,-20.416052],[-47.376529,-20.411592],[-47.379548,-20.407875],[-47.378002,-20.402652],[-47.373076,-20.398213],[-47.376769,-20.387792],[-47.380044,-20.386035],[-47.386746,-20.387076],[-47.390648,-20.392635],[-47.396397,-20.396174],[-47.404939,-20.396631],[-47.410589,-20.392308],[-47.407735,-20.385379],[-47.409649,-20.381491],[-47.412502,-20.381093],[-47.425036,-20.3849],[-47.431989,-20.384535],[-47.437194,-20.38192],[-47.440177,-20.377378],[-47.439227,-20.372449],[-47.428956,-20.367863],[-47.417757,-20.370702],[-47.411996,-20.368417],[-47.401477,-20.368358],[-47.398475,-20.366099],[-47.399426,-20.361932],[-47.408675,-20.358962],[-47.411682,-20.353518],[-47.418455,-20.350519],[-47.419753,-20.345921],[-47.415889,-20.336467],[-47.41182,-20.33644],[-47.40684,-20.340218],[-47.401797,-20.33627],[-47.402443,-20.332419],[-47.406342,-20.329359],[-47.407617,-20.319844],[-47.404103,-20.313994],[-47.405999,-20.306775],[-47.401537,-20.301451],[-47.399198,-20.299824],[-47.384629,-20.298925],[-47.378539,-20.293194],[-47.370343,-20.295119],[-47.367463,-20.29858],[-47.364371,-20.299575],[-47.358067,-20.293328],[-47.358671,-20.29051],[-47.362068,-20.287999],[-47.364519,-20.283001],[-47.365059,-20.276418],[-47.358209,-20.265885],[-47.35566,-20.257212],[-47.351409,-20.253899],[-47.350483,-20.249219],[-47.352127,-20.243719],[-47.358397,-20.239518],[-47.362951,-20.238849],[-47.365249,-20.240231],[-47.365226,-20.246578],[-47.367221,-20.248854],[-47.374462,-20.249157],[-47.378054,-20.24469],[-47.385243,-20.241976],[-47.38715,-20.233344],[-47.401951,-20.222219],[-47.413839,-20.229503],[-47.416918,-20.233612],[-47.42556,-20.238313],[-47.432549,-20.238583],[-47.437403,-20.243],[-47.444776,-20.242387],[-47.446474,-20.244773],[-47.447226,-20.251355],[-47.449584,-20.253234],[-47.45843,-20.252935],[-47.460135,-20.247074],[-47.463534,-20.243056],[-47.45925,-20.235775],[-47.461908,-20.23022],[-47.461164,-20.22496],[-47.452215,-20.222275],[-47.447073,-20.21754],[-47.439016,-20.205982],[-47.435998,-20.205693],[-47.4299,-20.208782],[-47.425993,-20.206537],[-47.423618,-20.198518],[-47.425041,-20.192764],[-47.422932,-20.190706],[-47.418722,-20.189941],[-47.417045,-20.187498],[-47.41514,-20.179522],[-47.415815,-20.173339],[-47.412248,-20.168772],[-47.414446,-20.16105],[-47.4137,-20.158558],[-47.407827,-20.156367],[-47.40601,-20.152013],[-47.403585,-20.150315],[-47.391003,-20.154261],[-47.387673,-20.153678],[-47.385806,-20.151578],[-47.384338,-20.143795],[-47.380221,-20.139666],[-47.374461,-20.138891],[-47.369709,-20.141831],[-47.369797,-20.147971],[-47.375958,-20.159979],[-47.367641,-20.182141],[-47.367252,-20.187373],[-47.370657,-20.197415],[-47.367299,-20.202359],[-47.359966,-20.202215],[-47.356129,-20.199029],[-47.353068,-20.193572],[-47.349266,-20.192813],[-47.342029,-20.200632],[-47.328667,-20.203115],[-47.324897,-20.214481],[-47.319883,-20.218672],[-47.315249,-20.217012],[-47.305865,-20.209229],[-47.298037,-20.195679],[-47.293547,-20.19259],[-47.287333,-20.194914],[-47.277487,-20.20541],[-47.279114,-20.209862],[-47.290818,-20.213607],[-47.306276,-20.227156],[-47.312926,-20.236713],[-47.317063,-20.246982],[-47.315434,-20.250318],[-47.309578,-20.254078],[-47.303628,-20.255198],[-47.297386,-20.253997],[-47.292411,-20.256844],[-47.289473,-20.256013],[-47.285892,-20.251633],[-47.280391,-20.251174],[-47.276356,-20.254301],[-47.271896,-20.261666],[-47.281565,-20.276871],[-47.284393,-20.277772],[-47.291704,-20.275838],[-47.296107,-20.278414],[-47.298225,-20.282065],[-47.297859,-20.289897],[-47.289207,-20.307822],[-47.29283,-20.320497],[-47.292582,-20.325705],[-47.290131,-20.328769],[-47.284665,-20.328635],[-47.285281,-20.333589],[-47.288053,-20.332064],[-47.288766,-20.334328],[-47.289841,-20.333888],[-47.291386,-20.336812],[-47.289436,-20.337544],[-47.293339,-20.339681],[-47.293368,-20.342958],[-47.298152,-20.348069],[-47.29534,-20.350536],[-47.297213,-20.351401],[-47.295327,-20.355245],[-47.296449,-20.357693],[-47.293146,-20.363122],[-47.295268,-20.368898],[-47.292572,-20.370502],[-47.294122,-20.371188],[-47.293212,-20.373294],[-47.295024,-20.374649],[-47.293516,-20.376278],[-47.294435,-20.377775],[-47.29266,-20.378947],[-47.294358,-20.380816],[-47.290714,-20.382972],[-47.293472,-20.385643],[-47.292059,-20.387994],[-47.289406,-20.386707],[-47.287031,-20.388196],[-47.289378,-20.391025],[-47.288017,-20.39353],[-47.291633,-20.39829],[-47.285327,-20.405155],[-47.286721,-20.409203],[-47.289047,-20.409013],[-47.287745,-20.416213],[-47.293711,-20.418346],[-47.28855,-20.420983],[-47.291154,-20.423121],[-47.292995,-20.422722],[-47.296125,-20.426766],[-47.292911,-20.427986],[-47.294427,-20.431772],[-47.28735,-20.434636],[-47.288317,-20.438912],[-47.286072,-20.441973],[-47.292651,-20.447671],[-47.283412,-20.455278],[-47.283753,-20.457107],[-47.278398,-20.458116],[-47.278954,-20.460477],[-47.271741,-20.462816],[-47.269294,-20.466725],[-47.265607,-20.466015],[-47.263814,-20.468089],[-47.258868,-20.46889],[-47.255217,-20.473248],[-47.255897,-20.474617],[-47.253287,-20.476435],[-47.253814,-20.477995],[-47.250153,-20.476892],[-47.246718,-20.480978],[-47.227538,-20.488245],[-47.226855,-20.49106],[-47.223479,-20.490948],[-47.219212,-20.494945],[-47.219429,-20.496556],[-47.212805,-20.498166],[-47.21142,-20.501966],[-47.204261,-20.503412],[-47.202043,-20.501834],[-47.191598,-20.506965],[-47.190752,-20.510527],[-47.186195,-20.510253],[-47.185234,-20.513616],[-47.182347,-20.512883],[-47.18084,-20.514202],[-47.179627,-20.513046],[-47.177584,-20.51507],[-47.176302,-20.514283],[-47.151856,-20.521451],[-47.149156,-20.528352],[-47.143206,-20.534817],[-47.145661,-20.54013],[-47.142002,-20.541046],[-47.142994,-20.543883],[-47.138877,-20.552085],[-47.137492,-20.56071],[-47.138801,-20.564268],[-47.142565,-20.565054],[-47.142384,-20.566219],[-47.13556,-20.578411],[-47.133909,-20.58801],[-47.131975,-20.589843],[-47.125185,-20.590876],[-47.122767,-20.594595],[-47.126223,-20.608187],[-47.123666,-20.612898],[-47.114554,-20.615972],[-47.108801,-20.62063],[-47.111908,-20.628027],[-47.110171,-20.631867],[-47.114352,-20.638212],[-47.107413,-20.638021],[-47.100366,-20.643126],[-47.096293,-20.644361],[-47.097896,-20.646722],[-47.095874,-20.654458],[-47.096631,-20.66093],[-47.102946,-20.670791],[-47.100041,-20.679667],[-47.102226,-20.682089],[-47.10738,-20.684112],[-47.106464,-20.688304],[-47.108856,-20.693693],[-47.111903,-20.695386],[-47.111049,-20.69961],[-47.114496,-20.706194],[-47.128624,-20.709602],[-47.134285,-20.706919],[-47.138993,-20.707911],[-47.145161,-20.705672],[-47.148431,-20.707524],[-47.154508,-20.703506],[-47.162845,-20.70357],[-47.164182,-20.700752],[-47.170035,-20.702008],[-47.171736,-20.709489],[-47.173966,-20.711193],[-47.169472,-20.71663],[-47.186322,-20.731047],[-47.182666,-20.734609],[-47.176466,-20.734955],[-47.173678,-20.738249],[-47.182217,-20.741081],[-47.182941,-20.747701],[-47.183257,-20.748182]]],[[[-47.28417,-20.328456],[-47.283836,-20.328335],[-47.283953,-20.32843],[-47.28417,-20.328456]]]]}}]}