{"type":"FeatureCollection","features":[{"type":"Feature","properties":{"NMUNCP":171,"NSEQNC":1060,"RazaoSocia":"COMPETRO COM","Termo_AR":"1175/2019","Atividade":"posto de serviCo"},"geometry":{"type":"Polygon","coordinates":[[[-48.409617,-23.489231],[-48.409822,-23.489749],[-48.40928,-23.48993],[-48.408762,-23.489407],[-48.409617,-23.489231]]]}},{"type":"Feature","properties":{"NMUNCP":177,"NSEQNC":67142,"RazaoSocia":"AUTO POSTO RIGOLETO DE ARABATUBA LTDA.","Termo_AR":"0125/2015","Atividade":"posto de serviOo"},"geometry":{"type":"Polygon","coordinates":[[[-50.434825,-21.201184],[-50.434281,-21.201738],[-50.433753,-21.201737],[-50.433788,-21.201218],[-50.434825,-21.201184]]]}},{"type":"Feature","properties":{"NMUNCP":177,"NSEQNC":70022,"RazaoSocia":"AUTO POSTO MANHATTAM DE ARAAATUBA LTDA.","Termo_AR":"0556/2016","Atividade":"posto de serviHo"},"geometry":{"type":"Polygon","coordinates":[[[-50.437318,-21.228857],[-50.436935,-21.228223],[-50.4379,-21.227684],[-50.438283,-21.228408],[-50.437318,-21.228857]]]}},{"type":"Feature","properties":{"NMUNCP":181,"NSEQNC":2256,"RazaoSocia":"AUTO POSTO DA VILA XAVIER LTDA.","Termo_AR":"0350/2016, 0360/2016","Atividade":"posto de servi0o"},"geometry":{"type":"Polygon","coordinates":[[[-48.167268,-21.785364],[-48.167185,-21.785661],[-48.16655,-21.785505],[-48.166623,-21.785218],[-48.167268,-21.785364]]]}},{"type":"Feature","properties":{"NMUNCP":181,"NSEQNC":9490,"RazaoSocia":"P-14 GdS STATION LTDA.","Termo_AR":"0909/2018","Atividade":"posto de serviOo"},"geometry":{"type":"Polygon","coordinates":[[[-48.188417,-21.791205],[-48.18854,-21.790846],[-48.189787,-21.790804],[-48.189601,-21.791469],[-48.188417,-21.791205]]]}},{"type":"Feature","properties":{"NMUNCP":181,"NSEQNC":10125,"RazaoSocia":"AUTO POSTO CEAEME LTDA.","Termo_AR":"0529/2016","Atividade":"posto de serviEo"},"geometry":{"type":"Polygon","coordinates":[[[-48.197651,-21.802952],[-48.198679,-21.80325],[-48.197845,-21.803895],[-48.197402,-21.803806],[-48.197651,-21.802952]]]}},{"type":"Feature","properties":{"NMUNCP":181,"NSEQNC":10229,"RazaoSocia":"PETROBReS DISTRIBUIDORA S/A","Termo_AR":" ","Atividade":"posto de serviRo"},"geometry":{"type":"Polygon","coordinates":[[[-48.175806,-21.786992],[-48.176259,-21.787095],[-48.176158,-21.787485],[-48.17569,-21.787391],[-48.175806,-21.786992]]]}},{"type":"Feature","properties":{"NMUNCP":181,"NSEQNC":11202,"RazaoSocia":"AUTO POSTO MARTINEZ ARARAQUARA LTDA.","Termo_AR":"0057/2014","Atividade":"posto de serviTo"},"geometry":{"type":"Polygon","coordinates":[[[-48.155095,-21.809608],[-48.154801,-21.809793],[-48.154128,-21.809131],[-48.154511,-21.808822],[-48.155095,-21.809608]]]}},{"type":"Feature","properties":{"NMUNCP":189,"NSEQNC":3475,"RazaoSocia":"AUTO POSTO ESTRELA DE ASSIS LTDA.","Termo_AR":" ","Atividade":"posto de serviRo"},"geometry":{"type":"Polygon","coordinates":[[[-50.417059,-22.66448],[-50.417058,-22.664887],[-50.415724,-22.664882],[-50.415726,-22.664475],[-50.417059,-22.66448]]]}},{"type":"Feature","properties":{"NMUNCP":209,"NSEQNC":6115,"RazaoSocia":"RAsZEN COMBUSTRVEIS S/A","Termo_AR":"0288/2015, 0343/2015","Atividade":"com8rcio"},"geometry":{"type":"Polygon","coordinates":[[[-49.04582,-22.315402],[-49.045485,-22.316419],[-49.043513,-22.315907],[-49.043816,-22.315026],[-49.04582,-22.315402]]]}},{"type":"Feature","properties":{"NMUNCP":210,"NSEQNC":1624,"RazaoSocia":"COOPERATIVA DE PRODUTORES RURAIS (COOPERCITRUS)","Termo_AR":" ","Atividade":"posto de servi o"},"geometry":{"type":"Polygon","coordinates":[[[-48.483306,-20.934668],[-48.483694,-20.934696],[-48.483549,-20.935138],[-48.483282,-20.935142],[-48.483306,-20.934668]]]}},{"type":"Feature","properties":{"NMUNCP":214,"NSEQNC":8676,"RazaoSocia":"AUTO POSTO CENTENORIO DE BIRIGUI LTDA.","Termo_AR":"0892/2017","Atividade":"posto de serviTo"},"geometry":{"type":"Polygon","coordinates":[[[-50.341744,-21.291837],[-50.341791,-21.292189],[-50.341087,-21.292295],[-50.34103,-21.291942],[-50.341744,-21.291837]]]}},{"type":"Feature","properties":{"NMUNCP":260,"NSEQNC":3795,"RazaoSocia":"IGNOTTI COMrRCIO DE COMBUSTRVEIS E LUBRIFICANTES LTDA.","Termo_AR":" ","Atividade":"posto de serviIo"},"geometry":{"type":"Polygon","coordinates":[[[-48.980849,-21.150724],[-48.981461,-21.150732],[-48.980338,-21.152011],[-48.979846,-21.151502],[-48.980849,-21.150724]]]}},{"type":"Feature","properties":{"NMUNCP":260,"NSEQNC":5170,"RazaoSocia":"AUTO POSTO PARQUE IRACEMA DE CATANDUVA LTDA.","Termo_AR":"0615/2016","Atividade":"posto de serviQo"},"geometry":{"type":"Polygon","coordinates":[[[-48.966022,-21.145812],[-48.965525,-21.145508],[-48.96632,-21.144407],[-48.966807,-21.144719],[-48.966022,-21.145812]]]}},{"type":"Feature","properties":{"NMUNCP":260,"NSEQNC":5216,"RazaoSocia":"SHEKYNAH COMvRCIO DE COMBUST VEIS LTDA.","Termo_AR":"0406/2016","Atividade":"posto de serviCo"},"geometry":{"type":"Polygon","coordinates":[[[-48.978047,-21.149496],[-48.977959,-21.149564],[-48.977009,-21.149123],[-48.977562,-21.148599],[-48.978047,-21.149496]]]}},{"type":"Feature","properties":{"NMUNCP":292,"NSEQNC":1817,"RazaoSocia":"AUTO POSTO IMPERIAL DE DRACENA LTDA.","Termo_AR":" ","Atividade":"posto de serviEo"},"geometry":{"type":"Polygon","coordinates":[[[-51.533663,-21.485409],[-51.533756,-21.485779],[-51.533248,-21.485909],[-51.533168,-21.48552],[-51.533663,-21.485409]]]}},{"type":"Feature","properties":{"NMUNCP":296,"NSEQNC":316,"RazaoSocia":"VASCONCELOS COSTA & CIA LTDA.","Termo_AR":"1152/2019","Atividade":"posto de serviSo"},"geometry":{"type":"Polygon","coordinates":[[[-48.108421,-24.526012],[-48.10816,-24.525932],[-48.108258,-24.524607],[-48.108626,-24.525598],[-48.108421,-24.526012]]]}},{"type":"Feature","properties":{"NMUNCP":304,"NSEQNC":1605,"RazaoSocia":"FERNANDePOLIS BELA VISTA AUTO POSTO LTDA.","Termo_AR":" ","Atividade":"posto de serviBo"},"geometry":{"type":"Polygon","coordinates":[[[-50.24726,-20.28013],[-50.247822,-20.280738],[-50.246904,-20.280508],[-50.24726,-20.28013]]]}},{"type":"Feature","properties":{"NMUNCP":304,"NSEQNC":2294,"RazaoSocia":"ANGELUCCI AUTO POSTO LTDA.","Termo_AR":"0980/2018","Atividade":"posto de servi o"},"geometry":{"type":"Polygon","coordinates":[[[-50.249995,-20.28101],[-50.250327,-20.281553],[-50.249684,-20.281885],[-50.249361,-20.281341],[-50.249995,-20.28101]]]}},{"type":"Feature","properties":{"NMUNCP":342,"NSEQNC":227,"RazaoSocia":"AUTO POSTO TERMAS DE IBIR. (NIVALDO DOMINGOS NEGRLO)","Termo_AR":"0387/2016","Atividade":"posto de serviMo"},"geometry":{"type":"Polygon","coordinates":[[[-49.184039,-21.10575],[-49.183658,-21.106225],[-49.183266,-21.105932],[-49.183648,-21.105466],[-49.184039,-21.10575]]]}},{"type":"Feature","properties":{"NMUNCP":367,"NSEQNC":388,"RazaoSocia":"AUTO POSTO HORMCIO LTDA.","Termo_AR":"0090/2014","Atividade":"posto de serviMo"},"geometry":{"type":"Polygon","coordinates":[[[-49.054458,-21.315949],[-49.05418,-21.316551],[-49.053423,-21.316244],[-49.053672,-21.315669],[-49.054458,-21.315949]]]}},{"type":"Feature","properties":{"NMUNCP":371,"NSEQNC":5771,"RazaoSocia":"AUTO POSTO CENTER PARK DE ITAPETININGA LTDA.","Termo_AR":"0974/2018","Atividade":"posto de serviTo"},"geometry":{"type":"Polygon","coordinates":[[[-48.041872,-23.596399],[-48.042394,-23.595859],[-48.043106,-23.596405],[-48.042923,-23.596708],[-48.041872,-23.596399]]]}},{"type":"Feature","properties":{"NMUNCP":390,"NSEQNC":138,"RazaoSocia":"AUTO POSTO IRMTOS DANIEL LTDA.","Termo_AR":"0010/2014","Atividade":"posto de serviTo"},"geometry":{"type":"Polygon","coordinates":[[[-48.415908,-20.686641],[-48.415783,-20.687245],[-48.415306,-20.687162],[-48.415343,-20.686954],[-48.415908,-20.686641]]]}},{"type":"Feature","properties":{"NMUNCP":396,"NSEQNC":1018,"RazaoSocia":"AUTO POSTO PUPIM LTDA.","Termo_AR":"0870/2017","Atividade":"posto de serviIo"},"geometry":{"type":"Polygon","coordinates":[[[-50.548623,-20.267555],[-50.547966,-20.268323],[-50.547507,-20.267981],[-50.548171,-20.267206],[-50.548623,-20.267555]]]}},{"type":"Feature","properties":{"NMUNCP":396,"NSEQNC":1037,"RazaoSocia":"POSTO ALVORADA LTDA.","Termo_AR":"0805/2017","Atividade":"posto de servi o"},"geometry":{"type":"Polygon","coordinates":[[[-50.545777,-20.266692],[-50.545041,-20.266121],[-50.545415,-20.265706],[-50.546132,-20.266268],[-50.545777,-20.266692]]]}},{"type":"Feature","properties":{"NMUNCP":396,"NSEQNC":1041,"RazaoSocia":"AUTO POSTO XINGU AVENIDA LTDA (ANTIGO COSTA E COSTA COM)","Termo_AR":"1154/2019","Atividade":"posto de serviGo"},"geometry":{"type":"Polygon","coordinates":[[[-50.542751,-20.263241],[-50.543325,-20.263568],[-50.543132,-20.263875],[-50.542568,-20.263476],[-50.542751,-20.263241]]]}},{"type":"Feature","properties":{"NMUNCP":495,"NSEQNC":4124,"RazaoSocia":"USINA SeO LUIZ S/A","Termo_AR":"1141/2019","Atividade":"posto de servi o"},"geometry":{"type":"Polygon","coordinates":[[[-49.7649,-22.938348],[-49.766665,-22.938266],[-49.766761,-22.939889],[-49.765409,-22.940092],[-49.7649,-22.938348]]]}},{"type":"Feature","properties":{"NMUNCP":543,"NSEQNC":890,"RazaoSocia":"POSTO SeO JOSi DE PITANGUEIRAS LTDA.","Termo_AR":"1234/2019","Atividade":"posto de servi o"},"geometry":{"type":"Polygon","coordinates":[[[-48.220373,-21.01032],[-48.219839,-21.010235],[-48.219897,-21.009675],[-48.220426,-21.00967],[-48.220373,-21.01032]]]}},{"type":"Feature","properties":{"NMUNCP":604,"NSEQNC":621,"RazaoSocia":"AUTO POSTO CENTRAL DE SANTA AD LIA LTDA. (ANTIGA FURLAN & FARIA LTDA.)","Termo_AR":"0316/2015","Atividade":"posto de serviTo"},"geometry":{"type":"Polygon","coordinates":[[[-48.809111,-21.245672],[-48.809049,-21.245961],[-48.80853,-21.245873],[-48.808582,-21.245584],[-48.809111,-21.245672]]]}},{"type":"Feature","properties":{"NMUNCP":614,"NSEQNC":1075,"RazaoSocia":"VALMIR MARIN & CIA LTDA.","Termo_AR":"0732/2017","Atividade":"posto de servi o"},"geometry":{"type":"Polygon","coordinates":[[[-50.926116,-20.190588],[-50.924867,-20.19096],[-50.924211,-20.1889],[-50.925434,-20.188549],[-50.926116,-20.190588]]]}},{"type":"Feature","properties":{"NMUNCP":647,"NSEQNC":11359,"RazaoSocia":"CONSTROESTE CONSTR. E PART. LTDA.","Termo_AR":" ","Atividade":"posto de serviNo"},"geometry":{"type":"Polygon","coordinates":[[[-49.337281,-20.792817],[-49.337272,-20.79372],[-49.336599,-20.793714],[-49.336609,-20.792811],[-49.337281,-20.792817]]]}},{"type":"Feature","properties":{"NMUNCP":647,"NSEQNC":11664,"RazaoSocia":"POSTO ITAMARATI - JAYA LTDA.","Termo_AR":"0303/2015","Atividade":"posto de serviIo"},"geometry":{"type":"Polygon","coordinates":[[[-49.370723,-20.78527],[-49.370648,-20.786046],[-49.369832,-20.785975],[-49.369908,-20.785199],[-49.370723,-20.78527]]]}},{"type":"Feature","properties":{"NMUNCP":647,"NSEQNC":12915,"RazaoSocia":"B. R. A. UNIVERSO POSTO DE COMBUST VEIS LTDA.","Termo_AR":"0172/2015","Atividade":"posto de serviRo"},"geometry":{"type":"Polygon","coordinates":[[[-49.370261,-20.785316],[-49.37075,-20.785341],[-49.370683,-20.786195],[-49.370181,-20.786189],[-49.370261,-20.785316]]]}},{"type":"Feature","properties":{"NMUNCP":647,"NSEQNC":13053,"RazaoSocia":"AUTO POSTO METRoPOLE RIO PRETO (AP GRAMADTO DE S O JOSN DO RIO PRETO)","Termo_AR":"0388/2016","Atividade":"posto de serviRo"},"geometry":{"type":"Polygon","coordinates":[[[-49.386818,-20.81637],[-49.386459,-20.816701],[-49.386107,-20.816363],[-49.386466,-20.816032],[-49.386818,-20.81637]]]}},{"type":"Feature","properties":{"NMUNCP":647,"NSEQNC":13424,"RazaoSocia":"POSTO ITAMARATI ANANDA LTDA.","Termo_AR":" ","Atividade":"posto de serviIo"},"geometry":{"type":"Polygon","coordinates":[[[-49.373715,-20.812633],[-49.373336,-20.812131],[-49.373638,-20.811933],[-49.374081,-20.812318],[-49.373715,-20.812633]]]}},{"type":"Feature","properties":{"NMUNCP":647,"NSEQNC":15434,"RazaoSocia":"VIA ROMA AUTO POSTO COMLRCIO DE COMBUSTAVEIS LTDA.","Termo_AR":"0018/2014","Atividade":"posto de serviPo"},"geometry":{"type":"Polygon","coordinates":[[[-49.341667,-20.846777],[-49.341886,-20.846942],[-49.341633,-20.847247],[-49.341404,-20.847073],[-49.341667,-20.846777]]]}},{"type":"Feature","properties":{"NMUNCP":647,"NSEQNC":18682,"RazaoSocia":"AUTO POSTO PALACE LTDA.","Termo_AR":"0621/2016","Atividade":"posto de serviAo"},"geometry":{"type":"Polygon","coordinates":[[[-49.402769,-20.798769],[-49.403131,-20.79907],[-49.402568,-20.799661],[-49.402215,-20.79936],[-49.402769,-20.798769]]]}},{"type":"Feature","properties":{"NMUNCP":647,"NSEQNC":18771,"RazaoSocia":"EXPRESSO ITAMARATI S/A","Termo_AR":"0827/2017","Atividade":"posto de serviRo"},"geometry":{"type":"Polygon","coordinates":[[[-49.39176,-20.820535],[-49.392626,-20.821329],[-49.391879,-20.822009],[-49.391032,-20.821224],[-49.39176,-20.820535]]]}},{"type":"Feature","properties":{"NMUNCP":647,"NSEQNC":20818,"RazaoSocia":"AUTO POSTO CANAo RIO PRETO LTDA.","Termo_AR":"0641/2016","Atividade":"posto de serviAo"},"geometry":{"type":"Polygon","coordinates":[[[-49.401304,-20.809216],[-49.401564,-20.810139],[-49.400836,-20.809889],[-49.400622,-20.809209],[-49.401304,-20.809216]]]}},{"type":"Feature","properties":{"NMUNCP":647,"NSEQNC":22531,"RazaoSocia":"AUTO POSTO DORAD","Termo_AR":" ","Atividade":"posto de serviAo"},"geometry":{"type":"Polygon","coordinates":[[[-49.395167,-20.790947],[-49.394866,-20.791197],[-49.394629,-20.790951],[-49.39492,-20.790692],[-49.395167,-20.790947]]]}},{"type":"Feature","properties":{"NMUNCP":674,"NSEQNC":87,"RazaoSocia":"D'ABRUZZO & FILHO LTDA.","Termo_AR":"0321/2015","Atividade":"posto de serviLo"},"geometry":{"type":"Polygon","coordinates":[[[-48.688433,-21.735611],[-48.68825,-21.736222],[-48.687855,-21.736136],[-48.688038,-21.735524],[-48.688433,-21.735611]]]}},{"type":"Feature","properties":{"NMUNCP":678,"NSEQNC":104,"RazaoSocia":"AUTO POSTO R. A. A. DE TAIAOU LTDA.","Termo_AR":" ","Atividade":"posto de serviAo"},"geometry":{"type":"Polygon","coordinates":[[[-48.5125,-21.143509],[-48.512553,-21.143623],[-48.512235,-21.143754],[-48.512178,-21.143627],[-48.5125,-21.143509]]]}},{"type":"Feature","properties":{"NMUNCP":681,"NSEQNC":1499,"RazaoSocia":"SERVICENTRO NOSSA SENHORA APARECIDA LTDA.","Termo_AR":"0103/2014","Atividade":"posto de serviSo"},"geometry":{"type":"Polygon","coordinates":[[[-49.638967,-20.649739],[-49.635959,-20.653428],[-49.635091,-20.652816],[-49.638099,-20.649117],[-49.638967,-20.649739]]]}},{"type":"Feature","properties":{"NMUNCP":684,"NSEQNC":250,"RazaoSocia":"AUTO POSTO ELDORADO DE TAQUARITINGA LTDA.","Termo_AR":" ","Atividade":"posto de serviOo"},"geometry":{"type":"Polygon","coordinates":[[[-48.497891,-21.407942],[-48.497286,-21.408384],[-48.49743,-21.407249],[-48.49783,-21.407535],[-48.497891,-21.407942]]]}},{"type":"Feature","properties":{"NMUNCP":718,"NSEQNC":4393,"RazaoSocia":"RODERO, OLIVEIRA & CIA. LTDA.","Termo_AR":"0798/2017","Atividade":"posto de serviRo"},"geometry":{"type":"Polygon","coordinates":[[[-49.97527,-20.42626],[-49.97523,-20.426476],[-49.974895,-20.426429],[-49.974925,-20.426212],[-49.97527,-20.42626]]]}},{"type":"Feature","properties":{"NMUNCP":726,"NSEQNC":481,"RazaoSocia":"NELSON ANTeNIO BERTOLLAZZI LTDA.","Termo_AR":"1186/2019","Atividade":"posto de servi o"},"geometry":{"type":"Polygon","coordinates":[[[-48.036554,-21.497584],[-48.038022,-21.497926],[-48.037782,-21.498833],[-48.036313,-21.498491],[-48.036554,-21.497584]]]}},{"type":"Feature","properties":{"NMUNCP":461,"NSEQNC":1944,"RazaoSocia":"POSTO TRIsNGULO MONTE ALTO LTDA.","Termo_AR":"1276/2019","Atividade":"posto de serviOo"},"geometry":{"type":"Polygon","coordinates":[[[-48.508655,-21.263955],[-48.508404,-21.26517],[-48.505384,-21.268331],[-48.507808,-21.265062],[-48.508655,-21.263955]]]}},{"type":"Feature","properties":{"NMUNCP":260,"NSEQNC":5856,"RazaoSocia":"FEITI O AUTO POSTO LTDA.","Termo_AR":"0410/2016","Atividade":"posto de serviOo"},"geometry":{"type":"Polygon","coordinates":[[[-48.968839,-21.131659],[-48.96908,-21.132076],[-48.968486,-21.132269],[-48.968334,-21.131761],[-48.968839,-21.131659]]]}},{"type":"Feature","properties":{"NMUNCP":292,"NSEQNC":1785,"RazaoSocia":"SOUZA E DELOVO LTDA.","Termo_AR":"0339/2015","Atividade":"posto de servi o"},"geometry":{"type":"Polygon","coordinates":[[[-51.528187,-21.482662],[-51.528921,-21.482659],[-51.528912,-21.482858],[-51.528178,-21.48286],[-51.528187,-21.482662]]]}},{"type":"Feature","properties":{"NMUNCP":322,"NSEQNC":617,"RazaoSocia":"AUTO POSTO AVENIDA DE GUAORA LTDA.","Termo_AR":" ","Atividade":"posto de serviNo"},"geometry":{"type":"Polygon","coordinates":[[[-48.322348,-20.32936],[-48.322261,-20.329088],[-48.322651,-20.329053],[-48.322693,-20.329262],[-48.322348,-20.32936]]]}},{"type":"Feature","properties":{"NMUNCP":375,"NSEQNC":180,"RazaoSocia":"GELSON ANTeNIO MANGINELLI","Termo_AR":"0278/2015","Atividade":"posto de servi o"},"geometry":{"type":"Polygon","coordinates":[[[-48.813425,-21.591097],[-48.813538,-21.591439],[-48.813192,-21.591539],[-48.813081,-21.591191],[-48.813425,-21.591097]]]}},{"type":"Feature","properties":{"NMUNCP":451,"NSEQNC":4514,"RazaoSocia":"DONINI STOP CAR AUTO POSTO LTDA.","Termo_AR":" ","Atividade":"posto de serviRo"},"geometry":{"type":"Polygon","coordinates":[[[-49.513445,-20.819475],[-49.51346,-20.819881],[-49.513171,-20.819897],[-49.513156,-20.81949],[-49.513445,-20.819475]]]}},{"type":"Feature","properties":{"NMUNCP":521,"NSEQNC":4088,"RazaoSocia":"AUTO POSTO GRANDE GUAPORE LTDA.","Termo_AR":"1007/2018","Atividade":"posto de serviNo"},"geometry":{"type":"Polygon","coordinates":[[[-50.083474,-21.423862],[-50.083312,-21.42413],[-50.082943,-21.423967],[-50.083142,-21.423677],[-50.083474,-21.423862]]]}},{"type":"Feature","properties":{"NMUNCP":647,"NSEQNC":12968,"RazaoSocia":"POSTO ITAMARATI VISUO FUTURO LTDA.","Termo_AR":"1121/2019","Atividade":"posto de serviIo"},"geometry":{"type":"Polygon","coordinates":[[[-49.386003,-20.779059],[-49.385353,-20.779159],[-49.384855,-20.778339],[-49.385472,-20.77828],[-49.386003,-20.779059]]]}},{"type":"Feature","properties":{"NMUNCP":647,"NSEQNC":22419,"RazaoSocia":"MARTINELI AUTO POSTO LTDA.","Termo_AR":" ","Atividade":"posto de servi o"},"geometry":{"type":"Polygon","coordinates":[[[-49.416422,-20.87108],[-49.416404,-20.872805],[-49.414944,-20.872792],[-49.414962,-20.871066],[-49.416422,-20.87108]]]}},{"type":"Feature","properties":{"NMUNCP":100,"NSEQNC":1732,"RazaoSocia":"METRo (LINHA 15 PRATA) (ESTA LO S.O LUCAS) (A T P M IND COM)","Termo_AR":"1115/2019","Atividade":"ind5stria"},"geometry":{"type":"Polygon","coordinates":[[[-46.544604,-23.588562],[-46.54483,-23.588616],[-46.544711,-23.589039],[-46.544485,-23.588985],[-46.544604,-23.588562]]]}},{"type":"Feature","properties":{"NMUNCP":100,"NSEQNC":69006,"RazaoSocia":"CONSTRUTORA PASSARELLI S/A","Termo_AR":" ","Atividade":"indSstria"},"geometry":{"type":"Polygon","coordinates":[[[-46.780074,-23.583089],[-46.783136,-23.582094],[-46.783556,-23.583352],[-46.780283,-23.583564],[-46.780074,-23.583089]]]}},{"type":"Feature","properties":{"NMUNCP":100,"NSEQNC":89349,"RazaoSocia":"ELETRISOL INDASTRIA E COMARCIO LTDA.","Termo_AR":"0196/2015","Atividade":"ind6stria"},"geometry":{"type":"Polygon","coordinates":[[[-46.689679,-23.669603],[-46.689497,-23.669966],[-46.688985,-23.669791],[-46.68907,-23.669501],[-46.689679,-23.669603]]]}},{"type":"Feature","properties":{"NMUNCP":100,"NSEQNC":191778,"RazaoSocia":"CONDOMrNIOS FIORE HORTCNCIA E FIORE GARDSNIA CLUBE (ANT MOQ STA CLARA)","Termo_AR":" ","Atividade":"indDstria"},"geometry":{"type":"Polygon","coordinates":[[[-46.563973,-23.578332],[-46.562873,-23.578522],[-46.562747,-23.577796],[-46.563853,-23.577588],[-46.563973,-23.578332]]]}},{"type":"Feature","properties":{"NMUNCP":100,"NSEQNC":200943,"RazaoSocia":"CONDOMrNIO AHEAD (MERIDIONAL S/A COM. E IND.) (AGRA INC. LTDA.)","Termo_AR":"1014/2018","Atividade":"ind4stria"},"geometry":{"type":"Polygon","coordinates":[[[-46.694972,-23.568475],[-46.693466,-23.568666],[-46.693359,-23.567621],[-46.694914,-23.567586],[-46.694972,-23.568475]]]}},{"type":"Feature","properties":{"NMUNCP":100,"NSEQNC":207302,"RazaoSocia":"METALtRGICA VENTISILVA LTDA.","Termo_AR":"0951/2018","Atividade":"ind1stria"},"geometry":{"type":"Polygon","coordinates":[[[-46.590942,-23.552834],[-46.589545,-23.552848],[-46.591548,-23.549854],[-46.59221,-23.550841],[-46.590942,-23.552834]]]}},{"type":"Feature","properties":{"NMUNCP":100,"NSEQNC":234846,"RazaoSocia":"PETROSERV COMERCIO DE DERIVADOS DE PETR LEO LTDA.","Termo_AR":"0334/2015","Atividade":"com4rcio"},"geometry":{"type":"Polygon","coordinates":[[[-46.601887,-23.62273],[-46.601902,-23.624158],[-46.601646,-23.624316],[-46.601086,-23.6238],[-46.601887,-23.62273]]]}},{"type":"Feature","properties":{"NMUNCP":100,"NSEQNC":295002,"RazaoSocia":"CONDOMiNIO VILA NOVA IPIRANGA (ESP 93/13 EMPR. IMOB. LTDA) (TRANSMESA)","Termo_AR":"0745/2017","Atividade":"ind5stria"},"geometry":{"type":"Polygon","coordinates":[[[-46.586075,-23.600394],[-46.585732,-23.601115],[-46.585199,-23.600896],[-46.585517,-23.600153],[-46.586075,-23.600394]]]}},{"type":"Feature","properties":{"NMUNCP":100,"NSEQNC":316961,"RazaoSocia":"AUTO POSTO HUMMER LTDA.","Termo_AR":"1155/2019","Atividade":"posto de serviMo"},"geometry":{"type":"Polygon","coordinates":[[[-46.549744,-23.541271],[-46.549965,-23.540917],[-46.55026,-23.541085],[-46.54999,-23.54144],[-46.549744,-23.541271]]]}},{"type":"Feature","properties":{"NMUNCP":100,"NSEQNC":320702,"RazaoSocia":"PLASTIRRICO INDoSTRIA E COMGRCIO LTDA.","Termo_AR":" ","Atividade":"indSstria"},"geometry":{"type":"Polygon","coordinates":[[[-46.743969,-23.533779],[-46.744592,-23.534232],[-46.744214,-23.53523],[-46.74359,-23.534713],[-46.743969,-23.533779]]]}},{"type":"Feature","properties":{"NMUNCP":100,"NSEQNC":326785,"RazaoSocia":"AUTO POSTO DANSA LTDA.","Termo_AR":"0614/2016","Atividade":"posto de serviSo"},"geometry":{"type":"Polygon","coordinates":[[[-46.632949,-23.56658],[-46.633366,-23.566964],[-46.633075,-23.567238],[-46.632659,-23.566854],[-46.632949,-23.56658]]]}},{"type":"Feature","properties":{"NMUNCP":100,"NSEQNC":326802,"RazaoSocia":"PIXINGUINHA AUTO POSTO LTDA.","Termo_AR":"1174/2019","Atividade":"posto de serviTo"},"geometry":{"type":"Polygon","coordinates":[[[-46.723057,-23.571929],[-46.72245,-23.572658],[-46.721718,-23.572151],[-46.722326,-23.571413],[-46.723057,-23.571929]]]}},{"type":"Feature","properties":{"NMUNCP":100,"NSEQNC":326840,"RazaoSocia":"POSTO DA SKINA LTDA.","Termo_AR":"0650/2017","Atividade":"posto de servi o"},"geometry":{"type":"Polygon","coordinates":[[[-46.668742,-23.5609],[-46.669516,-23.561641],[-46.669273,-23.561842],[-46.66851,-23.56111],[-46.668742,-23.5609]]]}},{"type":"Feature","properties":{"NMUNCP":100,"NSEQNC":327025,"RazaoSocia":"CENTER CAR AUTO POSTO LTDA.","Termo_AR":"0416/2016","Atividade":"posto de serviOo"},"geometry":{"type":"Polygon","coordinates":[[[-46.742909,-23.554397],[-46.7429,-23.553693],[-46.74398,-23.553888],[-46.743693,-23.554388],[-46.742909,-23.554397]]]}},{"type":"Feature","properties":{"NMUNCP":100,"NSEQNC":327030,"RazaoSocia":"AUTO POSTO MINA LTDA.","Termo_AR":" ","Atividade":"posto de serviAo"},"geometry":{"type":"Polygon","coordinates":[[[-46.742776,-23.576535],[-46.742346,-23.576875],[-46.74196,-23.576578],[-46.742257,-23.576194],[-46.742776,-23.576535]]]}},{"type":"Feature","properties":{"NMUNCP":100,"NSEQNC":327059,"RazaoSocia":"AUTO POSTO LUPPI LTDA.","Termo_AR":"0368/2016","Atividade":"posto de serviPo"},"geometry":{"type":"Polygon","coordinates":[[[-46.726829,-23.586877],[-46.727622,-23.586841],[-46.727695,-23.58795],[-46.726892,-23.587996],[-46.726829,-23.586877]]]}},{"type":"Feature","properties":{"NMUNCP":100,"NSEQNC":327100,"RazaoSocia":"POSTO SUPER LTDA.","Termo_AR":"0118/2014","Atividade":"posto de serviDo"},"geometry":{"type":"Polygon","coordinates":[[[-46.691058,-23.563624],[-46.691389,-23.56333],[-46.691993,-23.563769],[-46.691669,-23.563986],[-46.691058,-23.563624]]]}},{"type":"Feature","properties":{"NMUNCP":100,"NSEQNC":327148,"RazaoSocia":"AUTO POSTO UNIVERSITARIOS LTDA.","Termo_AR":"0814/2017","Atividade":"posto de serviVo"},"geometry":{"type":"Polygon","coordinates":[[[-46.717095,-23.563188],[-46.717229,-23.563367],[-46.71664,-23.563697],[-46.716489,-23.563477],[-46.717095,-23.563188]]]}},{"type":"Feature","properties":{"NMUNCP":100,"NSEQNC":327260,"RazaoSocia":"SoO GUALTER AUTO POSTO LTDA.","Termo_AR":"0449/2016","Atividade":"posto de serviTo"},"geometry":{"type":"Polygon","coordinates":[[[-46.711642,-23.543005],[-46.711872,-23.543382],[-46.711438,-23.543928],[-46.71094,-23.543284],[-46.711642,-23.543005]]]}},{"type":"Feature","properties":{"NMUNCP":100,"NSEQNC":327311,"RazaoSocia":"AUTO POSTO UNIPRIMOS LTDA.","Termo_AR":"0441/2016","Atividade":"posto de serviPo"},"geometry":{"type":"Polygon","coordinates":[[[-46.677572,-23.529827],[-46.676876,-23.530313],[-46.676701,-23.530046],[-46.677355,-23.529588],[-46.677572,-23.529827]]]}},{"type":"Feature","properties":{"NMUNCP":100,"NSEQNC":327420,"RazaoSocia":"CONDOMdNIO VITPRIA OFFICE (LINHARES EMPR. IMOB.) (AP CINTUR(O VERDE)","Termo_AR":" ","Atividade":"posto de serviPo"},"geometry":{"type":"Polygon","coordinates":[[[-46.744203,-23.555009],[-46.743774,-23.555149],[-46.743679,-23.554864],[-46.743911,-23.554726],[-46.744203,-23.555009]]]}},{"type":"Feature","properties":{"NMUNCP":100,"NSEQNC":327449,"RazaoSocia":"POTENZA PETRvLEO SERVIIOS AUTOMOTIVOS EIRELLI (Ant. Auto Posto Patinar","Termo_AR":"0816/2017","Atividade":"posto de serviEo"},"geometry":{"type":"Polygon","coordinates":[[[-46.736215,-23.548115],[-46.736931,-23.547438],[-46.737565,-23.548027],[-46.736907,-23.54864],[-46.736215,-23.548115]]]}},{"type":"Feature","properties":{"NMUNCP":100,"NSEQNC":327468,"RazaoSocia":"AUTO POSTO JATAo LTDA.","Termo_AR":"1185/2019","Atividade":"posto de serviAo"},"geometry":{"type":"Polygon","coordinates":[[[-46.702163,-23.540924],[-46.701918,-23.540141],[-46.702894,-23.539877],[-46.703149,-23.540651],[-46.702163,-23.540924]]]}},{"type":"Feature","properties":{"NMUNCP":100,"NSEQNC":327472,"RazaoSocia":"AUTO POSTO CERRO CORA LTDA.","Termo_AR":"1151/2019","Atividade":"posto de serviRo"},"geometry":{"type":"Polygon","coordinates":[[[-46.706476,-23.53963],[-46.705611,-23.540128],[-46.705012,-23.539249],[-46.705867,-23.538743],[-46.706476,-23.53963]]]}},{"type":"Feature","properties":{"NMUNCP":100,"NSEQNC":327769,"RazaoSocia":"AUTO POSTO CAROLINA LTDA.","Termo_AR":" ","Atividade":"posto de serviOo"},"geometry":{"type":"Polygon","coordinates":[[[-46.674068,-23.535097],[-46.673873,-23.535163],[-46.673785,-23.535164],[-46.674104,-23.534853],[-46.674068,-23.535097]]]}},{"type":"Feature","properties":{"NMUNCP":100,"NSEQNC":327824,"RazaoSocia":"AUTO POSTO ALBION LTDA.","Termo_AR":"0878/2017","Atividade":"posto de serviIo"},"geometry":{"type":"Polygon","coordinates":[[[-46.707337,-23.522897],[-46.707252,-23.521607],[-46.708084,-23.522356],[-46.708032,-23.523639],[-46.707337,-23.522897]]]}},{"type":"Feature","properties":{"NMUNCP":100,"NSEQNC":327843,"RazaoSocia":"POSTO JAGUARv LTDA.","Termo_AR":" ","Atividade":"posto de serviLo"},"geometry":{"type":"Polygon","coordinates":[[[-46.727375,-23.53001],[-46.726972,-23.529737],[-46.727467,-23.529214],[-46.727845,-23.529469],[-46.727375,-23.53001]]]}},{"type":"Feature","properties":{"NMUNCP":100,"NSEQNC":327913,"RazaoSocia":"POSTO PAULICvIA LTDA.","Termo_AR":"0456/2016","Atividade":"posto de serviAo"},"geometry":{"type":"Polygon","coordinates":[[[-46.654301,-23.532591],[-46.652967,-23.533156],[-46.65264,-23.532879],[-46.652996,-23.532343],[-46.654301,-23.532591]]]}},{"type":"Feature","properties":{"NMUNCP":100,"NSEQNC":328032,"RazaoSocia":"FUNCHAL AUTO POSTO LTDA.","Termo_AR":"1061/2018","Atividade":"posto de serviOo"},"geometry":{"type":"Polygon","coordinates":[[[-46.690855,-23.594812],[-46.690887,-23.595038],[-46.690439,-23.595241],[-46.690338,-23.594999],[-46.690855,-23.594812]]]}},{"type":"Feature","properties":{"NMUNCP":100,"NSEQNC":328051,"RazaoSocia":"AUTO POSTO BANDEIRA PAULISTA LTDA.","Termo_AR":" ","Atividade":"posto de serviDo"},"geometry":{"type":"Polygon","coordinates":[[[-46.676751,-23.582471],[-46.676462,-23.583245],[-46.675793,-23.583085],[-46.676034,-23.582338],[-46.676751,-23.582471]]]}},{"type":"Feature","properties":{"NMUNCP":100,"NSEQNC":328403,"RazaoSocia":"AUTO POSTO CHEGADA LTDA.","Termo_AR":" ","Atividade":"posto de serviGo"},"geometry":{"type":"Polygon","coordinates":[[[-46.701129,-23.545674],[-46.701132,-23.545991],[-46.700492,-23.546029],[-46.700474,-23.545695],[-46.701129,-23.545674]]]}},{"type":"Feature","properties":{"NMUNCP":100,"NSEQNC":328780,"RazaoSocia":"BPL AUTO POSTO LTDA.","Termo_AR":"1082/2018","Atividade":"posto de servi o"},"geometry":{"type":"Polygon","coordinates":[[[-46.651533,-23.522389],[-46.6513,-23.522491],[-46.65087,-23.522271],[-46.651554,-23.521902],[-46.651533,-23.522389]]]}},{"type":"Feature","properties":{"NMUNCP":100,"NSEQNC":328846,"RazaoSocia":"CAMBUCI AUTO POSTO LTDA","Termo_AR":"0928/2018","Atividade":"posto de serviOo"},"geometry":{"type":"Polygon","coordinates":[[[-46.620476,-23.563189],[-46.620892,-23.563591],[-46.620612,-23.563865],[-46.620185,-23.563454],[-46.620476,-23.563189]]]}},{"type":"Feature","properties":{"NMUNCP":100,"NSEQNC":328940,"RazaoSocia":"AUTO POSTO BOAOAVA LTDA.","Termo_AR":"0649/2017","Atividade":"posto de serviOo"},"geometry":{"type":"Polygon","coordinates":[[[-46.718674,-23.538883],[-46.719164,-23.539319],[-46.718811,-23.539632],[-46.718392,-23.539098],[-46.718674,-23.538883]]]}},{"type":"Feature","properties":{"NMUNCP":100,"NSEQNC":328954,"RazaoSocia":"CISNE BRANCO AUTO POSTO LTDA.","Termo_AR":" ","Atividade":"posto de serviUo"},"geometry":{"type":"Polygon","coordinates":[[[-46.731693,-23.535695],[-46.732177,-23.53522],[-46.733267,-23.536174],[-46.731922,-23.536667],[-46.731693,-23.535695]]]}},{"type":"Feature","properties":{"NMUNCP":100,"NSEQNC":328988,"RazaoSocia":"POSTO DE SERVIUOS ANEL VITRIO LTDA.","Termo_AR":"0590/2016, 0606/2016","Atividade":"posto de servi6o"},"geometry":{"type":"Polygon","coordinates":[[[-46.730627,-23.517782],[-46.731621,-23.518213],[-46.731364,-23.518749],[-46.730371,-23.518471],[-46.730627,-23.517782]]]}},{"type":"Feature","properties":{"NMUNCP":100,"NSEQNC":329035,"RazaoSocia":"POSTO BOM RETIRO LTDA.","Termo_AR":"0104/2014","Atividade":"posto de serviRo"},"geometry":{"type":"Polygon","coordinates":[[[-46.642928,-23.522823],[-46.643076,-23.522129],[-46.643438,-23.52228],[-46.643245,-23.522938],[-46.642928,-23.522823]]]}},{"type":"Feature","properties":{"NMUNCP":100,"NSEQNC":329124,"RazaoSocia":"AUTO POSTO GRANA LTDA.","Termo_AR":" ","Atividade":"posto de serviNo"},"geometry":{"type":"Polygon","coordinates":[[[-46.646952,-23.558197],[-46.646982,-23.557827],[-46.647208,-23.557841],[-46.647184,-23.55822],[-46.646952,-23.558197]]]}},{"type":"Feature","properties":{"NMUNCP":100,"NSEQNC":329590,"RazaoSocia":"AUTO POSTO CITY LAPA LTDA.","Termo_AR":"0926/2018","Atividade":"posto de serviYo"},"geometry":{"type":"Polygon","coordinates":[[[-46.724517,-23.527477],[-46.724436,-23.527212],[-46.724976,-23.527166],[-46.725025,-23.527315],[-46.724517,-23.527477]]]}},{"type":"Feature","properties":{"NMUNCP":100,"NSEQNC":329622,"RazaoSocia":"AUTO POSTO NAKIA LTDA.","Termo_AR":"0774/2017","Atividade":"posto de serviIo"},"geometry":{"type":"Polygon","coordinates":[[[-46.641774,-23.561933],[-46.641882,-23.562244],[-46.64152,-23.562345],[-46.641775,-23.562024],[-46.641774,-23.561933]]]}},{"type":"Feature","properties":{"NMUNCP":100,"NSEQNC":329641,"RazaoSocia":"AUTO POSTO SvO BENTO LTDA.","Termo_AR":"0190/2013","Atividade":"posto de servi o"},"geometry":{"type":"Polygon","coordinates":[[[-46.672435,-23.594541],[-46.672501,-23.594954],[-46.671893,-23.595016],[-46.671824,-23.594627],[-46.672435,-23.594541]]]}},{"type":"Feature","properties":{"NMUNCP":100,"NSEQNC":329694,"RazaoSocia":"FRA MAR POSTO DE SERVITOS LTDA.","Termo_AR":"0992/2018","Atividade":"posto de serviDo"},"geometry":{"type":"Polygon","coordinates":[[[-46.573984,-23.591264],[-46.574421,-23.590907],[-46.575594,-23.591528],[-46.574107,-23.591687],[-46.573984,-23.591264]]]}},{"type":"Feature","properties":{"NMUNCP":100,"NSEQNC":329919,"RazaoSocia":"CAMPOS ELsSIOS GASOLINA E SERVI","Termo_AR":"0332/2016","Atividade":"posto de servi o"},"geometry":{"type":"Polygon","coordinates":[[[-46.64651,-23.535292],[-46.646866,-23.534801],[-46.647429,-23.535156],[-46.647063,-23.535647],[-46.64651,-23.535292]]]}},{"type":"Feature","properties":{"NMUNCP":100,"NSEQNC":330013,"RazaoSocia":"HAWAI AUTO POSTO LTDA.","Termo_AR":"0806/2017","Atividade":"posto de serviTo"},"geometry":{"type":"Polygon","coordinates":[[[-46.699152,-23.514205],[-46.699818,-23.514254],[-46.699746,-23.514666],[-46.699243,-23.514697],[-46.699152,-23.514205]]]}},{"type":"Feature","properties":{"NMUNCP":100,"NSEQNC":330244,"RazaoSocia":"CENTRO AUTOMOTIVO ALAMEDA CAMPINAS LTDA.","Termo_AR":"0839/2017","Atividade":"posto de serviIo"},"geometry":{"type":"Polygon","coordinates":[[[-46.659986,-23.571902],[-46.659979,-23.572146],[-46.659156,-23.572145],[-46.659153,-23.571893],[-46.659986,-23.571902]]]}},{"type":"Feature","properties":{"NMUNCP":100,"NSEQNC":330282,"RazaoSocia":"POSTO DE SERVIIO NOVO BAR O LTDA.","Termo_AR":"007/09/LPPE","Atividade":"posto de serviIo"},"geometry":{"type":"Polygon","coordinates":[[[-46.645736,-23.532212],[-46.645264,-23.531928],[-46.645511,-23.531594],[-46.645966,-23.531878],[-46.645736,-23.532212]]]}},{"type":"Feature","properties":{"NMUNCP":100,"NSEQNC":330300,"RazaoSocia":"PORTAL DO MORUMBI SERVIAOS AUTOMOTIVOS LTDA.","Termo_AR":" ","Atividade":"posto de serviMo"},"geometry":{"type":"Polygon","coordinates":[[[-46.705481,-23.617318],[-46.705471,-23.616791],[-46.705774,-23.616771],[-46.70598,-23.617278],[-46.705481,-23.617318]]]}},{"type":"Feature","properties":{"NMUNCP":100,"NSEQNC":330329,"RazaoSocia":"POSTO DE SERVIMO 2 LTDA.","Termo_AR":" ","Atividade":"posto de serviMo"},"geometry":{"type":"Polygon","coordinates":[[[-46.719297,-23.537403],[-46.71917,-23.536664],[-46.72004,-23.536546],[-46.72015,-23.537457],[-46.719297,-23.537403]]]}},{"type":"Feature","properties":{"NMUNCP":100,"NSEQNC":349950,"RazaoSocia":"ZANETTINI BAROSSI S/A INDSSTRIA E COMSRCIO","Termo_AR":"0438/2016","Atividade":"ind8stria"},"geometry":{"type":"Polygon","coordinates":[[[-46.588313,-23.601194],[-46.588667,-23.601363],[-46.588265,-23.602119],[-46.58794,-23.601986],[-46.588313,-23.601194]]]}},{"type":"Feature","properties":{"NMUNCP":100,"NSEQNC":387844,"RazaoSocia":"MACAPt SERVIROS AUTOMOTIVOS LTDA.","Termo_AR":"0734/2017","Atividade":"posto de serviSo"},"geometry":{"type":"Polygon","coordinates":[[[-46.669893,-23.534002],[-46.669993,-23.534852],[-46.669436,-23.534853],[-46.669378,-23.533969],[-46.669893,-23.534002]]]}},{"type":"Feature","properties":{"NMUNCP":100,"NSEQNC":397140,"RazaoSocia":"AUTO POSTO GRITO LTDA.","Termo_AR":" ","Atividade":"posto de serviTo"},"geometry":{"type":"Polygon","coordinates":[[[-46.61145,-23.585037],[-46.611063,-23.585005],[-46.61112,-23.583916],[-46.611961,-23.584284],[-46.61145,-23.585037]]]}},{"type":"Feature","properties":{"NMUNCP":100,"NSEQNC":401844,"RazaoSocia":"LAS VEGAS SERVIoOS AUTOMOTIVOS LTDA. - EPP","Termo_AR":"0737/2017","Atividade":"posto de serviIo"},"geometry":{"type":"Polygon","coordinates":[[[-46.599137,-23.585607],[-46.599422,-23.585676],[-46.599379,-23.586191],[-46.598741,-23.586135],[-46.599137,-23.585607]]]}},{"type":"Feature","properties":{"NMUNCP":100,"NSEQNC":412321,"RazaoSocia":"MISTER PLUS AUTOMOTIVOS E CONVENIDNCIAS LTDA.","Termo_AR":"0427/2016","Atividade":"posto de serviTo"},"geometry":{"type":"Polygon","coordinates":[[[-46.675222,-23.605204],[-46.675887,-23.605883],[-46.675478,-23.606104],[-46.674892,-23.605469],[-46.675222,-23.605204]]]}},{"type":"Feature","properties":{"NMUNCP":100,"NSEQNC":413324,"RazaoSocia":"POSTOCAR AUTO POSTO DE SERVINOS LTDA.","Termo_AR":" ","Atividade":"posto de serviPo"},"geometry":{"type":"Polygon","coordinates":[[[-46.750355,-23.555297],[-46.750243,-23.555238],[-46.749884,-23.555433],[-46.750161,-23.5547],[-46.750355,-23.555297]]]}},{"type":"Feature","properties":{"NMUNCP":100,"NSEQNC":413396,"RazaoSocia":"CONDOMdNIO JK 180 (JK 18 EMPR. IMOB. S/A) (ANTIGO AUTO POSTO JARDINS)","Termo_AR":"0446/2016","Atividade":"posto de servi1o"},"geometry":{"type":"Polygon","coordinates":[[[-46.565104,-23.544275],[-46.565219,-23.543808],[-46.565612,-23.543887],[-46.565494,-23.544351],[-46.565104,-23.544275]]]}},{"type":"Feature","properties":{"NMUNCP":100,"NSEQNC":413659,"RazaoSocia":"JATOB  SERVIvOS AUTOMOTIVOS LTDA.","Termo_AR":" ","Atividade":"posto de serviSo"},"geometry":{"type":"Polygon","coordinates":[[[-46.651053,-23.574648],[-46.6503,-23.574633],[-46.650367,-23.574391],[-46.651048,-23.574398],[-46.651053,-23.574648]]]}},{"type":"Feature","properties":{"NMUNCP":100,"NSEQNC":414168,"RazaoSocia":"JOCKEY CAR CENTER POSTO DE SERVI.OS LTDA.","Termo_AR":" ","Atividade":"posto de serviTo"},"geometry":{"type":"Polygon","coordinates":[[[-46.701473,-23.573704],[-46.701213,-23.573932],[-46.70079,-23.573552],[-46.701138,-23.57322],[-46.701473,-23.573704]]]}},{"type":"Feature","properties":{"NMUNCP":100,"NSEQNC":418614,"RazaoSocia":"AUTO POSTO CAPIT","Termo_AR":"0119/2014","Atividade":"posto de serviIo"},"geometry":{"type":"Polygon","coordinates":[[[-46.685246,-23.56672],[-46.685849,-23.566991],[-46.685629,-23.567411],[-46.684974,-23.567152],[-46.685246,-23.56672]]]}},{"type":"Feature","properties":{"NMUNCP":100,"NSEQNC":418760,"RazaoSocia":"LICEU DE ARTES E OFRCIOS DE S","Termo_AR":"0520/2016","Atividade":"posto de servi o"},"geometry":{"type":"Polygon","coordinates":[[[-46.625962,-23.532149],[-46.626246,-23.53295],[-46.625661,-23.533136],[-46.625474,-23.533075],[-46.625962,-23.532149]]]}},{"type":"Feature","properties":{"NMUNCP":100,"NSEQNC":419532,"RazaoSocia":"FLEURY MEDICINA E SACDE (MORUMBI) (ANT. PONTE VEDRA AUTO CENTER LTDA.)","Termo_AR":" ","Atividade":"posto de serviAo"},"geometry":{"type":"Polygon","coordinates":[[[-46.726161,-23.60774],[-46.72638,-23.608002],[-46.725899,-23.608243],[-46.72565,-23.60778],[-46.726161,-23.60774]]]}},{"type":"Feature","properties":{"NMUNCP":100,"NSEQNC":419782,"RazaoSocia":"SoO GERMANO AUTO POSTO LTDA.","Termo_AR":" ","Atividade":"posto de serviTo"},"geometry":{"type":"Polygon","coordinates":[[[-46.641468,-23.614252],[-46.641503,-23.613926],[-46.642591,-23.613906],[-46.642078,-23.61448],[-46.641468,-23.614252]]]}},{"type":"Feature","properties":{"NMUNCP":100,"NSEQNC":428298,"RazaoSocia":"GIPIRES POSTO DE SERVI OS LTDA","Termo_AR":"0592/2016","Atividade":"posto de serviDo"},"geometry":{"type":"Polygon","coordinates":[[[-46.666555,-23.507022],[-46.667234,-23.5065],[-46.667858,-23.507089],[-46.667131,-23.507666],[-46.666555,-23.507022]]]}},{"type":"Feature","properties":{"NMUNCP":100,"NSEQNC":428809,"RazaoSocia":"CENTRO EMPRESARIAL SVNECA (VIP VII EMPR. E PART. LTDA.)","Termo_AR":"0506/2016","Atividade":"com6rcio"},"geometry":{"type":"Polygon","coordinates":[[[-46.651996,-23.50813],[-46.651986,-23.509897],[-46.648689,-23.509821],[-46.649038,-23.507418],[-46.651996,-23.50813]]]}},{"type":"Feature","properties":{"NMUNCP":100,"NSEQNC":429178,"RazaoSocia":"AUTO POSTO CEREJEIRAS LTDA.","Termo_AR":"1135/2019","Atividade":"posto de serviEo"},"geometry":{"type":"Polygon","coordinates":[[[-46.57754,-23.506649],[-46.577859,-23.507169],[-46.57747,-23.507372],[-46.577012,-23.506708],[-46.57754,-23.506649]]]}},{"type":"Feature","properties":{"NMUNCP":100,"NSEQNC":440618,"RazaoSocia":"ANAST CIO EMPR. IMOB. E PART. LTDA.","Termo_AR":"0471/2016","Atividade":"res1duo"},"geometry":{"type":"Polygon","coordinates":[[[-46.723245,-23.463006],[-46.724917,-23.463584],[-46.724424,-23.464844],[-46.722788,-23.463923],[-46.723245,-23.463006]]]}},{"type":"Feature","properties":{"NMUNCP":100,"NSEQNC":477792,"RazaoSocia":"AUTO POSTO LUTAIF LTDA.","Termo_AR":" ","Atividade":"posto de serviAo"},"geometry":{"type":"Polygon","coordinates":[[[-46.61169,-23.491955],[-46.611309,-23.492064],[-46.611111,-23.49161],[-46.611518,-23.491497],[-46.61169,-23.491955]]]}},{"type":"Feature","properties":{"NMUNCP":100,"NSEQNC":481497,"RazaoSocia":"AUTO POSTO DE SERVITO MARV LTDA.","Termo_AR":"0558/2016","Atividade":"posto de serviSo"},"geometry":{"type":"Polygon","coordinates":[[[-46.61006,-23.493772],[-46.610257,-23.493906],[-46.610032,-23.493917],[-46.609863,-23.493648],[-46.61006,-23.493772]]]}},{"type":"Feature","properties":{"NMUNCP":100,"NSEQNC":505329,"RazaoSocia":"HK EMPR. ADM. E PART. LTDA. (ANTIGO CENTRO AUTOMOTIVO COLLINELLO)","Termo_AR":"0152/2015","Atividade":"posto de serviEo"},"geometry":{"type":"Polygon","coordinates":[[[-46.673528,-23.48203],[-46.673642,-23.482784],[-46.673058,-23.482728],[-46.673021,-23.48237],[-46.673528,-23.48203]]]}},{"type":"Feature","properties":{"NMUNCP":100,"NSEQNC":525360,"RazaoSocia":"AUTO POSTO CASA NOVA LTDA.","Termo_AR":"0536/2016","Atividade":"posto de serviAo"},"geometry":{"type":"Polygon","coordinates":[[[-46.551523,-23.591057],[-46.550871,-23.591433],[-46.550632,-23.59112],[-46.551255,-23.590734],[-46.551523,-23.591057]]]}},{"type":"Feature","properties":{"NMUNCP":100,"NSEQNC":525784,"RazaoSocia":"POSTO THIAGO LTDA.","Termo_AR":"0522/2016","Atividade":"posto de serviTo"},"geometry":{"type":"Polygon","coordinates":[[[-46.610982,-23.588689],[-46.610337,-23.588616],[-46.610176,-23.588781],[-46.610968,-23.587162],[-46.610982,-23.588689]]]}},{"type":"Feature","properties":{"NMUNCP":100,"NSEQNC":525888,"RazaoSocia":"AUTO POSTO FERRACINI E SOUZA LTDA.","Termo_AR":"1112/2018","Atividade":"posto de serviRo"},"geometry":{"type":"Polygon","coordinates":[[[-46.602011,-23.618488],[-46.602533,-23.619036],[-46.601919,-23.619358],[-46.601818,-23.618615],[-46.602011,-23.618488]]]}},{"type":"Feature","properties":{"NMUNCP":100,"NSEQNC":525892,"RazaoSocia":"AUTO POSTO RIGA LTDA.","Termo_AR":"0844/2017","Atividade":"posto de serviAo"},"geometry":{"type":"Polygon","coordinates":[[[-46.601687,-23.616482],[-46.601696,-23.617223],[-46.600912,-23.617231],[-46.600903,-23.616491],[-46.601687,-23.616482]]]}},{"type":"Feature","properties":{"NMUNCP":100,"NSEQNC":525924,"RazaoSocia":"AUTO POSTO PETROAL LTDA.","Termo_AR":"0539/2016","Atividade":"posto de serviRo"},"geometry":{"type":"Polygon","coordinates":[[[-46.589962,-23.628616],[-46.590168,-23.628771],[-46.589662,-23.629095],[-46.589584,-23.628723],[-46.589962,-23.628616]]]}},{"type":"Feature","properties":{"NMUNCP":100,"NSEQNC":525943,"RazaoSocia":"POSTO J. S. LTDA. (SAVOLIDO COM E IMCVEIS LTDA. - RAOZEN COMBUST)VEL)","Termo_AR":"1204/2019","Atividade":"posto de serviDo"},"geometry":{"type":"Polygon","coordinates":[[[-46.597245,-23.626823],[-46.597307,-23.62703],[-46.597102,-23.627086],[-46.596972,-23.626934],[-46.597245,-23.626823]]]}},{"type":"Feature","properties":{"NMUNCP":100,"NSEQNC":525962,"RazaoSocia":"AUTO POSTO ALENCAR LTDA.","Termo_AR":"0293/2015","Atividade":"posto de serviNo"},"geometry":{"type":"Polygon","coordinates":[[[-46.597084,-23.616783],[-46.596201,-23.616638],[-46.596248,-23.616457],[-46.59713,-23.616475],[-46.597084,-23.616783]]]}},{"type":"Feature","properties":{"NMUNCP":100,"NSEQNC":526005,"RazaoSocia":"R. R. COMBUSTiVEIS LTDA.","Termo_AR":" ","Atividade":"posto de serviVo"},"geometry":{"type":"Polygon","coordinates":[[[-46.620344,-23.592264],[-46.620434,-23.592663],[-46.620003,-23.592685],[-46.619931,-23.59233],[-46.620344,-23.592264]]]}},{"type":"Feature","properties":{"NMUNCP":100,"NSEQNC":526096,"RazaoSocia":"AUTO POSTO RR LTDA.","Termo_AR":"1223/2019","Atividade":"posto de serviLo"},"geometry":{"type":"Polygon","coordinates":[[[-46.615747,-23.603387],[-46.615054,-23.602826],[-46.61591,-23.602329],[-46.616484,-23.602775],[-46.615747,-23.603387]]]}},{"type":"Feature","properties":{"NMUNCP":100,"NSEQNC":526128,"RazaoSocia":"AUTO POSTO CARIOCA LTDA.","Termo_AR":"0509/2016","Atividade":"posto de serviIo"},"geometry":{"type":"Polygon","coordinates":[[[-46.59177,-23.602804],[-46.591326,-23.603351],[-46.590952,-23.603174],[-46.591386,-23.602655],[-46.59177,-23.602804]]]}},{"type":"Feature","properties":{"NMUNCP":100,"NSEQNC":526330,"RazaoSocia":"POSTO DE SERVIIOS DOMINANTE LTDA.","Termo_AR":"0502/2016","Atividade":"posto de serviIo"},"geometry":{"type":"Polygon","coordinates":[[[-46.595588,-23.561144],[-46.596182,-23.561616],[-46.595804,-23.562018],[-46.595211,-23.561554],[-46.595588,-23.561144]]]}},{"type":"Feature","properties":{"NMUNCP":100,"NSEQNC":526556,"RazaoSocia":"AUTO POSTO CASA GRANDE LTDA.","Termo_AR":"0825/2017","Atividade":"posto de serviAo"},"geometry":{"type":"Polygon","coordinates":[[[-46.658648,-23.613536],[-46.659105,-23.614037],[-46.65829,-23.614678],[-46.657883,-23.614258],[-46.658648,-23.613536]]]}},{"type":"Feature","properties":{"NMUNCP":100,"NSEQNC":526645,"RazaoSocia":"AUTO POSTO ROAN LTDA.","Termo_AR":"1162/2019","Atividade":"posto de serviNo"},"geometry":{"type":"Polygon","coordinates":[[[-46.667581,-23.608519],[-46.66777,-23.608725],[-46.667449,-23.608972],[-46.667261,-23.608766],[-46.667581,-23.608519]]]}},{"type":"Feature","properties":{"NMUNCP":100,"NSEQNC":527099,"RazaoSocia":"AUTO POSTO FESTA LTDA.","Termo_AR":"0543/2016","Atividade":"posto de serviTo"},"geometry":{"type":"Polygon","coordinates":[[[-46.621723,-23.620835],[-46.621708,-23.621214],[-46.620836,-23.621214],[-46.620841,-23.620835],[-46.621723,-23.620835]]]}},{"type":"Feature","properties":{"NMUNCP":100,"NSEQNC":527489,"RazaoSocia":"POSTO DE SERVITOS TGUA FUNDA LTDA.","Termo_AR":"0281/2015","Atividade":"posto de serviTo"},"geometry":{"type":"Polygon","coordinates":[[[-46.627722,-23.608202],[-46.627371,-23.607528],[-46.628007,-23.607449],[-46.628015,-23.60809],[-46.627722,-23.608202]]]}},{"type":"Feature","properties":{"NMUNCP":100,"NSEQNC":531234,"RazaoSocia":"FERCOI COMeRCIO E INDASTRIA DE FERROS LTDA.","Termo_AR":"0002/2014, 0007/2014","Atividade":"com2rcio"},"geometry":{"type":"Polygon","coordinates":[[[-46.597881,-23.577109],[-46.596073,-23.580904],[-46.59491,-23.581003],[-46.596945,-23.576729],[-46.597881,-23.577109]]]}},{"type":"Feature","properties":{"NMUNCP":100,"NSEQNC":536440,"RazaoSocia":"CENTRO AUTOMOTIVO CCC LTDA.","Termo_AR":" ","Atividade":"posto de serviIo"},"geometry":{"type":"Polygon","coordinates":[[[-46.635879,-23.617968],[-46.635971,-23.61831],[-46.635473,-23.618433],[-46.635556,-23.618007],[-46.635879,-23.617968]]]}},{"type":"Feature","properties":{"NMUNCP":100,"NSEQNC":537141,"RazaoSocia":"EQUIPE 1 AUTO POSTO LTDA.","Termo_AR":"0813/2017","Atividade":"posto de serviPo"},"geometry":{"type":"Polygon","coordinates":[[[-46.555278,-23.596175],[-46.554857,-23.596189],[-46.554813,-23.59581],[-46.555205,-23.595806],[-46.555278,-23.596175]]]}},{"type":"Feature","properties":{"NMUNCP":100,"NSEQNC":537391,"RazaoSocia":"AUTO POSTO SvO VICENTE DE PAULA LTDA.","Termo_AR":"0833/2017","Atividade":"posto de servi o"},"geometry":{"type":"Polygon","coordinates":[[[-46.60216,-23.614292],[-46.601767,-23.614197],[-46.60204,-23.613273],[-46.602443,-23.613368],[-46.60216,-23.614292]]]}},{"type":"Feature","properties":{"NMUNCP":100,"NSEQNC":542633,"RazaoSocia":"POSTO DE SERVI OS NOVA MOOCA LTDA.","Termo_AR":"1216/2019","Atividade":"posto de servi o"},"geometry":{"type":"Polygon","coordinates":[[[-46.59188,-23.554183],[-46.591195,-23.554281],[-46.591069,-23.553541],[-46.591753,-23.553444],[-46.59188,-23.554183]]]}},{"type":"Feature","properties":{"NMUNCP":100,"NSEQNC":546117,"RazaoSocia":"COOPERATIVA MISTA DE TRAB. DOS MOTORISTAS AUTANOMOS DE T XI ESPECIAL.","Termo_AR":"0358/2016","Atividade":"posto de serviSo"},"geometry":{"type":"Polygon","coordinates":[[[-46.655452,-23.609543],[-46.656094,-23.609933],[-46.655603,-23.610625],[-46.654951,-23.610225],[-46.655452,-23.609543]]]}},{"type":"Feature","properties":{"NMUNCP":100,"NSEQNC":550127,"RazaoSocia":"CONDOMdNIO ALLEGRO JARDIM AVELINO (SAGITARIUS EVEN EMPR. IMOB. LTDA.)","Termo_AR":" ","Atividade":"indDstria"},"geometry":{"type":"Polygon","coordinates":[[[-46.560261,-23.585867],[-46.56123,-23.58657],[-46.56018,-23.587294],[-46.559619,-23.586298],[-46.560261,-23.585867]]]}},{"type":"Feature","properties":{"NMUNCP":100,"NSEQNC":552508,"RazaoSocia":"LOCAL AUTO POSTO LTDA. (CAMARGO LIMA II POSTO DE SERVIROS)","Termo_AR":"0653/2017","Atividade":"posto de serviTo"},"geometry":{"type":"Polygon","coordinates":[[[-46.630801,-23.601984],[-46.630458,-23.601996],[-46.630578,-23.60139],[-46.630813,-23.601378],[-46.630801,-23.601984]]]}},{"type":"Feature","properties":{"NMUNCP":100,"NSEQNC":552851,"RazaoSocia":"CONDOMdNIO ROSSI IPIRANGA ONE (ROSSI RESIDENCIAL S/A)","Termo_AR":" ","Atividade":"posto de serviSo"},"geometry":{"type":"Polygon","coordinates":[[[-46.606711,-23.596103],[-46.606696,-23.596428],[-46.606029,-23.596435],[-46.606152,-23.596055],[-46.606711,-23.596103]]]}},{"type":"Feature","properties":{"NMUNCP":100,"NSEQNC":595819,"RazaoSocia":"EUN YEONG LEE (ANTIGO OSIRIS FUOCO COMBUSTEVEIS LTDA.)","Termo_AR":" ","Atividade":"posto de servi(o"},"geometry":{"type":"Polygon","coordinates":[[[-46.626439,-23.604272],[-46.625798,-23.604371],[-46.625683,-23.603942],[-46.626354,-23.603828],[-46.626439,-23.604272]]]}},{"type":"Feature","properties":{"NMUNCP":100,"NSEQNC":597049,"RazaoSocia":"HIPERMERCADO EXTRA TANCREDO NEVES (CARREFOUR COM. E IND. LTDA.)","Termo_AR":"0755/2017","Atividade":"posto de serviXo"},"geometry":{"type":"Polygon","coordinates":[[[-46.610986,-23.617912],[-46.611182,-23.61791],[-46.611354,-23.618569],[-46.611152,-23.618571],[-46.610986,-23.617912]]]}},{"type":"Feature","properties":{"NMUNCP":100,"NSEQNC":599082,"RazaoSocia":"TREVO SERVIrOS AUTOMOTIVOS LTDA.","Termo_AR":"0074/2014","Atividade":"posto de servi o"},"geometry":{"type":"Polygon","coordinates":[[[-46.602178,-23.62381],[-46.601844,-23.623768],[-46.60176,-23.623254],[-46.602142,-23.623305],[-46.602178,-23.62381]]]}},{"type":"Feature","properties":{"NMUNCP":100,"NSEQNC":600646,"RazaoSocia":"POSTO DO PAPAI ANCHIETA LTDA.","Termo_AR":"0608/2016","Atividade":"posto de servi o"},"geometry":{"type":"Polygon","coordinates":[[[-46.600218,-23.609423],[-46.599589,-23.609563],[-46.599483,-23.609091],[-46.600134,-23.608967],[-46.600218,-23.609423]]]}},{"type":"Feature","properties":{"NMUNCP":100,"NSEQNC":600754,"RazaoSocia":"AUTO SERVIeOS JoIA DO HELIDPOLIS LTDA.","Termo_AR":" ","Atividade":"posto de serviJo"},"geometry":{"type":"Polygon","coordinates":[[[-46.592919,-23.606215],[-46.593045,-23.606909],[-46.592259,-23.60754],[-46.591871,-23.607047],[-46.592919,-23.606215]]]}},{"type":"Feature","properties":{"NMUNCP":100,"NSEQNC":606996,"RazaoSocia":"POSTO 2 DE JULHO LTDA. EPP","Termo_AR":"1049/2018","Atividade":"posto de serviHo"},"geometry":{"type":"Polygon","coordinates":[[[-46.601209,-23.5957],[-46.601183,-23.595944],[-46.600634,-23.595922],[-46.60067,-23.59566],[-46.601209,-23.5957]]]}},{"type":"Feature","properties":{"NMUNCP":100,"NSEQNC":607058,"RazaoSocia":"NETENERGY AUTO POSTO LTDA.","Termo_AR":"1169/2019","Atividade":"posto de servi o"},"geometry":{"type":"Polygon","coordinates":[[[-46.601478,-23.614597],[-46.60158,-23.614966],[-46.601024,-23.615135],[-46.600901,-23.614666],[-46.601478,-23.614597]]]}},{"type":"Feature","properties":{"NMUNCP":100,"NSEQNC":615815,"RazaoSocia":"AUTO POSTO CEDRO DO LLBANO LTDA (ANT. CENTRO AUT JUNTAS PROVIS)RIAS)","Termo_AR":"1203/2019","Atividade":"posto de serviRo"},"geometry":{"type":"Polygon","coordinates":[[[-46.597018,-23.598343],[-46.597153,-23.598992],[-46.596252,-23.599002],[-46.596412,-23.598485],[-46.597018,-23.598343]]]}},{"type":"Feature","properties":{"NMUNCP":100,"NSEQNC":618122,"RazaoSocia":"AUTO POSTO ANHAIA MELLO LTDA.","Termo_AR":"1062/2018","Atividade":"posto de serviAo"},"geometry":{"type":"Polygon","coordinates":[[[-46.550187,-23.584098],[-46.550675,-23.583886],[-46.550806,-23.584219],[-46.550279,-23.584413],[-46.550187,-23.584098]]]}},{"type":"Feature","properties":{"NMUNCP":100,"NSEQNC":624867,"RazaoSocia":"GIBRALTAR GASOLINAS E SERVIAOS AUTOMOTIVOS LTDA.","Termo_AR":"0545/2016","Atividade":"posto de serviLo"},"geometry":{"type":"Polygon","coordinates":[[[-46.703353,-23.630805],[-46.702909,-23.63137],[-46.702376,-23.631023],[-46.702809,-23.630459],[-46.703353,-23.630805]]]}},{"type":"Feature","properties":{"NMUNCP":100,"NSEQNC":624871,"RazaoSocia":"POSTO AM RICO BRASILIENSE LTDA.","Termo_AR":"0850/2017","Atividade":"posto de serviBo"},"geometry":{"type":"Polygon","coordinates":[[[-46.698701,-23.633348],[-46.698694,-23.632852],[-46.699877,-23.633362],[-46.69898,-23.633742],[-46.698701,-23.633348]]]}},{"type":"Feature","properties":{"NMUNCP":100,"NSEQNC":624886,"RazaoSocia":"AUTO POSTO A M LTDA.","Termo_AR":" ","Atividade":"posto de servi o"},"geometry":{"type":"Polygon","coordinates":[[[-46.687537,-23.672169],[-46.687969,-23.671902],[-46.688352,-23.672496],[-46.688153,-23.672657],[-46.687537,-23.672169]]]}},{"type":"Feature","properties":{"NMUNCP":100,"NSEQNC":625164,"RazaoSocia":"AUTO POSTO GONDOLA LTDA.","Termo_AR":" ","Atividade":"posto de serviDo"},"geometry":{"type":"Polygon","coordinates":[[[-46.722718,-23.513667],[-46.723356,-23.514012],[-46.722629,-23.514164],[-46.722278,-23.513845],[-46.722718,-23.513667]]]}},{"type":"Feature","properties":{"NMUNCP":100,"NSEQNC":625342,"RazaoSocia":"AUTO POSTO CUPEC","Termo_AR":"0493/2016","Atividade":"posto de serviEo"},"geometry":{"type":"Polygon","coordinates":[[[-46.67027,-23.65439],[-46.670057,-23.654627],[-46.66979,-23.654413],[-46.669902,-23.654033],[-46.67027,-23.65439]]]}},{"type":"Feature","properties":{"NMUNCP":100,"NSEQNC":625395,"RazaoSocia":"AUTO POSTO CARLU LTDA.","Termo_AR":"0521/2016","Atividade":"posto de serviLo"},"geometry":{"type":"Polygon","coordinates":[[[-46.717314,-23.656666],[-46.717684,-23.657258],[-46.717261,-23.657127],[-46.716437,-23.657127],[-46.717314,-23.656666]]]}},{"type":"Feature","properties":{"NMUNCP":100,"NSEQNC":625751,"RazaoSocia":"SERVICENTER AUTO POSTO GRAN PAR","Termo_AR":"0376/2016","Atividade":"posto de serviTo"},"geometry":{"type":"Polygon","coordinates":[[[-46.658006,-23.65361],[-46.657552,-23.654138],[-46.657068,-23.653873],[-46.657249,-23.653392],[-46.658006,-23.65361]]]}},{"type":"Feature","properties":{"NMUNCP":100,"NSEQNC":625785,"RazaoSocia":"UBIRAJARA CENTRO AUTOMOTIVO E POSTO LTDA.","Termo_AR":"0759/2017; 0760/2017","Atividade":"posto de servi0o"},"geometry":{"type":"Polygon","coordinates":[[[-46.685335,-23.622893],[-46.685665,-23.623431],[-46.68513,-23.623744],[-46.684742,-23.62326],[-46.685335,-23.622893]]]}},{"type":"Feature","properties":{"NMUNCP":100,"NSEQNC":639218,"RazaoSocia":"VERMONTH INC. LTDA. (ANTIGA AREVA TRANSM. E DISTR. DE ENERGIA)","Termo_AR":"0758/2017","Atividade":"ind8stria"},"geometry":{"type":"Polygon","coordinates":[[[-46.691925,-23.684634],[-46.692724,-23.685456],[-46.691736,-23.686589],[-46.690813,-23.685914],[-46.691925,-23.684634]]]}},{"type":"Feature","properties":{"NMUNCP":100,"NSEQNC":643285,"RazaoSocia":"ROSSET ARTES GRTFICAS E EDITORA LTDA.","Termo_AR":" ","Atividade":"indSstria"},"geometry":{"type":"Polygon","coordinates":[[[-46.719383,-23.638342],[-46.718058,-23.637755],[-46.718498,-23.636863],[-46.719705,-23.637788],[-46.719383,-23.638342]]]}},{"type":"Feature","properties":{"NMUNCP":100,"NSEQNC":651205,"RazaoSocia":"POSTO DE SERVIROS SAO LUIZ LTDA.","Termo_AR":"0875/2017","Atividade":"posto de serviRo"},"geometry":{"type":"Polygon","coordinates":[[[-46.733623,-23.652911],[-46.734102,-23.652508],[-46.734368,-23.652774],[-46.733888,-23.65318],[-46.733623,-23.652911]]]}},{"type":"Feature","properties":{"NMUNCP":100,"NSEQNC":651210,"RazaoSocia":"AUTO POSTO CALDEIRSO II LTDA.","Termo_AR":"0537/2016","Atividade":"posto de serviDo"},"geometry":{"type":"Polygon","coordinates":[[[-46.753336,-23.646095],[-46.753086,-23.646523],[-46.752041,-23.646011],[-46.75229,-23.645592],[-46.753336,-23.646095]]]}},{"type":"Feature","properties":{"NMUNCP":100,"NSEQNC":651239,"RazaoSocia":"POSTO NOSSA SENHORA PERPLTUO SOCORRO LTDA.","Termo_AR":"0273/2015","Atividade":"posto de serviNo"},"geometry":{"type":"Polygon","coordinates":[[[-46.673193,-23.643739],[-46.673279,-23.644379],[-46.673056,-23.64459],[-46.672777,-23.644177],[-46.673193,-23.643739]]]}},{"type":"Feature","properties":{"NMUNCP":100,"NSEQNC":652410,"RazaoSocia":"AUTO POSTO DOM JOSA LTDA.","Termo_AR":"0162/2015","Atividade":"posto de servi o"},"geometry":{"type":"Polygon","coordinates":[[[-46.795791,-23.678658],[-46.795701,-23.679183],[-46.795225,-23.678818],[-46.795495,-23.678499],[-46.795791,-23.678658]]]}},{"type":"Feature","properties":{"NMUNCP":100,"NSEQNC":653130,"RazaoSocia":"AUTO POSTO CAMPO LIMPO LTDA.","Termo_AR":"0712/2017","Atividade":"posto de serviPo"},"geometry":{"type":"Polygon","coordinates":[[[-46.765255,-23.62418],[-46.765444,-23.624368],[-46.764319,-23.625283],[-46.76408,-23.625024],[-46.765255,-23.62418]]]}},{"type":"Feature","properties":{"NMUNCP":100,"NSEQNC":653569,"RazaoSocia":"AUTO POSTO ESTOCOLMO II LTDA.","Termo_AR":"0572/2016","Atividade":"posto de serviOo"},"geometry":{"type":"Polygon","coordinates":[[[-46.731449,-23.614935],[-46.731463,-23.615974],[-46.731012,-23.61597],[-46.730957,-23.615483],[-46.731449,-23.614935]]]}},{"type":"Feature","properties":{"NMUNCP":100,"NSEQNC":654415,"RazaoSocia":"AUTO POSTO ARINELLA LTDA.","Termo_AR":"1178/2019","Atividade":"posto de serviNo"},"geometry":{"type":"Polygon","coordinates":[[[-46.770545,-23.629827],[-46.769817,-23.630377],[-46.76921,-23.629679],[-46.769947,-23.629129],[-46.770545,-23.629827]]]}},{"type":"Feature","properties":{"NMUNCP":100,"NSEQNC":655973,"RazaoSocia":"AUTO POSTO SILGUEKRON LTDA.","Termo_AR":" ","Atividade":"posto de serviGo"},"geometry":{"type":"Polygon","coordinates":[[[-46.492004,-23.646257],[-46.492127,-23.64585],[-46.492734,-23.645835],[-46.4922,-23.646237],[-46.492004,-23.646257]]]}},{"type":"Feature","properties":{"NMUNCP":100,"NSEQNC":657911,"RazaoSocia":"JOSt MARIA LOPES E CIA LTDA.","Termo_AR":"0967/2018","Atividade":"posto de serviEo"},"geometry":{"type":"Polygon","coordinates":[[[-46.697411,-23.846901],[-46.69772,-23.847556],[-46.69767,-23.847817],[-46.696609,-23.847599],[-46.697411,-23.846901]]]}},{"type":"Feature","properties":{"NMUNCP":100,"NSEQNC":659974,"RazaoSocia":"AUTO POSTO ESTRELA DA PAZ LTDA.","Termo_AR":"0998/2018","Atividade":"posto de serviRo"},"geometry":{"type":"Polygon","coordinates":[[[-46.677699,-23.754732],[-46.677782,-23.755102],[-46.677468,-23.755132],[-46.677346,-23.754809],[-46.677699,-23.754732]]]}},{"type":"Feature","properties":{"NMUNCP":100,"NSEQNC":661993,"RazaoSocia":"FIBRA POSTO DE COMBUSTPVEIS LTDA.","Termo_AR":"0807/2017","Atividade":"posto de servi o"},"geometry":{"type":"Polygon","coordinates":[[[-46.643789,-23.632611],[-46.644272,-23.633426],[-46.643894,-23.633726],[-46.643293,-23.632931],[-46.643789,-23.632611]]]}},{"type":"Feature","properties":{"NMUNCP":100,"NSEQNC":664722,"RazaoSocia":"POSTO DE GASOLINA JARDIM PRUDTNCIA LTDA.","Termo_AR":"0160/2015, 0161/2015","Atividade":"posto de servi1o"},"geometry":{"type":"Polygon","coordinates":[[[-46.672239,-23.644327],[-46.672902,-23.644781],[-46.672635,-23.645335],[-46.67169,-23.645074],[-46.672239,-23.644327]]]}},{"type":"Feature","properties":{"NMUNCP":100,"NSEQNC":664794,"RazaoSocia":"POSTO DE ABASTECIMENTO FIESTA LTDA.","Termo_AR":" ","Atividade":"posto de serviEo"},"geometry":{"type":"Polygon","coordinates":[[[-46.718212,-23.66637],[-46.71794,-23.666746],[-46.717574,-23.666675],[-46.717262,-23.666192],[-46.718212,-23.66637]]]}},{"type":"Feature","properties":{"NMUNCP":100,"NSEQNC":665354,"RazaoSocia":"AUTO POSTO TAMADE LTDA.","Termo_AR":"0716/2017","Atividade":"posto de serviAo"},"geometry":{"type":"Polygon","coordinates":[[[-46.702109,-23.688421],[-46.70239,-23.688959],[-46.701852,-23.68902],[-46.701591,-23.688544],[-46.702109,-23.688421]]]}},{"type":"Feature","properties":{"NMUNCP":100,"NSEQNC":667044,"RazaoSocia":"OSWALDO GUTTILLA","Termo_AR":"0598/2016","Atividade":"posto de serviLo"},"geometry":{"type":"Polygon","coordinates":[[[-46.68681,-23.672921],[-46.686665,-23.673103],[-46.686419,-23.673061],[-46.686456,-23.672889],[-46.68681,-23.672921]]]}},{"type":"Feature","properties":{"NMUNCP":100,"NSEQNC":668901,"RazaoSocia":"CRISoNTEMO INC. LTDA. (ANTIGA TOLEDO DO BRASIL IND. DE BALANAAS)","Termo_AR":" ","Atividade":"indSstria"},"geometry":{"type":"Polygon","coordinates":[[[-46.703051,-23.668183],[-46.704139,-23.666163],[-46.706501,-23.666941],[-46.705001,-23.669675],[-46.703051,-23.668183]]]}},{"type":"Feature","properties":{"NMUNCP":100,"NSEQNC":672127,"RazaoSocia":"CONDOMrNIO MAXHAUS MIGY (MAXCASA III EMPR. IMOB. LTDA.)","Termo_AR":" ","Atividade":"comDrcio"},"geometry":{"type":"Polygon","coordinates":[[[-46.688054,-23.688105],[-46.688085,-23.690561],[-46.684124,-23.690604],[-46.684093,-23.688148],[-46.688054,-23.688105]]]}},{"type":"Feature","properties":{"NMUNCP":100,"NSEQNC":673736,"RazaoSocia":"CENTRO AUTOMOTIVO QUEBEC LTDA.","Termo_AR":" ","Atividade":"posto de serviIo"},"geometry":{"type":"Polygon","coordinates":[[[-46.699552,-23.693153],[-46.69822,-23.693258],[-46.697824,-23.692983],[-46.698348,-23.692544],[-46.699552,-23.693153]]]}},{"type":"Feature","properties":{"NMUNCP":100,"NSEQNC":685184,"RazaoSocia":"PARAKI AUTO POSTO LTDA.","Termo_AR":"0889/2017","Atividade":"posto de serviSo"},"geometry":{"type":"Polygon","coordinates":[[[-46.672569,-23.621778],[-46.671989,-23.621935],[-46.671536,-23.621622],[-46.672283,-23.621155],[-46.672569,-23.621778]]]}},{"type":"Feature","properties":{"NMUNCP":100,"NSEQNC":696160,"RazaoSocia":"AUTO POSTO ROSA BRANCA LTDA.","Termo_AR":"0577/2016","Atividade":"posto de serviAo"},"geometry":{"type":"Polygon","coordinates":[[[-46.705533,-23.740594],[-46.706234,-23.740956],[-46.705856,-23.741322],[-46.705174,-23.740914],[-46.705533,-23.740594]]]}},{"type":"Feature","properties":{"NMUNCP":100,"NSEQNC":698930,"RazaoSocia":"CLUBE DE CAMPO DE SNO PAULO.","Termo_AR":"0260/2015","Atividade":"posto de servi o"},"geometry":{"type":"Polygon","coordinates":[[[-46.722515,-23.730672],[-46.722602,-23.73085],[-46.722365,-23.731033],[-46.722182,-23.730738],[-46.722515,-23.730672]]]}},{"type":"Feature","properties":{"NMUNCP":100,"NSEQNC":707100,"RazaoSocia":"AUTO POSTO CAMPANIA LTDA.","Termo_AR":" ","Atividade":"posto de serviPo"},"geometry":{"type":"Polygon","coordinates":[[[-46.658969,-23.665434],[-46.658758,-23.665463],[-46.658544,-23.664512],[-46.658756,-23.664478],[-46.658969,-23.665434]]]}},{"type":"Feature","properties":{"NMUNCP":100,"NSEQNC":707468,"RazaoSocia":"PEVECAR AUTO POSTO LTDA.","Termo_AR":"1273/2019","Atividade":"posto de serviOo"},"geometry":{"type":"Polygon","coordinates":[[[-46.696636,-23.631355],[-46.696117,-23.630966],[-46.696456,-23.630532],[-46.696885,-23.630585],[-46.696636,-23.631355]]]}},{"type":"Feature","properties":{"NMUNCP":100,"NSEQNC":708757,"RazaoSocia":"POSTO DE SERVIOOS SAMARO LTDA.","Termo_AR":"0439/2016","Atividade":"posto de serviOo"},"geometry":{"type":"Polygon","coordinates":[[[-46.686429,-23.676009],[-46.686464,-23.67638],[-46.685739,-23.676287],[-46.685804,-23.675764],[-46.686429,-23.676009]]]}},{"type":"Feature","properties":{"NMUNCP":100,"NSEQNC":713261,"RazaoSocia":"ARCO POSTO DE SERVIAOS LTDA.","Termo_AR":" ","Atividade":"posto de serviSo"},"geometry":{"type":"Polygon","coordinates":[[[-46.6788,-23.659658],[-46.679519,-23.65965],[-46.679525,-23.660132],[-46.678807,-23.66014],[-46.6788,-23.659658]]]}},{"type":"Feature","properties":{"NMUNCP":100,"NSEQNC":713971,"RazaoSocia":"POSTO DE SERVISOS MARACAND LTDA.","Termo_AR":"0757/2017","Atividade":"posto de serviSo"},"geometry":{"type":"Polygon","coordinates":[[[-46.747596,-23.647144],[-46.747214,-23.647934],[-46.746753,-23.647912],[-46.746946,-23.646971],[-46.747596,-23.647144]]]}},{"type":"Feature","properties":{"NMUNCP":100,"NSEQNC":714391,"RazaoSocia":"AUTO POSTO CATSNIA LTDA.","Termo_AR":"0435/2016","Atividade":"posto de serviSo"},"geometry":{"type":"Polygon","coordinates":[[[-46.644574,-23.673032],[-46.643997,-23.672352],[-46.644279,-23.672177],[-46.644836,-23.672831],[-46.644574,-23.673032]]]}},{"type":"Feature","properties":{"NMUNCP":100,"NSEQNC":715712,"RazaoSocia":"COMtRCIO VAREJISTA DE COMBUSTDVEIS SUCESSO LTDA.","Termo_AR":"0583/2016","Atividade":"posto de serviIo"},"geometry":{"type":"Polygon","coordinates":[[[-46.641212,-23.64167],[-46.641893,-23.642033],[-46.641856,-23.642277],[-46.640464,-23.642247],[-46.641212,-23.64167]]]}},{"type":"Feature","properties":{"NMUNCP":100,"NSEQNC":716062,"RazaoSocia":"AUTO POSTO CAVIUNAS LTDA.","Termo_AR":"0784/2017","Atividade":"posto de serviIo"},"geometry":{"type":"Polygon","coordinates":[[[-46.719474,-23.644949],[-46.719566,-23.645273],[-46.718804,-23.645416],[-46.718778,-23.644947],[-46.719474,-23.644949]]]}},{"type":"Feature","properties":{"NMUNCP":100,"NSEQNC":717629,"RazaoSocia":"POSTO DE SERVIIO CAMISA 10 LTDA.","Termo_AR":"0318/2015","Atividade":"posto de serviIo"},"geometry":{"type":"Polygon","coordinates":[[[-46.686805,-23.622082],[-46.687223,-23.622574],[-46.686734,-23.62267],[-46.686513,-23.622275],[-46.686805,-23.622082]]]}},{"type":"Feature","properties":{"NMUNCP":100,"NSEQNC":718871,"RazaoSocia":"PGM PART. S/C LTDA. (ANTIGO AUTO POSTO APACHE LTDA.)","Termo_AR":"0559/2016","Atividade":"posto de serviLo"},"geometry":{"type":"Polygon","coordinates":[[[-46.696617,-23.671613],[-46.696833,-23.672414],[-46.695961,-23.672442],[-46.695981,-23.671737],[-46.696617,-23.671613]]]}},{"type":"Feature","properties":{"NMUNCP":100,"NSEQNC":719220,"RazaoSocia":"FoRMULA SHELL AUTO POSTO LTDA.","Termo_AR":" ","Atividade":"posto de serviAo"},"geometry":{"type":"Polygon","coordinates":[[[-46.678503,-23.668321],[-46.677975,-23.668365],[-46.67734,-23.667294],[-46.6775,-23.667198],[-46.678503,-23.668321]]]}},{"type":"Feature","properties":{"NMUNCP":100,"NSEQNC":719540,"RazaoSocia":"AUTO POSTO LAGANA LTDA.","Termo_AR":"1131/2019","Atividade":"posto de serviAo"},"geometry":{"type":"Polygon","coordinates":[[[-46.737039,-23.631589],[-46.736788,-23.632235],[-46.73636,-23.632137],[-46.736637,-23.631563],[-46.737039,-23.631589]]]}},{"type":"Feature","properties":{"NMUNCP":100,"NSEQNC":789218,"RazaoSocia":"OBRAMAX ATACADO DA CONSTRUTDO (CABO FRIO INC.) LTDA (ANTIGA COMG","Termo_AR":"0729/2017","Atividade":"ind9stria"},"geometry":{"type":"Polygon","coordinates":[[[-46.612833,-23.560659],[-46.612117,-23.562129],[-46.610082,-23.561581],[-46.610864,-23.559867],[-46.612833,-23.560659]]]}},{"type":"Feature","properties":{"NMUNCP":100,"NSEQNC":792634,"RazaoSocia":"CONDOMrNIO BOSQUE DE BRAGANDA (ROSSI TRUST E PART. LTDA.)","Termo_AR":"0436/2016","Atividade":"ind6stria"},"geometry":{"type":"Polygon","coordinates":[[[-46.565104,-23.544275],[-46.565219,-23.543808],[-46.565612,-23.543887],[-46.565494,-23.544351],[-46.565104,-23.544275]]]}},{"type":"Feature","properties":{"NMUNCP":100,"NSEQNC":800258,"RazaoSocia":"AUTO POSTO PARADISE LTDA.","Termo_AR":"0679/2017","Atividade":"posto de serviAo"},"geometry":{"type":"Polygon","coordinates":[[[-46.492415,-23.51361],[-46.492891,-23.514184],[-46.492316,-23.514352],[-46.491937,-23.513778],[-46.492415,-23.51361]]]}},{"type":"Feature","properties":{"NMUNCP":100,"NSEQNC":805444,"RazaoSocia":"AUTO POSTO DO CARMO LTDA.","Termo_AR":"0531/2016","Atividade":"posto de serviCo"},"geometry":{"type":"Polygon","coordinates":[[[-46.473557,-23.571894],[-46.473114,-23.572666],[-46.472415,-23.572329],[-46.473123,-23.57169],[-46.473557,-23.571894]]]}},{"type":"Feature","properties":{"NMUNCP":100,"NSEQNC":805459,"RazaoSocia":"POSTO DE COMBUST","Termo_AR":"1193/2019","Atividade":"posto de serviSo"},"geometry":{"type":"Polygon","coordinates":[[[-46.525182,-23.594207],[-46.525435,-23.594033],[-46.525735,-23.594626],[-46.52553,-23.594691],[-46.525182,-23.594207]]]}},{"type":"Feature","properties":{"NMUNCP":100,"NSEQNC":815930,"RazaoSocia":"ATENTO BRASIL S/A (BELENZINHO INVEST. IMOB. E PART. S/A)","Termo_AR":" ","Atividade":"posto de serviSo"},"geometry":{"type":"Polygon","coordinates":[[[-46.589371,-23.545153],[-46.589179,-23.546041],[-46.58822,-23.545864],[-46.588412,-23.544977],[-46.589371,-23.545153]]]}},{"type":"Feature","properties":{"NMUNCP":100,"NSEQNC":820406,"RazaoSocia":"ELETROPAULO METROPOLITANA ELETRICIDADE DE SP S/A (AES LUZ)","Termo_AR":"0703/2017","Atividade":"com3rcio"},"geometry":{"type":"Polygon","coordinates":[[[-46.631628,-23.535514],[-46.631787,-23.536005],[-46.628851,-23.536752],[-46.628561,-23.535812],[-46.631628,-23.535514]]]}},{"type":"Feature","properties":{"NMUNCP":100,"NSEQNC":821220,"RazaoSocia":"AUTO POSTO JORUHI LTDA.","Termo_AR":"0239/2015","Atividade":"posto de serviUo"},"geometry":{"type":"Polygon","coordinates":[[[-46.66978,-23.595432],[-46.670041,-23.596032],[-46.669588,-23.596057],[-46.669569,-23.595434],[-46.66978,-23.595432]]]}},{"type":"Feature","properties":{"NMUNCP":100,"NSEQNC":822844,"RazaoSocia":"DUAL AUTO POSTO LTDA.","Termo_AR":"0322/2015","Atividade":"posto de serviOo"},"geometry":{"type":"Polygon","coordinates":[[[-46.721305,-23.513853],[-46.721419,-23.513761],[-46.721594,-23.513967],[-46.721363,-23.514087],[-46.721305,-23.513853]]]}},{"type":"Feature","properties":{"NMUNCP":100,"NSEQNC":823090,"RazaoSocia":"DIVINO SERVIvOS AUTOMOTIVOS LTDA.","Termo_AR":"0670/2017","Atividade":"posto de serviSo"},"geometry":{"type":"Polygon","coordinates":[[[-46.658919,-23.605237],[-46.65938,-23.60443],[-46.659962,-23.605423],[-46.659442,-23.605794],[-46.658919,-23.605237]]]}},{"type":"Feature","properties":{"NMUNCP":100,"NSEQNC":826258,"RazaoSocia":"POSTO DE SERVISOS IMARTS LTDA.","Termo_AR":" ","Atividade":"posto de serviSo"},"geometry":{"type":"Polygon","coordinates":[[[-46.665665,-23.612676],[-46.665915,-23.612478],[-46.66622,-23.612799],[-46.665975,-23.613003],[-46.665665,-23.612676]]]}},{"type":"Feature","properties":{"NMUNCP":100,"NSEQNC":828338,"RazaoSocia":"AUTO POSTO VILA UNIVERSITLRIA LTDA. (ANTIGO GOLD SERVILOS AUTOMOTIVOS)","Termo_AR":"0773/2017","Atividade":"posto de serviAo"},"geometry":{"type":"Polygon","coordinates":[[[-46.742874,-23.568069],[-46.742469,-23.568534],[-46.741777,-23.568054],[-46.74225,-23.567552],[-46.742874,-23.568069]]]}},{"type":"Feature","properties":{"NMUNCP":100,"NSEQNC":829519,"RazaoSocia":"AUTO POSTO PIRAo LTDA.","Termo_AR":"0996/2018","Atividade":"posto de serviAo"},"geometry":{"type":"Polygon","coordinates":[[[-46.666142,-23.607857],[-46.666648,-23.608403],[-46.666367,-23.608595],[-46.66586,-23.608068],[-46.666142,-23.607857]]]}},{"type":"Feature","properties":{"NMUNCP":100,"NSEQNC":830075,"RazaoSocia":"CENTRO AUTOMOTIVO PORTO FINO LTDA.","Termo_AR":"0432/2016","Atividade":"posto de serviIo"},"geometry":{"type":"Polygon","coordinates":[[[-46.741647,-23.521822],[-46.74165,-23.52202],[-46.741406,-23.522086],[-46.741373,-23.521825],[-46.741647,-23.521822]]]}},{"type":"Feature","properties":{"NMUNCP":100,"NSEQNC":832507,"RazaoSocia":"CONDOMdNIO COLLINA PARQUE DOS PRANCIPES (SETIN EMPR. IMOB. LTDA.)","Termo_AR":" ","Atividade":"indDstria"},"geometry":{"type":"Polygon","coordinates":[[[-46.7728,-23.578931],[-46.77307,-23.580476],[-46.772255,-23.581369],[-46.769832,-23.579438],[-46.7728,-23.578931]]]}},{"type":"Feature","properties":{"NMUNCP":100,"NSEQNC":835755,"RazaoSocia":"POSTO DE SERVILOS MAKTOOB LTDA.","Termo_AR":"1079/2018","Atividade":"posto de serviLo"},"geometry":{"type":"Polygon","coordinates":[[[-46.651891,-23.601381],[-46.651681,-23.601844],[-46.651005,-23.601842],[-46.650947,-23.601166],[-46.651891,-23.601381]]]}},{"type":"Feature","properties":{"NMUNCP":100,"NSEQNC":851457,"RazaoSocia":"AUTO POSTO 1v DE ABRIL LTDA.","Termo_AR":"0528/2016","Atividade":"posto de serviDo"},"geometry":{"type":"Polygon","coordinates":[[[-46.778815,-23.578181],[-46.779031,-23.578937],[-46.778433,-23.578917],[-46.778385,-23.578258],[-46.778815,-23.578181]]]}},{"type":"Feature","properties":{"NMUNCP":100,"NSEQNC":857434,"RazaoSocia":"SHOPPING IGUATEMI SRO PAULO (SHOPPING CENTERS REUNIDOS DO BRASIL LTDA)","Termo_AR":"0884/2017","Atividade":"posto de serviEo"},"geometry":{"type":"Polygon","coordinates":[[[-46.688646,-23.577617],[-46.689232,-23.577925],[-46.688806,-23.578605],[-46.688205,-23.578276],[-46.688646,-23.577617]]]}},{"type":"Feature","properties":{"NMUNCP":100,"NSEQNC":863933,"RazaoSocia":"METRo (LINHA 6 LARANJA) (ESTASHO SANTA MARINA) (POSTO MARBONO LTDA.)","Termo_AR":" ","Atividade":"posto de servi o"},"geometry":{"type":"Polygon","coordinates":[[[-46.691911,-23.513967],[-46.691802,-23.515327],[-46.690806,-23.515269],[-46.690926,-23.513914],[-46.691911,-23.513967]]]}},{"type":"Feature","properties":{"NMUNCP":100,"NSEQNC":865910,"RazaoSocia":"CONDOMdNIO TRIBECA NOVA LEOPOLDINA (BLUE WHALE EVEN EMPR. IMOB. LTDA.)","Termo_AR":" ","Atividade":"indDstria"},"geometry":{"type":"Polygon","coordinates":[[[-46.741322,-23.52955],[-46.74085,-23.530039],[-46.739317,-23.528829],[-46.7398,-23.528338],[-46.741322,-23.52955]]]}},{"type":"Feature","properties":{"NMUNCP":100,"NSEQNC":866912,"RazaoSocia":"POSTO PROVIDRNCIA II  LTDA. (ANT. AUTO POSTO SETA OESTE LTDA.)","Termo_AR":"1218/2019","Atividade":"posto de serviCo"},"geometry":{"type":"Polygon","coordinates":[[[-46.757981,-23.56816],[-46.758104,-23.568565],[-46.757988,-23.568711],[-46.757385,-23.568275],[-46.757981,-23.56816]]]}},{"type":"Feature","properties":{"NMUNCP":100,"NSEQNC":866927,"RazaoSocia":"AUTO POSTO TORRE DE DONA CHAMA LTDA.","Termo_AR":"0861/2017","Atividade":"posto de serviRo"},"geometry":{"type":"Polygon","coordinates":[[[-46.693379,-23.555269],[-46.693272,-23.555426],[-46.692905,-23.555207],[-46.693008,-23.555053],[-46.693379,-23.555269]]]}},{"type":"Feature","properties":{"NMUNCP":100,"NSEQNC":867188,"RazaoSocia":"PROSSEGUR BRASIL S/A","Termo_AR":"0377/2016","Atividade":"posto de serviIo"},"geometry":{"type":"Polygon","coordinates":[[[-46.675753,-23.523527],[-46.677053,-23.523422],[-46.67713,-23.524339],[-46.675826,-23.524431],[-46.675753,-23.523527]]]}},{"type":"Feature","properties":{"NMUNCP":100,"NSEQNC":869978,"RazaoSocia":"PORTAL DO RIO PEQUENO AUTO POSTO LTDA.","Termo_AR":"0457/2016","Atividade":"posto de serviPo"},"geometry":{"type":"Polygon","coordinates":[[[-46.756733,-23.56933],[-46.756569,-23.569567],[-46.756302,-23.569326],[-46.756456,-23.569126],[-46.756733,-23.56933]]]}},{"type":"Feature","properties":{"NMUNCP":100,"NSEQNC":881414,"RazaoSocia":"AUTO POSTO PESSEGUO LTDA.","Termo_AR":" ","Atividade":"posto de serviSo"},"geometry":{"type":"Polygon","coordinates":[[[-46.4499,-23.53835],[-46.450412,-23.538598],[-46.450419,-23.539221],[-46.449582,-23.538805],[-46.4499,-23.53835]]]}},{"type":"Feature","properties":{"NMUNCP":100,"NSEQNC":952696,"RazaoSocia":"JALICO EMPR. LTDA.","Termo_AR":"0385/2016, 0392/2016","Atividade":"res5duo"},"geometry":{"type":"Polygon","coordinates":[[[-46.480959,-23.560147],[-46.479681,-23.560656],[-46.478887,-23.558857],[-46.480558,-23.559374],[-46.480959,-23.560147]]]}},{"type":"Feature","properties":{"NMUNCP":100,"NSEQNC":971076,"RazaoSocia":"CONDOMoNIO LE CHAMP BELAM (CYRELA LAMBARI EMPR. IMOB. LTDA.)","Termo_AR":" ","Atividade":"desconhecido"},"geometry":{"type":"Polygon","coordinates":[[[-46.586022,-23.541131],[-46.586603,-23.541378],[-46.586472,-23.54193],[-46.586001,-23.541836],[-46.586022,-23.541131]]]}},{"type":"Feature","properties":{"NMUNCP":100,"NSEQNC":1002942,"RazaoSocia":"GOLD COLcMBIA EMPR. IMOB. SPE LTDA.","Termo_AR":" ","Atividade":"indDstria"},"geometry":{"type":"Polygon","coordinates":[[[-46.480319,-23.594461],[-46.477874,-23.59477],[-46.47716,-23.593695],[-46.479209,-23.593132],[-46.480319,-23.594461]]]}},{"type":"Feature","properties":{"NMUNCP":100,"NSEQNC":1003451,"RazaoSocia":"BRISTOL AUTO POSTO E SERVISOS LTDA.","Termo_AR":"0327/2015","Atividade":"posto de serviOo"},"geometry":{"type":"Polygon","coordinates":[[[-46.571977,-23.556842],[-46.572297,-23.557408],[-46.571927,-23.557574],[-46.571616,-23.55699],[-46.571977,-23.556842]]]}},{"type":"Feature","properties":{"NMUNCP":100,"NSEQNC":1005226,"RazaoSocia":"CONDOMdNIO RESID. PYETRA LIFE CONDOMINIUM (HANAIRAM EMPR. E PART. LTDA","Termo_AR":" ","Atividade":"indDstria"},"geometry":{"type":"Polygon","coordinates":[[[-46.590505,-23.544183],[-46.590518,-23.545203],[-46.589538,-23.545213],[-46.589526,-23.544193],[-46.590505,-23.544183]]]}},{"type":"Feature","properties":{"NMUNCP":100,"NSEQNC":1005546,"RazaoSocia":"CONDOMrNIO LUMINA PARQUE CLUBE (MARSHALL EMPR. LTDA.)","Termo_AR":" ","Atividade":"indDstria"},"geometry":{"type":"Polygon","coordinates":[[[-46.591396,-23.538376],[-46.591356,-23.539153],[-46.589846,-23.539024],[-46.589935,-23.538256],[-46.591396,-23.538376]]]}},{"type":"Feature","properties":{"NMUNCP":100,"NSEQNC":1006290,"RazaoSocia":"MnVEIS RICCL LTDA. (ANTIGO AUTO POSTO GALO DE PRATA)","Termo_AR":"1104/2018","Atividade":"posto de serviTo"},"geometry":{"type":"Polygon","coordinates":[[[-46.607353,-23.532391],[-46.607128,-23.532571],[-46.606712,-23.532065],[-46.606969,-23.531887],[-46.607353,-23.532391]]]}},{"type":"Feature","properties":{"NMUNCP":100,"NSEQNC":1008239,"RazaoSocia":"CONDOMdNIO RESID. ATUA (ATUA GTIS HIP DROMO EMPR. LTDA.)","Termo_AR":"0659/2017","Atividade":"ind9stria"},"geometry":{"type":"Polygon","coordinates":[[[-46.609669,-23.545533],[-46.609665,-23.546307],[-46.608494,-23.546309],[-46.608491,-23.545535],[-46.609669,-23.545533]]]}},{"type":"Feature","properties":{"NMUNCP":100,"NSEQNC":1011369,"RazaoSocia":"CONDOMrNIO WAY PENHA (FARROUPILHA EMPR. IMOB. LTDA.)","Termo_AR":"0444/2016","Atividade":"ind4stria"},"geometry":{"type":"Polygon","coordinates":[[[-46.544493,-23.532428],[-46.545063,-23.530988],[-46.546439,-23.531446],[-46.545573,-23.532798],[-46.544493,-23.532428]]]}},{"type":"Feature","properties":{"NMUNCP":100,"NSEQNC":1012126,"RazaoSocia":"FERCOI S/A DIVISEO SETEFER","Termo_AR":"0002/2014, 0007/2014","Atividade":"ind2stria"},"geometry":{"type":"Polygon","coordinates":[[[-46.597881,-23.577109],[-46.596073,-23.580904],[-46.59491,-23.581003],[-46.596945,-23.576729],[-46.597881,-23.577109]]]}},{"type":"Feature","properties":{"NMUNCP":100,"NSEQNC":1014668,"RazaoSocia":"CONDOMrNIO I AM TATUAPE (PARTIFIB PROJ. IMOB. CELSO GARCIA LTDA.)","Termo_AR":"0693/2017","Atividade":"ind3stria"},"geometry":{"type":"Polygon","coordinates":[[[-46.581119,-23.536117],[-46.578685,-23.53614],[-46.579626,-23.53176],[-46.581909,-23.532466],[-46.581119,-23.536117]]]}},{"type":"Feature","properties":{"NMUNCP":100,"NSEQNC":1014687,"RazaoSocia":"PARTIFIB PROJETOS IMOBILIPRIOS THE GARDENS SPRING LTDA.","Termo_AR":"0362/2017","Atividade":"ind2stria"},"geometry":{"type":"Polygon","coordinates":[[[-46.581121,-23.535952],[-46.578683,-23.535977],[-46.579622,-23.531759],[-46.581912,-23.532468],[-46.581121,-23.535952]]]}},{"type":"Feature","properties":{"NMUNCP":100,"NSEQNC":1016700,"RazaoSocia":"KOALA EVEN EMPR. IMOB. LTDA.","Termo_AR":"0079/2014","Atividade":"ind9stria"},"geometry":{"type":"Polygon","coordinates":[[[-46.512918,-23.568119],[-46.512217,-23.567479],[-46.512917,-23.566838],[-46.513614,-23.567472],[-46.512918,-23.568119]]]}},{"type":"Feature","properties":{"NMUNCP":100,"NSEQNC":1017702,"RazaoSocia":"CONDOMrNIO MODERNA MOOCA (VILA FELICITD EMPR. IMOB. SPE LTDA.)","Termo_AR":"1227/2019","Atividade":"ind7stria"},"geometry":{"type":"Polygon","coordinates":[[[-46.580015,-23.563019],[-46.579493,-23.563611],[-46.578883,-23.563392],[-46.57954,-23.562653],[-46.580015,-23.563019]]]}},{"type":"Feature","properties":{"NMUNCP":100,"NSEQNC":1018250,"RazaoSocia":"CONDOMrNIO YOU OFFICES IBITIRAMA (YOU 4 EMPR. IMOB. LTDA.) (AP IBERO)","Termo_AR":" ","Atividade":"posto de servi o"},"geometry":{"type":"Polygon","coordinates":[[[-46.585389,-23.582816],[-46.585102,-23.583436],[-46.584204,-23.583138],[-46.584526,-23.582521],[-46.585389,-23.582816]]]}},{"type":"Feature","properties":{"NMUNCP":100,"NSEQNC":1019534,"RazaoSocia":"CONDOMdNIO SOLARE RESIDENCIAL (GOLD GANA EMPR. IMOB. SPE LTDA.)","Termo_AR":"0182/2015","Atividade":"res2duo"},"geometry":{"type":"Polygon","coordinates":[[[-46.450717,-23.525035],[-46.449646,-23.52434],[-46.449373,-23.523485],[-46.450434,-23.524184],[-46.450717,-23.525035]]]}},{"type":"Feature","properties":{"NMUNCP":100,"NSEQNC":1020103,"RazaoSocia":"CONDOMoNIO ESTAREES MOOCA (MARIA DAFFRN 235 EMPR. IMOB. LTDA.)","Termo_AR":"0267/2015","Atividade":"ind7stria"},"geometry":{"type":"Polygon","coordinates":[[[-46.588311,-23.583653],[-46.588334,-23.585574],[-46.587161,-23.584705],[-46.587149,-23.583669],[-46.588311,-23.583653]]]}},{"type":"Feature","properties":{"NMUNCP":100,"NSEQNC":1020211,"RazaoSocia":"CONDOMrNIO VIVACE PARK (CONDESSA EMPR. IMOB. LTDA.)","Termo_AR":" ","Atividade":"indDstria"},"geometry":{"type":"Polygon","coordinates":[[[-46.562609,-23.524987],[-46.561921,-23.526265],[-46.560307,-23.526468],[-46.56021,-23.524054],[-46.562609,-23.524987]]]}},{"type":"Feature","properties":{"NMUNCP":100,"NSEQNC":1020226,"RazaoSocia":"CONDOMrNIO VIVACE PARK (WAURE EMPR. IMOB. LTDA.)","Termo_AR":"0202/2015","Atividade":"ind2stria"},"geometry":{"type":"Polygon","coordinates":[[[-46.563307,-23.523643],[-46.561737,-23.526738],[-46.560148,-23.526492],[-46.560194,-23.523738],[-46.563307,-23.523643]]]}},{"type":"Feature","properties":{"NMUNCP":100,"NSEQNC":1020527,"RazaoSocia":"AUTO POSTO TOTAL CAR LTDA.","Termo_AR":"1092/2018","Atividade":"posto de serviAo"},"geometry":{"type":"Polygon","coordinates":[[[-46.499006,-23.578478],[-46.498963,-23.578966],[-46.498514,-23.579106],[-46.498196,-23.57872],[-46.499006,-23.578478]]]}},{"type":"Feature","properties":{"NMUNCP":100,"NSEQNC":1020635,"RazaoSocia":"CONDOMdNIO ANiLIA FRANCO OFFICES (LIZARD EVEN EMPR. IMOB. LTDA.)","Termo_AR":" ","Atividade":"comDrcio"},"geometry":{"type":"Polygon","coordinates":[[[-46.569694,-23.558503],[-46.570239,-23.559509],[-46.569435,-23.559876],[-46.56891,-23.558854],[-46.569694,-23.558503]]]}},{"type":"Feature","properties":{"NMUNCP":100,"NSEQNC":1020710,"RazaoSocia":"CONCESSION RIA CHEVROLET (JALLOL ADM. E PART. LTDA.)","Termo_AR":"0656/2017","Atividade":"posto de servi o"},"geometry":{"type":"Polygon","coordinates":[[[-46.468322,-23.499309],[-46.467788,-23.49972],[-46.467305,-23.498515],[-46.467968,-23.49831],[-46.468322,-23.499309]]]}},{"type":"Feature","properties":{"NMUNCP":100,"NSEQNC":1020940,"RazaoSocia":"OZZI PERFUMARIA (PATRLCIA NASCIMENTO DOS SANTOS LTDA.)","Termo_AR":"0617/2016","Atividade":"posto de serviAo"},"geometry":{"type":"Polygon","coordinates":[[[-46.541041,-23.574436],[-46.54091,-23.574194],[-46.541183,-23.574038],[-46.541353,-23.574307],[-46.541041,-23.574436]]]}},{"type":"Feature","properties":{"NMUNCP":100,"NSEQNC":1026078,"RazaoSocia":"CONDOMdNIO AXIS BUSINESS TOWER (SPE STX 11 DESENV. IMOB. S/A)","Termo_AR":"0397/2016","Atividade":"com7rcio"},"geometry":{"type":"Polygon","coordinates":[[[-46.580923,-23.54065],[-46.57949,-23.540376],[-46.581163,-23.539392],[-46.581214,-23.5396],[-46.580923,-23.54065]]]}},{"type":"Feature","properties":{"NMUNCP":100,"NSEQNC":1100134,"RazaoSocia":"AUTO POSTO THABOR LTDA.","Termo_AR":"0837/2017","Atividade":"posto de serviBo"},"geometry":{"type":"Polygon","coordinates":[[[-46.608848,-23.576865],[-46.608843,-23.577289],[-46.607921,-23.577217],[-46.607902,-23.57645],[-46.608848,-23.576865]]]}},{"type":"Feature","properties":{"NMUNCP":100,"NSEQNC":1100440,"RazaoSocia":"JET PARK SERVIBOS AUTOMOTIVOS LTDA.","Termo_AR":"0943/2018","Atividade":"posto de serviBo"},"geometry":{"type":"Polygon","coordinates":[[[-46.639157,-23.564733],[-46.638744,-23.564847],[-46.638635,-23.564423],[-46.639055,-23.564346],[-46.639157,-23.564733]]]}},{"type":"Feature","properties":{"NMUNCP":100,"NSEQNC":1100581,"RazaoSocia":"CONDOMdNIO YOU PATEO SANTA CRUZ (CONCORD INC. IMOB. LTDA.)","Termo_AR":"0484/2016","Atividade":"ind4stria"},"geometry":{"type":"Polygon","coordinates":[[[-46.619698,-23.609937],[-46.617537,-23.61047],[-46.61696,-23.608389],[-46.619239,-23.608251],[-46.619698,-23.609937]]]}},{"type":"Feature","properties":{"NMUNCP":100,"NSEQNC":1100830,"RazaoSocia":"AUTO POSTO GUSA LTDA.","Termo_AR":"1067/2018","Atividade":"posto de serviAo"},"geometry":{"type":"Polygon","coordinates":[[[-46.584884,-23.631528],[-46.584918,-23.631112],[-46.585429,-23.631161],[-46.585404,-23.631559],[-46.584884,-23.631528]]]}},{"type":"Feature","properties":{"NMUNCP":100,"NSEQNC":1101000,"RazaoSocia":"CONDOMdNIO ESCRITTRIOS MOOCA (CYRELA ACONCNGUA EMPR. IMOB. LTDA.)","Termo_AR":" ","Atividade":"posto de serviRo"},"geometry":{"type":"Polygon","coordinates":[[[-46.60631,-23.552708],[-46.604833,-23.552849],[-46.605524,-23.551677],[-46.60652,-23.552191],[-46.60631,-23.552708]]]}},{"type":"Feature","properties":{"NMUNCP":100,"NSEQNC":1101211,"RazaoSocia":"CONDOMdNIO VERUM MOOCA (ORAT RIO INC. IMOB. LTDA.)","Termo_AR":" ","Atividade":"indDstria"},"geometry":{"type":"Polygon","coordinates":[[[-46.59897,-23.556486],[-46.599479,-23.557248],[-46.599071,-23.557496],[-46.598562,-23.556743],[-46.59897,-23.556486]]]}},{"type":"Feature","properties":{"NMUNCP":100,"NSEQNC":1210423,"RazaoSocia":"CONDOMrNIO BRAZ LEME OFFICES (DILI EMPR. E PART. LTDA.)","Termo_AR":"0061/2014","Atividade":"posto de serviZo"},"geometry":{"type":"Polygon","coordinates":[[[-46.651866,-23.512971],[-46.652584,-23.512916],[-46.652726,-23.513824],[-46.651986,-23.513799],[-46.651866,-23.512971]]]}},{"type":"Feature","properties":{"NMUNCP":100,"NSEQNC":1210890,"RazaoSocia":"CONDOMdNIO WAY VILA GUILHERME (LIVING PANAMP EMPR. IMOB. LTDA.)","Termo_AR":" ","Atividade":"indDstria"},"geometry":{"type":"Polygon","coordinates":[[[-46.605784,-23.516338],[-46.606181,-23.517006],[-46.605303,-23.51739],[-46.604918,-23.516724],[-46.605784,-23.516338]]]}},{"type":"Feature","properties":{"NMUNCP":100,"NSEQNC":1214980,"RazaoSocia":"CONDOMrNIO MATRIZ FREGUESIA DO L (GOIAN EMPR. IMOB. LTDA.)","Termo_AR":" ","Atividade":"indDstria"},"geometry":{"type":"Polygon","coordinates":[[[-46.701384,-23.50075],[-46.701079,-23.501383],[-46.700563,-23.501169],[-46.700867,-23.500537],[-46.701384,-23.50075]]]}},{"type":"Feature","properties":{"NMUNCP":100,"NSEQNC":1216044,"RazaoSocia":"CONDOMrNIO HOMENAGEM JAEANA (BAIRRO NOVO EDU CHAVES EMPR. IMOB. LTDA.)","Termo_AR":"0355/2016, 0356/2016","Atividade":"posto de servi6o"},"geometry":{"type":"Polygon","coordinates":[[[-46.565413,-23.483687],[-46.566003,-23.482655],[-46.567594,-23.483458],[-46.567023,-23.48442],[-46.565413,-23.483687]]]}},{"type":"Feature","properties":{"NMUNCP":100,"NSEQNC":1300210,"RazaoSocia":"EG AUTO POSTO LTDA.","Termo_AR":" ","Atividade":"posto de serviLo"},"geometry":{"type":"Polygon","coordinates":[[[-46.742963,-23.643693],[-46.742933,-23.644425],[-46.74261,-23.644437],[-46.742326,-23.6437],[-46.742963,-23.643693]]]}},{"type":"Feature","properties":{"NMUNCP":100,"NSEQNC":1301603,"RazaoSocia":"AUTO POSTO MOVIMENTO LTDA.","Termo_AR":"0081/2014","Atividade":"posto de serviIo"},"geometry":{"type":"Polygon","coordinates":[[[-46.670356,-23.68045],[-46.670242,-23.680018],[-46.670741,-23.679913],[-46.670688,-23.680374],[-46.670356,-23.68045]]]}},{"type":"Feature","properties":{"NMUNCP":100,"NSEQNC":1301745,"RazaoSocia":"AUTO POSTO ALCANTARA LTDA.","Termo_AR":"0939/2018","Atividade":"posto de serviAo"},"geometry":{"type":"Polygon","coordinates":[[[-46.715476,-23.696129],[-46.715495,-23.696824],[-46.714437,-23.696872],[-46.714398,-23.696168],[-46.715476,-23.696129]]]}},{"type":"Feature","properties":{"NMUNCP":100,"NSEQNC":1303030,"RazaoSocia":"NOVO GUERREIRO AUTO POSTO LTDA.","Termo_AR":"0304/2015","Atividade":"posto de servi o"},"geometry":{"type":"Polygon","coordinates":[[[-46.660778,-23.675144],[-46.661011,-23.67571],[-46.660425,-23.675888],[-46.660147,-23.67562],[-46.660778,-23.675144]]]}},{"type":"Feature","properties":{"NMUNCP":100,"NSEQNC":1303134,"RazaoSocia":"VIDA NOVA POSTO DE SERVIOOS LTDA.","Termo_AR":"1205/2019","Atividade":"posto de serviOo"},"geometry":{"type":"Polygon","coordinates":[[[-46.640122,-23.65107],[-46.64022,-23.651484],[-46.639796,-23.651638],[-46.639587,-23.651265],[-46.640122,-23.65107]]]}},{"type":"Feature","properties":{"NMUNCP":100,"NSEQNC":1304014,"RazaoSocia":"CENTRO AUTOMOTIVO LAGOS ANDINOS LTDA.","Termo_AR":"0555/2016","Atividade":"posto de serviIo"},"geometry":{"type":"Polygon","coordinates":[[[-46.627561,-23.633226],[-46.627606,-23.633677],[-46.626939,-23.633639],[-46.626943,-23.633215],[-46.627561,-23.633226]]]}},{"type":"Feature","properties":{"NMUNCP":100,"NSEQNC":1304230,"RazaoSocia":"CONDOMdNIO MORUMBI CORPORATE (MULTIPLAN EMPR. IMOB. S/A)","Termo_AR":" ","Atividade":"indDstria"},"geometry":{"type":"Polygon","coordinates":[[[-46.700735,-23.624892],[-46.700547,-23.624893],[-46.700723,-23.624759],[-46.700735,-23.624761],[-46.700735,-23.624892]]]}},{"type":"Feature","properties":{"NMUNCP":100,"NSEQNC":1304917,"RazaoSocia":"AUTO POSTO PARQUE GUARAPIRANGA LTDA.","Termo_AR":"0761/2017","Atividade":"posto de serviQo"},"geometry":{"type":"Polygon","coordinates":[[[-46.735069,-23.673201],[-46.734394,-23.673272],[-46.734475,-23.67272],[-46.735001,-23.672479],[-46.735069,-23.673201]]]}},{"type":"Feature","properties":{"NMUNCP":100,"NSEQNC":1304921,"RazaoSocia":"CENTRO AUTOMOTIVO C.H.M.R. LTDA.","Termo_AR":"0673/2017","Atividade":"posto de serviIo"},"geometry":{"type":"Polygon","coordinates":[[[-46.688503,-23.731381],[-46.68867,-23.732156],[-46.687955,-23.732281],[-46.687789,-23.731506],[-46.688503,-23.731381]]]}},{"type":"Feature","properties":{"NMUNCP":100,"NSEQNC":1306058,"RazaoSocia":"CONDOMdNIO ESPAoO EMPRESARIAL NA","Termo_AR":" ","Atividade":"posto de serviAo"},"geometry":{"type":"Polygon","coordinates":[[[-46.714377,-23.629889],[-46.715072,-23.630613],[-46.714121,-23.631318],[-46.713444,-23.630504],[-46.714377,-23.629889]]]}},{"type":"Feature","properties":{"NMUNCP":100,"NSEQNC":1311431,"RazaoSocia":"CONDOMdNIO VERDI SPAZIO (EVEN-SP 46/10 EMPR. IMOB. LTDA.)","Termo_AR":"0245/2015","Atividade":"ind5stria"},"geometry":{"type":"Polygon","coordinates":[[[-46.667301,-23.659257],[-46.666969,-23.659649],[-46.666141,-23.65905],[-46.666486,-23.658672],[-46.667301,-23.659257]]]}},{"type":"Feature","properties":{"NMUNCP":100,"NSEQNC":1312190,"RazaoSocia":"POSTO JARDIM 10 LTDA.","Termo_AR":"0911/2018","Atividade":"posto de servi0o"},"geometry":{"type":"Polygon","coordinates":[[[-46.730443,-23.644998],[-46.730678,-23.645736],[-46.73021,-23.645922],[-46.729682,-23.645232],[-46.730443,-23.644998]]]}},{"type":"Feature","properties":{"NMUNCP":100,"NSEQNC":1313047,"RazaoSocia":"QUEIROZ GALVvO PAULISTA 6 DESENV. IMOB. LTDA.","Termo_AR":"0727/2017","Atividade":"ind7stria"},"geometry":{"type":"Polygon","coordinates":[[[-46.703636,-23.628481],[-46.704126,-23.629198],[-46.703338,-23.629685],[-46.702819,-23.62896],[-46.703636,-23.628481]]]}},{"type":"Feature","properties":{"NMUNCP":100,"NSEQNC":1313090,"RazaoSocia":"AUTO POSTO DUMAR LTDA.","Termo_AR":"0907/2018","Atividade":"posto de serviAo"},"geometry":{"type":"Polygon","coordinates":[[[-46.665451,-23.673333],[-46.665689,-23.673547],[-46.665486,-23.673739],[-46.665238,-23.673525],[-46.665451,-23.673333]]]}},{"type":"Feature","properties":{"NMUNCP":100,"NSEQNC":1317194,"RazaoSocia":"CONDOMdNIO HD873 CORPORATE ( HALW1 EMPR. IMOB. SPE LTDA. )","Termo_AR":" ","Atividade":"indDstria"},"geometry":{"type":"Polygon","coordinates":[[[-46.700315,-23.627184],[-46.699535,-23.627197],[-46.698708,-23.627206],[-46.69921,-23.626745],[-46.700315,-23.627184]]]}},{"type":"Feature","properties":{"NMUNCP":100,"NSEQNC":1319787,"RazaoSocia":"CONDOMrNIO HELBOR UP OFFICES BERRINI (HESA 88 INVEST. IMOB. LTDA.)","Termo_AR":"0691/2017; 0990/2018","Atividade":"ind1stria"},"geometry":{"type":"Polygon","coordinates":[[[-46.69523,-23.621114],[-46.695648,-23.622365],[-46.693753,-23.622837],[-46.693434,-23.621622],[-46.69523,-23.621114]]]}},{"type":"Feature","properties":{"NMUNCP":100,"NSEQNC":1400315,"RazaoSocia":"PORTAL DO EDUCAND0RIO AUTO POSTO LTDA.","Termo_AR":"0468/2016","Atividade":"posto de serviAo"},"geometry":{"type":"Polygon","coordinates":[[[-46.7677,-23.589761],[-46.767687,-23.590341],[-46.767179,-23.590328],[-46.767187,-23.589732],[-46.7677,-23.589761]]]}},{"type":"Feature","properties":{"NMUNCP":100,"NSEQNC":1404570,"RazaoSocia":"CONDOMdNIO JARDINS DA BARRA (COMERCIAL E IMOB. NGUA BRANCA S/A)","Termo_AR":"0626/2016, 0628/2016","Atividade":"res6duo"},"geometry":{"type":"Polygon","coordinates":[[[-46.689425,-23.513036],[-46.688254,-23.515449],[-46.686324,-23.515974],[-46.686107,-23.511687],[-46.689425,-23.513036]]]}},{"type":"Feature","properties":{"NMUNCP":100,"NSEQNC":1405183,"RazaoSocia":"AUTO POSTO OZ2RIO LTDA.","Termo_AR":"0674/2017","Atividade":"posto de serviRo"},"geometry":{"type":"Polygon","coordinates":[[[-46.598579,-23.593614],[-46.598566,-23.593695],[-46.598399,-23.593681],[-46.598405,-23.593604],[-46.598579,-23.593614]]]}},{"type":"Feature","properties":{"NMUNCP":100,"NSEQNC":1405860,"RazaoSocia":"CONDOMdNIO LA VITA VILA LIVIEIRO (GOLD FLIRIDA EMPR. IMOB. SPE LTDA.)","Termo_AR":" ","Atividade":"indDstria"},"geometry":{"type":"Polygon","coordinates":[[[-46.593552,-23.647161],[-46.591448,-23.645855],[-46.592741,-23.644207],[-46.59501,-23.645322],[-46.593552,-23.647161]]]}},{"type":"Feature","properties":{"NMUNCP":100,"NSEQNC":1408567,"RazaoSocia":"AUTO POSTO METRI VILA MARIANA LTDA.","Termo_AR":"0512/2016","Atividade":"posto de serviRo"},"geometry":{"type":"Polygon","coordinates":[[[-46.635256,-23.589872],[-46.634949,-23.590417],[-46.634164,-23.590317],[-46.634578,-23.589681],[-46.635256,-23.589872]]]}},{"type":"Feature","properties":{"NMUNCP":100,"NSEQNC":1410336,"RazaoSocia":"AUTO POSTO PORTAL DA LAPA LTDA.","Termo_AR":"0534/2016","Atividade":"posto de serviTo"},"geometry":{"type":"Polygon","coordinates":[[[-46.719068,-23.532584],[-46.718835,-23.533498],[-46.718668,-23.5335],[-46.718304,-23.53261],[-46.719068,-23.532584]]]}},{"type":"Feature","properties":{"NMUNCP":100,"NSEQNC":1411076,"RazaoSocia":"CENTRO AUTOMOTIVO PSX58 LTDA. (ANTIGO ATLANTA SEO PAULO AUTO POSTO)","Termo_AR":"0763/2017","Atividade":"posto de serviIo"},"geometry":{"type":"Polygon","coordinates":[[[-46.628386,-23.621487],[-46.629183,-23.622508],[-46.628154,-23.622501],[-46.627994,-23.621482],[-46.628386,-23.621487]]]}},{"type":"Feature","properties":{"NMUNCP":100,"NSEQNC":1411837,"RazaoSocia":"QUELUZ AUTO POSTO LTDA","Termo_AR":"0620/2016","Atividade":"posto de serviSo"},"geometry":{"type":"Polygon","coordinates":[[[-46.643975,-23.55356],[-46.644658,-23.554158],[-46.644241,-23.554505],[-46.643597,-23.553907],[-46.643975,-23.55356]]]}},{"type":"Feature","properties":{"NMUNCP":100,"NSEQNC":1412399,"RazaoSocia":"AUTO POSTO SOLON LTDA.","Termo_AR":"0856/2017","Atividade":"posto de serviOo"},"geometry":{"type":"Polygon","coordinates":[[[-46.64465,-23.525125],[-46.644206,-23.52593],[-46.643924,-23.525797],[-46.644369,-23.524993],[-46.64465,-23.525125]]]}},{"type":"Feature","properties":{"NMUNCP":100,"NSEQNC":1412702,"RazaoSocia":"CONDOMdNIO ATRIUM VI (AGRA INC. LTDA.)","Termo_AR":"1014/2018","Atividade":"ind4stria"},"geometry":{"type":"Polygon","coordinates":[[[-46.694972,-23.568475],[-46.693466,-23.568666],[-46.693359,-23.567622],[-46.694914,-23.567586],[-46.694972,-23.568475]]]}},{"type":"Feature","properties":{"NMUNCP":100,"NSEQNC":1418639,"RazaoSocia":"CONDOMrNIO STATION OFFICES (MAC MONACO EMPR. IMOB. LTDA.)","Termo_AR":" ","Atividade":"posto de serviTo"},"geometry":{"type":"Polygon","coordinates":[[[-46.637794,-23.617886],[-46.638195,-23.617794],[-46.63833,-23.618446],[-46.637886,-23.618555],[-46.637794,-23.617886]]]}},{"type":"Feature","properties":{"NMUNCP":100,"NSEQNC":1420060,"RazaoSocia":"POSTO JIRAU LTDA. (ISIDORO SPERANDIO)","Termo_AR":"0851/2017","Atividade":"posto de serviDo"},"geometry":{"type":"Polygon","coordinates":[[[-46.616631,-23.633964],[-46.61619,-23.6347],[-46.615756,-23.634524],[-46.616002,-23.633753],[-46.616631,-23.633964]]]}},{"type":"Feature","properties":{"NMUNCP":100,"NSEQNC":1421364,"RazaoSocia":"POSTO DE COMBUST","Termo_AR":"0753/2017","Atividade":"posto de serviSo"},"geometry":{"type":"Polygon","coordinates":[[[-46.658686,-23.529239],[-46.658338,-23.52955],[-46.65808,-23.5293],[-46.658428,-23.528989],[-46.658686,-23.529239]]]}},{"type":"Feature","properties":{"NMUNCP":100,"NSEQNC":1421769,"RazaoSocia":"VIA INDEPENDvNCIA COM RCIO VAREJISTA DE COMBUSTNVEIS LTDA.","Termo_AR":"0301/2015","Atividade":"posto de serviCo"},"geometry":{"type":"Polygon","coordinates":[[[-46.609407,-23.601801],[-46.609848,-23.601796],[-46.609805,-23.602329],[-46.609413,-23.602324],[-46.609407,-23.601801]]]}},{"type":"Feature","properties":{"NMUNCP":100,"NSEQNC":1423232,"RazaoSocia":"FENGLING  KUANG (ANT AUTO POSTO MAREL LTDA.)","Termo_AR":"0407/2016","Atividade":"posto de serviGo"},"geometry":{"type":"Polygon","coordinates":[[[-46.63288,-23.557],[-46.633332,-23.557122],[-46.633308,-23.557574],[-46.632839,-23.557624],[-46.63288,-23.557]]]}},{"type":"Feature","properties":{"NMUNCP":100,"NSEQNC":1425030,"RazaoSocia":"CONDOMdNIO ENCONTRO IPIRANGA (CYRELA POLIN.SIA EMPR. IMOB. LTDA.)","Termo_AR":"0297/2015","Atividade":"ind7stria"},"geometry":{"type":"Polygon","coordinates":[[[-46.60511,-23.574059],[-46.605116,-23.574564],[-46.604578,-23.57457],[-46.604572,-23.574064],[-46.60511,-23.574059]]]}},{"type":"Feature","properties":{"NMUNCP":100,"NSEQNC":1425172,"RazaoSocia":"CONDOMrNIO PH.D PERSONAL HOME DESIGN (ESSER ALASKA EMPR. IMOB. LTDA.)","Termo_AR":"0491/2016","Atividade":"ind1stria"},"geometry":{"type":"Polygon","coordinates":[[[-46.666977,-23.520364],[-46.667031,-23.520734],[-46.666014,-23.520862],[-46.665961,-23.520501],[-46.666977,-23.520364]]]}},{"type":"Feature","properties":{"NMUNCP":100,"NSEQNC":1426029,"RazaoSocia":"CONDOMrNIO ESTILO BOM RETIRO (RETICULUM EVEN EMPR. IMOB. LTDA.)","Termo_AR":" ","Atividade":"indDstria"},"geometry":{"type":"Polygon","coordinates":[[[-46.643006,-23.522055],[-46.641805,-23.521562],[-46.642071,-23.520954],[-46.643135,-23.521439],[-46.643006,-23.522055]]]}},{"type":"Feature","properties":{"NMUNCP":100,"NSEQNC":1427394,"RazaoSocia":"CONDOMrNIOS PARQUES, PRATAS E BOSQUES DA LAPA (RAIMUNDO PER. MAG. 817)","Termo_AR":"0443/2016","Atividade":"posto de serviRo"},"geometry":{"type":"Polygon","coordinates":[[[-46.716334,-23.511218],[-46.715437,-23.514003],[-46.713787,-23.513551],[-46.714687,-23.510768],[-46.716334,-23.511218]]]}},{"type":"Feature","properties":{"NMUNCP":100,"NSEQNC":1430575,"RazaoSocia":"CONDOMdNIO BOSQUES DA LAPA (PEACOCK EVEN EMPR. IMOB. LTDA.)","Termo_AR":"0442/2016","Atividade":"ind2stria"},"geometry":{"type":"Polygon","coordinates":[[[-46.716334,-23.511218],[-46.715437,-23.514003],[-46.713787,-23.513551],[-46.714687,-23.510768],[-46.716334,-23.511218]]]}},{"type":"Feature","properties":{"NMUNCP":100,"NSEQNC":1437880,"RazaoSocia":"CONDOMrNIO BEM VIVER CAMBUCI (JRC EMPR. IMOB. E CONSTR. LTDA.)","Termo_AR":"0342/2015","Atividade":"ind2stria"},"geometry":{"type":"Polygon","coordinates":[[[-46.623775,-23.559037],[-46.623886,-23.559253],[-46.623262,-23.559548],[-46.62317,-23.559242],[-46.623775,-23.559037]]]}},{"type":"Feature","properties":{"NMUNCP":100,"NSEQNC":1441391,"RazaoSocia":"CONDOMrNIO QUINTAS DA LAPA (RAIMUNDO IV EMPR. IMOB. LTDA.) (EVEN)","Termo_AR":"0248/2015","Atividade":"ind8stria"},"geometry":{"type":"Polygon","coordinates":[[[-46.714354,-23.514493],[-46.713479,-23.517067],[-46.712644,-23.517088],[-46.713475,-23.51426],[-46.714354,-23.514493]]]}},{"type":"Feature","properties":{"NMUNCP":100,"NSEQNC":2019309,"RazaoSocia":"CONDOMrNIO MERIDIAN BARRA FUNDA (GOLDFARB INC. E CONSTR. S/A)","Termo_AR":" ","Atividade":"indDstria"},"geometry":{"type":"Polygon","coordinates":[[[-46.665126,-23.517178],[-46.665152,-23.517692],[-46.663343,-23.517938],[-46.663082,-23.516667],[-46.665126,-23.517178]]]}},{"type":"Feature","properties":{"NMUNCP":100,"NSEQNC":2019417,"RazaoSocia":"CONDOMrNIO PORTAL CENTRO (CLARA BA EMPR. IMOB. LTDA.)","Termo_AR":"0752/2017","Atividade":"ind2stria"},"geometry":{"type":"Polygon","coordinates":[[[-46.616742,-23.549323],[-46.616458,-23.549763],[-46.615764,-23.54937],[-46.616065,-23.548927],[-46.616742,-23.549323]]]}},{"type":"Feature","properties":{"NMUNCP":100,"NSEQNC":2030524,"RazaoSocia":"CONDOMrNIO AUTTNTICO MOOCA (CAMPINEIROS 684 EMPR. IMOB. LTDA.)","Termo_AR":"0481/2016","Atividade":"ind1stria"},"geometry":{"type":"Polygon","coordinates":[[[-46.592433,-23.556384],[-46.592444,-23.557259],[-46.591414,-23.55727],[-46.591404,-23.556395],[-46.592433,-23.556384]]]}},{"type":"Feature","properties":{"NMUNCP":100,"NSEQNC":2035980,"RazaoSocia":"CONDOMrNIO AUTTNTICO MOOCA (CAMPINEIROS 684 EMPR. IMOB. LTDA.)","Termo_AR":" ","Atividade":"indDstria"},"geometry":{"type":"Polygon","coordinates":[[[-46.592433,-23.556384],[-46.592444,-23.557259],[-46.591414,-23.55727],[-46.591404,-23.556395],[-46.592433,-23.556384]]]}},{"type":"Feature","properties":{"NMUNCP":100,"NSEQNC":2051499,"RazaoSocia":"CONDOMrNIO BR CAETANO (BR CAETANO EMPR. IMOB. SPE LTDA.)","Termo_AR":"0748/2017","Atividade":"ind8stria"},"geometry":{"type":"Polygon","coordinates":[[[-46.621715,-23.548086],[-46.622495,-23.548599],[-46.622415,-23.548871],[-46.621614,-23.548242],[-46.621715,-23.548086]]]}},{"type":"Feature","properties":{"NMUNCP":100,"NSEQNC":2080684,"RazaoSocia":"GOODSTORAGE UNIDADE ESTADO (REC SS ESTADO EMPR.) (ANT CADBURY ADAMS)","Termo_AR":"0981/2018","Atividade":"ind1stria"},"geometry":{"type":"Polygon","coordinates":[[[-46.617771,-23.558056],[-46.617883,-23.558409],[-46.617335,-23.558585],[-46.617222,-23.558243],[-46.617771,-23.558056]]]}},{"type":"Feature","properties":{"NMUNCP":100,"NSEQNC":2081403,"RazaoSocia":"SCIPItO INCORPORADORA SPE LTDA (RODOBENS INC. IMOB. 403 - SPE LTDA.)","Termo_AR":"1219/2019","Atividade":"ind9stria"},"geometry":{"type":"Polygon","coordinates":[[[-46.699169,-23.525127],[-46.699183,-23.525479],[-46.698664,-23.525485],[-46.69867,-23.52515],[-46.699169,-23.525127]]]}},{"type":"Feature","properties":{"NMUNCP":100,"NSEQNC":2089373,"RazaoSocia":"CONDOMrNIO BOULEVARD VILA MARIA (MOINEAU EMPR. IMOB. LTDA.)","Termo_AR":"1026/2018","Atividade":"com6rcio"},"geometry":{"type":"Polygon","coordinates":[[[-46.585653,-23.520246],[-46.583146,-23.519842],[-46.58371,-23.516875],[-46.586216,-23.51728],[-46.585653,-23.520246]]]}},{"type":"Feature","properties":{"NMUNCP":100,"NSEQNC":2095393,"RazaoSocia":"KWOT EMPR. IMOB. E PART. LTDA.","Termo_AR":"0625/2016","Atividade":"com5rcio"},"geometry":{"type":"Polygon","coordinates":[[[-46.620874,-23.533367],[-46.621151,-23.534348],[-46.620204,-23.534638],[-46.619625,-23.533705],[-46.620874,-23.533367]]]}},{"type":"Feature","properties":{"NMUNCP":100,"NSEQNC":2141214,"RazaoSocia":"ELETROPAULO METROPOLITANA ELETRICIDADE DE SP S/A","Termo_AR":"0936/2018","Atividade":"com6rcio"},"geometry":{"type":"Polygon","coordinates":[[[-46.562749,-23.583358],[-46.562511,-23.583885],[-46.561372,-23.583733],[-46.56161,-23.583153],[-46.562749,-23.583358]]]}},{"type":"Feature","properties":{"NMUNCP":100,"NSEQNC":2166207,"RazaoSocia":"ELETROPAULO METROPOLITANA ELETRICIDADE DE SP S/A","Termo_AR":" ","Atividade":"comTrcio"},"geometry":{"type":"Polygon","coordinates":[[[-46.745995,-23.493536],[-46.746129,-23.494086],[-46.745671,-23.494226],[-46.745525,-23.493578],[-46.745995,-23.493536]]]}},{"type":"Feature","properties":{"NMUNCP":100,"NSEQNC":2265224,"RazaoSocia":"SUZANO BAHIA SUL PAPEL E CELULOSE S/A.","Termo_AR":"1074/2018","Atividade":"ind4stria"},"geometry":{"type":"Polygon","coordinates":[[[-46.596832,-23.63155],[-46.599324,-23.632554],[-46.598586,-23.633907],[-46.59656,-23.63335],[-46.596832,-23.63155]]]}},{"type":"Feature","properties":{"NMUNCP":168,"NSEQNC":3297,"RazaoSocia":"AUTO POSTO PORTAL DAS  GUAS LTDA.","Termo_AR":"1122/2019","Atividade":"posto de serviTo"},"geometry":{"type":"Polygon","coordinates":[[[-46.781662,-22.713015],[-46.781304,-22.713922],[-46.780555,-22.713208],[-46.780935,-22.712481],[-46.781662,-22.713015]]]}},{"type":"Feature","properties":{"NMUNCP":168,"NSEQNC":4158,"RazaoSocia":"AUTO POSTO GUARIZO LTDA.","Termo_AR":"0997/2018 - 2A via","Atividade":"posto de servi o"},"geometry":{"type":"Polygon","coordinates":[[[-46.780073,-22.711326],[-46.780416,-22.711503],[-46.78013,-22.711949],[-46.779748,-22.711817],[-46.780073,-22.711326]]]}},{"type":"Feature","properties":{"NMUNCP":168,"NSEQNC":4482,"RazaoSocia":"AUTO POSTO PORTAL DAS AGUAS LTDA. (TAMIDO COM. DE COMBUST.VEIS)","Termo_AR":"0038/2014","Atividade":"posto de serviTo"},"geometry":{"type":"Polygon","coordinates":[[[-46.82712,-23.618245],[-46.826885,-23.618248],[-46.826663,-23.617826],[-46.827317,-23.617601],[-46.82712,-23.618245]]]}},{"type":"Feature","properties":{"NMUNCP":182,"NSEQNC":9414,"RazaoSocia":"POSTO RO 10 LTDA. EPP","Termo_AR":"0422/2016","Atividade":"posto de serviDo"},"geometry":{"type":"Polygon","coordinates":[[[-47.386834,-22.356143],[-47.386882,-22.356675],[-47.386601,-22.356688],[-47.386534,-22.356165],[-47.386834,-22.356143]]]}},{"type":"Feature","properties":{"NMUNCP":190,"NSEQNC":7620,"RazaoSocia":"PRs METALURGIA S/A","Termo_AR":"1212/2019","Atividade":"ind2stria"},"geometry":{"type":"Polygon","coordinates":[[[-46.67722,-23.043852],[-46.67758,-23.046011],[-46.676253,-23.046071],[-46.676497,-23.043956],[-46.67722,-23.043852]]]}},{"type":"Feature","properties":{"NMUNCP":206,"NSEQNC":4266,"RazaoSocia":"RAdZEN COMBUST VEIS S/A","Termo_AR":"0347/2015","Atividade":"com7rcio"},"geometry":{"type":"Polygon","coordinates":[[[-46.829494,-23.504542],[-46.830102,-23.506693],[-46.828037,-23.506932],[-46.827468,-23.504833],[-46.829494,-23.504542]]]}},{"type":"Feature","properties":{"NMUNCP":206,"NSEQNC":5822,"RazaoSocia":"POSTO DE SERVI OS RIMACRIS LTDA.","Termo_AR":"0492/2016","Atividade":"posto de servi o"},"geometry":{"type":"Polygon","coordinates":[[[-46.831811,-23.502222],[-46.831818,-23.502691],[-46.831016,-23.502782],[-46.830941,-23.502304],[-46.831811,-23.502222]]]}},{"type":"Feature","properties":{"NMUNCP":206,"NSEQNC":12012,"RazaoSocia":"RALPHA POSTO LTDA.","Termo_AR":"0286/2015","Atividade":"posto de serviTo"},"geometry":{"type":"Polygon","coordinates":[[[-46.852403,-23.4988],[-46.851768,-23.498907],[-46.851633,-23.498339],[-46.852257,-23.498187],[-46.852403,-23.4988]]]}},{"type":"Feature","properties":{"NMUNCP":206,"NSEQNC":26994,"RazaoSocia":"PONTO COM POSTO DE ABASTECIMENTO E SERVIOOS LTDA.","Termo_AR":"0597/2016","Atividade":"posto de serviOo"},"geometry":{"type":"Polygon","coordinates":[[[-46.890937,-23.523078],[-46.890755,-23.523279],[-46.890386,-23.522982],[-46.890558,-23.522803],[-46.890937,-23.523078]]]}},{"type":"Feature","properties":{"NMUNCP":208,"NSEQNC":2576,"RazaoSocia":"MRR OPERADORA DE DERIVADOS DE PETR LEO LTDA.","Termo_AR":"1080/2018","Atividade":"posto de serviDo"},"geometry":{"type":"Polygon","coordinates":[[[-47.583877,-20.893341],[-47.583085,-20.893669],[-47.582956,-20.893427],[-47.583777,-20.893126],[-47.583877,-20.893341]]]}},{"type":"Feature","properties":{"NMUNCP":233,"NSEQNC":3831,"RazaoSocia":"AUTO POSTO TIC TAC CABREOVA LTDA.","Termo_AR":"1262/2019","Atividade":"posto de servi o"},"geometry":{"type":"Polygon","coordinates":[[[-47.056503,-23.244718],[-47.056379,-23.245568],[-47.05589,-23.245547],[-47.055848,-23.244726],[-47.056503,-23.244718]]]}},{"type":"Feature","properties":{"NMUNCP":234,"NSEQNC":2237,"RazaoSocia":"CVL COMPONENTES DE VIDRO LTDA.","Termo_AR":"0550/2016","Atividade":"ind0stria"},"geometry":{"type":"Polygon","coordinates":[[[-45.714755,-23.116812],[-45.712137,-23.119686],[-45.710993,-23.118089],[-45.714755,-23.116812]]]}},{"type":"Feature","properties":{"NMUNCP":241,"NSEQNC":706,"RazaoSocia":"PPG INDUSTRIAL DO BRASIL TINTAS E VERNIZES LTDA.","Termo_AR":" ","Atividade":"ind stria"},"geometry":{"type":"Polygon","coordinates":[[[-46.845075,-23.344758],[-46.84453,-23.345677],[-46.842769,-23.344885],[-46.843498,-23.343892],[-46.845075,-23.344758]]]}},{"type":"Feature","properties":{"NMUNCP":241,"NSEQNC":4800,"RazaoSocia":"AUTO POSTO LUMA DE CAJAMAR","Termo_AR":"0841/2017","Atividade":"posto de serviAo"},"geometry":{"type":"Polygon","coordinates":[[[-46.835965,-23.3344],[-46.836327,-23.334423],[-46.836303,-23.334838],[-46.836019,-23.334796],[-46.835965,-23.3344]]]}},{"type":"Feature","properties":{"NMUNCP":244,"NSEQNC":208,"RazaoSocia":"ADERE PRODUTOS AUTO-ADESIVOS LTDA.","Termo_AR":"1002/2018","Atividade":"ind2stria"},"geometry":{"type":"Polygon","coordinates":[[[-47.135638,-22.865066],[-47.135586,-22.866764],[-47.134437,-22.866807],[-47.134311,-22.865003],[-47.135638,-22.865066]]]}},{"type":"Feature","properties":{"NMUNCP":244,"NSEQNC":13439,"RazaoSocia":"MERCEDES BENZ DO BRASIL LTDA.","Termo_AR":"0956/2018","Atividade":"ind6stria"},"geometry":{"type":"Polygon","coordinates":[[[-47.126519,-22.998943],[-47.126718,-22.999472],[-47.126319,-22.999595],[-47.126121,-22.999075],[-47.126519,-22.998943]]]}},{"type":"Feature","properties":{"NMUNCP":244,"NSEQNC":36464,"RazaoSocia":"VIA6sO COMETA S/A","Termo_AR":"1084/2018","Atividade":"posto de serviSo"},"geometry":{"type":"Polygon","coordinates":[[[-47.073678,-22.853283],[-47.072768,-22.853957],[-47.071411,-22.853313],[-47.072343,-22.851648],[-47.073678,-22.853283]]]}},{"type":"Feature","properties":{"NMUNCP":244,"NSEQNC":37113,"RazaoSocia":"LUIS ANT NIO CASTELLI CAMPINAS - ME","Termo_AR":"0821/2017","Atividade":"ind1stria"},"geometry":{"type":"Polygon","coordinates":[[[-47.048192,-22.795009],[-47.048324,-22.796687],[-47.04732,-22.796609],[-47.047207,-22.794958],[-47.048192,-22.795009]]]}},{"type":"Feature","properties":{"NMUNCP":244,"NSEQNC":39034,"RazaoSocia":"POSTO DE SERVIAOS JARDIM BONFIM LTDA. (ANTIGO POSTO TERNI LTDA.)","Termo_AR":"0762/2017","Atividade":"posto de serviAo"},"geometry":{"type":"Polygon","coordinates":[[[-47.084127,-22.906111],[-47.083907,-22.906421],[-47.083472,-22.906029],[-47.083821,-22.905853],[-47.084127,-22.906111]]]}},{"type":"Feature","properties":{"NMUNCP":244,"NSEQNC":45389,"RazaoSocia":"2 IRM OS PRODUTOS DE PETRBLEO LTDA.","Termo_AR":" ","Atividade":"posto de serviTo"},"geometry":{"type":"Polygon","coordinates":[[[-46.667581,-23.608519],[-46.66777,-23.608725],[-46.667449,-23.608972],[-46.667261,-23.608766],[-46.667581,-23.608519]]]}},{"type":"Feature","properties":{"NMUNCP":244,"NSEQNC":46466,"RazaoSocia":"AUTO POSTO NENINHA BEMBA LTDA.","Termo_AR":"0730/2017","Atividade":"posto de serviIo"},"geometry":{"type":"Polygon","coordinates":[[[-47.080119,-22.92322],[-47.080636,-22.923899],[-47.080513,-22.924127],[-47.079396,-22.923789],[-47.080119,-22.92322]]]}},{"type":"Feature","properties":{"NMUNCP":244,"NSEQNC":47223,"RazaoSocia":"CONDOMdNIOS VISIONE, PERFECT LIFE E INSPIRATTO (GOLD NORUEGA EMPR IMOB","Termo_AR":" ","Atividade":"indDstria"},"geometry":{"type":"Polygon","coordinates":[[[-47.038093,-22.928189],[-47.035748,-22.928887],[-47.033501,-22.927615],[-47.036064,-22.925814],[-47.038093,-22.928189]]]}},{"type":"Feature","properties":{"NMUNCP":244,"NSEQNC":48688,"RazaoSocia":"NOVA CAMPINAS COMNRCIO DE COMBUST VEIS LTDA.","Termo_AR":"1249/2019","Atividade":"posto de serviCo"},"geometry":{"type":"Polygon","coordinates":[[[-47.047334,-22.903555],[-47.045549,-22.903497],[-47.04568,-22.902475],[-47.047416,-22.902534],[-47.047334,-22.903555]]]}},{"type":"Feature","properties":{"NMUNCP":244,"NSEQNC":49553,"RazaoSocia":"CONDOMdNIOS CENTRAL VIEW E TORRES DO BONFIM (GOLD ALASKA EMPR. IMOB.)","Termo_AR":"0205/2015","Atividade":"ind5stria"},"geometry":{"type":"Polygon","coordinates":[[[-47.076989,-22.90031],[-47.077455,-22.901598],[-47.074954,-22.902304],[-47.074722,-22.901478],[-47.076989,-22.90031]]]}},{"type":"Feature","properties":{"NMUNCP":244,"NSEQNC":51271,"RazaoSocia":"BRINKS SEGURANNA E TRANSPORTE DE VALORES LTDA.","Termo_AR":"0725/2017","Atividade":"posto de serviNo"},"geometry":{"type":"Polygon","coordinates":[[[-47.10882,-22.911482],[-47.10812,-22.912232],[-47.107607,-22.911823],[-47.10818,-22.911048],[-47.10882,-22.911482]]]}},{"type":"Feature","properties":{"NMUNCP":244,"NSEQNC":101080,"RazaoSocia":"CONDOMdNIO DOMANI RESIDENCIAL (QUEIROZ GALVDO PTA 14 DESENV. IMOB.)","Termo_AR":"0958/2018","Atividade":"com8rcio"},"geometry":{"type":"Polygon","coordinates":[[[-47.091067,-22.898507],[-47.090894,-22.899322],[-47.090309,-22.899303],[-47.09049,-22.898415],[-47.091067,-22.898507]]]}},{"type":"Feature","properties":{"NMUNCP":244,"NSEQNC":952963,"RazaoSocia":"CIA MECoNICA AUXILIAR","Termo_AR":" ","Atividade":"com rcio"},"geometry":{"type":"Polygon","coordinates":[[[-47.071741,-22.850592],[-47.073594,-22.851413],[-47.072243,-22.853739],[-47.070459,-22.853022],[-47.071741,-22.850592]]]}},{"type":"Feature","properties":{"NMUNCP":253,"NSEQNC":3102,"RazaoSocia":"AUTO POSTO S O CHIQUITO LTDA. (ANTIGO PEDRO AVELINO QUAGLIATO BOZZA)","Termo_AR":" ","Atividade":"posto de servi o"},"geometry":{"type":"Polygon","coordinates":[[[-47.50654,-23.000734],[-47.50655,-23.001258],[-47.505975,-23.001267],[-47.505965,-23.000744],[-47.50654,-23.000734]]]}},{"type":"Feature","properties":{"NMUNCP":254,"NSEQNC":3600,"RazaoSocia":"AUTO POSTO TREVO DE CARAGUA LTDA OU CENTENORIO DE CARAGUL","Termo_AR":"0779/2017","Atividade":"posto de serviVo"},"geometry":{"type":"Polygon","coordinates":[[[-45.424522,-23.625207],[-45.424738,-23.625396],[-45.424485,-23.625893],[-45.424131,-23.625551],[-45.424522,-23.625207]]]}},{"type":"Feature","properties":{"NMUNCP":254,"NSEQNC":4694,"RazaoSocia":"AUTO POSTO MARELI LTDA.","Termo_AR":"0274/2015, 0275/2015","Atividade":"posto de servi5o"},"geometry":{"type":"Polygon","coordinates":[[[-45.408975,-23.621131],[-45.408335,-23.622147],[-45.408242,-23.621939],[-45.408778,-23.621063],[-45.408975,-23.621131]]]}},{"type":"Feature","properties":{"NMUNCP":255,"NSEQNC":1910,"RazaoSocia":"POSTO DE SERVI5O RUI BARBOSA LTDA.","Termo_AR":" ","Atividade":"posto de servi5o"},"geometry":{"type":"Polygon","coordinates":[[[-46.832595,-23.521246],[-46.832848,-23.521158],[-46.833015,-23.521503],[-46.832803,-23.521572],[-46.832595,-23.521246]]]}},{"type":"Feature","properties":{"NMUNCP":255,"NSEQNC":1959,"RazaoSocia":"DEL REY COMBUSToVEIS LTDA.","Termo_AR":"0720/2017","Atividade":"posto de serviTo"},"geometry":{"type":"Polygon","coordinates":[[[-46.818387,-23.524285],[-46.818821,-23.52382],[-46.818311,-23.525171],[-46.81784,-23.522937],[-46.818387,-23.524285]]]}},{"type":"Feature","properties":{"NMUNCP":255,"NSEQNC":1978,"RazaoSocia":"POSTO DE SERVITOS AVANTO LTDA.","Termo_AR":"1260/2019","Atividade":"posto de serviTo"},"geometry":{"type":"Polygon","coordinates":[[[-46.827656,-23.536701],[-46.827995,-23.537148],[-46.8275,-23.53747],[-46.827151,-23.537014],[-46.827656,-23.536701]]]}},{"type":"Feature","properties":{"NMUNCP":255,"NSEQNC":6120,"RazaoSocia":"BOX 44 POSTO DE SERVINOS LTDA.","Termo_AR":"0898/2018","Atividade":"posto de serviEo"},"geometry":{"type":"Polygon","coordinates":[[[-46.834497,-23.546923],[-46.83457,-23.547229],[-46.834179,-23.547333],[-46.834078,-23.547064],[-46.834497,-23.546923]]]}},{"type":"Feature","properties":{"NMUNCP":255,"NSEQNC":6510,"RazaoSocia":"ZAP-Z ADM. E PLAN. (ANTIGO AUTO POSTO 505 LTDA.)","Termo_AR":"0657/2017","Atividade":"posto de serviLo"},"geometry":{"type":"Polygon","coordinates":[[[-46.847105,-23.522939],[-46.846546,-23.525432],[-46.846195,-23.523165],[-46.84679,-23.523513],[-46.847105,-23.522939]]]}},{"type":"Feature","properties":{"NMUNCP":278,"NSEQNC":2881,"RazaoSocia":"EMPRESARIAL RAPOSO PARK (CONSTR DE OBRAS BLSICAS DE ENG) (CONSTRUBASE)","Termo_AR":" ","Atividade":"comRrcio"},"geometry":{"type":"Polygon","coordinates":[[[-46.910018,-23.611134],[-46.910902,-23.611213],[-46.910919,-23.612396],[-46.909935,-23.612164],[-46.910018,-23.611134]]]}},{"type":"Feature","properties":{"NMUNCP":279,"NSEQNC":1893,"RazaoSocia":"PIT STOP AUTO SERVICE LTDA.","Termo_AR":"0389/2016","Atividade":"posto de serviSo"},"geometry":{"type":"Polygon","coordinates":[[[-47.851247,-21.370957],[-47.851875,-21.372192],[-47.850933,-21.372612],[-47.85029,-21.371388],[-47.851247,-21.370957]]]}},{"type":"Feature","properties":{"NMUNCP":283,"NSEQNC":759,"RazaoSocia":"MD PAPdIS LTDA.","Termo_AR":"0412/2016","Atividade":"ind2stria"},"geometry":{"type":"Polygon","coordinates":[[[-46.452973,-23.884578],[-46.449467,-23.881764],[-46.452666,-23.880632],[-46.453827,-23.883717],[-46.452973,-23.884578]]]}},{"type":"Feature","properties":{"NMUNCP":283,"NSEQNC":903,"RazaoSocia":"SHELL BRASIL LTDA (ANT POSTO PAULINIA LTDA)","Termo_AR":"0866/2017","Atividade":"posto de serviTo"},"geometry":{"type":"Polygon","coordinates":[[[-46.379595,-23.851349],[-46.379267,-23.851885],[-46.377974,-23.851264],[-46.378283,-23.850738],[-46.379595,-23.851349]]]}},{"type":"Feature","properties":{"NMUNCP":283,"NSEQNC":2218,"RazaoSocia":"WHITE MARTINS GASES INDUSTRIAIS LTDA.","Termo_AR":"0750/2017","Atividade":"ind0stria"},"geometry":{"type":"Polygon","coordinates":[[[-46.389962,-23.843842],[-46.388257,-23.846006],[-46.38724,-23.845501],[-46.388807,-23.843229],[-46.389962,-23.843842]]]}},{"type":"Feature","properties":{"NMUNCP":283,"NSEQNC":2909,"RazaoSocia":"LINDE BOC GASES LTDA.","Termo_AR":"0380/2016","Atividade":"ind0stria"},"geometry":{"type":"Polygon","coordinates":[[[-46.38307,-23.839774],[-46.383527,-23.84004],[-46.383225,-23.840428],[-46.382822,-23.840212],[-46.38307,-23.839774]]]}},{"type":"Feature","properties":{"NMUNCP":286,"NSEQNC":10233,"RazaoSocia":"KRONES DO BRASIL LTDA.","Termo_AR":"0564/2016","Atividade":"ind4stria"},"geometry":{"type":"Polygon","coordinates":[[[-46.588034,-23.682978],[-46.587596,-23.684833],[-46.587592,-23.684499],[-46.586226,-23.682635],[-46.588034,-23.682978]]]}},{"type":"Feature","properties":{"NMUNCP":286,"NSEQNC":563451,"RazaoSocia":"AUTO POSTO RIO DE JANEIRO LTDA.","Termo_AR":"1139/2019","Atividade":"posto de servi o"},"geometry":{"type":"Polygon","coordinates":[[[-46.597535,-23.710634],[-46.598554,-23.710636],[-46.599248,-23.710883],[-46.597895,-23.711626],[-46.597535,-23.710634]]]}},{"type":"Feature","properties":{"NMUNCP":286,"NSEQNC":565743,"RazaoSocia":"AUTO POSTO SERRARIA LTDA","Termo_AR":"0610/2016","Atividade":"posto de serviRo"},"geometry":{"type":"Polygon","coordinates":[[[-46.608642,-23.709569],[-46.608255,-23.709878],[-46.608011,-23.709654],[-46.608449,-23.709338],[-46.608642,-23.709569]]]}},{"type":"Feature","properties":{"NMUNCP":286,"NSEQNC":572713,"RazaoSocia":"AUTO POSTO LO LTDA.","Termo_AR":"0294/2015","Atividade":"posto de serviLo"},"geometry":{"type":"Polygon","coordinates":[[[-46.583165,-23.684102],[-46.583131,-23.684599],[-46.582856,-23.684566],[-46.58288,-23.684051],[-46.583165,-23.684102]]]}},{"type":"Feature","properties":{"NMUNCP":286,"NSEQNC":1003663,"RazaoSocia":"ELETROPAULO METROPOLITANA ELETRICIDADE DE SP S/A","Termo_AR":"0871/2017","Atividade":"ind1stria"},"geometry":{"type":"Polygon","coordinates":[[[-46.592177,-23.687055],[-46.591621,-23.687658],[-46.590741,-23.687078],[-46.59098,-23.686452],[-46.592177,-23.687055]]]}},{"type":"Feature","properties":{"NMUNCP":286,"NSEQNC":1010600,"RazaoSocia":"MSA INC. E EMPR. IMOB. LTDA. EPP (ANTIGO SIMSEG COM. VAREJISTA)","Termo_AR":"1180/2019","Atividade":"posto de serviRo"},"geometry":{"type":"Polygon","coordinates":[[[-46.628724,-23.68912],[-46.628824,-23.689327],[-46.628541,-23.689411],[-46.628373,-23.689286],[-46.628724,-23.68912]]]}},{"type":"Feature","properties":{"NMUNCP":310,"NSEQNC":52260,"RazaoSocia":"ALONSO Y ALONSO AUTO POSTO LTDA.","Termo_AR":"0579/2016","Atividade":"posto de serviOo"},"geometry":{"type":"Polygon","coordinates":[[[-47.405444,-20.552096],[-47.405192,-20.552542],[-47.404766,-20.552313],[-47.404932,-20.551841],[-47.405444,-20.552096]]]}},{"type":"Feature","properties":{"NMUNCP":311,"NSEQNC":693,"RazaoSocia":"AUTO  NIBUS MORATENSE LTDA.","Termo_AR":"1208/2019","Atividade":"posto de serviRo"},"geometry":{"type":"Polygon","coordinates":[[[-46.73568,-23.266366],[-46.735716,-23.267825],[-46.733824,-23.267601],[-46.733807,-23.26642],[-46.73568,-23.266366]]]}},{"type":"Feature","properties":{"NMUNCP":335,"NSEQNC":4622,"RazaoSocia":"SANTOS BRASIL S/A","Termo_AR":" ","Atividade":"posto de serviSo"},"geometry":{"type":"Polygon","coordinates":[[[-46.292477,-23.956753],[-46.292674,-23.956909],[-46.292488,-23.9571],[-46.292278,-23.95694],[-46.292477,-23.956753]]]}},{"type":"Feature","properties":{"NMUNCP":335,"NSEQNC":5127,"RazaoSocia":"AUTO POSTO LA CANIZA LTDA.","Termo_AR":"0187/2015","Atividade":"posto de serviCo"},"geometry":{"type":"Polygon","coordinates":[[[-46.286962,-23.989853],[-46.286967,-23.990359],[-46.286427,-23.990363],[-46.286422,-23.989858],[-46.286962,-23.989853]]]}},{"type":"Feature","properties":{"NMUNCP":335,"NSEQNC":5131,"RazaoSocia":"AFINCO EMPR. IMOB. LTDA. (ANTIGO AUTO POSTO COLONIA DO GUARUJA LTDA.)","Termo_AR":"0430/2016","Atividade":"posto de serviMo"},"geometry":{"type":"Polygon","coordinates":[[[-46.27495,-23.998277],[-46.274927,-23.999172],[-46.274066,-23.999104],[-46.273996,-23.998251],[-46.27495,-23.998277]]]}},{"type":"Feature","properties":{"NMUNCP":335,"NSEQNC":5818,"RazaoSocia":"AUTO POSTO CUNHAS DO GUARUJN LTDA.","Termo_AR":"0499/2016","Atividade":"posto de serviHo"},"geometry":{"type":"Polygon","coordinates":[[[-46.259481,-23.991048],[-46.259837,-23.991261],[-46.259514,-23.991345],[-46.259365,-23.99122],[-46.259481,-23.991048]]]}},{"type":"Feature","properties":{"NMUNCP":335,"NSEQNC":6350,"RazaoSocia":"AUTO POSTO ESTUoRIO LTDA.","Termo_AR":"1061/2019","Atividade":"posto de serviUo"},"geometry":{"type":"Polygon","coordinates":[[[-46.281148,-23.967506],[-46.280229,-23.96792],[-46.280225,-23.967558],[-46.280264,-23.967513],[-46.281148,-23.967506]]]}},{"type":"Feature","properties":{"NMUNCP":335,"NSEQNC":7565,"RazaoSocia":"MAX PORTO DO GUARUJ  - POSTO EIRELI (CENTRO AUTOMOTIVO PORTO GUARUJ.)","Termo_AR":"0918/2018","Atividade":"posto de serviUo"},"geometry":{"type":"Polygon","coordinates":[[[-46.280771,-23.990962],[-46.281267,-23.991391],[-46.281003,-23.991583],[-46.280486,-23.991009],[-46.280771,-23.990962]]]}},{"type":"Feature","properties":{"NMUNCP":352,"NSEQNC":778,"RazaoSocia":"AUTO POSTO TANGERINO LTDA.","Termo_AR":" ","Atividade":"posto de serviGo"},"geometry":{"type":"Polygon","coordinates":[[[-45.364958,-23.807342],[-45.365271,-23.807274],[-45.365281,-23.807512],[-45.364975,-23.807571],[-45.364958,-23.807342]]]}},{"type":"Feature","properties":{"NMUNCP":369,"NSEQNC":3297,"RazaoSocia":"AUTO POSTO BELAS ARTES  LTDA.","Termo_AR":"0602/2016","Atividade":"posto de serviAo"},"geometry":{"type":"Polygon","coordinates":[[[-46.823248,-24.180401],[-46.823006,-24.179998],[-46.823876,-24.179608],[-46.82408,-24.180102],[-46.823248,-24.180401]]]}},{"type":"Feature","properties":{"NMUNCP":369,"NSEQNC":3390,"RazaoSocia":"AUTO POSTO BELAS ARTES III LTDA.","Termo_AR":"0602/2016","Atividade":"posto de serviAo"},"geometry":{"type":"Polygon","coordinates":[[[-46.823248,-24.180401],[-46.823045,-24.179997],[-46.823876,-24.179608],[-46.82408,-24.180102],[-46.823248,-24.180401]]]}},{"type":"Feature","properties":{"NMUNCP":373,"NSEQNC":2294,"RazaoSocia":"AUTO POSTO FERA DE ITAPEVI LTDA.","Termo_AR":"0411/2016","Atividade":"posto de serviAo"},"geometry":{"type":"Polygon","coordinates":[[[-46.936388,-23.553119],[-46.936207,-23.5535],[-46.935693,-23.553182],[-46.935934,-23.552863],[-46.936388,-23.553119]]]}},{"type":"Feature","properties":{"NMUNCP":373,"NSEQNC":3545,"RazaoSocia":"BB TRANSPORTE E TURISMO LTDA. (ITAPEVI)","Termo_AR":"0735/2017","Atividade":"posto de serviEo"},"geometry":{"type":"Polygon","coordinates":[[[-46.926873,-23.552315],[-46.926904,-23.553356],[-46.926373,-23.553433],[-46.926084,-23.552471],[-46.926873,-23.552315]]]}},{"type":"Feature","properties":{"NMUNCP":379,"NSEQNC":21577,"RazaoSocia":"AUTO POSTO ALGARVE LTDA.","Termo_AR":"0336/2016, 0337/2016","Atividade":"posto de servi7o"},"geometry":{"type":"Polygon","coordinates":[[[-46.643767,-23.534481],[-46.64339,-23.534883],[-46.643084,-23.53466],[-46.643284,-23.534206],[-46.643767,-23.534481]]]}},{"type":"Feature","properties":{"NMUNCP":382,"NSEQNC":8869,"RazaoSocia":"POSTO GUYNA LTDA.","Termo_AR":"1258/2019","Atividade":"posto de serviDo"},"geometry":{"type":"Polygon","coordinates":[[[-46.838405,-23.011905],[-46.83886,-23.012021],[-46.83874,-23.012171],[-46.838408,-23.012023],[-46.838405,-23.011905]]]}},{"type":"Feature","properties":{"NMUNCP":382,"NSEQNC":11838,"RazaoSocia":"CALIPAL PROJETOS IMOB. LTDA. (ANTIGA TAQUARI PART. S/A) (VICUNHA)","Termo_AR":"0690/2017","Atividade":"com0rcio"},"geometry":{"type":"Polygon","coordinates":[[[-46.85979,-23.003948],[-46.85808,-23.005864],[-46.856184,-23.005615],[-46.856427,-23.004086],[-46.85979,-23.003948]]]}},{"type":"Feature","properties":{"NMUNCP":392,"NSEQNC":570,"RazaoSocia":"CERVEJARIAS KAISER BRASIL S/A","Termo_AR":"0259/2015","Atividade":"ind9stria"},"geometry":{"type":"Polygon","coordinates":[[[-47.812609,-21.171611],[-47.811219,-21.169333],[-47.813086,-21.168327],[-47.814629,-21.170016],[-47.812609,-21.171611]]]}},{"type":"Feature","properties":{"NMUNCP":394,"NSEQNC":674,"RazaoSocia":"POSTO JB 4 IRMIOS LTDA.","Termo_AR":"1078/2018","Atividade":"posto de serviIo"},"geometry":{"type":"Polygon","coordinates":[[[-47.942257,-24.651174],[-47.94162,-24.652621],[-47.941447,-24.652426],[-47.9397,-24.650746],[-47.942257,-24.651174]]]}},{"type":"Feature","properties":{"NMUNCP":395,"NSEQNC":30449,"RazaoSocia":"CENTRO AUTOMOTIVO JAGUARY LTDA.","Termo_AR":" ","Atividade":"posto de serviIo"},"geometry":{"type":"Polygon","coordinates":[[[-46.979284,-22.706826],[-46.978743,-22.706463],[-46.979039,-22.706026],[-46.979599,-22.706434],[-46.979284,-22.706826]]]}},{"type":"Feature","properties":{"NMUNCP":407,"NSEQNC":366759,"RazaoSocia":"MAXI SHOPPING JUNDIAG (MAXISHOP ADM. PART.) (ANT. RTC AUTO POSTO UM)","Termo_AR":" ","Atividade":"posto de serviJo"},"geometry":{"type":"Polygon","coordinates":[[[-46.893617,-23.16958],[-46.894229,-23.170024],[-46.893465,-23.170593],[-46.893088,-23.170191],[-46.893617,-23.16958]]]}},{"type":"Feature","properties":{"NMUNCP":407,"NSEQNC":367412,"RazaoSocia":"POSTO ESTAerO JUNDIAG COMBUSTOVEL LTDA.","Termo_AR":" ","Atividade":"posto de serviJo"},"geometry":{"type":"Polygon","coordinates":[[[-46.87795,-23.186247],[-46.87911,-23.186784],[-46.878813,-23.187248],[-46.877711,-23.186638],[-46.87795,-23.186247]]]}},{"type":"Feature","properties":{"NMUNCP":407,"NSEQNC":367450,"RazaoSocia":"AUTO POSTO CAMINHO DA SERRA LTDA.","Termo_AR":"0903/2018","Atividade":"posto de serviIo"},"geometry":{"type":"Polygon","coordinates":[[[-46.879763,-23.221604],[-46.880232,-23.221643],[-46.880008,-23.222369],[-46.879522,-23.221869],[-46.879763,-23.221604]]]}},{"type":"Feature","properties":{"NMUNCP":407,"NSEQNC":375796,"RazaoSocia":"CONDOMdNIO PARQUE JAMILE (PARQUE JAMILE INC. SPE LTDA.)","Termo_AR":" ","Atividade":"indDstria"},"geometry":{"type":"Polygon","coordinates":[[[-46.914713,-23.168927],[-46.915156,-23.169229],[-46.914189,-23.170568],[-46.913736,-23.170302],[-46.914713,-23.168927]]]}},{"type":"Feature","properties":{"NMUNCP":407,"NSEQNC":965380,"RazaoSocia":"TDSP BELA VISTA EMPR. IMOB. SPE LTDA. (TDSP ALTA VISTA EMP IMOB  LTDA)","Termo_AR":"0265/2015","Atividade":"ind5stria"},"geometry":{"type":"Polygon","coordinates":[[[-46.890367,-23.197521],[-46.890404,-23.200211],[-46.886244,-23.200261],[-46.886206,-23.197571],[-46.890367,-23.197521]]]}},{"type":"Feature","properties":{"NMUNCP":417,"NSEQNC":163443,"RazaoSocia":"AUTO POSTO CONFIANTE DE LIMEIRA LTDA.","Termo_AR":"1066/2018","Atividade":"posto de serviFo"},"geometry":{"type":"Polygon","coordinates":[[[-47.408258,-22.573102],[-47.407523,-22.573872],[-47.406589,-22.573281],[-47.407714,-22.572605],[-47.408258,-22.573102]]]}},{"type":"Feature","properties":{"NMUNCP":417,"NSEQNC":173407,"RazaoSocia":"AUTO POSTO MIRANTE DE LIMEIRA LTDA.","Termo_AR":"0804/2017","Atividade":"posto de serviAo"},"geometry":{"type":"Polygon","coordinates":[[[-47.39588,-22.569577],[-47.396332,-22.569895],[-47.395815,-22.570309],[-47.395639,-22.569716],[-47.39588,-22.569577]]]}},{"type":"Feature","properties":{"NMUNCP":417,"NSEQNC":176570,"RazaoSocia":"AUTO POSTO ALINGHI LTDA.","Termo_AR":" ","Atividade":"posto de serviNo"},"geometry":{"type":"Polygon","coordinates":[[[-47.407354,-22.562113],[-47.407158,-22.561939],[-47.407396,-22.561698],[-47.407598,-22.561869],[-47.407354,-22.562113]]]}},{"type":"Feature","properties":{"NMUNCP":417,"NSEQNC":176590,"RazaoSocia":"AUTO POSTO ALEXKAR LTDA","Termo_AR":"1073/2018","Atividade":"posto de serviXo"},"geometry":{"type":"Polygon","coordinates":[[[-47.412974,-22.578782],[-47.412693,-22.579391],[-47.412202,-22.579074],[-47.412506,-22.578672],[-47.412974,-22.578782]]]}},{"type":"Feature","properties":{"NMUNCP":421,"NSEQNC":1893,"RazaoSocia":"AUTO POSTO LOUVEIRA LTDA.","Termo_AR":" ","Atividade":"posto de serviVo"},"geometry":{"type":"Polygon","coordinates":[[[-46.948884,-23.083144],[-46.948971,-23.082971],[-46.949876,-23.083392],[-46.949745,-23.083543],[-46.948884,-23.083144]]]}},{"type":"Feature","properties":{"NMUNCP":421,"NSEQNC":2133,"RazaoSocia":"CENTRO DE SERVIoOS FRANGO ASSADO NORTE LTDA.","Termo_AR":"0677/2017","Atividade":"posto de serviIo"},"geometry":{"type":"Polygon","coordinates":[[[-47.2093,-22.814627],[-47.20834,-22.815498],[-47.205173,-22.812336],[-47.206334,-22.811914],[-47.2093,-22.814627]]]}},{"type":"Feature","properties":{"NMUNCP":442,"NSEQNC":301,"RazaoSocia":"CHEVRON ORONITE BRASIL LTDA.","Termo_AR":"0067/2014","Atividade":"ind7stria"},"geometry":{"type":"Polygon","coordinates":[[[-46.464155,-23.639444],[-46.466122,-23.639364],[-46.466805,-23.641748],[-46.464765,-23.642141],[-46.464155,-23.639444]]]}},{"type":"Feature","properties":{"NMUNCP":442,"NSEQNC":4730,"RazaoSocia":"BASF POLIURETANOS LTDA.","Termo_AR":"1239/2019 e 1240/2019","Atividade":"ind9stria"},"geometry":{"type":"Polygon","coordinates":[[[-46.485213,-23.70373],[-46.485085,-23.704526],[-46.484027,-23.704635],[-46.484464,-23.703376],[-46.485213,-23.70373]]]}},{"type":"Feature","properties":{"NMUNCP":442,"NSEQNC":41049,"RazaoSocia":"AUTO POSTO NOVO OURO NEGRO LTDA.","Termo_AR":"1157/2019","Atividade":"posto de serviOo"},"geometry":{"type":"Polygon","coordinates":[[[-46.466647,-23.665012],[-46.466867,-23.665398],[-46.466487,-23.665637],[-46.466267,-23.66525],[-46.466647,-23.665012]]]}},{"type":"Feature","properties":{"NMUNCP":454,"NSEQNC":4660,"RazaoSocia":"AUTO POSTO ARAPONGAS LTDA.","Termo_AR":"1255/2019","Atividade":"posto de serviPo"},"geometry":{"type":"Polygon","coordinates":[[[-46.162266,-23.502354],[-46.163252,-23.502048],[-46.163754,-23.502298],[-46.16329,-23.502978],[-46.162266,-23.502354]]]}},{"type":"Feature","properties":{"NMUNCP":454,"NSEQNC":5625,"RazaoSocia":"AUTO POSTO FORMOSA LTDA.","Termo_AR":"0331/2015","Atividade":"posto de serviMo"},"geometry":{"type":"Polygon","coordinates":[[[-46.14241,-23.483634],[-46.141621,-23.484145],[-46.141116,-23.483481],[-46.141905,-23.482969],[-46.14241,-23.483634]]]}},{"type":"Feature","properties":{"NMUNCP":454,"NSEQNC":8750,"RazaoSocia":"AUTO POSTO VOVM RAPHAEL LTDA.","Termo_AR":"1085/2018","Atividade":"posto de serviMo"},"geometry":{"type":"Polygon","coordinates":[[[-46.201802,-23.528507],[-46.202462,-23.528926],[-46.202008,-23.529526],[-46.201357,-23.529107],[-46.201802,-23.528507]]]}},{"type":"Feature","properties":{"NMUNCP":454,"NSEQNC":17463,"RazaoSocia":"CENTRO AUTOMOTIVO SCORPION LTDA.","Termo_AR":"0526/2016","Atividade":"posto de serviIo"},"geometry":{"type":"Polygon","coordinates":[[[-46.208827,-23.531971],[-46.209094,-23.532309],[-46.208975,-23.532601],[-46.208601,-23.532122],[-46.208827,-23.531971]]]}},{"type":"Feature","properties":{"NMUNCP":454,"NSEQNC":22387,"RazaoSocia":"AUTO POSTO SUiCIA LTDA.","Termo_AR":"1237/2019","Atividade":"posto de serviCo"},"geometry":{"type":"Polygon","coordinates":[[[-46.188898,-23.516034],[-46.188906,-23.516865],[-46.188112,-23.516871],[-46.188105,-23.51604],[-46.188898,-23.516034]]]}},{"type":"Feature","properties":{"NMUNCP":454,"NSEQNC":22885,"RazaoSocia":"POSTO QUALITY VILA OLIVEIRA LTDA.","Termo_AR":"1206/2019","Atividade":"posto de serviVo"},"geometry":{"type":"Polygon","coordinates":[[[-46.182951,-23.526485],[-46.183062,-23.525422],[-46.183626,-23.525417],[-46.183294,-23.526479],[-46.182951,-23.526485]]]}},{"type":"Feature","properties":{"NMUNCP":454,"NSEQNC":25741,"RazaoSocia":"AUTO POSTO CASTILLO LTDA.","Termo_AR":" ","Atividade":"posto de serviTo"},"geometry":{"type":"Polygon","coordinates":[[[-46.224568,-23.537207],[-46.224337,-23.537661],[-46.223914,-23.537456],[-46.224116,-23.537067],[-46.224568,-23.537207]]]}},{"type":"Feature","properties":{"NMUNCP":492,"NSEQNC":1056,"RazaoSocia":"GAVIN PARTICIPAo","Termo_AR":"0868/2017","Atividade":"ind8stria"},"geometry":{"type":"Polygon","coordinates":[[[-46.815167,-23.528693],[-46.81643,-23.528651],[-46.817078,-23.530233],[-46.815139,-23.530247],[-46.815167,-23.528693]]]}},{"type":"Feature","properties":{"NMUNCP":492,"NSEQNC":14111,"RazaoSocia":"UNIVAR BRASIL LTDA. (ARINOS QURMICA LTDA.)","Termo_AR":"0309/2015","Atividade":"ind9stria"},"geometry":{"type":"Polygon","coordinates":[[[-46.780205,-23.483775],[-46.781756,-23.484175],[-46.78115,-23.486016],[-46.7797,-23.485714],[-46.780205,-23.483775]]]}},{"type":"Feature","properties":{"NMUNCP":492,"NSEQNC":106281,"RazaoSocia":"MANOS AUTO POSTO LTDA.","Termo_AR":"0678/2017","Atividade":"posto de serviTo"},"geometry":{"type":"Polygon","coordinates":[[[-46.802,-23.531871],[-46.801982,-23.532043],[-46.801071,-23.531972],[-46.801063,-23.531403],[-46.802,-23.531871]]]}},{"type":"Feature","properties":{"NMUNCP":492,"NSEQNC":106879,"RazaoSocia":"POSTO DE SERVITOS ALTINO LTDA.","Termo_AR":" ","Atividade":"posto de serviTo"},"geometry":{"type":"Polygon","coordinates":[[[-46.769327,-23.52194],[-46.768626,-23.522332],[-46.768356,-23.521633],[-46.769313,-23.521707],[-46.769327,-23.52194]]]}},{"type":"Feature","properties":{"NMUNCP":492,"NSEQNC":109720,"RazaoSocia":"COLIBRI AUTO POSTO LTDA.","Termo_AR":"0843/2017","Atividade":"posto de serviOo"},"geometry":{"type":"Polygon","coordinates":[[[-46.79502,-23.539302],[-46.794976,-23.539664],[-46.794529,-23.539236],[-46.794606,-23.539099],[-46.79502,-23.539302]]]}},{"type":"Feature","properties":{"NMUNCP":492,"NSEQNC":112278,"RazaoSocia":"A. ZABOTTO","Termo_AR":"0722/2017","Atividade":"posto de serviOo"},"geometry":{"type":"Polygon","coordinates":[[[-46.797943,-23.563278],[-46.79826,-23.563866],[-46.797764,-23.564086],[-46.797432,-23.563489],[-46.797943,-23.563278]]]}},{"type":"Feature","properties":{"NMUNCP":492,"NSEQNC":112475,"RazaoSocia":"AUTO POSTO ITAMARATY DE OSASCO LTDA.","Termo_AR":" ","Atividade":"posto de serviMo"},"geometry":{"type":"Polygon","coordinates":[[[-46.79629,-23.563587],[-46.796465,-23.564208],[-46.795733,-23.564397],[-46.795549,-23.563866],[-46.79629,-23.563587]]]}},{"type":"Feature","properties":{"NMUNCP":492,"NSEQNC":113389,"RazaoSocia":"CENTRO AUTOMOTIVO CRIS LTDA.","Termo_AR":"0533/2016","Atividade":"posto de serviIo"},"geometry":{"type":"Polygon","coordinates":[[[-46.777234,-23.549466],[-46.777306,-23.549772],[-46.776994,-23.549839],[-46.776911,-23.549542],[-46.777234,-23.549466]]]}},{"type":"Feature","properties":{"NMUNCP":492,"NSEQNC":960885,"RazaoSocia":"CONDOMdNIO JARDINS DO BRASIL (RESIDENCIAL E EMPRESARIAL)","Termo_AR":" ","Atividade":"indDstria"},"geometry":{"type":"Polygon","coordinates":[[[-46.771951,-23.533141],[-46.770706,-23.535756],[-46.768284,-23.536586],[-46.767555,-23.534908],[-46.771951,-23.533141]]]}},{"type":"Feature","properties":{"NMUNCP":513,"NSEQNC":3244,"RazaoSocia":"DISTRIBUIDORA DE COMBUSTAVEIS TORRDO LTDA.","Termo_AR":"0776/2017","Atividade":"com6rcio"},"geometry":{"type":"Polygon","coordinates":[[[-47.137154,-22.711169],[-47.136621,-22.712558],[-47.134382,-22.711901],[-47.134965,-22.710584],[-47.137154,-22.711169]]]}},{"type":"Feature","properties":{"NMUNCP":513,"NSEQNC":7743,"RazaoSocia":"MAGNUM AUTO POSTO LTDA.","Termo_AR":"0910/2018","Atividade":"posto de serviSo"},"geometry":{"type":"Polygon","coordinates":[[[-47.168028,-22.753904],[-47.16647,-22.753934],[-47.168257,-22.753648],[-47.168034,-22.753687],[-47.168028,-22.753904]]]}},{"type":"Feature","properties":{"NMUNCP":519,"NSEQNC":5170,"RazaoSocia":"GASPER COMBUSTSVEIS LTDA.","Termo_AR":"0645/2016","Atividade":"posto de serviSo"},"geometry":{"type":"Polygon","coordinates":[[[-46.894779,-22.729974],[-46.894215,-22.729981],[-46.894316,-22.7296],[-46.89454,-22.72957],[-46.894779,-22.729974]]]}},{"type":"Feature","properties":{"NMUNCP":524,"NSEQNC":1501,"RazaoSocia":"AUTO POSTO UNISO SSO CARLOS LTDA.","Termo_AR":"1106/2018","Atividade":"posto de serviSo"},"geometry":{"type":"Polygon","coordinates":[[[-46.956133,-24.285931],[-46.955811,-24.28617],[-46.95558,-24.285857],[-46.955804,-24.285682],[-46.956133,-24.285931]]]}},{"type":"Feature","properties":{"NMUNCP":524,"NSEQNC":1554,"RazaoSocia":"POSTO DE SERVISO FENIX DE PERUIBE LTDA.","Termo_AR":"0772/2017","Atividade":"posto de serviSo"},"geometry":{"type":"Polygon","coordinates":[[[-46.977765,-24.303888],[-46.977386,-24.304191],[-46.977115,-24.303897],[-46.977436,-24.303631],[-46.977765,-24.303888]]]}},{"type":"Feature","properties":{"NMUNCP":535,"NSEQNC":11791,"RazaoSocia":"JARDIM ELITE AUTO POSTO LTDA.","Termo_AR":"1202/2019","Atividade":"posto de serviUo"},"geometry":{"type":"Polygon","coordinates":[[[-47.640373,-22.736274],[-47.64016,-22.736377],[-47.639929,-22.735984],[-47.640161,-22.735881],[-47.640373,-22.736274]]]}},{"type":"Feature","properties":{"NMUNCP":535,"NSEQNC":18860,"RazaoSocia":"pGUA BRANCA COMBUSTOVEIS E SERVIEOS LTDA.","Termo_AR":" ","Atividade":"posto de serviMo"},"geometry":{"type":"Polygon","coordinates":[[[-47.639297,-22.746026],[-47.639324,-22.746516],[-47.638811,-22.746381],[-47.638954,-22.746058],[-47.639297,-22.746026]]]}},{"type":"Feature","properties":{"NMUNCP":535,"NSEQNC":19050,"RazaoSocia":"AUTO POSTO SUNDAI LTDA.","Termo_AR":"0544/2016","Atividade":"posto de serviDo"},"geometry":{"type":"Polygon","coordinates":[[[-47.630779,-22.737407],[-47.631055,-22.737583],[-47.630947,-22.738046],[-47.630298,-22.737695],[-47.630779,-22.737407]]]}},{"type":"Feature","properties":{"NMUNCP":535,"NSEQNC":19632,"RazaoSocia":"AUTO POSTO MARESIAS PIRACICABA LTDA. (ANTIGO AP CASTELINHO DE PIRAC.)","Termo_AR":" ","Atividade":"posto de serviEo"},"geometry":{"type":"Polygon","coordinates":[[[-47.663394,-22.732348],[-47.663053,-22.732448],[-47.662858,-22.731856],[-47.663585,-22.731822],[-47.663394,-22.732348]]]}},{"type":"Feature","properties":{"NMUNCP":535,"NSEQNC":25262,"RazaoSocia":"AUTO POSTO BENVINDO LTDA.","Termo_AR":"1102/2018, 1103/2018","Atividade":"posto de servi3o"},"geometry":{"type":"Polygon","coordinates":[[[-47.645562,-22.758142],[-47.645161,-22.758013],[-47.645234,-22.757759],[-47.645558,-22.757898],[-47.645562,-22.758142]]]}},{"type":"Feature","properties":{"NMUNCP":535,"NSEQNC":25850,"RazaoSocia":"AUTO POSTO 100 PIRACICABA LTDA.","Termo_AR":"0867/2017","Atividade":"posto de servi o"},"geometry":{"type":"Polygon","coordinates":[[[-47.633185,-22.734755],[-47.633482,-22.734918],[-47.633238,-22.735297],[-47.632919,-22.735114],[-47.633185,-22.734755]]]}},{"type":"Feature","properties":{"NMUNCP":535,"NSEQNC":26369,"RazaoSocia":"AUTO POSTO COCKPIT LTDA.","Termo_AR":" ","Atividade":"posto de serviKo"},"geometry":{"type":"Polygon","coordinates":[[[-47.653364,-22.714078],[-47.653065,-22.714183],[-47.652885,-22.71396],[-47.653223,-22.713819],[-47.653364,-22.714078]]]}},{"type":"Feature","properties":{"NMUNCP":546,"NSEQNC":1408,"RazaoSocia":"AUTO POSTO RENATO LTDA.","Termo_AR":"0852/2017","Atividade":"posto de serviAo"},"geometry":{"type":"Polygon","coordinates":[[[-46.342349,-23.519953],[-46.343077,-23.520344],[-46.343357,-23.520892],[-46.342397,-23.520883],[-46.342349,-23.519953]]]}},{"type":"Feature","properties":{"NMUNCP":546,"NSEQNC":7902,"RazaoSocia":"CONDOMdNIO RESID. VILLAGE DA FONTE","Termo_AR":" ","Atividade":"comDrcio"},"geometry":{"type":"Polygon","coordinates":[[[-46.344873,-23.508172],[-46.344965,-23.507557],[-46.346494,-23.507707],[-46.346255,-23.508296],[-46.344873,-23.508172]]]}},{"type":"Feature","properties":{"NMUNCP":558,"NSEQNC":2030,"RazaoSocia":"PROFUNDIR S/A PRODUTOS PARA ACIARIA E FUNDIO O","Termo_AR":"1096/2018","Atividade":"res6duo"},"geometry":{"type":"Polygon","coordinates":[[[-46.459603,-24.002304],[-46.459648,-24.00625],[-46.455529,-24.006289],[-46.455485,-24.002343],[-46.459603,-24.002304]]]}},{"type":"Feature","properties":{"NMUNCP":558,"NSEQNC":5841,"RazaoSocia":"CENTRO AUTOMOTIVO OCEANO LTDA.","Termo_AR":"0701/2017","Atividade":"posto de serviIo"},"geometry":{"type":"Polygon","coordinates":[[[-46.516995,-24.036332],[-46.517492,-24.036734],[-46.516889,-24.037345],[-46.516118,-24.036937],[-46.516995,-24.036332]]]}},{"type":"Feature","properties":{"NMUNCP":558,"NSEQNC":5930,"RazaoSocia":"CENTRO AUTOMOTIVO TACARAA LTDA.","Termo_AR":"0542/2016","Atividade":"posto de serviIo"},"geometry":{"type":"Polygon","coordinates":[[[-46.424247,-24.005156],[-46.423821,-24.005756],[-46.423178,-24.005365],[-46.423594,-24.004774],[-46.424247,-24.005156]]]}},{"type":"Feature","properties":{"NMUNCP":581,"NSEQNC":2561,"RazaoSocia":"AUTO POSTO SvO GERMANO DE RIBEIRRO PIRES","Termo_AR":"0876/2017","Atividade":"posto de servi o"},"geometry":{"type":"Polygon","coordinates":[[[-46.431291,-23.705403],[-46.431345,-23.705845],[-46.430983,-23.705893],[-46.430919,-23.705442],[-46.431291,-23.705403]]]}},{"type":"Feature","properties":{"NMUNCP":581,"NSEQNC":2580,"RazaoSocia":"AUTO POSTO VIADUTO DO MIRANTE LTDA.","Termo_AR":"0717/2017","Atividade":"posto de serviDo"},"geometry":{"type":"Polygon","coordinates":[[[-46.425725,-23.705843],[-46.425758,-23.706086],[-46.424868,-23.706392],[-46.424754,-23.70577],[-46.425725,-23.705843]]]}},{"type":"Feature","properties":{"NMUNCP":581,"NSEQNC":6083,"RazaoSocia":"RIGRAS TRANSPORTES COLETIVOS E TURISMO LTDA.","Termo_AR":"0367/2016","Atividade":"posto de serviRo"},"geometry":{"type":"Polygon","coordinates":[[[-46.397763,-23.707543],[-46.397375,-23.707068],[-46.398545,-23.706434],[-46.398718,-23.706992],[-46.397763,-23.707543]]]}},{"type":"Feature","properties":{"NMUNCP":582,"NSEQNC":585,"RazaoSocia":"CERVEJARIAS KAISER BRASIL S/A","Termo_AR":"0259/2015","Atividade":"ind9stria"},"geometry":{"type":"Polygon","coordinates":[[[-47.812609,-21.171611],[-47.811219,-21.169333],[-47.813086,-21.168327],[-47.814629,-21.170016],[-47.812609,-21.171611]]]}},{"type":"Feature","properties":{"NMUNCP":582,"NSEQNC":23178,"RazaoSocia":"HENARES & MASSI COMBUSTIVEIS LTDA","Termo_AR":" ","Atividade":"posto de serviIo"},"geometry":{"type":"Polygon","coordinates":[[[-47.80798,-21.159447],[-47.80778,-21.159594],[-47.807478,-21.159187],[-47.80769,-21.159058],[-47.80798,-21.159447]]]}},{"type":"Feature","properties":{"NMUNCP":582,"NSEQNC":26246,"RazaoSocia":"LIPASA AUTO POSTO DE SERVIIOS LTDA.","Termo_AR":" ","Atividade":"posto de serviSo"},"geometry":{"type":"Polygon","coordinates":[[[-47.806986,-21.187166],[-47.807116,-21.187326],[-47.80688,-21.187526],[-47.80673,-21.187349],[-47.806986,-21.187166]]]}},{"type":"Feature","properties":{"NMUNCP":582,"NSEQNC":33767,"RazaoSocia":"AUTO POSTO CARRO NOBRE LTDA.","Termo_AR":"0231/2015","Atividade":"posto de serviRo"},"geometry":{"type":"Polygon","coordinates":[[[-47.793814,-21.204499],[-47.793156,-21.20412],[-47.793517,-21.203588],[-47.794142,-21.204206],[-47.793814,-21.204499]]]}},{"type":"Feature","properties":{"NMUNCP":582,"NSEQNC":33930,"RazaoSocia":"JARDINS RIBEIRRO SERVI OS AUTOMOTIVOS LTDA.","Termo_AR":"0920/2018","Atividade":"posto de serviRo"},"geometry":{"type":"Polygon","coordinates":[[[-47.789113,-21.166341],[-47.789075,-21.16635],[-47.788625,-21.166981],[-47.788651,-21.166348],[-47.789113,-21.166341]]]}},{"type":"Feature","properties":{"NMUNCP":588,"NSEQNC":373,"RazaoSocia":"RAIZEN ENERGIA S/A (FILIAL SANTA HELENA)","Termo_AR":"1030/2018","Atividade":"posto de servi o"},"geometry":{"type":"Polygon","coordinates":[[[-47.664639,-22.801225],[-47.664811,-22.801556],[-47.664223,-22.801864],[-47.664064,-22.80165],[-47.664639,-22.801225]]]}},{"type":"Feature","properties":{"NMUNCP":626,"NSEQNC":13123,"RazaoSocia":"AUTO POSTO MARIA DO CARMO LTDA.","Termo_AR":"0500/2016","Atividade":"posto de serviIo"},"geometry":{"type":"Polygon","coordinates":[[[-46.508123,-23.684129],[-46.507965,-23.684844],[-46.507401,-23.684443],[-46.507848,-23.684077],[-46.508123,-23.684129]]]}},{"type":"Feature","properties":{"NMUNCP":626,"NSEQNC":13231,"RazaoSocia":"AUTO POSTO GUIZZO LTDA.","Termo_AR":"0066/2014","Atividade":"posto de serviZo"},"geometry":{"type":"Polygon","coordinates":[[[-46.503178,-23.669258],[-46.503184,-23.669863],[-46.502743,-23.669868],[-46.502736,-23.669263],[-46.503178,-23.669258]]]}},{"type":"Feature","properties":{"NMUNCP":626,"NSEQNC":13250,"RazaoSocia":"AUTO POSTO PAiS GALEGO LTDA.","Termo_AR":"0150/2015","Atividade":"posto de serviSo"},"geometry":{"type":"Polygon","coordinates":[[[-46.522498,-23.657023],[-46.522955,-23.657524],[-46.521379,-23.657729],[-46.522167,-23.65727],[-46.522498,-23.657023]]]}},{"type":"Feature","properties":{"NMUNCP":626,"NSEQNC":13392,"RazaoSocia":"OLIVEIRA BATISTA AUTO POSTO LTDA.","Termo_AR":" ","Atividade":"posto de serviTo"},"geometry":{"type":"Polygon","coordinates":[[[-46.542719,-23.638476],[-46.542094,-23.638123],[-46.542347,-23.637732],[-46.542975,-23.638097],[-46.542719,-23.638476]]]}},{"type":"Feature","properties":{"NMUNCP":626,"NSEQNC":13621,"RazaoSocia":"AUTO POSTO RYSEVAS LTDA.","Termo_AR":" ","Atividade":"posto de serviEo"},"geometry":{"type":"Polygon","coordinates":[[[-46.547424,-23.627624],[-46.547138,-23.627525],[-46.547285,-23.627037],[-46.547647,-23.627188],[-46.547424,-23.627624]]]}},{"type":"Feature","properties":{"NMUNCP":626,"NSEQNC":13689,"RazaoSocia":"PATTO ROSA AUTO POSTO (ANTIGO AUTO POSTO UTINGA LTDA.)","Termo_AR":"0251/2015","Atividade":"posto de serviOo"},"geometry":{"type":"Polygon","coordinates":[[[-46.536905,-23.625644],[-46.53757,-23.625502],[-46.537802,-23.626078],[-46.536952,-23.626294],[-46.536905,-23.625644]]]}},{"type":"Feature","properties":{"NMUNCP":626,"NSEQNC":13778,"RazaoSocia":"POSTO DE SERVIOOS ATLANTA UTINGA LTDA.","Termo_AR":"0289/2015","Atividade":"posto de serviOo"},"geometry":{"type":"Polygon","coordinates":[[[-46.53244,-23.629736],[-46.531822,-23.630243],[-46.531307,-23.629627],[-46.531879,-23.629189],[-46.53244,-23.629736]]]}},{"type":"Feature","properties":{"NMUNCP":626,"NSEQNC":13918,"RazaoSocia":"AUTO POSTO ESTONIA 4 LTDA. (ANTIGO AUTO POSTO D. PEDRO LTDA.)","Termo_AR":"0591/2016","Atividade":"posto de serviOo"},"geometry":{"type":"Polygon","coordinates":[[[-46.542729,-23.63748],[-46.542575,-23.637788],[-46.542211,-23.637611],[-46.542393,-23.637302],[-46.542729,-23.63748]]]}},{"type":"Feature","properties":{"NMUNCP":626,"NSEQNC":13922,"RazaoSocia":"BOLINHA SPRAY AUTO POSTO LTDA.","Termo_AR":" ","Atividade":"posto de serviAo"},"geometry":{"type":"Polygon","coordinates":[[[-46.532061,-23.634723],[-46.531828,-23.634915],[-46.53168,-23.634772],[-46.532011,-23.634606],[-46.532061,-23.634723]]]}},{"type":"Feature","properties":{"NMUNCP":626,"NSEQNC":15400,"RazaoSocia":"UTING S ARMAZENADORA S/A","Termo_AR":"0490/2016","Atividade":"posto de serviNo"},"geometry":{"type":"Polygon","coordinates":[[[-46.551128,-23.616599],[-46.54707,-23.620685],[-46.546636,-23.620463],[-46.54791,-23.616288],[-46.551128,-23.616599]]]}},{"type":"Feature","properties":{"NMUNCP":626,"NSEQNC":94205,"RazaoSocia":"POSTO DE GASOLINA MONTE CARLO LTDA.","Termo_AR":"0714/2017","Atividade":"posto de serviIo"},"geometry":{"type":"Polygon","coordinates":[[[-46.503154,-23.636434],[-46.502877,-23.63705],[-46.502344,-23.636734],[-46.503147,-23.636261],[-46.503154,-23.636434]]]}},{"type":"Feature","properties":{"NMUNCP":626,"NSEQNC":95941,"RazaoSocia":"AUTO POSTO NOSSA SENHORA DO SALETE LTDA.","Termo_AR":"0047/2014","Atividade":"posto de serviSo"},"geometry":{"type":"Polygon","coordinates":[[[-46.516514,-23.679609],[-46.516504,-23.679794],[-46.516129,-23.67977],[-46.516131,-23.679593],[-46.516514,-23.679609]]]}},{"type":"Feature","properties":{"NMUNCP":626,"NSEQNC":98314,"RazaoSocia":"AUTO POSTO DON PEPE LTDA.","Termo_AR":"0790/2017","Atividade":"posto de servi o"},"geometry":{"type":"Polygon","coordinates":[[[-46.548447,-23.667747],[-46.548209,-23.667505],[-46.54893,-23.667173],[-46.549071,-23.667461],[-46.548447,-23.667747]]]}},{"type":"Feature","properties":{"NMUNCP":626,"NSEQNC":101358,"RazaoSocia":"MARANESI E CIA LTDA.","Termo_AR":"0037/2014","Atividade":"posto de servi o"},"geometry":{"type":"Polygon","coordinates":[[[-46.528759,-23.692153],[-46.529177,-23.691833],[-46.52971,-23.69209],[-46.529438,-23.692363],[-46.528759,-23.692153]]]}},{"type":"Feature","properties":{"NMUNCP":626,"NSEQNC":102280,"RazaoSocia":"CONDOMdNIO PARK CLUB BAIRRO JARDIM (LEPUS EVEN EMPR. IMOB. LTDA.)","Termo_AR":" ","Atividade":"indDstria"},"geometry":{"type":"Polygon","coordinates":[[[-46.535965,-23.644667],[-46.53392,-23.643595],[-46.535807,-23.640651],[-46.537872,-23.641697],[-46.535965,-23.644667]]]}},{"type":"Feature","properties":{"NMUNCP":626,"NSEQNC":104144,"RazaoSocia":"SONDA SUPERMERCADOS (SONDA SUPERMERCADOS EXPORTAMPO E IMPORTADAO LTDA)","Termo_AR":"0025/2014","Atividade":"posto de serviCo"},"geometry":{"type":"Polygon","coordinates":[[[-46.526637,-23.638614],[-46.527154,-23.63925],[-46.526139,-23.639603],[-46.526375,-23.638815],[-46.526637,-23.638614]]]}},{"type":"Feature","properties":{"NMUNCP":626,"NSEQNC":104638,"RazaoSocia":"PETRO AUTO POSTO LTDA.","Termo_AR":"0655/2017","Atividade":"posto de serviTo"},"geometry":{"type":"Polygon","coordinates":[[[-46.548628,-23.646357],[-46.548629,-23.646735],[-46.548455,-23.646798],[-46.548265,-23.64647],[-46.548628,-23.646357]]]}},{"type":"Feature","properties":{"NMUNCP":626,"NSEQNC":105058,"RazaoSocia":"AUTO POSTO AUTOMAN LTDA.","Termo_AR":"0809/2017","Atividade":"posto de serviOo"},"geometry":{"type":"Polygon","coordinates":[[[-46.54672,-23.626957],[-46.546522,-23.626334],[-46.547357,-23.626414],[-46.547175,-23.627009],[-46.54672,-23.626957]]]}},{"type":"Feature","properties":{"NMUNCP":626,"NSEQNC":105999,"RazaoSocia":"ACTOS COMsRCIO IMPORTAA.O E EXPORTACAO LTDA.","Termo_AR":"0589/2016","Atividade":"ind9stria"},"geometry":{"type":"Polygon","coordinates":[[[-46.540626,-23.633744],[-46.541978,-23.634444],[-46.541497,-23.63527],[-46.540136,-23.634534],[-46.540626,-23.633744]]]}},{"type":"Feature","properties":{"NMUNCP":633,"NSEQNC":8750,"RazaoSocia":"LIQUIGrS DISTRIBUIDORA S/A","Termo_AR":" ","Atividade":"indUstria"},"geometry":{"type":"Polygon","coordinates":[[[-46.369153,-23.924815],[-46.369309,-23.925707],[-46.367912,-23.925908],[-46.367751,-23.925023],[-46.369153,-23.924815]]]}},{"type":"Feature","properties":{"NMUNCP":633,"NSEQNC":16244,"RazaoSocia":"AUTO POSTO TAMBURELLO LTDA.","Termo_AR":"0836/2017","Atividade":"posto de serviBo"},"geometry":{"type":"Polygon","coordinates":[[[-46.314488,-23.9612],[-46.315655,-23.962816],[-46.31376,-23.963979],[-46.312692,-23.962389],[-46.314488,-23.9612]]]}},{"type":"Feature","properties":{"NMUNCP":633,"NSEQNC":20786,"RazaoSocia":"CENTRO AUTOMOTIVO JAGUAR LTDA.","Termo_AR":" ","Atividade":"posto de serviIo"},"geometry":{"type":"Polygon","coordinates":[[[-46.357434,-23.931963],[-46.356931,-23.932245],[-46.356462,-23.931739],[-46.356982,-23.931434],[-46.357434,-23.931963]]]}},{"type":"Feature","properties":{"NMUNCP":633,"NSEQNC":21168,"RazaoSocia":"AUTO POSTO NOVO MILANIO LTDA.","Termo_AR":"0624/2016","Atividade":"posto de serviOo"},"geometry":{"type":"Polygon","coordinates":[[[-46.321044,-23.956448],[-46.321066,-23.955707],[-46.321959,-23.955645],[-46.322016,-23.956385],[-46.321044,-23.956448]]]}},{"type":"Feature","properties":{"NMUNCP":633,"NSEQNC":25120,"RazaoSocia":"AUTO POSTO BARTOLOMEU DE GUSM","Termo_AR":"0799/2017","Atividade":"posto de serviTo"},"geometry":{"type":"Polygon","coordinates":[[[-46.309632,-23.983421],[-46.309292,-23.983776],[-46.308827,-23.983437],[-46.309167,-23.983064],[-46.309632,-23.983421]]]}},{"type":"Feature","properties":{"NMUNCP":633,"NSEQNC":25559,"RazaoSocia":"CONDOMdNIO ACQUA PLAY (KIRRA INVEST. IMOB. LTDA.)","Termo_AR":" ","Atividade":"resDduo"},"geometry":{"type":"Polygon","coordinates":[[[-46.350999,-23.956819],[-46.351744,-23.95758],[-46.349156,-23.959075],[-46.348828,-23.95878],[-46.350999,-23.956819]]]}},{"type":"Feature","properties":{"NMUNCP":633,"NSEQNC":25741,"RazaoSocia":"CONDOMoNIO WIN WORK SANTOS (MADRI INC. SPE LTDA.)","Termo_AR":" ","Atividade":"posto de servi o"},"geometry":{"type":"Polygon","coordinates":[[[-46.331975,-23.958922],[-46.332031,-23.95959],[-46.330896,-23.95962],[-46.330798,-23.95851],[-46.331975,-23.958922]]]}},{"type":"Feature","properties":{"NMUNCP":633,"NSEQNC":27041,"RazaoSocia":"COMtRCIO DE COMBUST VEIS G NESIS LTDA.","Termo_AR":"1039/2018","Atividade":"posto de serviMo"},"geometry":{"type":"Polygon","coordinates":[[[-46.321437,-23.943919],[-46.321552,-23.944559],[-46.320894,-23.944601],[-46.320828,-23.943969],[-46.321437,-23.943919]]]}},{"type":"Feature","properties":{"NMUNCP":633,"NSEQNC":29422,"RazaoSocia":"VOPAK BRASIL S/A (TREA 6)","Termo_AR":"0849/2017","Atividade":"com9rcio"},"geometry":{"type":"Polygon","coordinates":[[[-46.371303,-23.924445],[-46.37147,-23.925428],[-46.36944,-23.925726],[-46.369263,-23.924779],[-46.371303,-23.924445]]]}},{"type":"Feature","properties":{"NMUNCP":635,"NSEQNC":20038,"RazaoSocia":"AKZO NOBEL LTDA.","Termo_AR":"1241/2019","Atividade":"ind1stria"},"geometry":{"type":"Polygon","coordinates":[[[-46.586951,-23.749072],[-46.584403,-23.746859],[-46.585444,-23.746144],[-46.58793,-23.748105],[-46.586951,-23.749072]]]}},{"type":"Feature","properties":{"NMUNCP":635,"NSEQNC":23888,"RazaoSocia":"POSTO DE SERVIAOS AUTOMOTIVOS  JAL LTDA.","Termo_AR":"0847/2017","Atividade":"posto de serviAo"},"geometry":{"type":"Polygon","coordinates":[[[-46.555938,-23.71626],[-46.555649,-23.716615],[-46.555141,-23.716366],[-46.555349,-23.716052],[-46.555938,-23.71626]]]}},{"type":"Feature","properties":{"NMUNCP":635,"NSEQNC":23905,"RazaoSocia":"AUTO POSTO HELENA YOKOYA LTDA.","Termo_AR":"0692/2017","Atividade":"posto de serviEo"},"geometry":{"type":"Polygon","coordinates":[[[-46.596498,-23.739564],[-46.596342,-23.740451],[-46.594947,-23.740276],[-46.595054,-23.739381],[-46.596498,-23.739564]]]}},{"type":"Feature","properties":{"NMUNCP":635,"NSEQNC":24185,"RazaoSocia":"JoLIO SIMsES TRANSPORTES E SERVIAOS LTDA.","Termo_AR":"0715/2017","Atividade":"com5rcio"},"geometry":{"type":"Polygon","coordinates":[[[-46.527647,-23.706572],[-46.528276,-23.707442],[-46.527264,-23.70747],[-46.526919,-23.707009],[-46.527647,-23.706572]]]}},{"type":"Feature","properties":{"NMUNCP":635,"NSEQNC":87485,"RazaoSocia":"KUBA TRANSPORTES GERAIS LTDA.","Termo_AR":" ","Atividade":"posto de serviEo"},"geometry":{"type":"Polygon","coordinates":[[[-46.568416,-23.657694],[-46.568657,-23.657375],[-46.569741,-23.65787],[-46.569597,-23.658133],[-46.568416,-23.657694]]]}},{"type":"Feature","properties":{"NMUNCP":635,"NSEQNC":91495,"RazaoSocia":"CONDOMdNIO CADIZ RESIDENCIAL (GOLD RORAIMA EMPR. IMOB. SPE LTDA.)","Termo_AR":" ","Atividade":"indDstria"},"geometry":{"type":"Polygon","coordinates":[[[-46.602636,-23.657371],[-46.604399,-23.658075],[-46.603406,-23.658663],[-46.602538,-23.657444],[-46.602636,-23.657371]]]}},{"type":"Feature","properties":{"NMUNCP":635,"NSEQNC":99957,"RazaoSocia":"AUTO POSTO CAMPOBASSO LTDA.","Termo_AR":"0874/2017","Atividade":"res4duo"},"geometry":{"type":"Polygon","coordinates":[[[-46.531796,-23.713715],[-46.531802,-23.71423],[-46.531194,-23.714236],[-46.531188,-23.713721],[-46.531796,-23.713715]]]}},{"type":"Feature","properties":{"NMUNCP":635,"NSEQNC":101837,"RazaoSocia":"CONDOMoNIO MONDIAL SOO BERNARDO (SEI SBC EMPR. IMOB. SPE LTDA.)","Termo_AR":"0474/2016","Atividade":"res4duo"},"geometry":{"type":"Polygon","coordinates":[[[-46.551828,-23.691725],[-46.552051,-23.693177],[-46.551238,-23.693266],[-46.551201,-23.691794],[-46.551828,-23.691725]]]}},{"type":"Feature","properties":{"NMUNCP":635,"NSEQNC":960298,"RazaoSocia":"CONDOMoNIO MANSIO IMPERIAL (GAFISA S/A)","Termo_AR":"0044/2014, 0045/2014","Atividade":"ind4stria"},"geometry":{"type":"Polygon","coordinates":[[[-46.542516,-23.70372],[-46.542073,-23.702722],[-46.543888,-23.701991],[-46.544391,-23.703006],[-46.542516,-23.70372]]]}},{"type":"Feature","properties":{"NMUNCP":636,"NSEQNC":2434,"RazaoSocia":"GENERAL MOTORS DO BRASIL LTDA.","Termo_AR":"0562/2016","Atividade":"ind2stria"},"geometry":{"type":"Polygon","coordinates":[[[-46.547728,-23.611931],[-46.547735,-23.612538],[-46.547076,-23.612545],[-46.547069,-23.611938],[-46.547728,-23.611931]]]}},{"type":"Feature","properties":{"NMUNCP":636,"NSEQNC":7993,"RazaoSocia":"AUTO POSTO VILA GERTY LTDA.","Termo_AR":"0756/2017","Atividade":"posto de serviAo"},"geometry":{"type":"Polygon","coordinates":[[[-46.564608,-23.638896],[-46.564307,-23.639304],[-46.564019,-23.639317],[-46.563917,-23.638904],[-46.564608,-23.638896]]]}},{"type":"Feature","properties":{"NMUNCP":636,"NSEQNC":8002,"RazaoSocia":"HIPERPETRO III COMRRCIO VAREJISTA DE DERIVADOS DE PETRPLEO LTDA.","Termo_AR":" ","Atividade":"posto de servi o"},"geometry":{"type":"Polygon","coordinates":[[[-46.553891,-23.635607],[-46.556134,-23.635458],[-46.554136,-23.635632],[-46.554088,-23.635705],[-46.553891,-23.635607]]]}},{"type":"Feature","properties":{"NMUNCP":636,"NSEQNC":8214,"RazaoSocia":"AUTO POSTO BARCELONA LTDA.","Termo_AR":"1133/2019","Atividade":"posto de serviCo"},"geometry":{"type":"Polygon","coordinates":[[[-46.549227,-23.621477],[-46.549428,-23.621205],[-46.549664,-23.621448],[-46.549544,-23.621627],[-46.549227,-23.621477]]]}},{"type":"Feature","properties":{"NMUNCP":636,"NSEQNC":30595,"RazaoSocia":"METAL RGICA NHOZINHO LTDA.","Termo_AR":"0622/2016","Atividade":"ind2stria"},"geometry":{"type":"Polygon","coordinates":[[[-46.578911,-23.628762],[-46.578431,-23.629625],[-46.577505,-23.629192],[-46.577975,-23.628329],[-46.578911,-23.628762]]]}},{"type":"Feature","properties":{"NMUNCP":636,"NSEQNC":34238,"RazaoSocia":"LEANDRINI AUTO POSTO LTDA.","Termo_AR":"0567/2016","Atividade":"posto de servi o"},"geometry":{"type":"Polygon","coordinates":[[[-46.56777,-23.62902],[-46.567815,-23.629462],[-46.567354,-23.629458],[-46.567368,-23.629006],[-46.56777,-23.62902]]]}},{"type":"Feature","properties":{"NMUNCP":636,"NSEQNC":35103,"RazaoSocia":"AUTO POSTO SANTA VIT RIA LTDA.","Termo_AR":"1195/2019","Atividade":"posto de serviTo"},"geometry":{"type":"Polygon","coordinates":[[[-46.553003,-23.609347],[-46.553295,-23.609235],[-46.553548,-23.609901],[-46.55293,-23.609853],[-46.553003,-23.609347]]]}},{"type":"Feature","properties":{"NMUNCP":637,"NSEQNC":852,"RazaoSocia":"FUTUROS SHOPPING, CONDOM NIO RESID. E HOTEL (A.W. FABER CASTELL S/A)","Termo_AR":"0015/2014","Atividade":"ind5stria"},"geometry":{"type":"Polygon","coordinates":[[[-47.893501,-22.026486],[-47.891564,-22.026458],[-47.891659,-22.023513],[-47.893481,-22.023589],[-47.893501,-22.026486]]]}},{"type":"Feature","properties":{"NMUNCP":637,"NSEQNC":11503,"RazaoSocia":"POSTO GRaCIA DE S O CARLOS LTDA","Termo_AR":"1259/2019","Atividade":"posto de serviEo"},"geometry":{"type":"Polygon","coordinates":[[[-47.904171,-22.030496],[-47.905143,-22.031055],[-47.90486,-22.031476],[-47.903943,-22.030848],[-47.904171,-22.030496]]]}},{"type":"Feature","properties":{"NMUNCP":654,"NSEQNC":2114,"RazaoSocia":"BOISSUCANGA AUTO POSTO LTDA.","Termo_AR":" ","Atividade":"posto de serviTo"},"geometry":{"type":"Polygon","coordinates":[[[-45.622528,-23.783516],[-45.622591,-23.783791],[-45.622529,-23.784161],[-45.62205,-23.783794],[-45.622528,-23.783516]]]}},{"type":"Feature","properties":{"NMUNCP":654,"NSEQNC":7832,"RazaoSocia":"KAJIYA & CIA LTDA.","Termo_AR":"0371/2016","Atividade":"posto de serviTo"},"geometry":{"type":"Polygon","coordinates":[[[-45.403331,-23.803895],[-45.404547,-23.803712],[-45.404667,-23.804381],[-45.403466,-23.804734],[-45.403331,-23.803895]]]}},{"type":"Feature","properties":{"NMUNCP":656,"NSEQNC":1126,"RazaoSocia":"WEST AUTO POSTO LTDA.","Termo_AR":"0295/2015","Atividade":"posto de serviOo"},"geometry":{"type":"Polygon","coordinates":[[[-47.556405,-21.480322],[-47.556559,-21.480167],[-47.556884,-21.480485],[-47.556684,-21.480726],[-47.556405,-21.480322]]]}},{"type":"Feature","properties":{"NMUNCP":657,"NSEQNC":119,"RazaoSocia":"BERNARDO QUrMICA S/A (BEQUISA)","Termo_AR":"0702/2017","Atividade":"ind2stria"},"geometry":{"type":"Polygon","coordinates":[[[-46.47199,-23.956247],[-46.472297,-23.957103],[-46.469096,-23.958122],[-46.468788,-23.957266],[-46.47199,-23.956247]]]}},{"type":"Feature","properties":{"NMUNCP":657,"NSEQNC":10450,"RazaoSocia":"AUTO POSTO ANTCNIO EMMERICK LTDA.","Termo_AR":"0707/2017","Atividade":"posto de serviCo"},"geometry":{"type":"Polygon","coordinates":[[[-46.381623,-23.9636],[-46.382335,-23.964027],[-46.382161,-23.964299],[-46.381429,-23.963899],[-46.381623,-23.9636]]]}},{"type":"Feature","properties":{"NMUNCP":657,"NSEQNC":11467,"RazaoSocia":"PORTAL 500 ANOS SERVIMOS AUTOMOTIVOS LTDA.","Termo_AR":" ","Atividade":"posto de serviSo"},"geometry":{"type":"Polygon","coordinates":[[[-46.359701,-23.968217],[-46.359574,-23.969232],[-46.35854,-23.968882],[-46.358851,-23.968123],[-46.359701,-23.968217]]]}},{"type":"Feature","properties":{"NMUNCP":657,"NSEQNC":11749,"RazaoSocia":"CONSIGAZ DISTRIBUIDORA DE GTS LTDA.","Termo_AR":" ","Atividade":"posto de serviIo"},"geometry":{"type":"Polygon","coordinates":[[[-46.412207,-23.951238],[-46.410859,-23.951043],[-46.411315,-23.950551],[-46.412575,-23.950711],[-46.412207,-23.951238]]]}},{"type":"Feature","properties":{"NMUNCP":669,"NSEQNC":955139,"RazaoSocia":"CONDOMdNIO RESID. HARTMANN","Termo_AR":" ","Atividade":"indDstria"},"geometry":{"type":"Polygon","coordinates":[[[-47.410867,-23.479209],[-47.413694,-23.479968],[-47.412885,-23.481181],[-47.409834,-23.48236],[-47.410867,-23.479209]]]}},{"type":"Feature","properties":{"NMUNCP":671,"NSEQNC":29352,"RazaoSocia":"CENTRO DE SERVIDOS FRANGO ASSADO NORTE (FILIAL I)","Termo_AR":"0677/2017","Atividade":"posto de serviIo"},"geometry":{"type":"Polygon","coordinates":[[[-47.2093,-22.814627],[-47.20834,-22.815498],[-47.205173,-22.812336],[-47.206334,-22.811914],[-47.2093,-22.814627]]]}},{"type":"Feature","properties":{"NMUNCP":671,"NSEQNC":31776,"RazaoSocia":"AUTO POSTO PARQUE ONGARO LTDA.","Termo_AR":"0886/2017","Atividade":"posto de serviQo"},"geometry":{"type":"Polygon","coordinates":[[[-47.268408,-22.82696],[-47.269178,-22.826389],[-47.269695,-22.82705],[-47.268895,-22.827558],[-47.268408,-22.82696]]]}},{"type":"Feature","properties":{"NMUNCP":671,"NSEQNC":32001,"RazaoSocia":"POSTO REDE NOTA 10 LTDA.","Termo_AR":"0937/2018","Atividade":"posto de serviAo"},"geometry":{"type":"Polygon","coordinates":[[[-47.264048,-22.816576],[-47.264749,-22.817162],[-47.263768,-22.817302],[-47.263559,-22.817052],[-47.264048,-22.816576]]]}},{"type":"Feature","properties":{"NMUNCP":672,"NSEQNC":3278,"RazaoSocia":"CENTRO AUTOMOTIVO PALMEIRA LTDA.","Termo_AR":" ","Atividade":"posto de serviIo"},"geometry":{"type":"Polygon","coordinates":[[[-46.324051,-23.644674],[-46.323141,-23.645006],[-46.3227,-23.644281],[-46.323537,-23.643808],[-46.324051,-23.644674]]]}},{"type":"Feature","properties":{"NMUNCP":672,"NSEQNC":12084,"RazaoSocia":"AUTO POSTO VERAN LTDA.","Termo_AR":"0672/2017","Atividade":"posto de serviAo"},"geometry":{"type":"Polygon","coordinates":[[[-46.312505,-23.541494],[-46.311712,-23.541609],[-46.311679,-23.541194],[-46.312433,-23.541142],[-46.312505,-23.541494]]]}},{"type":"Feature","properties":{"NMUNCP":675,"NSEQNC":12417,"RazaoSocia":"ROTA 116 CENTRO AUTOMOTIVO LTDA.","Termo_AR":" ","Atividade":"posto de serviOo"},"geometry":{"type":"Polygon","coordinates":[[[-46.768326,-23.60721],[-46.768074,-23.607914],[-46.767499,-23.607682],[-46.76793,-23.606839],[-46.768326,-23.60721]]]}},{"type":"Feature","properties":{"NMUNCP":708,"NSEQNC":6859,"RazaoSocia":"AUTO POSTO SIGMA LTDA.","Termo_AR":" ","Atividade":"posto de serviMo"},"geometry":{"type":"Polygon","coordinates":[[[-47.000259,-22.980629],[-47.000176,-22.980631],[-46.999981,-22.980301],[-47.0005,-22.979977],[-47.000259,-22.980629]]]}},{"type":"Feature","properties":{"NMUNCP":708,"NSEQNC":11274,"RazaoSocia":"AUTO POSTO DAMIZADE LTDA.","Termo_AR":"0800/2017","Atividade":"posto de serviIo"},"geometry":{"type":"Polygon","coordinates":[[[-47.00775,-22.973884],[-47.007995,-22.974375],[-47.007626,-22.974674],[-47.007052,-22.974349],[-47.00775,-22.973884]]]}},{"type":"Feature","properties":{"NMUNCP":714,"NSEQNC":4482,"RazaoSocia":"CENTER CAR AUTO POSTO GASPARINI LTDA.","Termo_AR":"1163/2019","Atividade":"posto de serviOo"},"geometry":{"type":"Polygon","coordinates":[[[-46.983097,-23.023472],[-46.98277,-23.024478],[-46.981663,-23.02349],[-46.981873,-23.023135],[-46.983097,-23.023472]]]}},{"type":"Feature","properties":{"NMUNCP":720,"NSEQNC":462,"RazaoSocia":"AUTO POSTO 45 LTDA.","Termo_AR":"0386/2016","Atividade":"posto de serviLo"},"geometry":{"type":"Polygon","coordinates":[[[-47.021766,-23.604792],[-47.022352,-23.604616],[-47.0226,-23.605286],[-47.021918,-23.605308],[-47.021766,-23.604792]]]}},{"type":"Feature","properties":{"NMUNCP":100,"NSEQNC":317023,"RazaoSocia":"AUTO POSTO DA Fo LTDA.","Termo_AR":"0508/2016","Atividade":"posto de serviFo"},"geometry":{"type":"Polygon","coordinates":[[[-46.52802,-23.552404],[-46.529234,-23.552392],[-46.528526,-23.552977],[-46.528021,-23.552494],[-46.52802,-23.552404]]]}},{"type":"Feature","properties":{"NMUNCP":100,"NSEQNC":318454,"RazaoSocia":"AUTO POSTO PLASMA LTDA.","Termo_AR":" ","Atividade":"posto de serviSo"},"geometry":{"type":"Polygon","coordinates":[[[-46.572116,-23.537227],[-46.572041,-23.537507],[-46.571541,-23.537467],[-46.571527,-23.537142],[-46.572116,-23.537227]]]}},{"type":"Feature","properties":{"NMUNCP":100,"NSEQNC":329054,"RazaoSocia":"ALUtSIO MAKOTO MIYADA LTDA.","Termo_AR":" ","Atividade":"posto de servi o"},"geometry":{"type":"Polygon","coordinates":[[[-46.727861,-23.588684],[-46.728033,-23.58881],[-46.727948,-23.588847],[-46.727785,-23.588708],[-46.727861,-23.588684]]]}},{"type":"Feature","properties":{"NMUNCP":100,"NSEQNC":330263,"RazaoSocia":"AUTO POSTO INGLoS DE SOUZA LTDA.","Termo_AR":"0210/2015","Atividade":"posto de serviLo"},"geometry":{"type":"Polygon","coordinates":[[[-46.622025,-23.576846],[-46.622001,-23.576692],[-46.622288,-23.576666],[-46.622324,-23.577741],[-46.622025,-23.576846]]]}},{"type":"Feature","properties":{"NMUNCP":100,"NSEQNC":830450,"RazaoSocia":"AUTO POSTO TOULOUSE LTDA.","Termo_AR":"0109/2013","Atividade":"posto de serviLo"},"geometry":{"type":"Polygon","coordinates":[[[-46.660277,-23.530369],[-46.660085,-23.530687],[-46.660016,-23.530633],[-46.660082,-23.530452],[-46.660277,-23.530369]]]}},{"type":"Feature","properties":{"NMUNCP":100,"NSEQNC":835628,"RazaoSocia":"AUTO POSTO CIDADE LTDA.","Termo_AR":"0698/2017","Atividade":"posto de serviAo"},"geometry":{"type":"Polygon","coordinates":[[[-46.629743,-23.549684],[-46.629603,-23.550077],[-46.629006,-23.549535],[-46.628906,-23.549222],[-46.629743,-23.549684]]]}},{"type":"Feature","properties":{"NMUNCP":100,"NSEQNC":1427799,"RazaoSocia":"CONDOMdNIO DESIGN OFFICE TOWER (ESSER HAVANA EMPR. IMOB. LTDA.)","Termo_AR":"0405/2016","Atividade":"com5rcio"},"geometry":{"type":"Polygon","coordinates":[[[-46.665505,-23.520885],[-46.665621,-23.521525],[-46.66524,-23.521584],[-46.665143,-23.520916],[-46.665505,-23.520885]]]}},{"type":"Feature","properties":{"NMUNCP":100,"NSEQNC":2011152,"RazaoSocia":"RODRIGO MAZZETO HESSEL","Termo_AR":"0507/2016","Atividade":"com7rcio"},"geometry":{"type":"Polygon","coordinates":[[[-46.691379,-23.663038],[-46.691406,-23.66366],[-46.691294,-23.663328],[-46.691379,-23.663038]]]}},{"type":"Feature","properties":{"NMUNCP":558,"NSEQNC":5644,"RazaoSocia":"AUTO POSTO AIMORHS PRAIA GRANDE (ANT POSTO DE SERV PRES PRAIA GRANDE)","Termo_AR":"1150/2019","Atividade":"posto de serviOo"},"geometry":{"type":"Polygon","coordinates":[[[-46.454148,-24.017166],[-46.454876,-24.016337],[-46.455261,-24.016496],[-46.454593,-24.017396],[-46.454148,-24.017166]]]}},{"type":"Feature","properties":{"NMUNCP":100,"NSEQNC":175188,"RazaoSocia":"CONDOMdNIO VITALE MOOCA (LAMINA (O DE METAIS CLEMENTE S/A)","Termo_AR":" ","Atividade":"indDstria"},"geometry":{"type":"Polygon","coordinates":[[[-46.595604,-23.568242],[-46.595921,-23.571902],[-46.595105,-23.569042],[-46.594924,-23.568402],[-46.595604,-23.568242]]]}},{"type":"Feature","properties":{"NMUNCP":100,"NSEQNC":247140,"RazaoSocia":"FIAT SINAL (ANTIGA DIOSYNTH PRODUTOS FARMO-QUCMICOS)","Termo_AR":"0585/2016","Atividade":"ind5stria"},"geometry":{"type":"Polygon","coordinates":[[[-46.747149,-23.60599],[-46.747798,-23.606582],[-46.746934,-23.607361],[-46.746284,-23.606769],[-46.747149,-23.60599]]]}},{"type":"Feature","properties":{"NMUNCP":100,"NSEQNC":316820,"RazaoSocia":"POSTO DE SERVITOS COTE D'AZUR LTDA.","Termo_AR":"1034/2018","Atividade":"posto de serviTo"},"geometry":{"type":"Polygon","coordinates":[[[-46.572035,-23.550186],[-46.571653,-23.550217],[-46.57164,-23.549919],[-46.572022,-23.549906],[-46.572035,-23.550186]]]}},{"type":"Feature","properties":{"NMUNCP":100,"NSEQNC":326728,"RazaoSocia":"AUTO POSTO INDEPENDONCIA DO CAMBUCI LTDA.","Termo_AR":"1164/2019","Atividade":"posto de serviEo"},"geometry":{"type":"Polygon","coordinates":[[[-46.613732,-23.566899],[-46.613779,-23.567485],[-46.613203,-23.567627],[-46.613029,-23.567014],[-46.613732,-23.566899]]]}},{"type":"Feature","properties":{"NMUNCP":100,"NSEQNC":327078,"RazaoSocia":"SERVI OS AUTOMOTIVOS SETE LTDA.","Termo_AR":"0640/2016","Atividade":"posto de serviOo"},"geometry":{"type":"Polygon","coordinates":[[[-46.711543,-23.570178],[-46.711533,-23.570909],[-46.711394,-23.570739],[-46.711045,-23.570273],[-46.711543,-23.570178]]]}},{"type":"Feature","properties":{"NMUNCP":100,"NSEQNC":327133,"RazaoSocia":"AUTO POSTO ESTORIL LTDA.","Termo_AR":" ","Atividade":"posto de serviOo"},"geometry":{"type":"Polygon","coordinates":[[[-46.712272,-23.563689],[-46.711767,-23.563659],[-46.711818,-23.563208],[-46.711944,-23.563187],[-46.712272,-23.563689]]]}},{"type":"Feature","properties":{"NMUNCP":100,"NSEQNC":327523,"RazaoSocia":"AUTO POSTO NONINHA LTDA.","Termo_AR":"01027/2018, 0128/2018","Atividade":"posto de servi2o"},"geometry":{"type":"Polygon","coordinates":[[[-46.648904,-23.548046],[-46.648813,-23.548292],[-46.648618,-23.54823],[-46.648711,-23.547983],[-46.648904,-23.548046]]]}},{"type":"Feature","properties":{"NMUNCP":100,"NSEQNC":327650,"RazaoSocia":"AUTO POSTO BOM JESUS DE PIRAPORA LTDA.","Termo_AR":"0738/2017","Atividade":"posto de servi o"},"geometry":{"type":"Polygon","coordinates":[[[-46.69679,-23.528223],[-46.696674,-23.527628],[-46.696968,-23.527634],[-46.697103,-23.528174],[-46.69679,-23.528223]]]}},{"type":"Feature","properties":{"NMUNCP":100,"NSEQNC":327684,"RazaoSocia":"POSTO DE SERVI OS S. S. LTDA.","Termo_AR":"0685/2017","Atividade":"posto de servi o"},"geometry":{"type":"Polygon","coordinates":[[[-46.67888,-23.560605],[-46.678748,-23.56081],[-46.678386,-23.560607],[-46.678519,-23.560401],[-46.67888,-23.560605]]]}},{"type":"Feature","properties":{"NMUNCP":100,"NSEQNC":328028,"RazaoSocia":"FI ADMINISTRAi O E PARTICIPA.","Termo_AR":"1210/2019","Atividade":"posto de servi o"},"geometry":{"type":"Polygon","coordinates":[[[-46.684031,-23.590624],[-46.68386,-23.591024],[-46.683319,-23.590867],[-46.683432,-23.590514],[-46.684031,-23.590624]]]}},{"type":"Feature","properties":{"NMUNCP":100,"NSEQNC":328136,"RazaoSocia":"POSTO DE SERVI OS JARDIM AMARICA LTDA.","Termo_AR":"1099/2018","Atividade":"posto de servi o"},"geometry":{"type":"Polygon","coordinates":[[[-46.669529,-23.566589],[-46.669083,-23.566919],[-46.668855,-23.566705],[-46.669271,-23.566321],[-46.669529,-23.566589]]]}},{"type":"Feature","properties":{"NMUNCP":100,"NSEQNC":328634,"RazaoSocia":"AUTO POSTO JARDIM DAS BANDEIRAS LTDA.","Termo_AR":"0908/2018","Atividade":"posto de serviDo"},"geometry":{"type":"Polygon","coordinates":[[[-46.688309,-23.547441],[-46.687642,-23.548117],[-46.686989,-23.547573],[-46.687656,-23.546897],[-46.688309,-23.547441]]]}},{"type":"Feature","properties":{"NMUNCP":100,"NSEQNC":328992,"RazaoSocia":"AUTO POSTO RAMAL LTDA.","Termo_AR":" ","Atividade":"posto de serviAo"},"geometry":{"type":"Polygon","coordinates":[[[-46.728297,-23.517198],[-46.728506,-23.516848],[-46.730122,-23.517737],[-46.729197,-23.517737],[-46.728297,-23.517198]]]}},{"type":"Feature","properties":{"NMUNCP":100,"NSEQNC":329110,"RazaoSocia":"AUTO POSTO GRANERO LTDA.","Termo_AR":"0524/2016","Atividade":"posto de serviNo"},"geometry":{"type":"Polygon","coordinates":[[[-46.650259,-23.556507],[-46.649908,-23.556601],[-46.649707,-23.555908],[-46.650036,-23.555939],[-46.650259,-23.556507]]]}},{"type":"Feature","properties":{"NMUNCP":100,"NSEQNC":329143,"RazaoSocia":"AUTO POSTO PADRE JOLO MANOEL LTDA. - EPP.","Termo_AR":"1153/2019","Atividade":"posto de serviRo"},"geometry":{"type":"Polygon","coordinates":[[[-46.666603,-23.566061],[-46.665778,-23.566638],[-46.665191,-23.565922],[-46.666026,-23.565344],[-46.666603,-23.566061]]]}},{"type":"Feature","properties":{"NMUNCP":100,"NSEQNC":330297,"RazaoSocia":"POSTO PRINCESA IZABEL LTDA.","Termo_AR":"0396/2016","Atividade":"posto de servi o"},"geometry":{"type":"Polygon","coordinates":[[[-46.643767,-23.534481],[-46.64339,-23.534883],[-46.642819,-23.534663],[-46.643284,-23.534206],[-46.643767,-23.534481]]]}},{"type":"Feature","properties":{"NMUNCP":100,"NSEQNC":330314,"RazaoSocia":"OURO PRETO AUTO POSTO LTDA.","Termo_AR":"0795/2017","Atividade":"posto de serviOo"},"geometry":{"type":"Polygon","coordinates":[[[-46.723911,-23.519446],[-46.723799,-23.519862],[-46.723486,-23.519902],[-46.723588,-23.519431],[-46.723911,-23.519446]]]}},{"type":"Feature","properties":{"NMUNCP":100,"NSEQNC":330386,"RazaoSocia":"POSTO DE SERVIOOS STO DONATO LTDA.","Termo_AR":"1215/2019","Atividade":"posto de serviOo"},"geometry":{"type":"Polygon","coordinates":[[[-46.647525,-23.520887],[-46.647005,-23.521606],[-46.646324,-23.521189],[-46.646854,-23.52047],[-46.647525,-23.520887]]]}},{"type":"Feature","properties":{"NMUNCP":100,"NSEQNC":346859,"RazaoSocia":"CAIXA ECONeMICA FEDERAL (ANTIGO AUTO POSTO MINA RIO PEQUENO LTDA.)","Termo_AR":"0325/2015","Atividade":"posto de serviAo"},"geometry":{"type":"Polygon","coordinates":[[[-46.754038,-23.567076],[-46.753421,-23.567083],[-46.753414,-23.566559],[-46.754031,-23.566552],[-46.754038,-23.567076]]]}},{"type":"Feature","properties":{"NMUNCP":100,"NSEQNC":351414,"RazaoSocia":"QIONGQIONG YAO (ANTIGA LOKAL AUTO CENTER LTDA.)","Termo_AR":"0633/2016","Atividade":"posto de servi o"},"geometry":{"type":"Polygon","coordinates":[[[-46.603776,-23.577134],[-46.603531,-23.577118],[-46.603322,-23.576849],[-46.604034,-23.576598],[-46.603776,-23.577134]]]}},{"type":"Feature","properties":{"NMUNCP":100,"NSEQNC":354018,"RazaoSocia":"OLGA COLOR SPA LTDA.","Termo_AR":"0584/2016","Atividade":"ind4stria"},"geometry":{"type":"Polygon","coordinates":[[[-46.585406,-23.598148],[-46.58538,-23.598154],[-46.585242,-23.598066],[-46.585266,-23.598022],[-46.585406,-23.598148]]]}},{"type":"Feature","properties":{"NMUNCP":100,"NSEQNC":416799,"RazaoSocia":"AUTO POSTO SAVEMO LTDA.","Termo_AR":"0329/2015","Atividade":"posto de serviEo"},"geometry":{"type":"Polygon","coordinates":[[[-46.686133,-23.610629],[-46.686052,-23.61145],[-46.685444,-23.610803],[-46.685603,-23.610678],[-46.686133,-23.610629]]]}},{"type":"Feature","properties":{"NMUNCP":100,"NSEQNC":465189,"RazaoSocia":"DIAMOND - ARMAZoNS GERAIS SOCIEDADE LTDA.","Termo_AR":"0048/2014","Atividade":"com8rcio"},"geometry":{"type":"Polygon","coordinates":[[[-46.766161,-23.486163],[-46.76775,-23.487182],[-46.767439,-23.487982],[-46.765533,-23.486897],[-46.766161,-23.486163]]]}},{"type":"Feature","properties":{"NMUNCP":100,"NSEQNC":488477,"RazaoSocia":"AUTO POSTO SMO LUCAS LTDA.","Termo_AR":"1142/2019","Atividade":"posto de servi o"},"geometry":{"type":"Polygon","coordinates":[[[-46.657536,-23.480361],[-46.656743,-23.48037],[-46.656734,-23.479638],[-46.657527,-23.47963],[-46.657536,-23.480361]]]}},{"type":"Feature","properties":{"NMUNCP":100,"NSEQNC":489446,"RazaoSocia":"POSTO DE SERVI OS COPACABANA LTDA.","Termo_AR":" ","Atividade":"posto de servi o"},"geometry":{"type":"Polygon","coordinates":[[[-46.636165,-23.494711],[-46.636498,-23.495493],[-46.635737,-23.495772],[-46.635405,-23.49498],[-46.636165,-23.494711]]]}},{"type":"Feature","properties":{"NMUNCP":100,"NSEQNC":494656,"RazaoSocia":"AUTO POSTO TUIM LTDA.","Termo_AR":" ","Atividade":"posto de serviMo"},"geometry":{"type":"Polygon","coordinates":[[[-46.59249,-23.468902],[-46.591943,-23.468998],[-46.591822,-23.468729],[-46.592418,-23.468641],[-46.59249,-23.468902]]]}},{"type":"Feature","properties":{"NMUNCP":100,"NSEQNC":510690,"RazaoSocia":"MALAGUETA COMiRCIO VAREJISTA DE COMBUSTAVEIS LTDA.","Termo_AR":"0771/2017","Atividade":"posto de serviRo"},"geometry":{"type":"Polygon","coordinates":[[[-46.579957,-23.409017],[-46.578088,-23.40896],[-46.579551,-23.408078],[-46.580502,-23.407766],[-46.579957,-23.409017]]]}},{"type":"Feature","properties":{"NMUNCP":100,"NSEQNC":526325,"RazaoSocia":"PHENIX COMeRCIO VAREJISTA DE COMBUSTUVEIS LTDA.","Termo_AR":"0786/2017","Atividade":"posto de serviOo"},"geometry":{"type":"Polygon","coordinates":[[[-46.602233,-23.584789],[-46.602172,-23.585404],[-46.60175,-23.58539],[-46.601831,-23.584748],[-46.602233,-23.584789]]]}},{"type":"Feature","properties":{"NMUNCP":100,"NSEQNC":526560,"RazaoSocia":"AUTO POSTO CECI LTDA.","Termo_AR":"0780/2017","Atividade":"posto de serviIo"},"geometry":{"type":"Polygon","coordinates":[[[-46.65141,-23.61858],[-46.650863,-23.619498],[-46.650427,-23.619096],[-46.650969,-23.618585],[-46.65141,-23.61858]]]}},{"type":"Feature","properties":{"NMUNCP":100,"NSEQNC":526895,"RazaoSocia":"POSTO DE SERVIIOS CAMACHO LTDA.","Termo_AR":"0830/2017","Atividade":"posto de serviIo"},"geometry":{"type":"Polygon","coordinates":[[[-46.621715,-23.601835],[-46.620821,-23.601664],[-46.621026,-23.600777],[-46.62192,-23.600957],[-46.621715,-23.601835]]]}},{"type":"Feature","properties":{"NMUNCP":100,"NSEQNC":592774,"RazaoSocia":"SOL DOURADO AUTO SERVICE LTDA.","Termo_AR":"0525/2016","Atividade":"posto de serviTo"},"geometry":{"type":"Polygon","coordinates":[[[-46.591599,-23.582126],[-46.591096,-23.581852],[-46.591462,-23.581279],[-46.591975,-23.581554],[-46.591599,-23.582126]]]}},{"type":"Feature","properties":{"NMUNCP":100,"NSEQNC":606479,"RazaoSocia":"AUTO POSTO IRMTOS VENTURA LTDA.","Termo_AR":"1105/2018","Atividade":"posto de serviTo"},"geometry":{"type":"Polygon","coordinates":[[[-46.602512,-23.627915],[-46.602524,-23.628909],[-46.601466,-23.62891],[-46.601454,-23.627917],[-46.602512,-23.627915]]]}},{"type":"Feature","properties":{"NMUNCP":100,"NSEQNC":606981,"RazaoSocia":"AUTO POSTO PARTIDA LTDA.","Termo_AR":"0811/2017","Atividade":"posto de serviTo"},"geometry":{"type":"Polygon","coordinates":[[[-46.52399,-23.608912],[-46.522998,-23.608741],[-46.52311,-23.608297],[-46.523739,-23.608427],[-46.52399,-23.608912]]]}},{"type":"Feature","properties":{"NMUNCP":100,"NSEQNC":611852,"RazaoSocia":"JAPAN SERVICE DO BRASIL LTDA.","Termo_AR":" ","Atividade":"posto de serviDo"},"geometry":{"type":"Polygon","coordinates":[[[-46.52487,-23.606349],[-46.525961,-23.606143],[-46.5263,-23.607552],[-46.525315,-23.608257],[-46.52487,-23.606349]]]}},{"type":"Feature","properties":{"NMUNCP":100,"NSEQNC":624763,"RazaoSocia":"ZONTA AUTO POSTO LTDA.","Termo_AR":"0794/2017","Atividade":"posto de serviTo"},"geometry":{"type":"Polygon","coordinates":[[[-46.678169,-23.665032],[-46.677539,-23.665563],[-46.677201,-23.665215],[-46.677826,-23.665],[-46.678169,-23.665032]]]}},{"type":"Feature","properties":{"NMUNCP":100,"NSEQNC":625145,"RazaoSocia":"AUTO SERVIeOS GRAND PRIX LTDA.","Termo_AR":" ","Atividade":"posto de serviGo"},"geometry":{"type":"Polygon","coordinates":[[[-46.698454,-23.693879],[-46.697925,-23.69169],[-46.698798,-23.692475],[-46.69936,-23.69349],[-46.698454,-23.693879]]]}},{"type":"Feature","properties":{"NMUNCP":100,"NSEQNC":646320,"RazaoSocia":"FERLEX VIATURAS E EQUIPAMENTOS LTDA.","Termo_AR":"0742/2017","Atividade":"ind2stria"},"geometry":{"type":"Polygon","coordinates":[[[-46.696652,-23.678168],[-46.696285,-23.678579],[-46.695009,-23.677699],[-46.695375,-23.677234],[-46.696652,-23.678168]]]}},{"type":"Feature","properties":{"NMUNCP":100,"NSEQNC":652528,"RazaoSocia":"ROLDsO  AUTO SERV  COM ALIMENTO LTDA  (ANT VIA.","Termo_AR":"1032/2018","Atividade":"posto de serviEo"},"geometry":{"type":"Polygon","coordinates":[[[-46.643479,-23.673093],[-46.642874,-23.674181],[-46.642251,-23.673928],[-46.642793,-23.67278],[-46.643479,-23.673093]]]}},{"type":"Feature","properties":{"NMUNCP":100,"NSEQNC":685860,"RazaoSocia":"AVATAR AUTO POSTO LTDA.","Termo_AR":"0689/2017","Atividade":"posto de serviSo"},"geometry":{"type":"Polygon","coordinates":[[[-46.701598,-23.717028],[-46.701494,-23.718089],[-46.700753,-23.717566],[-46.700034,-23.717016],[-46.701598,-23.717028]]]}},{"type":"Feature","properties":{"NMUNCP":100,"NSEQNC":714033,"RazaoSocia":"AUTO POSTO MATO GROSSO LTDA.","Termo_AR":"1124/2019","Atividade":"posto de serviOo"},"geometry":{"type":"Polygon","coordinates":[[[-46.670417,-23.653648],[-46.669749,-23.654323],[-46.669103,-23.653608],[-46.669929,-23.653075],[-46.670417,-23.653648]]]}},{"type":"Feature","properties":{"NMUNCP":100,"NSEQNC":719342,"RazaoSocia":"VIA BRASIL LTDA. (ANTIGO AUTO POSTO VIA INTERLAGOS LTDA.)","Termo_AR":"0415/2016","Atividade":"posto de serviAo"},"geometry":{"type":"Polygon","coordinates":[[[-46.679424,-23.657433],[-46.679777,-23.657456],[-46.679736,-23.658107],[-46.67937,-23.658086],[-46.679424,-23.657433]]]}},{"type":"Feature","properties":{"NMUNCP":100,"NSEQNC":766606,"RazaoSocia":"AUTO POSTO PORTAL DO BROS LTDA. (SAFIX-COM. VAREJISTA COMB. LTDA.)","Termo_AR":"0826/2017","Atividade":"posto de serviTo"},"geometry":{"type":"Polygon","coordinates":[[[-46.607056,-23.528625],[-46.606605,-23.528593],[-46.606994,-23.52756],[-46.607426,-23.527664],[-46.607056,-23.528625]]]}},{"type":"Feature","properties":{"NMUNCP":100,"NSEQNC":800012,"RazaoSocia":"AUTO POSTO DR. ORNELAS LTDA.","Termo_AR":"1052/2018","Atividade":"posto de servi o"},"geometry":{"type":"Polygon","coordinates":[[[-46.617014,-23.531229],[-46.616996,-23.531665],[-46.616388,-23.531548],[-46.616497,-23.531114],[-46.617014,-23.531229]]]}},{"type":"Feature","properties":{"NMUNCP":100,"NSEQNC":805675,"RazaoSocia":"SM ESPAeO AUTOMOTIVO LTDA.","Termo_AR":"0721/2017","Atividade":"posto de serviMo"},"geometry":{"type":"Polygon","coordinates":[[[-46.477079,-23.484596],[-46.477023,-23.484868],[-46.476444,-23.484774],[-46.4765,-23.484511],[-46.477079,-23.484596]]]}},{"type":"Feature","properties":{"NMUNCP":100,"NSEQNC":816561,"RazaoSocia":"AUTO POSTO FASCINAVOO DA ZONA LESTE  LTDA.","Termo_AR":"0341/2015","Atividade":"posto de serviCo"},"geometry":{"type":"Polygon","coordinates":[[[-46.558079,-23.566229],[-46.558513,-23.56562],[-46.558967,-23.565904],[-46.558533,-23.566505],[-46.558079,-23.566229]]]}},{"type":"Feature","properties":{"NMUNCP":100,"NSEQNC":826309,"RazaoSocia":"AUTO POSTO PACAEMBU LTDA.","Termo_AR":"0434/2016","Atividade":"posto de serviAo"},"geometry":{"type":"Polygon","coordinates":[[[-46.669539,-23.545746],[-46.669451,-23.546055],[-46.668435,-23.546096],[-46.668537,-23.545749],[-46.669539,-23.545746]]]}},{"type":"Feature","properties":{"NMUNCP":100,"NSEQNC":827814,"RazaoSocia":"AUTO POSTO REIVILO LTDA.","Termo_AR":"1226/2019","Atividade":"posto de serviVo"},"geometry":{"type":"Polygon","coordinates":[[[-46.690699,-23.527495],[-46.69149,-23.528109],[-46.690882,-23.528775],[-46.69009,-23.528161],[-46.690699,-23.527495]]]}},{"type":"Feature","properties":{"NMUNCP":100,"NSEQNC":853768,"RazaoSocia":"AUTO POSTO YKM DERIVADOS DE PETRSLEO LTDA.","Termo_AR":" ","Atividade":"posto de servi o"},"geometry":{"type":"Polygon","coordinates":[[[-46.6837,-23.527742],[-46.683235,-23.527969],[-46.68301,-23.527652],[-46.683452,-23.52741],[-46.6837,-23.527742]]]}},{"type":"Feature","properties":{"NMUNCP":100,"NSEQNC":854281,"RazaoSocia":"AUTO POSTO AMIGOS DA LAPA LTDA.","Termo_AR":"0547/2016","Atividade":"posto de serviGo"},"geometry":{"type":"Polygon","coordinates":[[[-46.695828,-23.531864],[-46.695491,-23.532346],[-46.695215,-23.532177],[-46.695563,-23.531803],[-46.695828,-23.531864]]]}},{"type":"Feature","properties":{"NMUNCP":100,"NSEQNC":855528,"RazaoSocia":"SETIN EMPR. IMOB. LTDA.","Termo_AR":" ","Atividade":"indIstria"},"geometry":{"type":"Polygon","coordinates":[[[-46.740841,-23.55284],[-46.73922,-23.554691],[-46.737403,-23.553574],[-46.738492,-23.552243],[-46.740841,-23.55284]]]}},{"type":"Feature","properties":{"NMUNCP":100,"NSEQNC":859853,"RazaoSocia":"B. G. SUL PETROLEO LTDA.","Termo_AR":"0374/2016","Atividade":"posto de serviOo"},"geometry":{"type":"Polygon","coordinates":[[[-46.741397,-23.600171],[-46.742043,-23.599399],[-46.742573,-23.60013],[-46.741686,-23.600723],[-46.741397,-23.600171]]]}},{"type":"Feature","properties":{"NMUNCP":100,"NSEQNC":867205,"RazaoSocia":"SUNSET POSTOS DE SERVIAOS E CONVENIONCIA LTDA.","Termo_AR":"0421/2016","Atividade":"posto de serviDo"},"geometry":{"type":"Polygon","coordinates":[[[-46.696315,-23.542387],[-46.696537,-23.542105],[-46.697049,-23.542325],[-46.696636,-23.542917],[-46.696315,-23.542387]]]}},{"type":"Feature","properties":{"NMUNCP":100,"NSEQNC":1001723,"RazaoSocia":"PIU PIU AUTO CENTER LTDA.","Termo_AR":"1221/2019","Atividade":"posto de serviEo"},"geometry":{"type":"Polygon","coordinates":[[[-46.971623,-23.494998],[-46.971949,-23.495183],[-46.971662,-23.495602],[-46.971336,-23.495408],[-46.971623,-23.494998]]]}},{"type":"Feature","properties":{"NMUNCP":100,"NSEQNC":1002815,"RazaoSocia":"TREVO DE TIQUATIRA SERVI.OS AUTOMOTIVOS LTDA.","Termo_AR":" ","Atividade":"posto de serviTo"},"geometry":{"type":"Polygon","coordinates":[[[-46.537522,-23.514544],[-46.537852,-23.515092],[-46.537063,-23.515488],[-46.536743,-23.51494],[-46.537522,-23.514544]]]}},{"type":"Feature","properties":{"NMUNCP":100,"NSEQNC":1030853,"RazaoSocia":"CONDOMdNIO SPAZIO HELBOR (HESA 51 INVEST. IMOB. LTDA.)","Termo_AR":"0498/2016","Atividade":"ind8stria"},"geometry":{"type":"Polygon","coordinates":[[[-46.59346,-23.582884],[-46.589324,-23.583567],[-46.588637,-23.583502],[-46.588768,-23.582959],[-46.59346,-23.582884]]]}},{"type":"Feature","properties":{"NMUNCP":100,"NSEQNC":1315930,"RazaoSocia":"AUTO POSTO BOLZANO LTDA.","Termo_AR":" ","Atividade":"posto de serviZo"},"geometry":{"type":"Polygon","coordinates":[[[-46.654226,-23.695938],[-46.653176,-23.69594],[-46.653167,-23.695164],[-46.654216,-23.695153],[-46.654226,-23.695938]]]}},{"type":"Feature","properties":{"NMUNCP":100,"NSEQNC":1406504,"RazaoSocia":"POSTO NOSSA SENHORA DO AVISO LTDA.","Termo_AR":"0298/2015","Atividade":"posto de serviNo"},"geometry":{"type":"Polygon","coordinates":[[[-46.616372,-23.633569],[-46.616197,-23.633742],[-46.615841,-23.633475],[-46.616045,-23.63332],[-46.616372,-23.633569]]]}},{"type":"Feature","properties":{"NMUNCP":100,"NSEQNC":1432848,"RazaoSocia":"CONDOMdNIO HELVETIA BUSINESS (STUHLBERGER W INC. CONSTR E PART.)","Termo_AR":"0857/2017","Atividade":"posto de serviVo"},"geometry":{"type":"Polygon","coordinates":[[[-46.643978,-23.627567],[-46.6438,-23.627928],[-46.64291,-23.627509],[-46.643096,-23.627166],[-46.643978,-23.627567]]]}},{"type":"Feature","properties":{"NMUNCP":100,"NSEQNC":2021460,"RazaoSocia":"CONDOMdNIO WIN (ESSER ROMA EMPR. IMOB. LTDA.)","Termo_AR":"0458/2016","Atividade":"posto de servi o"},"geometry":{"type":"Polygon","coordinates":[[[-46.704539,-23.646685],[-46.703302,-23.647294],[-46.702961,-23.646693],[-46.704197,-23.646083],[-46.704539,-23.646685]]]}},{"type":"Feature","properties":{"NMUNCP":100,"NSEQNC":2062258,"RazaoSocia":"BEKERLY EMPREEND. E PART. LTDA (ANTIGO SER CAR POSTO DE SERVITOS LTDA)","Termo_AR":"1274/2019","Atividade":"posto de serviNo"},"geometry":{"type":"Polygon","coordinates":[[[-46.636194,-23.52954],[-46.636245,-23.529693],[-46.636079,-23.52974],[-46.636028,-23.529578],[-46.636194,-23.52954]]]}},{"type":"Feature","properties":{"NMUNCP":190,"NSEQNC":8130,"RazaoSocia":"AZUL TIRRENO POSTO DE SERVITOS LTDA.","Termo_AR":"0946/2018","Atividade":"posto de serviOo"},"geometry":{"type":"Polygon","coordinates":[[[-46.562393,-23.117084],[-46.561518,-23.117308],[-46.56137,-23.116594],[-46.561845,-23.116259],[-46.562393,-23.117084]]]}},{"type":"Feature","properties":{"NMUNCP":239,"NSEQNC":538619,"RazaoSocia":"AUTO POSTO TRiS FILHOS LTDA.","Termo_AR":" ","Atividade":"posto de serviSo"},"geometry":{"type":"Polygon","coordinates":[[[-46.748179,-23.36412],[-46.748069,-23.363986],[-46.748778,-23.363554],[-46.749026,-23.363867],[-46.748179,-23.36412]]]}},{"type":"Feature","properties":{"NMUNCP":244,"NSEQNC":25722,"RazaoSocia":"CHEMCO INDeSTRIA E COM RCIO LTDA.","Termo_AR":"0319/2015, 0320/2015","Atividade":"ind9stria"},"geometry":{"type":"Polygon","coordinates":[[[-47.069126,-22.926092],[-47.06921,-22.92622],[-47.069025,-22.926323],[-47.068942,-22.926196],[-47.069126,-22.926092]]]}},{"type":"Feature","properties":{"NMUNCP":244,"NSEQNC":51657,"RazaoSocia":"CONDOMrNIO UNIQUE RESIDENCE (GOLD PORTUGAL EMPR. IMOB. LTDA.)","Termo_AR":"0215/2015","Atividade":"com5rcio"},"geometry":{"type":"Polygon","coordinates":[[[-47.06232,-22.915626],[-47.061909,-22.915736],[-47.061704,-22.915103],[-47.062122,-22.915009],[-47.06232,-22.915626]]]}},{"type":"Feature","properties":{"NMUNCP":244,"NSEQNC":52024,"RazaoSocia":"CONDOMiNIO VISTA PRADO (JARDIM NOVA EUROPA EMPR. IMOB. LTDA.)","Termo_AR":" ","Atividade":"posto de serviTo"},"geometry":{"type":"Polygon","coordinates":[[[-47.05858,-22.941244],[-47.058576,-22.941647],[-47.057632,-22.942236],[-47.056813,-22.941057],[-47.05858,-22.941244]]]}},{"type":"Feature","properties":{"NMUNCP":278,"NSEQNC":3738,"RazaoSocia":"GRANJA VIANA AUTO POSTO EIRELI (AUTO SERVICE GRANJA VIANA LTDA.)","Termo_AR":"0497/2016","Atividade":"posto de serviUo"},"geometry":{"type":"Polygon","coordinates":[[[-46.839382,-23.584013],[-46.839415,-23.584284],[-46.839066,-23.58455],[-46.83899,-23.584054],[-46.839382,-23.584013]]]}},{"type":"Feature","properties":{"NMUNCP":305,"NSEQNC":1770,"RazaoSocia":"AUTO POSTO ROMAN","Termo_AR":"1129/2019","Atividade":"posto de serviAo"},"geometry":{"type":"Polygon","coordinates":[[[-46.369028,-23.542723],[-46.369234,-23.541809],[-46.369853,-23.541993],[-46.369519,-23.54289],[-46.369028,-23.542723]]]}},{"type":"Feature","properties":{"NMUNCP":335,"NSEQNC":5201,"RazaoSocia":"AUTO POSTO DILA LTDA.","Termo_AR":"1176/2019","Atividade":"posto de serviAo"},"geometry":{"type":"Polygon","coordinates":[[[-46.298724,-23.94535],[-46.298505,-23.947049],[-46.297031,-23.947026],[-46.296986,-23.945419],[-46.298724,-23.94535]]]}},{"type":"Feature","properties":{"NMUNCP":336,"NSEQNC":55959,"RazaoSocia":"CIA DE DESENV. HAB. E URBANO DO EST. DE SP (CDHU)","Termo_AR":"0575/2016","Atividade":"com5rcio"},"geometry":{"type":"Polygon","coordinates":[[[-46.36826,-23.420223],[-46.367024,-23.419932],[-46.366918,-23.419869],[-46.367582,-23.419863],[-46.36826,-23.420223]]]}},{"type":"Feature","properties":{"NMUNCP":382,"NSEQNC":5560,"RazaoSocia":"AUTO POSTO ITAMAXI LTDA.","Termo_AR":"0888/2017","Atividade":"posto de serviMo"},"geometry":{"type":"Polygon","coordinates":[[[-46.844971,-23.00236],[-46.84436,-23.002629],[-46.844189,-23.002261],[-46.84485,-23.002045],[-46.844971,-23.00236]]]}},{"type":"Feature","properties":{"NMUNCP":392,"NSEQNC":7300,"RazaoSocia":"AUTO POSTO BARMO DE JACAREN LTDA.","Termo_AR":"1070/2018","Atividade":"posto de serviMo"},"geometry":{"type":"Polygon","coordinates":[[[-45.955387,-23.298559],[-45.955007,-23.298796],[-45.954573,-23.298185],[-45.954962,-23.297975],[-45.955387,-23.298559]]]}},{"type":"Feature","properties":{"NMUNCP":417,"NSEQNC":161611,"RazaoSocia":"MAKTOUB AUTO POSTO LTDA.","Termo_AR":"0287/2015","Atividade":"posto de serviOo"},"geometry":{"type":"Polygon","coordinates":[[[-47.422683,-22.563003],[-47.42252,-22.563394],[-47.421824,-22.563143],[-47.421993,-22.5628],[-47.422683,-22.563003]]]}},{"type":"Feature","properties":{"NMUNCP":417,"NSEQNC":173089,"RazaoSocia":"AUTO POSTO KLASS LTDA.","Termo_AR":"0384/2016","Atividade":"posto de serviSo"},"geometry":{"type":"Polygon","coordinates":[[[-47.415589,-22.581953],[-47.415299,-22.581328],[-47.415911,-22.581151],[-47.416103,-22.581794],[-47.415589,-22.581953]]]}},{"type":"Feature","properties":{"NMUNCP":442,"NSEQNC":3297,"RazaoSocia":"CIA ULTRAGAZ S/A","Termo_AR":"0494/2016","Atividade":"ind4stria"},"geometry":{"type":"Polygon","coordinates":[[[-46.474763,-23.656952],[-46.474914,-23.658169],[-46.474211,-23.658429],[-46.473074,-23.657573],[-46.474763,-23.656952]]]}},{"type":"Feature","properties":{"NMUNCP":455,"NSEQNC":9645,"RazaoSocia":"COMPANHIA DE EMPR. SP (CESP) (MOGI GUAEU)","Termo_AR":"1257/2019","Atividade":"posto de serviMo"},"geometry":{"type":"Polygon","coordinates":[[[-46.953149,-22.363276],[-46.954075,-22.363554],[-46.95353,-22.364879],[-46.952727,-22.364347],[-46.953149,-22.363276]]]}},{"type":"Feature","properties":{"NMUNCP":492,"NSEQNC":106173,"RazaoSocia":"ALTERNATIVA AUTO POSTO LTDA.","Termo_AR":" ","Atividade":"posto de serviTo"},"geometry":{"type":"Polygon","coordinates":[[[-46.774433,-23.541099],[-46.774432,-23.541274],[-46.773576,-23.541282],[-46.773575,-23.540679],[-46.774433,-23.541099]]]}},{"type":"Feature","properties":{"NMUNCP":492,"NSEQNC":116033,"RazaoSocia":"DIRCE FORTINO","Termo_AR":"0881/2017","Atividade":"posto de serviTo"},"geometry":{"type":"Polygon","coordinates":[[[-46.791312,-23.539589],[-46.791294,-23.539724],[-46.790647,-23.539705],[-46.79077,-23.539369],[-46.791312,-23.539589]]]}},{"type":"Feature","properties":{"NMUNCP":513,"NSEQNC":4124,"RazaoSocia":"AUTO POSTO FANTINATO LTDA.","Termo_AR":"0307/2015","Atividade":"posto de serviTo"},"geometry":{"type":"Polygon","coordinates":[[[-47.149342,-22.766891],[-47.14863,-22.766729],[-47.148891,-22.766136],[-47.149497,-22.766513],[-47.149342,-22.766891]]]}},{"type":"Feature","properties":{"NMUNCP":558,"NSEQNC":2877,"RazaoSocia":"ESTACIONAMENTO (AUTO CENTER MIYAZI LTDA.)","Termo_AR":"0246/2015","Atividade":"posto de servi o"},"geometry":{"type":"Polygon","coordinates":[[[-46.413798,-24.00888],[-46.41396,-24.009406],[-46.413638,-24.009481],[-46.413494,-24.008947],[-46.413798,-24.00888]]]}},{"type":"Feature","properties":{"NMUNCP":582,"NSEQNC":16032,"RazaoSocia":"POSTO J. L. MARTINEZ LTDA.","Termo_AR":" ","Atividade":"posto de serviRo"},"geometry":{"type":"Polygon","coordinates":[[[-47.787888,-21.16191],[-47.788574,-21.161464],[-47.788838,-21.161811],[-47.788203,-21.162296],[-47.787888,-21.16191]]]}},{"type":"Feature","properties":{"NMUNCP":582,"NSEQNC":35103,"RazaoSocia":"AUTO POSTO MCA RIBEIRLO (ANTIGO AUTO POSTO CANINE LTDA.)","Termo_AR":"0551/2016","Atividade":"posto de servi o"},"geometry":{"type":"Polygon","coordinates":[[[-47.821203,-21.204505],[-47.820424,-21.204621],[-47.820579,-21.204177],[-47.820894,-21.20397],[-47.821203,-21.204505]]]}},{"type":"Feature","properties":{"NMUNCP":623,"NSEQNC":1220,"RazaoSocia":"PARNA BA AUTO POSTO LTDA.","Termo_AR":"0382/2016","Atividade":"posto de serviPo"},"geometry":{"type":"Polygon","coordinates":[[[-46.916708,-23.44399],[-46.916378,-23.444217],[-46.915696,-23.444227],[-46.916395,-23.443939],[-46.916708,-23.44399]]]}},{"type":"Feature","properties":{"NMUNCP":626,"NSEQNC":13053,"RazaoSocia":"AUTO POSTO LAMEIRAS LTDA.","Termo_AR":" ","Atividade":"posto de serviEo"},"geometry":{"type":"Polygon","coordinates":[[[-46.5261,-23.667517],[-46.52575,-23.667746],[-46.525334,-23.667398],[-46.52539,-23.667199],[-46.5261,-23.667517]]]}},{"type":"Feature","properties":{"NMUNCP":626,"NSEQNC":13195,"RazaoSocia":"AUTO POSTO SKYLAB LTDA.","Termo_AR":"0039/2014","Atividade":"posto de serviLo"},"geometry":{"type":"Polygon","coordinates":[[[-46.546067,-23.633106],[-46.545901,-23.633365],[-46.54502,-23.632925],[-46.545188,-23.632672],[-46.546067,-23.633106]]]}},{"type":"Feature","properties":{"NMUNCP":626,"NSEQNC":13340,"RazaoSocia":"AUTO POSTO GUIGUI LTDA.","Termo_AR":"021/10/LPPE","Atividade":"posto de serviGo"},"geometry":{"type":"Polygon","coordinates":[[[-46.53698,-23.653015],[-46.537247,-23.653265],[-46.536602,-23.65422],[-46.536145,-23.653701],[-46.53698,-23.653015]]]}},{"type":"Feature","properties":{"NMUNCP":626,"NSEQNC":13660,"RazaoSocia":"AUTO POSTO INTEGRALTO LTDA.","Termo_AR":" ","Atividade":"posto de serviEo"},"geometry":{"type":"Polygon","coordinates":[[[-46.542301,-23.645693],[-46.542003,-23.645487],[-46.542401,-23.64493],[-46.542702,-23.645138],[-46.542301,-23.645693]]]}},{"type":"Feature","properties":{"NMUNCP":626,"NSEQNC":104572,"RazaoSocia":"MARIA TERESA AUTO POSTO LTDA.","Termo_AR":" ","Atividade":"posto de serviUo"},"geometry":{"type":"Polygon","coordinates":[[[-46.506145,-23.677396],[-46.506017,-23.677769],[-46.505738,-23.677741],[-46.505832,-23.677325],[-46.506145,-23.677396]]]}},{"type":"Feature","properties":{"NMUNCP":626,"NSEQNC":105950,"RazaoSocia":"EMPRESA DE TRANSPORTE URBANO E RODOVIPRIO SANTO ANDRD LTDA.","Termo_AR":"0024/2014","Atividade":"com4rcio"},"geometry":{"type":"Polygon","coordinates":[[[-46.525112,-23.678725],[-46.524428,-23.678045],[-46.524384,-23.676826],[-46.524736,-23.67676],[-46.525112,-23.678725]]]}},{"type":"Feature","properties":{"NMUNCP":626,"NSEQNC":109909,"RazaoSocia":"ELETROPAULO METROPOLITANA ELETRICIDADE DE SP S/A","Termo_AR":"0919/2018","Atividade":"res9duo"},"geometry":{"type":"Polygon","coordinates":[[[-46.523681,-23.660397],[-46.523055,-23.660967],[-46.522843,-23.660759],[-46.523515,-23.660179],[-46.523681,-23.660397]]]}},{"type":"Feature","properties":{"NMUNCP":633,"NSEQNC":9720,"RazaoSocia":"AUTO POSTO ALTHAMAR LTDA.","Termo_AR":" ","Atividade":"posto de serviHo"},"geometry":{"type":"Polygon","coordinates":[[[-46.334635,-23.940924],[-46.33466,-23.941277],[-46.334323,-23.941258],[-46.334268,-23.940874],[-46.334635,-23.940924]]]}},{"type":"Feature","properties":{"NMUNCP":633,"NSEQNC":22442,"RazaoSocia":"EDIFoCIO OCEANIC (ANTIGO AUTO POSTO PINK PANTER LTDA)","Termo_AR":"1256/2019","Atividade":"posto de serviIo"},"geometry":{"type":"Polygon","coordinates":[[[-46.348052,-23.967276],[-46.348416,-23.967299],[-46.348411,-23.96776],[-46.348027,-23.967736],[-46.348052,-23.967276]]]}},{"type":"Feature","properties":{"NMUNCP":635,"NSEQNC":79864,"RazaoSocia":"AUTO POSTO BAMBU DO RIACHO GRANDE LTDA.","Termo_AR":"0418/2016","Atividade":"posto de serviBo"},"geometry":{"type":"Polygon","coordinates":[[[-46.52998,-23.778505],[-46.529742,-23.778963],[-46.529297,-23.778543],[-46.529759,-23.778322],[-46.52998,-23.778505]]]}},{"type":"Feature","properties":{"NMUNCP":635,"NSEQNC":89673,"RazaoSocia":"POSTO DE SERVIBOS CIDADE DA CRIAN A LTDA.","Termo_AR":"1252/2019","Atividade":"posto de serviBo"},"geometry":{"type":"Polygon","coordinates":[[[-46.55845,-23.684506],[-46.55893,-23.684456],[-46.558927,-23.685025],[-46.558437,-23.685048],[-46.55845,-23.684506]]]}},{"type":"Feature","properties":{"NMUNCP":675,"NSEQNC":2379,"RazaoSocia":"COSMED INDUSTRIA DE COSMETICOS E MEDICAMENTOS S/A","Termo_AR":"0744/2017","Atividade":"ind4stria"},"geometry":{"type":"Polygon","coordinates":[[[-46.762482,-23.607144],[-46.76096,-23.607751],[-46.759381,-23.605624],[-46.761886,-23.605366],[-46.762482,-23.607144]]]}},{"type":"Feature","properties":{"NMUNCP":675,"NSEQNC":7546,"RazaoSocia":"COMERCIAL PHILADELPHIA DE COMBUSTMVEIS LTDA.","Termo_AR":"0393/2016","Atividade":"posto de serviAo"},"geometry":{"type":"Polygon","coordinates":[[[-46.800263,-23.617114],[-46.800292,-23.6178],[-46.799342,-23.617856],[-46.799334,-23.617287],[-46.800263,-23.617114]]]}},{"type":"Feature","properties":{"NMUNCP":675,"NSEQNC":15082,"RazaoSocia":"AUTO POSTO RAGUSA LTDA.","Termo_AR":"0699/2017","Atividade":"posto de serviUo"},"geometry":{"type":"Polygon","coordinates":[[[-46.791739,-23.627326],[-46.791907,-23.627468],[-46.791827,-23.628029],[-46.791526,-23.627545],[-46.791739,-23.627326]]]}},{"type":"Feature","properties":{"NMUNCP":100,"NSEQNC":858634,"RazaoSocia":"AUTO POSTO V & V LTDA. (ANTIGO AUTO POSTO S. FELICIDADE LTDA.)","Termo_AR":" ","Atividade":"posto de servi o"},"geometry":{"type":"Polygon","coordinates":[[[-46.652887,-23.522835],[-46.652879,-23.522998],[-46.652585,-23.522992],[-46.652593,-23.522829],[-46.652887,-23.522835]]]}},{"type":"Feature","properties":{"NMUNCP":707,"NSEQNC":566,"RazaoSocia":"MATOS & PORSANI LTDA.","Termo_AR":"1166/2019","Atividade":"posto de serviIo"},"geometry":{"type":"Polygon","coordinates":[[[-49.291438,-21.201437],[-49.292228,-21.201436],[-49.292216,-21.202484],[-49.291436,-21.202476],[-49.291438,-21.201437]]]}},{"type":"Feature","properties":{"NMUNCP":100,"NSEQNC":114108,"RazaoSocia":"SYLVoNIA DO BRASIL ILUMINATIO LTDA.","Termo_AR":"0138/2015","Atividade":"ind8stria"},"geometry":{"type":"Polygon","coordinates":[[[-46.69271,-23.668446],[-46.691973,-23.670852],[-46.689581,-23.670078],[-46.690084,-23.668812],[-46.69271,-23.668446]]]}},{"type":"Feature","properties":{"NMUNCP":100,"NSEQNC":118128,"RazaoSocia":"CONDOMrNIO BROOKFIELD TOWERS (BROOKFIELD SP EMPR. IMOB.) (GIROFLEX)","Termo_AR":"0516/2016","Atividade":"ind6stria"},"geometry":{"type":"Polygon","coordinates":[[[-46.724157,-23.640212],[-46.722812,-23.641269],[-46.721069,-23.639979],[-46.7222,-23.638137],[-46.724157,-23.640212]]]}},{"type":"Feature","properties":{"NMUNCP":100,"NSEQNC":276232,"RazaoSocia":"CONDOMrNIO CYRELA CLASSIC LAPA (SOCIEDADE ELETRO QUMMICA SELQUI LTDA.)","Termo_AR":" ","Atividade":"indDstria"},"geometry":{"type":"Polygon","coordinates":[[[-46.719213,-23.516599],[-46.719405,-23.517066],[-46.718372,-23.517484],[-46.718199,-23.516999],[-46.719213,-23.516599]]]}},{"type":"Feature","properties":{"NMUNCP":100,"NSEQNC":326751,"RazaoSocia":"BRILHANTE AUTO POSTO LTDA.","Termo_AR":"1144/2019","Atividade":"posto de servi o"},"geometry":{"type":"Polygon","coordinates":[[[-46.633196,-23.571608],[-46.633349,-23.571945],[-46.632566,-23.571878],[-46.632616,-23.571587],[-46.633196,-23.571608]]]}},{"type":"Feature","properties":{"NMUNCP":100,"NSEQNC":327275,"RazaoSocia":"POSTO DE SERVI OS PRESIDENTE ALTINO LTDA.","Termo_AR":"1118/2019","Atividade":"posto de servi o"},"geometry":{"type":"Polygon","coordinates":[[[-46.752917,-23.542347],[-46.752606,-23.542531],[-46.752329,-23.54164],[-46.752632,-23.541564],[-46.752917,-23.542347]]]}},{"type":"Feature","properties":{"NMUNCP":100,"NSEQNC":327792,"RazaoSocia":"POSTO DE SERVI O CLRLIA LTDA.","Termo_AR":"1051/2018","Atividade":"posto de servi o"},"geometry":{"type":"Polygon","coordinates":[[[-46.684154,-23.524956],[-46.684364,-23.525315],[-46.683789,-23.525556],[-46.683579,-23.525197],[-46.684154,-23.524956]]]}},{"type":"Feature","properties":{"NMUNCP":100,"NSEQNC":327810,"RazaoSocia":"POSTO DE SERVI OS SRO MATHEUS LTDA.","Termo_AR":"0789/2017","Atividade":"posto de servi o"},"geometry":{"type":"Polygon","coordinates":[[[-46.706036,-23.524553],[-46.705792,-23.524769],[-46.705208,-23.524439],[-46.705451,-23.524223],[-46.706036,-23.524553]]]}},{"type":"Feature","properties":{"NMUNCP":100,"NSEQNC":327909,"RazaoSocia":"AUTO POSTO BARONESA LTDA.","Termo_AR":"1060/2018","Atividade":"posto de serviOo"},"geometry":{"type":"Polygon","coordinates":[[[-46.655785,-23.539971],[-46.655631,-23.540225],[-46.65502,-23.539916],[-46.655183,-23.539661],[-46.655785,-23.539971]]]}},{"type":"Feature","properties":{"NMUNCP":100,"NSEQNC":328742,"RazaoSocia":"AUTO POSTO SANTO AMARO LTDA.","Termo_AR":"0863/2017","Atividade":"posto de serviTo"},"geometry":{"type":"Polygon","coordinates":[[[-46.672245,-23.586824],[-46.671611,-23.587083],[-46.671479,-23.586742],[-46.671709,-23.586279],[-46.672245,-23.586824]]]}},{"type":"Feature","properties":{"NMUNCP":100,"NSEQNC":328899,"RazaoSocia":"ILHA DO SOL POSTO EXPRESS WASH LTDA.","Termo_AR":" ","Atividade":"posto de serviSo"},"geometry":{"type":"Polygon","coordinates":[[[-46.717178,-23.540504],[-46.717537,-23.540924],[-46.71699,-23.540938],[-46.717035,-23.540624],[-46.717178,-23.540504]]]}},{"type":"Feature","properties":{"NMUNCP":100,"NSEQNC":329073,"RazaoSocia":"METRo (LINHA 4 AMARELA) (ESTAH O MORUMBI) (POSTO DE SERV. E. ARALJO)","Termo_AR":"0350/2015","Atividade":"posto de servi o"},"geometry":{"type":"Polygon","coordinates":[[[-46.724117,-23.586653],[-46.723798,-23.587201],[-46.723378,-23.586993],[-46.723697,-23.586445],[-46.724117,-23.586653]]]}},{"type":"Feature","properties":{"NMUNCP":100,"NSEQNC":383754,"RazaoSocia":"EXPRESSO DE PRATA LTDA.","Termo_AR":"1183/2019","Atividade":"posto de serviAo"},"geometry":{"type":"Polygon","coordinates":[[[-46.689634,-23.51388],[-46.689407,-23.514532],[-46.688994,-23.51441],[-46.68927,-23.513766],[-46.689634,-23.51388]]]}},{"type":"Feature","properties":{"NMUNCP":100,"NSEQNC":411973,"RazaoSocia":"SERVI OS AUTOMOTIVOS SUPER LEGAL DA BELA VISTA LTDA.","Termo_AR":"1230/2019","Atividade":"posto de serviOo"},"geometry":{"type":"Polygon","coordinates":[[[-46.652812,-23.556835],[-46.652633,-23.557387],[-46.652376,-23.557191],[-46.652675,-23.556818],[-46.652812,-23.556835]]]}},{"type":"Feature","properties":{"NMUNCP":100,"NSEQNC":526274,"RazaoSocia":"AUTO POSTO GALENA LTDA.","Termo_AR":"1095/2018","Atividade":"posto de serviEo"},"geometry":{"type":"Polygon","coordinates":[[[-46.625599,-23.602914],[-46.626255,-23.602907],[-46.626261,-23.603323],[-46.625604,-23.603329],[-46.625599,-23.602914]]]}},{"type":"Feature","properties":{"NMUNCP":100,"NSEQNC":528208,"RazaoSocia":"AUTO POSTO DOM PEDRO LTDA.","Termo_AR":"0905/2018","Atividade":"posto de servi o"},"geometry":{"type":"Polygon","coordinates":[[[-46.599455,-23.597912],[-46.599428,-23.598301],[-46.599032,-23.598279],[-46.599057,-23.597887],[-46.599455,-23.597912]]]}},{"type":"Feature","properties":{"NMUNCP":100,"NSEQNC":552298,"RazaoSocia":"MARIA ALICE DA CUNHA FLOR.NCIO (ANTIGO AUTO POSTO K-2 LTDA.).","Termo_AR":"1113/2018","Atividade":"posto de servi o"},"geometry":{"type":"Polygon","coordinates":[[[-46.635387,-23.596472],[-46.635418,-23.59742],[-46.634387,-23.597241],[-46.634309,-23.596465],[-46.635387,-23.596472]]]}},{"type":"Feature","properties":{"NMUNCP":100,"NSEQNC":596012,"RazaoSocia":"AUTO POSTO ARINELLA BELOM LTDA.","Termo_AR":"1098/2018","Atividade":"posto de serviNo"},"geometry":{"type":"Polygon","coordinates":[[[-46.591235,-23.546975],[-46.59078,-23.547431],[-46.590513,-23.547217],[-46.590793,-23.546889],[-46.591235,-23.546975]]]}},{"type":"Feature","properties":{"NMUNCP":100,"NSEQNC":605512,"RazaoSocia":"GEOPETRO POSTO DE SERVIOOS LTDA.","Termo_AR":"1024/2018","Atividade":"posto de servi o"},"geometry":{"type":"Polygon","coordinates":[[[-46.607818,-23.579973],[-46.607802,-23.580271],[-46.607243,-23.580222],[-46.607249,-23.579915],[-46.607818,-23.579973]]]}},{"type":"Feature","properties":{"NMUNCP":100,"NSEQNC":606873,"RazaoSocia":"POSTO DE SERVI OS PROFISSIONALISMO LTDA.","Termo_AR":"0955/2018","Atividade":"posto de servi o"},"geometry":{"type":"Polygon","coordinates":[[[-46.592251,-23.565073],[-46.592771,-23.565941],[-46.590834,-23.566894],[-46.59027,-23.566028],[-46.592251,-23.565073]]]}},{"type":"Feature","properties":{"NMUNCP":100,"NSEQNC":607912,"RazaoSocia":"METRo (LINHA 1 AZUL) (ANT. NREA DO POSTO VERGUEIRO)","Termo_AR":"1088/2018","Atividade":"posto de servi o"},"geometry":{"type":"Polygon","coordinates":[[[-46.635433,-23.586024],[-46.63634,-23.586507],[-46.635837,-23.587302],[-46.634915,-23.586707],[-46.635433,-23.586024]]]}},{"type":"Feature","properties":{"NMUNCP":100,"NSEQNC":615228,"RazaoSocia":"CENTRO AUTOMOTIVO KAYAK LTDA. (PETROBRTS DISTRIBUIDORA S/A)","Termo_AR":"0994/2018","Atividade":"posto de serviIo"},"geometry":{"type":"Polygon","coordinates":[[[-46.597837,-23.590713],[-46.597765,-23.591247],[-46.597451,-23.591196],[-46.597484,-23.59069],[-46.597837,-23.590713]]]}},{"type":"Feature","properties":{"NMUNCP":100,"NSEQNC":616339,"RazaoSocia":"SUPERMERCADO ATACADAO (CARREFOUR COM. E IND. LTDA.)","Termo_AR":"1048/2018","Atividade":"posto de serviTo"},"geometry":{"type":"Polygon","coordinates":[[[-46.600837,-23.582022],[-46.59986,-23.582231],[-46.599689,-23.581817],[-46.599982,-23.581751],[-46.600837,-23.582022]]]}},{"type":"Feature","properties":{"NMUNCP":100,"NSEQNC":652458,"RazaoSocia":"JET 7 POSTOS E SERVIOOS LTDA.","Termo_AR":"0899/2018","Atividade":"posto de servi o"},"geometry":{"type":"Polygon","coordinates":[[[-46.700836,-23.650671],[-46.701185,-23.651173],[-46.700394,-23.651363],[-46.700194,-23.651085],[-46.700836,-23.650671]]]}},{"type":"Feature","properties":{"NMUNCP":100,"NSEQNC":719677,"RazaoSocia":"METRo (LINHA 17 OURO) (AUTO POSTO R S)","Termo_AR":"1209/2019","Atividade":"posto de servi7o"},"geometry":{"type":"Polygon","coordinates":[[[-46.668155,-23.628742],[-46.668629,-23.62996],[-46.667101,-23.630137],[-46.666824,-23.628964],[-46.668155,-23.628742]]]}},{"type":"Feature","properties":{"NMUNCP":100,"NSEQNC":719681,"RazaoSocia":"METRo (LINHA 17 OURO) (AUTO POSTO NOVO AEROPORTO)","Termo_AR":"1209/2019","Atividade":"posto de servi7o"},"geometry":{"type":"Polygon","coordinates":[[[-46.668155,-23.628742],[-46.668629,-23.62996],[-46.667101,-23.630137],[-46.666824,-23.628964],[-46.668155,-23.628742]]]}},{"type":"Feature","properties":{"NMUNCP":100,"NSEQNC":822242,"RazaoSocia":"RIP POSTO DE SERVIROS E COM RCIO LTDA.","Termo_AR":"0552/2016","Atividade":"posto de serviEo"},"geometry":{"type":"Polygon","coordinates":[[[-46.646581,-23.541838],[-46.646604,-23.542858],[-46.645875,-23.542514],[-46.646229,-23.541833],[-46.646581,-23.541838]]]}},{"type":"Feature","properties":{"NMUNCP":100,"NSEQNC":822690,"RazaoSocia":"CONDOMdNIO 067 HERMANN JCNIOR (ANTIGO AUTO POSTO ESTRELA DE PINHEIROS)","Termo_AR":"1042/2018","Atividade":"posto de servi o"},"geometry":{"type":"Polygon","coordinates":[[[-46.698901,-23.559173],[-46.69924,-23.558817],[-46.699725,-23.559218],[-46.699425,-23.559547],[-46.698901,-23.559173]]]}},{"type":"Feature","properties":{"NMUNCP":100,"NSEQNC":825010,"RazaoSocia":"AUTO POSTO MEGA SHOP LTDA.","Termo_AR":"1197/2019","Atividade":"posto de serviAo"},"geometry":{"type":"Polygon","coordinates":[[[-46.675239,-23.60347],[-46.675381,-23.603893],[-46.674641,-23.604244],[-46.674351,-23.603805],[-46.675239,-23.60347]]]}},{"type":"Feature","properties":{"NMUNCP":100,"NSEQNC":827528,"RazaoSocia":"AUTO POSTO CHU LTDA.","Termo_AR":"1047/2018","Atividade":"posto de servi o"},"geometry":{"type":"Polygon","coordinates":[[[-46.66618,-23.607776],[-46.66552,-23.608315],[-46.665028,-23.607382],[-46.665407,-23.607098],[-46.66618,-23.607776]]]}},{"type":"Feature","properties":{"NMUNCP":100,"NSEQNC":829701,"RazaoSocia":"TRANSPPASS TRANSPORTE DE PASSAGEIROS LTDA.","Termo_AR":"1010/2018","Atividade":"posto de serviNo"},"geometry":{"type":"Polygon","coordinates":[[[-46.781748,-23.57775],[-46.782034,-23.578614],[-46.779429,-23.579384],[-46.779133,-23.578512],[-46.781748,-23.57775]]]}},{"type":"Feature","properties":{"NMUNCP":100,"NSEQNC":835690,"RazaoSocia":"AUTO POSTO PHOENIX LTDA.","Termo_AR":"0965/2018","Atividade":"posto de serviEo"},"geometry":{"type":"Polygon","coordinates":[[[-46.599538,-23.526481],[-46.599519,-23.525749],[-46.5999,-23.525646],[-46.5999,-23.526486],[-46.599538,-23.526481]]]}},{"type":"Feature","properties":{"NMUNCP":100,"NSEQNC":840077,"RazaoSocia":"AUTO POSTO TIMBIRAS LTDA.","Termo_AR":" ","Atividade":"posto de serviBo"},"geometry":{"type":"Polygon","coordinates":[[[-46.64115,-23.541444],[-46.641397,-23.541622],[-46.641086,-23.541788],[-46.640977,-23.541699],[-46.64115,-23.541444]]]}},{"type":"Feature","properties":{"NMUNCP":100,"NSEQNC":843588,"RazaoSocia":"BOULEVARD FARIA LIMA COM.RCIO VAREJISTA DE COMBUSTSVEIS LTDA.","Termo_AR":"1167/2019","Atividade":"posto de serviAo"},"geometry":{"type":"Polygon","coordinates":[[[-46.68084,-23.589341],[-46.681872,-23.589609],[-46.681676,-23.590316],[-46.680614,-23.590074],[-46.68084,-23.589341]]]}},{"type":"Feature","properties":{"NMUNCP":100,"NSEQNC":864230,"RazaoSocia":"CENTRO AUTOMOTIVO NOTCVEL LTDA.","Termo_AR":"1211/2019","Atividade":"posto de serviIo"},"geometry":{"type":"Polygon","coordinates":[[[-46.643631,-23.61403],[-46.643878,-23.614163],[-46.643699,-23.614743],[-46.643393,-23.61462],[-46.643631,-23.61403]]]}},{"type":"Feature","properties":{"NMUNCP":100,"NSEQNC":865380,"RazaoSocia":"WALMART BRASIL LTDA. (ANT. CGD AUTOM. E FORD)","Termo_AR":"1243/2019","Atividade":"com3rcio"},"geometry":{"type":"Polygon","coordinates":[[[-46.72965,-23.536747],[-46.730308,-23.536071],[-46.731515,-23.537006],[-46.730936,-23.537681],[-46.72965,-23.536747]]]}},{"type":"Feature","properties":{"NMUNCP":100,"NSEQNC":895900,"RazaoSocia":"EAST SIDE CONDOMTNIO & LAZER ( RN INC. & CONSTR. LTDA.)","Termo_AR":"0944/2018","Atividade":"ind4stria"},"geometry":{"type":"Polygon","coordinates":[[[-46.593804,-23.545621],[-46.593275,-23.546376],[-46.591924,-23.545649],[-46.592395,-23.544931],[-46.593804,-23.545621]]]}},{"type":"Feature","properties":{"NMUNCP":100,"NSEQNC":1017933,"RazaoSocia":"CONDOMrNIO SOLARE VILA MATILDE (BROOKFIELD SP EMPR. IMOB. S/A)","Termo_AR":" ","Atividade":"indDstria"},"geometry":{"type":"Polygon","coordinates":[[[-46.53448,-23.532356],[-46.535258,-23.532491],[-46.535042,-23.533486],[-46.534279,-23.533362],[-46.53448,-23.532356]]]}},{"type":"Feature","properties":{"NMUNCP":100,"NSEQNC":1018052,"RazaoSocia":"FORVAL 6 NORDESTINA EMPR. IMOB. (MINHA CASA MINHA VIDA)","Termo_AR":"0723/2017","Atividade":"desconhecido"},"geometry":{"type":"Polygon","coordinates":[[[-46.430727,-23.513614],[-46.431576,-23.511327],[-46.43248,-23.512431],[-46.432233,-23.513578],[-46.430727,-23.513614]]]}},{"type":"Feature","properties":{"NMUNCP":100,"NSEQNC":1028360,"RazaoSocia":"CONDOMhNIO ARISTO TATUAP. (AMADORA INC. SPE LTDA.)","Termo_AR":"0566/2016","Atividade":"posto de serviSo"},"geometry":{"type":"Polygon","coordinates":[[[-46.555654,-23.541646],[-46.556072,-23.543445],[-46.555198,-23.543645],[-46.554775,-23.542068],[-46.555654,-23.541646]]]}},{"type":"Feature","properties":{"NMUNCP":100,"NSEQNC":1032830,"RazaoSocia":"CONDOMdNIO STAMP MOOCA (JAPI EMPR. LTDA.)","Termo_AR":"0930/2018","Atividade":"ind0stria"},"geometry":{"type":"Polygon","coordinates":[[[-46.605171,-23.546217],[-46.60753,-23.548707],[-46.605121,-23.550348],[-46.602919,-23.548053],[-46.605171,-23.546217]]]}},{"type":"Feature","properties":{"NMUNCP":100,"NSEQNC":1033866,"RazaoSocia":"METRs (LINHA 15 PRATA) (PATIO ORAT RIO) (ANTIGA COATS CORRENTES)","Termo_AR":"1187/2019","Atividade":"ind7stria"},"geometry":{"type":"Polygon","coordinates":[[[-46.553387,-23.587922],[-46.553566,-23.584751],[-46.557994,-23.583912],[-46.557327,-23.587179],[-46.553387,-23.587922]]]}},{"type":"Feature","properties":{"NMUNCP":100,"NSEQNC":1205961,"RazaoSocia":"LOJAS BELIAN MODA LTDA.","Termo_AR":"0373/2016","Atividade":"com3rcio"},"geometry":{"type":"Polygon","coordinates":[[[-46.66604,-23.469991],[-46.665647,-23.470495],[-46.665395,-23.470209],[-46.66583,-23.469838],[-46.66604,-23.469991]]]}},{"type":"Feature","properties":{"NMUNCP":100,"NSEQNC":1302606,"RazaoSocia":"AUTO POSTO MARCIANO LTDA.","Termo_AR":"1132/2019","Atividade":"posto de serviCo"},"geometry":{"type":"Polygon","coordinates":[[[-46.681467,-23.684502],[-46.681335,-23.684855],[-46.680674,-23.684555],[-46.680817,-23.684238],[-46.681467,-23.684502]]]}},{"type":"Feature","properties":{"NMUNCP":100,"NSEQNC":1311060,"RazaoSocia":"CONDOMdNIO JARDINS DE PROVENCE (ESSER NEW YORK EMPR. IMOB. LTDA.)","Termo_AR":"0687/2017","Atividade":"desconhecido"},"geometry":{"type":"Polygon","coordinates":[[[-46.710385,-23.634914],[-46.710026,-23.63522],[-46.70767,-23.633361],[-46.70848,-23.633064],[-46.710385,-23.634914]]]}},{"type":"Feature","properties":{"NMUNCP":100,"NSEQNC":1426245,"RazaoSocia":"AES ELETROPAULO METROPOLITANA DE ELETRICIDADE DE SRO PAULO S/A","Termo_AR":"1021/2018","Atividade":"ind1stria"},"geometry":{"type":"Polygon","coordinates":[[[-46.724643,-23.532007],[-46.724305,-23.53239],[-46.723938,-23.532051],[-46.724181,-23.531657],[-46.724643,-23.532007]]]}},{"type":"Feature","properties":{"NMUNCP":100,"NSEQNC":1433855,"RazaoSocia":"VIA SUL TRANSPORTES URBANOS LTDA.","Termo_AR":"1001/2018","Atividade":"posto de serviOo"},"geometry":{"type":"Polygon","coordinates":[[[-46.6016,-23.638355],[-46.602454,-23.638454],[-46.601249,-23.64095],[-46.599335,-23.639913],[-46.6016,-23.638355]]]}},{"type":"Feature","properties":{"NMUNCP":100,"NSEQNC":1433893,"RazaoSocia":"CONDOMdNIO SCENE VILA ROMANA (EXTO BETA EMPR. IMOB. LTDA.)","Termo_AR":"0453/2016","Atividade":"ind3stria"},"geometry":{"type":"Polygon","coordinates":[[[-46.701356,-23.526713],[-46.700897,-23.526732],[-46.700878,-23.526426],[-46.70131,-23.525972],[-46.701356,-23.526713]]]}},{"type":"Feature","properties":{"NMUNCP":100,"NSEQNC":1440717,"RazaoSocia":"CONDOMrNIO FOCO PAULISTA ( HESA 143 INVEST. IMOB. LTDA. )","Termo_AR":"1134/2019","Atividade":"posto de serviOo"},"geometry":{"type":"Polygon","coordinates":[[[-46.63906,-23.55372],[-46.63922,-23.554044],[-46.638753,-23.554256],[-46.638582,-23.553942],[-46.63906,-23.55372]]]}},{"type":"Feature","properties":{"NMUNCP":100,"NSEQNC":1443081,"RazaoSocia":"CONDOMdNIO HELBOR TREND HIGIENAPOLIS (HESA 169  INVEST. IMOB. LTDA.)","Termo_AR":"0975/2018","Atividade":"posto de serviBo"},"geometry":{"type":"Polygon","coordinates":[[[-46.64837,-23.542316],[-46.648375,-23.54274],[-46.647768,-23.542747],[-46.647763,-23.542349],[-46.64837,-23.542316]]]}},{"type":"Feature","properties":{"NMUNCP":100,"NSEQNC":2016940,"RazaoSocia":"DIA BRASIL SOCIEDADE LIMITADA","Termo_AR":"1238/2019","Atividade":"ind8stria"},"geometry":{"type":"Polygon","coordinates":[[[-46.691531,-23.493008],[-46.691026,-23.492508],[-46.691674,-23.491914],[-46.692197,-23.492252],[-46.691531,-23.493008]]]}},{"type":"Feature","properties":{"NMUNCP":100,"NSEQNC":2030261,"RazaoSocia":"LIVING RIBEIRCO EMPR. IMOB. LTDA. (ANTIGA GB INGREDIENTES PANIFCADORA)","Termo_AR":"0933/2018","Atividade":"ind3stria"},"geometry":{"type":"Polygon","coordinates":[[[-46.597682,-23.615151],[-46.596983,-23.614887],[-46.597138,-23.613938],[-46.598119,-23.614018],[-46.597682,-23.615151]]]}},{"type":"Feature","properties":{"NMUNCP":100,"NSEQNC":2031758,"RazaoSocia":"CONDOMrNIO CYRELA CLASSIC LAPA (CBR 022 EMPR. IMOB. LTDA.)","Termo_AR":"0766/2017","Atividade":"ind6stria"},"geometry":{"type":"Polygon","coordinates":[[[-46.719213,-23.516599],[-46.719405,-23.517066],[-46.718372,-23.517484],[-46.718199,-23.516999],[-46.719213,-23.516599]]]}},{"type":"Feature","properties":{"NMUNCP":100,"NSEQNC":2055199,"RazaoSocia":"RUA DOS ALPES EMPREEND. IMOB. LTDA  (LIVING MUNHOZ EMPR. IMOB. LTDA.)","Termo_AR":"1189/2019","Atividade":"ind9stria"},"geometry":{"type":"Polygon","coordinates":[[[-46.620965,-23.559924],[-46.620038,-23.560187],[-46.619082,-23.557388],[-46.619962,-23.557198],[-46.620965,-23.559924]]]}},{"type":"Feature","properties":{"NMUNCP":100,"NSEQNC":2086002,"RazaoSocia":"CONDOMrNIO KLUBHAUS JAGUARO (DBG 05 EMPR. IMOB. LTDA.) (ANT LIDERGRAF)","Termo_AR":" ","Atividade":"indDstria"},"geometry":{"type":"Polygon","coordinates":[[[-46.752584,-23.542542],[-46.753475,-23.54346],[-46.752906,-23.543782],[-46.752288,-23.543173],[-46.752584,-23.542542]]]}},{"type":"Feature","properties":{"NMUNCP":100,"NSEQNC":2135853,"RazaoSocia":"CONDOMrNIO BERNINI EMPRESARIAL (PORTE CONSTRUTORA LTDA.)","Termo_AR":"1225/2019","Atividade":"ind5stria"},"geometry":{"type":"Polygon","coordinates":[[[-46.588598,-23.563148],[-46.58876,-23.563535],[-46.587971,-23.563922],[-46.58776,-23.563545],[-46.588598,-23.563148]]]}},{"type":"Feature","properties":{"NMUNCP":100,"NSEQNC":2192880,"RazaoSocia":"METRs (LINHA 5 LIL S) (PSTIO DE ESTAC E MANUT) (PONTE BAIXA (COHAB))","Termo_AR":" ","Atividade":"posto de servi o"},"geometry":{"type":"Polygon","coordinates":[[[-46.728157,-23.661973],[-46.728409,-23.663243],[-46.726819,-23.663107],[-46.726282,-23.662517],[-46.728157,-23.661973]]]}},{"type":"Feature","properties":{"NMUNCP":100,"NSEQNC":2205740,"RazaoSocia":"SECRETARIA DA HABITA) O","Termo_AR":"0949/2018","Atividade":"com9rcio"},"geometry":{"type":"Polygon","coordinates":[[[-46.641624,-23.536247],[-46.640192,-23.535268],[-46.641859,-23.533038],[-46.643388,-23.533889],[-46.641624,-23.536247]]]}},{"type":"Feature","properties":{"NMUNCP":100,"NSEQNC":2284831,"RazaoSocia":"BAR MARCHETTI LTDA- ACAUS","Termo_AR":"1100/2018","Atividade":"posto de serviLo"},"geometry":{"type":"Polygon","coordinates":[[[-46.702078,-23.513306],[-46.70226,-23.51385],[-46.701762,-23.514075],[-46.701826,-23.513316],[-46.702078,-23.513306]]]}},{"type":"Feature","properties":{"NMUNCP":168,"NSEQNC":5150,"RazaoSocia":"J. M. ANDRETA & CIA. LTDA.","Termo_AR":"1125/2019","Atividade":"posto de servi&o"},"geometry":{"type":"Polygon","coordinates":[[[-46.774202,-22.708158],[-46.773396,-22.709088],[-46.772924,-22.70875],[-46.773671,-22.707776],[-46.774202,-22.708158]]]}},{"type":"Feature","properties":{"NMUNCP":233,"NSEQNC":3511,"RazaoSocia":"AUTO POSTO PINHAL DE CABRE","Termo_AR":" ","Atividade":"posto de serviHo"},"geometry":{"type":"Polygon","coordinates":[[[-47.096755,-23.255047],[-47.096402,-23.254962],[-47.09658,-23.254499],[-47.096884,-23.254558],[-47.096755,-23.255047]]]}},{"type":"Feature","properties":{"NMUNCP":244,"NSEQNC":37522,"RazaoSocia":"AUTO POSTO MUG LTDA.","Termo_AR":" ","Atividade":"posto de servi o"},"geometry":{"type":"Polygon","coordinates":[[[-47.042458,-22.930533],[-47.04313,-22.931146],[-47.042538,-22.931218],[-47.042063,-22.930719],[-47.042458,-22.930533]]]}},{"type":"Feature","properties":{"NMUNCP":244,"NSEQNC":39015,"RazaoSocia":"POSTO GARCIA DE CAMPINAS LTDA.","Termo_AR":"1138/2019","Atividade":"posto de serviEo"},"geometry":{"type":"Polygon","coordinates":[[[-47.111955,-22.887378],[-47.112913,-22.887564],[-47.112477,-22.888987],[-47.111596,-22.888728],[-47.111955,-22.887378]]]}},{"type":"Feature","properties":{"NMUNCP":244,"NSEQNC":39123,"RazaoSocia":"AUTO POSTO MODELO LTDA. (SHELL BRASIL LTDA.)","Termo_AR":"1184/2019","Atividade":"posto de serviEo"},"geometry":{"type":"Polygon","coordinates":[[[-47.063228,-22.901454],[-47.06338,-22.901208],[-47.06356,-22.90154],[-47.063532,-22.901603],[-47.063228,-22.901454]]]}},{"type":"Feature","properties":{"NMUNCP":244,"NSEQNC":40850,"RazaoSocia":"VB TRANSPORTES E TURISMO LTDA.","Termo_AR":" ","Atividade":"posto de servi o"},"geometry":{"type":"Polygon","coordinates":[[[-47.141816,-22.967463],[-47.141851,-22.964122],[-47.143129,-22.964159],[-47.143017,-22.967556],[-47.141816,-22.967463]]]}},{"type":"Feature","properties":{"NMUNCP":244,"NSEQNC":44738,"RazaoSocia":"POSTO RODOVIvRIA CAMPINAS LTDA.","Termo_AR":"0862/2017","Atividade":"posto de serviIo"},"geometry":{"type":"Polygon","coordinates":[[[-47.070265,-22.900179],[-47.070516,-22.900049],[-47.070862,-22.90037],[-47.070573,-22.900599],[-47.070265,-22.900179]]]}},{"type":"Feature","properties":{"NMUNCP":244,"NSEQNC":45637,"RazaoSocia":"AUTO POSTO JARDIM EULINA LTDA.","Termo_AR":"0941/2018","Atividade":"posto de serviDo"},"geometry":{"type":"Polygon","coordinates":[[[-47.10488,-22.891164],[-47.106211,-22.890858],[-47.10608,-22.891835],[-47.105055,-22.891767],[-47.10488,-22.891164]]]}},{"type":"Feature","properties":{"NMUNCP":244,"NSEQNC":46076,"RazaoSocia":"AUTO POSTO 2002 DE CAMPINAS LTDA.","Termo_AR":" ","Atividade":"posto de servi2o"},"geometry":{"type":"Polygon","coordinates":[[[-47.046406,-22.906014],[-47.046054,-22.906633],[-47.045828,-22.906518],[-47.045725,-22.90614],[-47.046406,-22.906014]]]}},{"type":"Feature","properties":{"NMUNCP":244,"NSEQNC":52221,"RazaoSocia":"BORTOLETO, BERTOLETTO & CIA LTDA.","Termo_AR":"1201/2019","Atividade":"posto de serviTo"},"geometry":{"type":"Polygon","coordinates":[[[-47.104454,-22.974573],[-47.104486,-22.974763],[-47.10405,-22.975536],[-47.103847,-22.974401],[-47.104454,-22.974573]]]}},{"type":"Feature","properties":{"NMUNCP":253,"NSEQNC":3070,"RazaoSocia":"J. BATAGIN Auto Posto Ltda. (J. Batagin & Cia Ltda.)","Termo_AR":"1263/2019","Atividade":"posto de servioo"},"geometry":{"type":"Polygon","coordinates":[[[-47.509018,-22.996055],[-47.508381,-22.995885],[-47.509,-22.995062],[-47.509003,-22.995225],[-47.509018,-22.996055]]]}},{"type":"Feature","properties":{"NMUNCP":253,"NSEQNC":3160,"RazaoSocia":"RIGHI & RIGHI LTDA","Termo_AR":"1059/2018","Atividade":"posto de serviLo"},"geometry":{"type":"Polygon","coordinates":[[[-47.50765,-22.994813],[-47.50826,-22.994596],[-47.508346,-22.995533],[-47.507746,-22.995795],[-47.50765,-22.994813]]]}},{"type":"Feature","properties":{"NMUNCP":266,"NSEQNC":871,"RazaoSocia":"MORATO & CIA. LTDA.","Termo_AR":"1031/2018","Atividade":"posto de serviLo"},"geometry":{"type":"Polygon","coordinates":[[[-47.776847,-22.507506],[-47.77653,-22.507719],[-47.776243,-22.507426],[-47.776636,-22.507185],[-47.776847,-22.507506]]]}},{"type":"Feature","properties":{"NMUNCP":283,"NSEQNC":6350,"RazaoSocia":"ATLAS CONSTRUiLES AUTOCENTER TERRAPLANAGEM E LOCAa.ES LTDA.ME","Termo_AR":"1235/2019","Atividade":"posto de serviLo"},"geometry":{"type":"Polygon","coordinates":[[[-46.423147,-23.901406],[-46.422667,-23.901501],[-46.422615,-23.901258],[-46.423076,-23.901163],[-46.423147,-23.901406]]]}},{"type":"Feature","properties":{"NMUNCP":285,"NSEQNC":1569,"RazaoSocia":"AUTO POSTO N. S. LTDA.","Termo_AR":"1145/2019","Atividade":"posto de serviSo"},"geometry":{"type":"Polygon","coordinates":[[[-47.620297,-21.901647],[-47.620938,-21.902278],[-47.620272,-21.902921],[-47.619623,-21.902317],[-47.620297,-21.901647]]]}},{"type":"Feature","properties":{"NMUNCP":286,"NSEQNC":549473,"RazaoSocia":"AUTO POSTO MIKE LTDA","Termo_AR":"0924/2018","Atividade":"posto de serviEo"},"geometry":{"type":"Polygon","coordinates":[[[-46.617669,-23.684811],[-46.617112,-23.685756],[-46.6162,-23.685765],[-46.616872,-23.684648],[-46.617669,-23.684811]]]}},{"type":"Feature","properties":{"NMUNCP":335,"NSEQNC":5235,"RazaoSocia":"AUTO POSTO FALCoO DO TERMINAL LTDA.","Termo_AR":"0769/2017","Atividade":"posto de serviCo"},"geometry":{"type":"Polygon","coordinates":[[[-46.282133,-23.966342],[-46.281561,-23.966227],[-46.281715,-23.965474],[-46.282292,-23.965607],[-46.282133,-23.966342]]]}},{"type":"Feature","properties":{"NMUNCP":407,"NSEQNC":363252,"RazaoSocia":"AUTO POSTO MARATA  LTDA.","Termo_AR":"0869/2017","Atividade":"posto de serviAo"},"geometry":{"type":"Polygon","coordinates":[[[-46.880372,-23.19532],[-46.880805,-23.19554],[-46.880614,-23.195895],[-46.880162,-23.195665],[-46.880372,-23.19532]]]}},{"type":"Feature","properties":{"NMUNCP":409,"NSEQNC":980,"RazaoSocia":"SILCON AMBIENTAL LTDA.","Termo_AR":"0894/2017","Atividade":"ind4stria"},"geometry":{"type":"Polygon","coordinates":[[[-47.644825,-24.340333],[-47.64644,-24.342651],[-47.644443,-24.343426],[-47.643106,-24.341247],[-47.644825,-24.340333]]]}},{"type":"Feature","properties":{"NMUNCP":417,"NSEQNC":15203,"RazaoSocia":"CONTATTO COMERCIAL E IMOB. LTDA.","Termo_AR":"1057/2018","Atividade":"posto de serviCo"},"geometry":{"type":"Polygon","coordinates":[[[-47.327753,-22.63756],[-47.329121,-22.638225],[-47.32852,-22.638584],[-47.327334,-22.638301],[-47.327753,-22.63756]]]}},{"type":"Feature","properties":{"NMUNCP":417,"NSEQNC":167406,"RazaoSocia":"AUTO POSTO COLINAS DE SOO JOTO LTDA.","Termo_AR":"1023/2018","Atividade":"posto de serviIo"},"geometry":{"type":"Polygon","coordinates":[[[-47.390771,-22.587362],[-47.390813,-22.587862],[-47.390208,-22.588113],[-47.389995,-22.587672],[-47.390771,-22.587362]]]}},{"type":"Feature","properties":{"NMUNCP":417,"NSEQNC":175690,"RazaoSocia":"MARKBEM CITRUS LTDA.","Termo_AR":"1137/2019","Atividade":"posto de servi o"},"geometry":{"type":"Polygon","coordinates":[[[-47.368687,-22.584796],[-47.368702,-22.585698],[-47.367721,-22.585713],[-47.367705,-22.58481],[-47.368687,-22.584796]]]}},{"type":"Feature","properties":{"NMUNCP":442,"NSEQNC":2966,"RazaoSocia":"AUTO POSTO NELU LTDA.","Termo_AR":" ","Atividade":"posto de serviUo"},"geometry":{"type":"Polygon","coordinates":[[[-46.46057,-23.67484],[-46.461043,-23.675098],[-46.460965,-23.675108],[-46.460553,-23.67513],[-46.46057,-23.67484]]]}},{"type":"Feature","properties":{"NMUNCP":491,"NSEQNC":1516,"RazaoSocia":"AUTO POSTO DAGARGE","Termo_AR":"1236/2019","Atividade":"posto de serviAo"},"geometry":{"type":"Polygon","coordinates":[[[-47.885206,-20.717226],[-47.885185,-20.717642],[-47.8848,-20.717612],[-47.88485,-20.717205],[-47.885206,-20.717226]]]}},{"type":"Feature","properties":{"NMUNCP":492,"NSEQNC":123588,"RazaoSocia":"CONDOMdNIO LIVING MAGIC 2 (ANDORRA EMPR. IMOB. LTDA.)","Termo_AR":"0840/2017","Atividade":"ind0stria"},"geometry":{"type":"Polygon","coordinates":[[[-46.761418,-23.535576],[-46.763266,-23.535966],[-46.762952,-23.53713],[-46.761472,-23.537167],[-46.761418,-23.535576]]]}},{"type":"Feature","properties":{"NMUNCP":513,"NSEQNC":1997,"RazaoSocia":"TRANSO COMBUSTIVEIS LTDA.","Termo_AR":"1244/2019","Atividade":"posto de serviIo"},"geometry":{"type":"Polygon","coordinates":[[[-47.14696,-22.720935],[-47.147635,-22.722082],[-47.144963,-22.722727],[-47.144658,-22.721566],[-47.14696,-22.720935]]]}},{"type":"Feature","properties":{"NMUNCP":530,"NSEQNC":3634,"RazaoSocia":"AUTO POSTO 13 PINHAL LTDA.","Termo_AR":"0818/2017","Atividade":"posto de serviPo"},"geometry":{"type":"Polygon","coordinates":[[[-46.750759,-22.193339],[-46.750665,-22.193647],[-46.750189,-22.193517],[-46.750272,-22.193227],[-46.750759,-22.193339]]]}},{"type":"Feature","properties":{"NMUNCP":587,"NSEQNC":15307,"RazaoSocia":"POSTO CLARET LTDA.","Termo_AR":"1143/2019","Atividade":"posto de serviTo"},"geometry":{"type":"Polygon","coordinates":[[[-47.573121,-22.415335],[-47.573683,-22.415769],[-47.573426,-22.416053],[-47.572874,-22.415619],[-47.573121,-22.415335]]]}},{"type":"Feature","properties":{"NMUNCP":587,"NSEQNC":15805,"RazaoSocia":"POSTO CLARET LTDA.","Termo_AR":"1171/2019","Atividade":"posto de serviTo"},"geometry":{"type":"Polygon","coordinates":[[[-47.555719,-22.374283],[-47.555855,-22.374822],[-47.555274,-22.37494],[-47.555293,-22.374362],[-47.555719,-22.374283]]]}},{"type":"Feature","properties":{"NMUNCP":606,"NSEQNC":491569,"RazaoSocia":"COMtRCIO DE COMBUSTLVEIS J. AMARAL LTDA.","Termo_AR":"0696/2017","Atividade":"posto de serviMo"},"geometry":{"type":"Polygon","coordinates":[[[-47.408446,-22.755432],[-47.407944,-22.755702],[-47.407681,-22.75511],[-47.408085,-22.754851],[-47.408446,-22.755432]]]}},{"type":"Feature","properties":{"NMUNCP":626,"NSEQNC":13087,"RazaoSocia":"TALISMd AUTO POSTO LTDA.","Termo_AR":"1268/2019","Atividade":"posto de serviOo"},"geometry":{"type":"Polygon","coordinates":[[[-46.540807,-23.67288],[-46.540912,-23.674102],[-46.539584,-23.674117],[-46.539608,-23.672862],[-46.540807,-23.67288]]]}},{"type":"Feature","properties":{"NMUNCP":626,"NSEQNC":13091,"RazaoSocia":"AUTO POSTO PINOCHIO LTDA.","Termo_AR":"0927/2018","Atividade":"posto de serviOo"},"geometry":{"type":"Polygon","coordinates":[[[-46.512751,-23.674719],[-46.512229,-23.674534],[-46.512696,-23.67425],[-46.512828,-23.674628],[-46.512751,-23.674719]]]}},{"type":"Feature","properties":{"NMUNCP":626,"NSEQNC":13528,"RazaoSocia":"AUTO POSTO FLOR DA PRAIA LTDA.","Termo_AR":"0976/2018","Atividade":"posto de serviRo"},"geometry":{"type":"Polygon","coordinates":[[[-46.516745,-23.67673],[-46.516585,-23.6773],[-46.515856,-23.677018],[-46.515978,-23.676557],[-46.516745,-23.67673]]]}},{"type":"Feature","properties":{"NMUNCP":626,"NSEQNC":13640,"RazaoSocia":"AUTO POSTO BARBACENA LTDA.","Termo_AR":"0858/2017","Atividade":"posto de serviBo"},"geometry":{"type":"Polygon","coordinates":[[[-46.53153,-23.637058],[-46.531394,-23.637213],[-46.531177,-23.637043],[-46.531361,-23.636915],[-46.53153,-23.637058]]]}},{"type":"Feature","properties":{"NMUNCP":626,"NSEQNC":94510,"RazaoSocia":"LAVA RdPIDO JM LTDA.","Termo_AR":"0956/2018","Atividade":"posto de servi o"},"geometry":{"type":"Polygon","coordinates":[[[-46.508484,-23.666073],[-46.50815,-23.665977],[-46.50834,-23.665451],[-46.508694,-23.665547],[-46.508484,-23.666073]]]}},{"type":"Feature","properties":{"NMUNCP":626,"NSEQNC":99092,"RazaoSocia":"AUTO POSTO RAMALHDO II EIRELI","Termo_AR":"0978/2018","Atividade":"posto de serviAo"},"geometry":{"type":"Polygon","coordinates":[[[-46.524893,-23.676704],[-46.525245,-23.676601],[-46.525523,-23.676914],[-46.525211,-23.677089],[-46.524893,-23.676704]]]}},{"type":"Feature","properties":{"NMUNCP":626,"NSEQNC":99105,"RazaoSocia":"AUTO POSTO VILA METALIRGICA LTDA.","Termo_AR":"0940/2018","Atividade":"posto de serviAo"},"geometry":{"type":"Polygon","coordinates":[[[-46.542279,-23.620001],[-46.542082,-23.620789],[-46.54154,-23.62055],[-46.541662,-23.620043],[-46.542279,-23.620001]]]}},{"type":"Feature","properties":{"NMUNCP":626,"NSEQNC":102435,"RazaoSocia":"AGOSTINHO DOMINGOS SILVANO","Termo_AR":"0896/2017","Atividade":"posto de serviNo"},"geometry":{"type":"Polygon","coordinates":[[[-46.510973,-23.631805],[-46.511195,-23.632309],[-46.51094,-23.632356],[-46.510797,-23.631861],[-46.510973,-23.631805]]]}},{"type":"Feature","properties":{"NMUNCP":626,"NSEQNC":104479,"RazaoSocia":"TAVAREDE AUTO POSTO LTDA.","Termo_AR":"0130/2015","Atividade":"posto de serviPo"},"geometry":{"type":"Polygon","coordinates":[[[-46.495934,-23.626325],[-46.495906,-23.625621],[-46.49671,-23.625604],[-46.496533,-23.626463],[-46.495934,-23.626325]]]}},{"type":"Feature","properties":{"NMUNCP":626,"NSEQNC":105113,"RazaoSocia":"CATEQUESE AUTO POSTO LTDA.","Termo_AR":"0667/2017","Atividade":"posto de servi o"},"geometry":{"type":"Polygon","coordinates":[[[-46.540419,-23.658688],[-46.540428,-23.659519],[-46.539856,-23.659181],[-46.53985,-23.658694],[-46.540419,-23.658688]]]}},{"type":"Feature","properties":{"NMUNCP":626,"NSEQNC":106192,"RazaoSocia":"CONDOMdNIO SPAZIO SAN ISIDORO (MRV ENGENHARIA E PART. S/A)","Termo_AR":"0383/2016","Atividade":"com3rcio"},"geometry":{"type":"Polygon","coordinates":[[[-46.541506,-23.619914],[-46.541233,-23.621185],[-46.539929,-23.621108],[-46.539543,-23.618784],[-46.541506,-23.619914]]]}},{"type":"Feature","properties":{"NMUNCP":633,"NSEQNC":585,"RazaoSocia":"VOPAK BRASIL S/A (SREA II)","Termo_AR":"0838/2017, 2  via","Atividade":"com8rcio"},"geometry":{"type":"Polygon","coordinates":[[[-46.373451,-23.924155],[-46.373639,-23.925192],[-46.372491,-23.925365],[-46.372323,-23.924319],[-46.373451,-23.924155]]]}},{"type":"Feature","properties":{"NMUNCP":633,"NSEQNC":20362,"RazaoSocia":"AUTO POSTO SANTOUR LTDA.","Termo_AR":"1058/2018","Atividade":"posto de serviTo"},"geometry":{"type":"Polygon","coordinates":[[[-46.335309,-23.945811],[-46.335543,-23.946698],[-46.335128,-23.946428],[-46.334981,-23.945876],[-46.335309,-23.945811]]]}},{"type":"Feature","properties":{"NMUNCP":633,"NSEQNC":22565,"RazaoSocia":"POSTO DE SERVITOS MONTEIRO LOBATO LTDA.","Termo_AR":"1012/2018","Atividade":"posto de serviTo"},"geometry":{"type":"Polygon","coordinates":[[[-46.336718,-23.932652],[-46.336937,-23.932975],[-46.336684,-23.933158],[-46.336444,-23.932799],[-46.336718,-23.932652]]]}},{"type":"Feature","properties":{"NMUNCP":635,"NSEQNC":79332,"RazaoSocia":"POSTO DE SERVITOS ORIENTE LTDA.","Termo_AR":"0897/2018","Atividade":"posto de serviTo"},"geometry":{"type":"Polygon","coordinates":[[[-46.560668,-23.726719],[-46.560305,-23.725883],[-46.561006,-23.726327],[-46.561139,-23.726759],[-46.560668,-23.726719]]]}},{"type":"Feature","properties":{"NMUNCP":635,"NSEQNC":84990,"RazaoSocia":"CENTRO AUTOMOTIVO MN LTDA.","Termo_AR":"0603/2016","Atividade":"posto de serviIo"},"geometry":{"type":"Polygon","coordinates":[[[-46.568905,-23.694587],[-46.568967,-23.69483],[-46.568557,-23.694952],[-46.568485,-23.694709],[-46.568905,-23.694587]]]}},{"type":"Feature","properties":{"NMUNCP":635,"NSEQNC":88562,"RazaoSocia":"CENTRO AUTOMOTIVO TR S POSTOS LTDA.","Termo_AR":"1069/2018","Atividade":"posto de serviIo"},"geometry":{"type":"Polygon","coordinates":[[[-46.55942,-23.670409],[-46.559552,-23.669974],[-46.559759,-23.670045],[-46.559607,-23.670461],[-46.55942,-23.670409]]]}},{"type":"Feature","properties":{"NMUNCP":635,"NSEQNC":94830,"RazaoSocia":"NOVA KENNEDY AUTO POSTO LTDA.","Termo_AR":"0987/2018","Atividade":"posto de serviUo"},"geometry":{"type":"Polygon","coordinates":[[[-46.558654,-23.683574],[-46.558658,-23.683854],[-46.558473,-23.683946],[-46.558252,-23.683569],[-46.558654,-23.683574]]]}},{"type":"Feature","properties":{"NMUNCP":635,"NSEQNC":1001761,"RazaoSocia":"HESA 50 INVEST. IMOB. LTDA.","Termo_AR":"0995/2018","Atividade":"com5rcio"},"geometry":{"type":"Polygon","coordinates":[[[-46.564112,-23.689858],[-46.563794,-23.691893],[-46.562763,-23.691814],[-46.563032,-23.689734],[-46.564112,-23.689858]]]}},{"type":"Feature","properties":{"NMUNCP":635,"NSEQNC":1022698,"RazaoSocia":"DVR F ADM. E EMPR. LTDA. (ANTIGAS CABOMAT E MENSAN)","Termo_AR":"1213/2019","Atividade":"ind3stria"},"geometry":{"type":"Polygon","coordinates":[[[-46.67722,-23.043852],[-46.67758,-23.046011],[-46.676253,-23.046071],[-46.676497,-23.043956],[-46.67722,-23.043852]]]}},{"type":"Feature","properties":{"NMUNCP":636,"NSEQNC":640,"RazaoSocia":"BASF S/A","Termo_AR":"0719/2017","Atividade":"ind9stria"},"geometry":{"type":"Polygon","coordinates":[[[-46.581322,-23.619923],[-46.581516,-23.621057],[-46.579349,-23.621093],[-46.580035,-23.619924],[-46.581322,-23.619923]]]}},{"type":"Feature","properties":{"NMUNCP":636,"NSEQNC":39138,"RazaoSocia":"AUTO POSTO STRUFALDI LTDA.","Termo_AR":"1251/2019","Atividade":"posto de serviUo"},"geometry":{"type":"Polygon","coordinates":[[[-46.57751,-23.613271],[-46.57729,-23.613689],[-46.576867,-23.613603],[-46.576844,-23.613251],[-46.57751,-23.613271]]]}},{"type":"Feature","properties":{"NMUNCP":657,"NSEQNC":10341,"RazaoSocia":"AUTO POSTO CHAVES LTDA.","Termo_AR":"0749/2017","Atividade":"posto de serviVo"},"geometry":{"type":"Polygon","coordinates":[[[-46.395044,-23.950601],[-46.395418,-23.950624],[-46.395375,-23.951203],[-46.394981,-23.95117],[-46.395044,-23.950601]]]}},{"type":"Feature","properties":{"NMUNCP":100,"NSEQNC":2248727,"RazaoSocia":"SHOPPING FEIRiO DA CANTAREIRA (OCHO RIOS EMPR. E PART.) (ELETROPAULO)","Termo_AR":"1245/2019","Atividade":"ind5stria"},"geometry":{"type":"Polygon","coordinates":[[[-46.627628,-23.539218],[-46.62715,-23.538094],[-46.628087,-23.537756],[-46.628565,-23.53888],[-46.627628,-23.539218]]]}},{"type":"Feature","properties":{"NMUNCP":100,"NSEQNC":328371,"RazaoSocia":"AUTO POSTO PASIL LTDA.","Termo_AR":"0072/2014, 0252/2015","Atividade":"posto de servi2o"},"geometry":{"type":"Polygon","coordinates":[[[-46.685311,-23.553352],[-46.685922,-23.553514],[-46.685771,-23.553805],[-46.685174,-23.553679],[-46.685311,-23.553352]]]}},{"type":"Feature","properties":{"NMUNCP":100,"NSEQNC":329092,"RazaoSocia":"POSTO DE SERVI2OS JOMAR LTDA.","Termo_AR":"0834/2017","Atividade":"posto de servi2o"},"geometry":{"type":"Polygon","coordinates":[[[-46.731137,-23.604563],[-46.7318,-23.604303],[-46.732599,-23.604728],[-46.731984,-23.604933],[-46.731137,-23.604563]]]}},{"type":"Feature","properties":{"NMUNCP":100,"NSEQNC":1027070,"RazaoSocia":"CONDOMdNIO GRAND MOOCA ( PARTIFIB PROJ. IMOB. GAMMA ) (ANT VICUNHA )","Termo_AR":"0963/2018","Atividade":"ind3stria"},"geometry":{"type":"Polygon","coordinates":[[[-46.58964,-23.546802],[-46.58937,-23.547879],[-46.588522,-23.547813],[-46.58904,-23.546674],[-46.58964,-23.546802]]]}},{"type":"Feature","properties":{"NMUNCP":165,"NSEQNC":23197,"RazaoSocia":"AUTO POSTO PASCHOAL ARDITO LTDA.","Termo_AR":"0252/2015","Atividade":"posto de serviCo"},"geometry":{"type":"Polygon","coordinates":[[[-46.685311,-23.553352],[-46.685922,-23.553514],[-46.685771,-23.553805],[-46.685174,-23.553679],[-46.685311,-23.553352]]]}},{"type":"Feature","properties":{"NMUNCP":100,"NSEQNC":205379,"RazaoSocia":"IGREJA MUNDIAL DO PODER DE DEUS (METAL.RGICA MATARAZZO S/A)","Termo_AR":"1160/2019","Atividade":"ind0stria"},"geometry":{"type":"Polygon","coordinates":[[[-46.622239,-23.549794],[-46.619183,-23.551799],[-46.619233,-23.551519],[-46.620899,-23.549219],[-46.622239,-23.549794]]]}},{"type":"Feature","properties":{"NMUNCP":100,"NSEQNC":328776,"RazaoSocia":"AUTO POSTO MACAMBYRA LTDA.","Termo_AR":"1090/2018","Atividade":"posto de serviAo"},"geometry":{"type":"Polygon","coordinates":[[[-46.654767,-23.522824],[-46.655178,-23.523578],[-46.653758,-23.523593],[-46.654267,-23.522811],[-46.654767,-23.522824]]]}},{"type":"Feature","properties":{"NMUNCP":100,"NSEQNC":330066,"RazaoSocia":"AUTO POSTO MOINHO VELHO LTDA.","Termo_AR":"0711/2017","Atividade":"posto de serviNo"},"geometry":{"type":"Polygon","coordinates":[[[-46.745904,-23.596036],[-46.746228,-23.596392],[-46.746028,-23.596535],[-46.745719,-23.596193],[-46.745904,-23.596036]]]}},{"type":"Feature","properties":{"NMUNCP":100,"NSEQNC":485568,"RazaoSocia":"CARLOS ALBERTO PAPACIDERO (ANT ANDRE OBEID)","Termo_AR":"0213/2015","Atividade":"posto de servi o"},"geometry":{"type":"Polygon","coordinates":[[[-46.650478,-23.515822],[-46.650844,-23.516672],[-46.649394,-23.516889],[-46.649336,-23.515778],[-46.650478,-23.515822]]]}},{"type":"Feature","properties":{"NMUNCP":100,"NSEQNC":526749,"RazaoSocia":"METRo (ANT. vREA DO AUTO POSTO CAPUAVA)","Termo_AR":"0882/2017","Atividade":"posto de serviEo"},"geometry":{"type":"Polygon","coordinates":[[[-46.624219,-23.594317],[-46.624244,-23.596386],[-46.622285,-23.596407],[-46.622259,-23.594338],[-46.624219,-23.594317]]]}},{"type":"Feature","properties":{"NMUNCP":100,"NSEQNC":606958,"RazaoSocia":"JOSt AUGUSTO CORREIA DOMINGUES (ANT. POSTO DE SERVIZOS LABATUT LTDA)","Termo_AR":"1123/2019","Atividade":"posto de serviOo"},"geometry":{"type":"Polygon","coordinates":[[[-46.602207,-23.593937],[-46.602194,-23.594057],[-46.602051,-23.594049],[-46.60206,-23.593927],[-46.602207,-23.593937]]]}},{"type":"Feature","properties":{"NMUNCP":100,"NSEQNC":1019089,"RazaoSocia":"DIPASA EMPR. LTDA.","Termo_AR":"0704/2017","Atividade":"ind4stria"},"geometry":{"type":"Polygon","coordinates":[[[-46.600517,-23.542056],[-46.601708,-23.542742],[-46.600866,-23.54369],[-46.599726,-23.543041],[-46.600517,-23.542056]]]}},{"type":"Feature","properties":{"NMUNCP":100,"NSEQNC":2016000,"RazaoSocia":"CONDOMrNIO VILLA S","Termo_AR":"1033/2018","Atividade":"ind3stria"},"geometry":{"type":"Polygon","coordinates":[[[-46.623911,-23.554168],[-46.624109,-23.555123],[-46.623022,-23.55592],[-46.622815,-23.554234],[-46.623911,-23.554168]]]}},{"type":"Feature","properties":{"NMUNCP":168,"NSEQNC":956,"RazaoSocia":"MAGNETI MARELLI SISTEMAS AUTOMOTIVOS IND. E COM. LTDA.","Termo_AR":"0808/2017","Atividade":"ind8stria"},"geometry":{"type":"Polygon","coordinates":[[[-46.81727,-22.720462],[-46.814689,-22.720347],[-46.813985,-22.717131],[-46.816994,-22.716492],[-46.81727,-22.720462]]]}},{"type":"Feature","properties":{"NMUNCP":407,"NSEQNC":1000100,"RazaoSocia":"LOJAS CEM (CEM ADM. E PART. LTDA.) (ANTIGO DIA POSTOS DE COMBUSTMVEIS)","Termo_AR":"0631/2016","Atividade":"posto de servi o"},"geometry":{"type":"Polygon","coordinates":[[[-46.877697,-23.195661],[-46.8784,-23.196369],[-46.877772,-23.197141],[-46.877098,-23.196041],[-46.877697,-23.195661]]]}},{"type":"Feature","properties":{"NMUNCP":442,"NSEQNC":34562,"RazaoSocia":"TURISMO BOZZATO LTDA.","Termo_AR":"0663/2017","Atividade":"com3rcio"},"geometry":{"type":"Polygon","coordinates":[[[-46.469497,-23.661219],[-46.470434,-23.660867],[-46.471033,-23.661773],[-46.470038,-23.662262],[-46.469497,-23.661219]]]}},{"type":"Feature","properties":{"NMUNCP":626,"NSEQNC":13119,"RazaoSocia":"CENTRO AUTOMOTIVO MIRELLA LTDA.","Termo_AR":"0877/2017","Atividade":"posto de serviIo"},"geometry":{"type":"Polygon","coordinates":[[[-46.511729,-23.602873],[-46.51151,-23.603417],[-46.511273,-23.603274],[-46.511581,-23.602793],[-46.511729,-23.602873]]]}},{"type":"Feature","properties":{"NMUNCP":626,"NSEQNC":91423,"RazaoSocia":"CENTRO AUTOMOTIVO ALOHA LTDA.","Termo_AR":"0989/2018","Atividade":"posto de serviIo"},"geometry":{"type":"Polygon","coordinates":[[[-46.520092,-23.651574],[-46.52092,-23.651945],[-46.519924,-23.652325],[-46.519789,-23.651676],[-46.520092,-23.651574]]]}},{"type":"Feature","properties":{"NMUNCP":642,"NSEQNC":903,"RazaoSocia":"ARNALDO A. PIRES FERREIRA COMBUST)VEIS","Termo_AR":"0962/2018","Atividade":"posto de serviEo"},"geometry":{"type":"Polygon","coordinates":[[[-47.86626,-20.584514],[-47.866267,-20.584875],[-47.865883,-20.584881],[-47.865877,-20.58452],[-47.86626,-20.584514]]]}},{"type":"Feature","properties":{"NMUNCP":322,"NSEQNC":585,"RazaoSocia":"TUTOMU SAITO (ANTIGO POSTO CENTRAL LTDA.)","Termo_AR":"0731/2017","Atividade":"posto de serviAo"},"geometry":{"type":"Polygon","coordinates":[[[-48.312997,-20.320772],[-48.313007,-20.320772],[-48.312875,-20.320956],[-48.312868,-20.320776],[-48.312997,-20.320772]]]}},{"type":"Feature","properties":{"NMUNCP":371,"NSEQNC":4430,"RazaoSocia":"AUTO POSTO MIQUIRA II LTDA.","Termo_AR":"0042/2014","Atividade":"posto de serviUo"},"geometry":{"type":"Polygon","coordinates":[[[-48.059968,-23.595866],[-48.060598,-23.595725],[-48.060707,-23.596106],[-48.05989,-23.596307],[-48.059968,-23.595866]]]}},{"type":"Feature","properties":{"NMUNCP":604,"NSEQNC":570,"RazaoSocia":"AGORRETA & COSTA LTDA.","Termo_AR":"0634/2016","Atividade":"posto de serviTo"},"geometry":{"type":"Polygon","coordinates":[[[-48.805152,-21.235665],[-48.805461,-21.236256],[-48.805211,-21.236253],[-48.805026,-21.235763],[-48.805152,-21.235665]]]}},{"type":"Feature","properties":{"NMUNCP":614,"NSEQNC":316,"RazaoSocia":"J. VISANI & CIA LTDA.","Termo_AR":"0513/2016","Atividade":"posto de serviAo"},"geometry":{"type":"Polygon","coordinates":[[[-50.907344,-20.197806],[-50.907545,-20.198068],[-50.90674,-20.198971],[-50.906099,-20.198338],[-50.907344,-20.197806]]]}},{"type":"Feature","properties":{"NMUNCP":371,"NSEQNC":5362,"RazaoSocia":"AUTO POSTO MIQUIRA LTDA.","Termo_AR":" ","Atividade":"posto de serviUo"},"geometry":{"type":"Polygon","coordinates":[[[-48.060824,-23.596135],[-48.060687,-23.596114],[-48.060539,-23.595732],[-48.060815,-23.595684],[-48.060824,-23.596135]]]}},{"type":"Feature","properties":{"NMUNCP":100,"NSEQNC":105471,"RazaoSocia":"CONDOMdNIO SvO PAULO HEADQUARTERS (FIBRA S/A)","Termo_AR":"0011/2014","Atividade":"ind1stria"},"geometry":{"type":"Polygon","coordinates":[[[-46.696173,-23.679752],[-46.694888,-23.681229],[-46.693542,-23.680259],[-46.69475,-23.678855],[-46.696173,-23.679752]]]}},{"type":"Feature","properties":{"NMUNCP":100,"NSEQNC":170076,"RazaoSocia":"WTORRE RPJ EMPR. IMOB. LTDA. (ANTIGA UNILEVER BRASIL LTDA.)","Termo_AR":" ","Atividade":"indRstria"},"geometry":{"type":"Polygon","coordinates":[[[-46.692619,-23.622807],[-46.693508,-23.625036],[-46.691732,-23.625706],[-46.69103,-23.622506],[-46.692619,-23.622807]]]}},{"type":"Feature","properties":{"NMUNCP":100,"NSEQNC":278647,"RazaoSocia":"SPAL IND BRASILEIRA DE BEBIDAS S/A","Termo_AR":"0269/2015","Atividade":"ind9stria"},"geometry":{"type":"Polygon","coordinates":[[[-46.696856,-23.671867],[-46.695794,-23.672096],[-46.694861,-23.669422],[-46.695833,-23.668983],[-46.696856,-23.671867]]]}},{"type":"Feature","properties":{"NMUNCP":100,"NSEQNC":326910,"RazaoSocia":"MAMBO SUPERMERCADOS (ANT. AUTO POSTO GIOVANNI GRONCHI LTDA.)","Termo_AR":" ","Atividade":"posto de serviCo"},"geometry":{"type":"Polygon","coordinates":[[[-46.725463,-23.605988],[-46.725571,-23.606781],[-46.72469,-23.606845],[-46.72464,-23.60597],[-46.725463,-23.605988]]]}},{"type":"Feature","properties":{"NMUNCP":100,"NSEQNC":327222,"RazaoSocia":"POSTO VILA GOMES  LTDA.","Termo_AR":"0865/2017","Atividade":"posto de serviEo"},"geometry":{"type":"Polygon","coordinates":[[[-46.730414,-23.574815],[-46.730585,-23.57512],[-46.72998,-23.575299],[-46.729652,-23.574968],[-46.730414,-23.574815]]]}},{"type":"Feature","properties":{"NMUNCP":100,"NSEQNC":327580,"RazaoSocia":"AUTO POSTO PARQUE VILLA LOBOS LTDA.","Termo_AR":"0764/2017","Atividade":"posto de serviQo"},"geometry":{"type":"Polygon","coordinates":[[[-46.717606,-23.545185],[-46.718278,-23.545584],[-46.717833,-23.546068],[-46.717192,-23.545732],[-46.717606,-23.545185]]]}},{"type":"Feature","properties":{"NMUNCP":100,"NSEQNC":327928,"RazaoSocia":"AUTO POSTO HD LTDA.","Termo_AR":"0049/2014","Atividade":"posto de serviLo"},"geometry":{"type":"Polygon","coordinates":[[[-46.64715,-23.534723],[-46.651631,-23.534377],[-46.651274,-23.534824],[-46.651719,-23.535108],[-46.64715,-23.534723]]]}},{"type":"Feature","properties":{"NMUNCP":100,"NSEQNC":328460,"RazaoSocia":"AUTO POSTO ITABR","Termo_AR":"0059/2014","Atividade":"posto de serviBo"},"geometry":{"type":"Polygon","coordinates":[[[-46.656711,-23.529465],[-46.656874,-23.529897],[-46.656709,-23.530034],[-46.656283,-23.529677],[-46.656711,-23.529465]]]}},{"type":"Feature","properties":{"NMUNCP":100,"NSEQNC":329177,"RazaoSocia":"POSTO DE SERVIBOS UNIVERSO LTDA.","Termo_AR":"0765/2017","Atividade":"posto de serviBo"},"geometry":{"type":"Polygon","coordinates":[[[-46.666754,-23.52198],[-46.666369,-23.521731],[-46.667502,-23.521548],[-46.667545,-23.521809],[-46.666754,-23.52198]]]}},{"type":"Feature","properties":{"NMUNCP":100,"NSEQNC":329571,"RazaoSocia":"POSTO DE SERVIBOS MODELO LTDA.","Termo_AR":" ","Atividade":"posto de serviBo"},"geometry":{"type":"Polygon","coordinates":[[[-46.72735,-23.530052],[-46.727202,-23.529963],[-46.727266,-23.529556],[-46.727718,-23.529686],[-46.72735,-23.530052]]]}},{"type":"Feature","properties":{"NMUNCP":100,"NSEQNC":344590,"RazaoSocia":"POSTO DE SERVIBOS TORREALBA LTDA.","Termo_AR":"0219/2015","Atividade":"posto de serviBo"},"geometry":{"type":"Polygon","coordinates":[[[-46.698604,-23.583944],[-46.698442,-23.58511],[-46.697982,-23.585124],[-46.69742,-23.584083],[-46.698604,-23.583944]]]}},{"type":"Feature","properties":{"NMUNCP":100,"NSEQNC":412336,"RazaoSocia":"SERVI OS AUTOMOTIVOS GIRASSOL LTDA.","Termo_AR":"0519/2016","Atividade":"posto de serviOo"},"geometry":{"type":"Polygon","coordinates":[[[-46.67567,-23.591065],[-46.676181,-23.591195],[-46.676029,-23.591602],[-46.675556,-23.591337],[-46.67567,-23.591065]]]}},{"type":"Feature","properties":{"NMUNCP":100,"NSEQNC":414365,"RazaoSocia":"AUTO POSTO STATUS DO MORUMBI","Termo_AR":" ","Atividade":"posto de serviTo"},"geometry":{"type":"Polygon","coordinates":[[[-46.736354,-23.617461],[-46.736846,-23.6176],[-46.73686,-23.617934],[-46.736201,-23.617724],[-46.736354,-23.617461]]]}},{"type":"Feature","properties":{"NMUNCP":100,"NSEQNC":422395,"RazaoSocia":"VALEO SISTEMAS AUTOMOTIVOS LTDA.","Termo_AR":"0023/2014","Atividade":"ind3stria"},"geometry":{"type":"Polygon","coordinates":[[[-46.610481,-23.445317],[-46.608848,-23.446237],[-46.607959,-23.444765],[-46.609211,-23.443921],[-46.610481,-23.445317]]]}},{"type":"Feature","properties":{"NMUNCP":100,"NSEQNC":477735,"RazaoSocia":"AUTO POSTO JAIA DO JATANO LTDA.","Termo_AR":"0582/2016","Atividade":"posto de serviAo"},"geometry":{"type":"Polygon","coordinates":[[[-46.585788,-23.467559],[-46.585942,-23.467305],[-46.586159,-23.467438],[-46.586142,-23.467727],[-46.585788,-23.467559]]]}},{"type":"Feature","properties":{"NMUNCP":100,"NSEQNC":513289,"RazaoSocia":"CONDOMdNIO BOULEVARD SANTANA (ALASKA INVEST. IMOB. LTDA.)","Termo_AR":"0505/2016","Atividade":"ind5stria"},"geometry":{"type":"Polygon","coordinates":[[[-46.652271,-23.509501],[-46.650928,-23.510229],[-46.649909,-23.510149],[-46.651076,-23.50871],[-46.652271,-23.509501]]]}},{"type":"Feature","properties":{"NMUNCP":100,"NSEQNC":525905,"RazaoSocia":"AUTO POSTO SERRA DO MAR LTDA.","Termo_AR":"0001/2014","Atividade":"posto de serviRo"},"geometry":{"type":"Polygon","coordinates":[[[-46.60241,-23.617863],[-46.601738,-23.617364],[-46.602086,-23.617045],[-46.602661,-23.617563],[-46.60241,-23.617863]]]}},{"type":"Feature","properties":{"NMUNCP":100,"NSEQNC":526236,"RazaoSocia":"AUTO POSTO SENA MADUREIRA LTDA.","Termo_AR":" ","Atividade":"posto de serviAo"},"geometry":{"type":"Polygon","coordinates":[[[-46.637228,-23.593194],[-46.638189,-23.593095],[-46.638151,-23.593639],[-46.637185,-23.593637],[-46.637228,-23.593194]]]}},{"type":"Feature","properties":{"NMUNCP":100,"NSEQNC":526791,"RazaoSocia":"AUTO POSTO PEDRA AZUL LTDA.","Termo_AR":"0144/2015","Atividade":"posto de serviRo"},"geometry":{"type":"Polygon","coordinates":[[[-46.629049,-23.578604],[-46.629541,-23.578538],[-46.629504,-23.579216],[-46.629098,-23.579119],[-46.629049,-23.578604]]]}},{"type":"Feature","properties":{"NMUNCP":100,"NSEQNC":526970,"RazaoSocia":"AUTO POSTO FUTURAMA LTDA.","Termo_AR":" ","Atividade":"posto de serviUo"},"geometry":{"type":"Polygon","coordinates":[[[-46.620797,-23.621158],[-46.620805,-23.620977],[-46.621049,-23.620921],[-46.621061,-23.621137],[-46.620797,-23.621158]]]}},{"type":"Feature","properties":{"NMUNCP":100,"NSEQNC":545631,"RazaoSocia":"PAULISTA CENTER AUTO POSTO LTDA.","Termo_AR":"0284/2015","Atividade":"posto de serviRo"},"geometry":{"type":"Polygon","coordinates":[[[-46.641829,-23.573113],[-46.642429,-23.57335],[-46.642161,-23.573886],[-46.64159,-23.573639],[-46.641829,-23.573113]]]}},{"type":"Feature","properties":{"NMUNCP":100,"NSEQNC":551825,"RazaoSocia":"CONDOMdNIO ZOOM IPIRANGA (FORTENGE CONSTR. E EMPR. LTDA.)","Termo_AR":"0361/2016","Atividade":"com1rcio"},"geometry":{"type":"Polygon","coordinates":[[[-46.600689,-23.612553],[-46.600965,-23.613489],[-46.59986,-23.613708],[-46.600054,-23.612686],[-46.600689,-23.612553]]]}},{"type":"Feature","properties":{"NMUNCP":100,"NSEQNC":553159,"RazaoSocia":"CONDOMiNIO BONJOUR VILA PRUDENTE (TECNISA S/A)","Termo_AR":" ","Atividade":"indDstria"},"geometry":{"type":"Polygon","coordinates":[[[-46.581728,-23.587093],[-46.581428,-23.587767],[-46.581146,-23.587716],[-46.581131,-23.586964],[-46.581728,-23.587093]]]}},{"type":"Feature","properties":{"NMUNCP":100,"NSEQNC":553515,"RazaoSocia":"METRs (LINHA 2 VERDE) (ESTADEO VILA PRUDENTE) (CIA PAULISTA DE PAPEIS)","Termo_AR":"1181/2019","Atividade":"ind1stria"},"geometry":{"type":"Polygon","coordinates":[[[-46.584896,-23.583091],[-46.585,-23.585433],[-46.580706,-23.585792],[-46.581084,-23.583207],[-46.584896,-23.583091]]]}},{"type":"Feature","properties":{"NMUNCP":100,"NSEQNC":553695,"RazaoSocia":"CONDOMrNIO THE PARKER ACLIMAEOO (CCDI ALMEIDA TORRES 119 EMPR. IMOB.)","Termo_AR":"0145/2015","Atividade":"res5duo"},"geometry":{"type":"Polygon","coordinates":[[[-46.629483,-23.568512],[-46.627664,-23.569941],[-46.62646,-23.567899],[-46.628291,-23.567269],[-46.629483,-23.568512]]]}},{"type":"Feature","properties":{"NMUNCP":100,"NSEQNC":591589,"RazaoSocia":"LOG5STICA AMBIENTAL DE SLO PAULO S/A (LOGA)","Termo_AR":"0192/2015","Atividade":"res2duo"},"geometry":{"type":"Polygon","coordinates":[[[-46.609899,-23.562619],[-46.611229,-23.563156],[-46.611274,-23.563671],[-46.60967,-23.5631],[-46.609899,-23.562619]]]}},{"type":"Feature","properties":{"NMUNCP":100,"NSEQNC":598357,"RazaoSocia":"CENTRO AUTOMOTIVO MOLEQUE TRAVESSO LTDA.","Termo_AR":"0223/2015","Atividade":"posto de serviIo"},"geometry":{"type":"Polygon","coordinates":[[[-46.587963,-23.573826],[-46.588413,-23.573767],[-46.588884,-23.573817],[-46.587914,-23.574603],[-46.587963,-23.573826]]]}},{"type":"Feature","properties":{"NMUNCP":100,"NSEQNC":624693,"RazaoSocia":"AUTO POSTO GRANJA JULIETA LTDA.","Termo_AR":" ","Atividade":"posto de serviNo"},"geometry":{"type":"Polygon","coordinates":[[[-46.698112,-23.633984],[-46.698442,-23.634477],[-46.697591,-23.634631],[-46.697557,-23.634307],[-46.698112,-23.633984]]]}},{"type":"Feature","properties":{"NMUNCP":100,"NSEQNC":625183,"RazaoSocia":"JOsO CARLOS ALTIERI POSTO DE GASOLINA","Termo_AR":"0845/2017","Atividade":"posto de serviTo"},"geometry":{"type":"Polygon","coordinates":[[[-46.675139,-23.616418],[-46.675686,-23.61699],[-46.675337,-23.617283],[-46.67481,-23.616692],[-46.675139,-23.616418]]]}},{"type":"Feature","properties":{"NMUNCP":100,"NSEQNC":625501,"RazaoSocia":"AUTO POSTO VILLENEUVE LTDA.","Termo_AR":"0250/2015","Atividade":"posto de serviLo"},"geometry":{"type":"Polygon","coordinates":[[[-46.670052,-23.648755],[-46.670356,-23.648752],[-46.670225,-23.649277],[-46.669627,-23.649275],[-46.670052,-23.648755]]]}},{"type":"Feature","properties":{"NMUNCP":100,"NSEQNC":658115,"RazaoSocia":"AUTO POSTO MARIA VITORIA LTDA.","Termo_AR":" ","Atividade":"posto de serviIo"},"geometry":{"type":"Polygon","coordinates":[[[-46.787375,-23.648747],[-46.788053,-23.648116],[-46.78832,-23.648321],[-46.787633,-23.648961],[-46.787375,-23.648747]]]}},{"type":"Feature","properties":{"NMUNCP":100,"NSEQNC":673083,"RazaoSocia":"METRo (LINHA 5 LILIS) (P TIO DE ESTAC E MANUT) (ANTIGO AP SORRENTO)","Termo_AR":"0344/2015","Atividade":"posto de servi o"},"geometry":{"type":"Polygon","coordinates":[[[-46.726229,-23.660682],[-46.726373,-23.661214],[-46.726161,-23.661451],[-46.725975,-23.660748],[-46.726229,-23.660682]]]}},{"type":"Feature","properties":{"NMUNCP":100,"NSEQNC":714974,"RazaoSocia":"AUTO POSTO ATALAIA LTDA.","Termo_AR":" ","Atividade":"posto de serviLo"},"geometry":{"type":"Polygon","coordinates":[[[-46.699824,-23.640576],[-46.699964,-23.640809],[-46.699166,-23.641206],[-46.699035,-23.640991],[-46.699824,-23.640576]]]}},{"type":"Feature","properties":{"NMUNCP":100,"NSEQNC":717703,"RazaoSocia":"AUTO POSTO MEC LTDA.","Termo_AR":" ","Atividade":"posto de servi o"},"geometry":{"type":"Polygon","coordinates":[[[-46.690061,-23.668652],[-46.690378,-23.668639],[-46.689969,-23.669351],[-46.689667,-23.669245],[-46.690061,-23.668652]]]}},{"type":"Feature","properties":{"NMUNCP":100,"NSEQNC":792066,"RazaoSocia":"CONDOMdNIO BIO VITTA (PADRE ADELINO EMPR. IMOB. SPE LTDA.)","Termo_AR":"0357/2016","Atividade":"com7rcio"},"geometry":{"type":"Polygon","coordinates":[[[-46.591011,-23.545475],[-46.590577,-23.546852],[-46.589674,-23.54669],[-46.589951,-23.545288],[-46.591011,-23.545475]]]}},{"type":"Feature","properties":{"NMUNCP":100,"NSEQNC":805410,"RazaoSocia":"AUTO POSTO CRIATIVIDADE LTDA.","Termo_AR":"0134/2015","Atividade":"posto de serviAo"},"geometry":{"type":"Polygon","coordinates":[[[-46.520424,-23.514493],[-46.520117,-23.515056],[-46.519602,-23.5146],[-46.519689,-23.514428],[-46.520424,-23.514493]]]}},{"type":"Feature","properties":{"NMUNCP":100,"NSEQNC":823141,"RazaoSocia":"DROGARIA DROGASIL (POSTO DE SERVINOS ROVIGO LTDA.)","Termo_AR":" ","Atividade":"posto de serviSo"},"geometry":{"type":"Polygon","coordinates":[[[-46.65129,-23.574408],[-46.651497,-23.574788],[-46.651172,-23.574907],[-46.651112,-23.574554],[-46.65129,-23.574408]]]}},{"type":"Feature","properties":{"NMUNCP":100,"NSEQNC":828126,"RazaoSocia":"AUTO POSTO PRINCESA DOS CAMPOS LTDA.","Termo_AR":"0485/2016, 0486/2016","Atividade":"posto de servi6o"},"geometry":{"type":"Polygon","coordinates":[[[-46.645112,-23.559867],[-46.645326,-23.560497],[-46.644817,-23.560529],[-46.644975,-23.559859],[-46.645112,-23.559867]]]}},{"type":"Feature","properties":{"NMUNCP":100,"NSEQNC":833938,"RazaoSocia":"AUTO POSTO A S LTDA.","Termo_AR":"0541/2016","Atividade":"posto de servi o"},"geometry":{"type":"Polygon","coordinates":[[[-46.70928,-23.547345],[-46.708924,-23.547855],[-46.708624,-23.547361],[-46.708797,-23.547116],[-46.70928,-23.547345]]]}},{"type":"Feature","properties":{"NMUNCP":100,"NSEQNC":843287,"RazaoSocia":"AUTO POSTO RUD  LTDA.","Termo_AR":" ","Atividade":"posto de servi o"},"geometry":{"type":"Polygon","coordinates":[[[-46.66104,-23.530205],[-46.661052,-23.531189],[-46.660706,-23.530949],[-46.660701,-23.530488],[-46.66104,-23.530205]]]}},{"type":"Feature","properties":{"NMUNCP":100,"NSEQNC":853819,"RazaoSocia":"POSTO ILHAS DO HAWAI LTDA.","Termo_AR":"0648/2017","Atividade":"posto de servi o"},"geometry":{"type":"Polygon","coordinates":[[[-46.726613,-23.536597],[-46.726403,-23.537024],[-46.725959,-23.536785],[-46.726238,-23.536367],[-46.726613,-23.536597]]]}},{"type":"Feature","properties":{"NMUNCP":100,"NSEQNC":854239,"RazaoSocia":"5200 POSTO DE SERVIIOS LTDA.","Termo_AR":"0665/2017","Atividade":"posto de serviSo"},"geometry":{"type":"Polygon","coordinates":[[[-46.700084,-23.605769],[-46.700091,-23.606307],[-46.699634,-23.606312],[-46.699627,-23.605774],[-46.700084,-23.605769]]]}},{"type":"Feature","properties":{"NMUNCP":100,"NSEQNC":858480,"RazaoSocia":"CONDOMdNIO ILHAS CANORIAS (GOLD ACAPULCO EMPR. IMOB. SPE LTDA.)","Termo_AR":" ","Atividade":"posto de serviAo"},"geometry":{"type":"Polygon","coordinates":[[[-46.761366,-23.5751],[-46.759903,-23.575595],[-46.759649,-23.574947],[-46.761119,-23.574931],[-46.761366,-23.5751]]]}},{"type":"Feature","properties":{"NMUNCP":100,"NSEQNC":859656,"RazaoSocia":"QUEENS AUTO POSTO LTDA.","Termo_AR":"0448/2016","Atividade":"posto de serviSo"},"geometry":{"type":"Polygon","coordinates":[[[-46.676268,-23.604233],[-46.675487,-23.604431],[-46.675395,-23.604179],[-46.676007,-23.603748],[-46.676268,-23.604233]]]}},{"type":"Feature","properties":{"NMUNCP":100,"NSEQNC":1004933,"RazaoSocia":"CONDOMdNIO IN PARQUE BELSM (ATUA GTIS INTENDRNCIA EMPR. LTDA.)","Termo_AR":"0560/2016","Atividade":"ind0stria"},"geometry":{"type":"Polygon","coordinates":[[[-46.595724,-23.533426],[-46.596604,-23.535737],[-46.594236,-23.535924],[-46.594451,-23.53343],[-46.595724,-23.533426]]]}},{"type":"Feature","properties":{"NMUNCP":100,"NSEQNC":1009458,"RazaoSocia":"CONDOMrNIO IN SAO PAULO (ATUA SPE-3 PART. LTDA.)","Termo_AR":"0315/2015, 0348/2015","Atividade":"res5duo"},"geometry":{"type":"Polygon","coordinates":[[[-46.57717,-23.597099],[-46.579771,-23.599086],[-46.576918,-23.600596],[-46.576107,-23.599115],[-46.57717,-23.597099]]]}},{"type":"Feature","properties":{"NMUNCP":100,"NSEQNC":1214640,"RazaoSocia":"CONDOMoNIO DOLCE VILLA (GRENOBLE INVEST. IMOB. LTDA.)","Termo_AR":"0518/2016","Atividade":"ind8stria"},"geometry":{"type":"Polygon","coordinates":[[[-46.582301,-23.505691],[-46.583271,-23.506424],[-46.582762,-23.507151],[-46.582034,-23.5066],[-46.582301,-23.505691]]]}},{"type":"Feature","properties":{"NMUNCP":100,"NSEQNC":1302521,"RazaoSocia":"CONDOMrNIO WT MORUMBI  (WTORRE ALFA EMPR. IMOB. LTDA.)","Termo_AR":"0158/2015","Atividade":"ind8stria"},"geometry":{"type":"Polygon","coordinates":[[[-46.703864,-23.624033],[-46.701715,-23.625348],[-46.701272,-23.624459],[-46.702569,-23.623208],[-46.703864,-23.624033]]]}},{"type":"Feature","properties":{"NMUNCP":100,"NSEQNC":1304890,"RazaoSocia":"AUTO POSTO DUQUE PANAMBY UM LTDA.","Termo_AR":"1109/2018","Atividade":"posto de serviUo"},"geometry":{"type":"Polygon","coordinates":[[[-46.729089,-23.633624],[-46.728353,-23.634346],[-46.728251,-23.633245],[-46.728939,-23.633391],[-46.729089,-23.633624]]]}},{"type":"Feature","properties":{"NMUNCP":100,"NSEQNC":1308477,"RazaoSocia":"CONDOMdNIO HELBOR OFFICES S O PAULO ( AM.RICO INVEST. IMOB. LTDA.)","Termo_AR":"0254/2015","Atividade":"ind4stria"},"geometry":{"type":"Polygon","coordinates":[[[-46.705172,-23.629672],[-46.705391,-23.629995],[-46.704944,-23.630261],[-46.704714,-23.629939],[-46.705172,-23.629672]]]}},{"type":"Feature","properties":{"NMUNCP":100,"NSEQNC":1310496,"RazaoSocia":"MARACt 1","Termo_AR":"0055/2014","Atividade":"posto de serviBo"},"geometry":{"type":"Polygon","coordinates":[[[-46.638192,-23.634352],[-46.638743,-23.634902],[-46.637895,-23.635622],[-46.637345,-23.635071],[-46.638192,-23.634352]]]}},{"type":"Feature","properties":{"NMUNCP":100,"NSEQNC":1414981,"RazaoSocia":"CONDOMdNIO AQUARELA PAULISTANA (SAMIRA EMPR. IMOB. LTDA.)","Termo_AR":"0977/2018","Atividade":"ind7stria"},"geometry":{"type":"Polygon","coordinates":[[[-46.648458,-23.524198],[-46.647854,-23.525198],[-46.64697,-23.524972],[-46.646975,-23.523852],[-46.648458,-23.524198]]]}},{"type":"Feature","properties":{"NMUNCP":100,"NSEQNC":1426673,"RazaoSocia":"CONDOMrNIO HABITARTE BROOKLIN ( YUNY PROJ. IMOB LTDA ) (ANTIGA COSMED)","Termo_AR":" ","Atividade":"indDstria"},"geometry":{"type":"Polygon","coordinates":[[[-46.685932,-23.613538],[-46.686657,-23.614352],[-46.685115,-23.61556],[-46.68437,-23.614783],[-46.685932,-23.613538]]]}},{"type":"Feature","properties":{"NMUNCP":100,"NSEQNC":1441029,"RazaoSocia":"CONDOMrNIO ESTILO BARRA (BRACON INC. E PART. LTDA.)","Termo_AR":"0593/2016","Atividade":"ind3stria"},"geometry":{"type":"Polygon","coordinates":[[[-46.655549,-23.524213],[-46.655507,-23.5248],[-46.653215,-23.524788],[-46.654676,-23.52415],[-46.655549,-23.524213]]]}},{"type":"Feature","properties":{"NMUNCP":100,"NSEQNC":2088756,"RazaoSocia":"LUAR DO PARASSO INCORPORADORA LTDA","Termo_AR":"1254/2019","Atividade":"ind4stria"},"geometry":{"type":"Polygon","coordinates":[[[-46.466368,-23.566785],[-46.464456,-23.563976],[-46.466637,-23.562809],[-46.468506,-23.566106],[-46.466368,-23.566785]]]}},{"type":"Feature","properties":{"NMUNCP":100,"NSEQNC":2359101,"RazaoSocia":"METRs (LINHA 15 PRATA) (ESTAA O UNI.O)","Termo_AR":"1117/2019","Atividade":"posto de servi5o"},"geometry":{"type":"Polygon","coordinates":[[[-46.516433,-23.603339],[-46.516279,-23.603468],[-46.515871,-23.603066],[-46.516344,-23.602966],[-46.516433,-23.603339]]]}},{"type":"Feature","properties":{"NMUNCP":100,"NSEQNC":2359116,"RazaoSocia":"METRo (LINHA 15 PRATA) (ESTAA O CAMILO HADAD)","Termo_AR":"1114/2014","Atividade":"ind4stria"},"geometry":{"type":"Polygon","coordinates":[[[-46.538176,-23.595034],[-46.539067,-23.595865],[-46.53795,-23.596689],[-46.53698,-23.595867],[-46.538176,-23.595034]]]}},{"type":"Feature","properties":{"NMUNCP":206,"NSEQNC":30699,"RazaoSocia":"ROTONDO AUTO POSTO LTDA.","Termo_AR":"1050/2018","Atividade":"posto de serviOo"},"geometry":{"type":"Polygon","coordinates":[[[-46.836555,-23.502497],[-46.836383,-23.502843],[-46.83571,-23.503013],[-46.835723,-23.502498],[-46.836555,-23.502497]]]}},{"type":"Feature","properties":{"NMUNCP":206,"NSEQNC":49380,"RazaoSocia":"CONDOMdNIO INSPIRE BARUERI (PLANO AMOREIRA EMPR. IMOB. LTDA.)","Termo_AR":"0451/2016","Atividade":"ind1stria"},"geometry":{"type":"Polygon","coordinates":[[[-46.88911,-23.50642],[-46.888677,-23.509739],[-46.885288,-23.509608],[-46.885116,-23.505782],[-46.88911,-23.50642]]]}},{"type":"Feature","properties":{"NMUNCP":241,"NSEQNC":5644,"RazaoSocia":"AUTO POSTO COLINAS VERDES LTDA.","Termo_AR":"0369/2016","Atividade":"posto de serviIo"},"geometry":{"type":"Polygon","coordinates":[[[-46.838729,-23.334816],[-46.838049,-23.334427],[-46.838479,-23.33369],[-46.839229,-23.33416],[-46.838729,-23.334816]]]}},{"type":"Feature","properties":{"NMUNCP":243,"NSEQNC":980,"RazaoSocia":"IGUATEMI AUTO SERVICE LTDA. ME","Termo_AR":"0429/2016","Atividade":"posto de serviSo"},"geometry":{"type":"Polygon","coordinates":[[[-47.306786,-21.275628],[-47.306804,-21.27592],[-47.306239,-21.275962],[-47.306212,-21.275661],[-47.306786,-21.275628]]]}},{"type":"Feature","properties":{"NMUNCP":244,"NSEQNC":37734,"RazaoSocia":"ARMANI COMERCIAL LTDA. (ANTIGA REGENERA)","Termo_AR":"0155/2015","Atividade":"ind5stria"},"geometry":{"type":"Polygon","coordinates":[[[-47.056899,-22.843047],[-47.056813,-22.843963],[-47.056058,-22.843885],[-47.056297,-22.842993],[-47.056899,-22.843047]]]}},{"type":"Feature","properties":{"NMUNCP":244,"NSEQNC":41392,"RazaoSocia":"AUTO POSTO STO ANTTNIO DE CAMPINAS LTDA.","Termo_AR":" ","Atividade":"posto de servi o"},"geometry":{"type":"Polygon","coordinates":[[[-47.041689,-22.931968],[-47.042324,-22.931455],[-47.042742,-22.932027],[-47.04265,-22.932344],[-47.041689,-22.931968]]]}},{"type":"Feature","properties":{"NMUNCP":244,"NSEQNC":43699,"RazaoSocia":"A. A. POSTO DE SERVIIOS LTDA.","Termo_AR":"0900/2018","Atividade":"posto de servi o"},"geometry":{"type":"Polygon","coordinates":[[[-47.054188,-22.844031],[-47.053689,-22.843938],[-47.053294,-22.842905],[-47.054359,-22.84309],[-47.054188,-22.844031]]]}},{"type":"Feature","properties":{"NMUNCP":244,"NSEQNC":44545,"RazaoSocia":"AUTO POSTO BAR O DE ITAPURA CAMPINAS LTDA.","Termo_AR":" ","Atividade":"posto de servi o"},"geometry":{"type":"Polygon","coordinates":[[[-47.070118,-22.898778],[-47.068946,-22.899263],[-47.068325,-22.898151],[-47.069144,-22.897554],[-47.070118,-22.898778]]]}},{"type":"Feature","properties":{"NMUNCP":244,"NSEQNC":52306,"RazaoSocia":"PAULO DE TARSO AYRES MONTEIRO","Termo_AR":"0423/2016","Atividade":"posto de servi o"},"geometry":{"type":"Polygon","coordinates":[[[-47.047499,-22.906015],[-47.04727,-22.906343],[-47.046758,-22.906052],[-47.046978,-22.90576],[-47.047499,-22.906015]]]}},{"type":"Feature","properties":{"NMUNCP":244,"NSEQNC":96376,"RazaoSocia":"CONDOMdNIO VITA BELLE (LIVING APIAI EMPR. IMOB. LTDA.)","Termo_AR":"0461/2016","Atividade":"ind1stria"},"geometry":{"type":"Polygon","coordinates":[[[-47.085915,-22.914079],[-47.084972,-22.913989],[-47.085305,-22.912654],[-47.086748,-22.91267],[-47.085915,-22.914079]]]}},{"type":"Feature","properties":{"NMUNCP":286,"NSEQNC":573580,"RazaoSocia":"CONDOMrNIO RESID. \"A PRAIA DIADEMA\" (ANTIGA IBRASOL)","Termo_AR":"0859/2017","Atividade":"ind9stria"},"geometry":{"type":"Polygon","coordinates":[[[-46.604228,-23.681788],[-46.603381,-23.683034],[-46.601694,-23.681381],[-46.602465,-23.68028],[-46.604228,-23.681788]]]}},{"type":"Feature","properties":{"NMUNCP":325,"NSEQNC":388,"RazaoSocia":"AUTO POSTO AVENIDA GUARA LTDA.","Termo_AR":" ","Atividade":"posto de serviNo"},"geometry":{"type":"Polygon","coordinates":[[[-47.830239,-20.427231],[-47.83035,-20.427501],[-47.829817,-20.427681],[-47.829716,-20.427412],[-47.830239,-20.427231]]]}},{"type":"Feature","properties":{"NMUNCP":336,"NSEQNC":69862,"RazaoSocia":"LIQUIGdS DISTRIBUIDORA S/A","Termo_AR":"0349/2015","Atividade":"com9rcio"},"geometry":{"type":"Polygon","coordinates":[[[-46.528399,-23.475107],[-46.529537,-23.475678],[-46.528831,-23.476901],[-46.527601,-23.476478],[-46.528399,-23.475107]]]}},{"type":"Feature","properties":{"NMUNCP":353,"NSEQNC":19030,"RazaoSocia":"SANTO CIPRIANO EMPR. E PART. SPE LTDA.","Termo_AR":"0052/2014","Atividade":"ind2stria"},"geometry":{"type":"Polygon","coordinates":[[[-47.2086,-23.086581],[-47.209115,-23.087612],[-47.207614,-23.088337],[-47.207032,-23.087352],[-47.2086,-23.086581]]]}},{"type":"Feature","properties":{"NMUNCP":379,"NSEQNC":18983,"RazaoSocia":"AUTO POSTO ESTAEMO ITAQUA LTDA.","Termo_AR":"0326/2015","Atividade":"posto de serviAo"},"geometry":{"type":"Polygon","coordinates":[[[-46.35096,-23.485584],[-46.350678,-23.485785],[-46.35044,-23.485517],[-46.350693,-23.485316],[-46.35096,-23.485584]]]}},{"type":"Feature","properties":{"NMUNCP":382,"NSEQNC":9522,"RazaoSocia":"CENTRO DE CONVENIONCIA E POSTO DE COMBUSTGVEL PARATY","Termo_AR":"0403/3016","Atividade":"posto de serviEo"},"geometry":{"type":"Polygon","coordinates":[[[-46.842906,-23.011498],[-46.843539,-23.011643],[-46.843433,-23.012026],[-46.84281,-23.011881],[-46.842906,-23.011498]]]}},{"type":"Feature","properties":{"NMUNCP":398,"NSEQNC":1126,"RazaoSocia":"AUTO POSTO KALYMAR LTDA.","Termo_AR":"0642/2016","Atividade":"posto de serviYo"},"geometry":{"type":"Polygon","coordinates":[[[-46.902282,-23.535236],[-46.902209,-23.534781],[-46.904958,-23.534628],[-46.905058,-23.535068],[-46.902282,-23.535236]]]}},{"type":"Feature","properties":{"NMUNCP":420,"NSEQNC":354,"RazaoSocia":"SINGER DO BRASIL INDTSTRIA E COMERCIO LTDA.","Termo_AR":"1228/2019","Atividade":"ind8stria"},"geometry":{"type":"Polygon","coordinates":[[[-45.103884,-22.73444],[-45.102833,-22.736175],[-45.10181,-22.735652],[-45.102802,-22.733845],[-45.103884,-22.73444]]]}},{"type":"Feature","properties":{"NMUNCP":442,"NSEQNC":2947,"RazaoSocia":"POSTO DE SERVIIOS FORTE LTDA.","Termo_AR":" ","Atividade":"posto de serviIo"},"geometry":{"type":"Polygon","coordinates":[[[-46.448755,-23.656908],[-46.448336,-23.656942],[-46.448327,-23.656687],[-46.448545,-23.656397],[-46.448755,-23.656908]]]}},{"type":"Feature","properties":{"NMUNCP":442,"NSEQNC":36799,"RazaoSocia":"SHELL BRASIL LTDA.","Termo_AR":" ","Atividade":"posto de serviTo"},"geometry":{"type":"Polygon","coordinates":[[[-46.490175,-23.653454],[-46.48984,-23.653465],[-46.489813,-23.653061],[-46.490116,-23.653025],[-46.490175,-23.653454]]]}},{"type":"Feature","properties":{"NMUNCP":454,"NSEQNC":27817,"RazaoSocia":"CONDOMdNIO SPAZIO MALIBU (MRV ENGENHARIA E PART. S/A)","Termo_AR":" ","Atividade":"desconhecido"},"geometry":{"type":"Polygon","coordinates":[[[-46.25313,-23.544203],[-46.253295,-23.545086],[-46.25215,-23.545258],[-46.252013,-23.544266],[-46.25313,-23.544203]]]}},{"type":"Feature","properties":{"NMUNCP":465,"NSEQNC":1253,"RazaoSocia":"AUTO POSTO MONTE MOR LTDA.","Termo_AR":"0214/2015","Atividade":"posto de serviTo"},"geometry":{"type":"Polygon","coordinates":[[[-47.314006,-22.948933],[-47.314016,-22.949502],[-47.31332,-22.949268],[-47.313489,-22.948941],[-47.314006,-22.948933]]]}},{"type":"Feature","properties":{"NMUNCP":492,"NSEQNC":5964,"RazaoSocia":"VEYANCE TECHNOLOGIES DO BRASIL PRODUTOS DE ENGENHARIA LTDA.","Termo_AR":" ","Atividade":"indAstria"},"geometry":{"type":"Polygon","coordinates":[[[-46.76828,-23.489237],[-46.770827,-23.490797],[-46.770145,-23.49253],[-46.767622,-23.492008],[-46.76828,-23.489237]]]}},{"type":"Feature","properties":{"NMUNCP":492,"NSEQNC":7298,"RazaoSocia":"POSTO DE SERVILOS 2500 LTDA.","Termo_AR":"0754/2017","Atividade":"posto de serviLo"},"geometry":{"type":"Polygon","coordinates":[[[-46.799366,-23.546979],[-46.799753,-23.546667],[-46.799992,-23.546927],[-46.799516,-23.547185],[-46.799366,-23.546979]]]}},{"type":"Feature","properties":{"NMUNCP":492,"NSEQNC":13937,"RazaoSocia":"PRODUTOS E SERVI","Termo_AR":"0438/2016","Atividade":"posto de serviVo"},"geometry":{"type":"Polygon","coordinates":[[[-46.767628,-23.558426],[-46.767553,-23.559048],[-46.766889,-23.558853],[-46.767063,-23.558422],[-46.767628,-23.558426]]]}},{"type":"Feature","properties":{"NMUNCP":492,"NSEQNC":110889,"RazaoSocia":"HORToNCIA AUTO POSTO LTDA.","Termo_AR":"1146/2019","Atividade":"posto de servi o"},"geometry":{"type":"Polygon","coordinates":[[[-46.78929,-23.497919],[-46.789429,-23.498062],[-46.789089,-23.498291],[-46.788852,-23.498095],[-46.78929,-23.497919]]]}},{"type":"Feature","properties":{"NMUNCP":492,"NSEQNC":122725,"RazaoSocia":"CONDOMdNIO GAFISA SQUARE OSASCO ( GAFISA SPE-116 EMPR. IMOB. )","Termo_AR":"0629/2016, 0630/2016","Atividade":"ind9stria"},"geometry":{"type":"Polygon","coordinates":[[[-46.775212,-23.546993],[-46.773185,-23.547471],[-46.772539,-23.545289],[-46.774449,-23.545236],[-46.775212,-23.546993]]]}},{"type":"Feature","properties":{"NMUNCP":492,"NSEQNC":950332,"RazaoSocia":"CIA DE DESENV. HAB. E URBANO DO EST. DE SP (CDHU)","Termo_AR":"0372/2016","Atividade":"res2duo"},"geometry":{"type":"Polygon","coordinates":[[[-46.761903,-23.518152],[-46.761376,-23.520847],[-46.75809,-23.520456],[-46.758612,-23.517583],[-46.761903,-23.518152]]]}},{"type":"Feature","properties":{"NMUNCP":513,"NSEQNC":4660,"RazaoSocia":"AUTO POSTO MAIORAL LTDA.","Termo_AR":"0431/2016","Atividade":"posto de serviOo"},"geometry":{"type":"Polygon","coordinates":[[[-47.147767,-22.768657],[-47.147964,-22.768194],[-47.148356,-22.768333],[-47.148178,-22.768805],[-47.147767,-22.768657]]]}},{"type":"Feature","properties":{"NMUNCP":535,"NSEQNC":212,"RazaoSocia":"ALUTEC INDeSTRIA E COMARCIO LTDA.","Termo_AR":" ","Atividade":"indTstria"},"geometry":{"type":"Polygon","coordinates":[[[-47.637252,-22.724163],[-47.637261,-22.724641],[-47.636853,-22.724648],[-47.636844,-22.72417],[-47.637252,-22.724163]]]}},{"type":"Feature","properties":{"NMUNCP":626,"NSEQNC":13138,"RazaoSocia":"AUTO POSTO NOVA GILDA LTDA.","Termo_AR":" ","Atividade":"posto de serviAo"},"geometry":{"type":"Polygon","coordinates":[[[-46.539872,-23.675159],[-46.539569,-23.675376],[-46.539098,-23.674874],[-46.539414,-23.67464],[-46.539872,-23.675159]]]}},{"type":"Feature","properties":{"NMUNCP":626,"NSEQNC":13176,"RazaoSocia":"MIRANTE DE SANTO ANDR  AUTO POSTO LTDA.","Termo_AR":" ","Atividade":"posto de serviTo"},"geometry":{"type":"Polygon","coordinates":[[[-46.542253,-23.666271],[-46.542073,-23.665921],[-46.542533,-23.665862],[-46.54237,-23.666216],[-46.542253,-23.666271]]]}},{"type":"Feature","properties":{"NMUNCP":626,"NSEQNC":17603,"RazaoSocia":"CONDOMdNIOS SPAZIO SAN MARCO E SAN THEODORO (MVR) (ANTIGA CORTIRIS)","Termo_AR":" ","Atividade":"indDstria"},"geometry":{"type":"Polygon","coordinates":[[[-46.533854,-23.640446],[-46.533312,-23.641887],[-46.531809,-23.641595],[-46.532116,-23.640183],[-46.533854,-23.640446]]]}},{"type":"Feature","properties":{"NMUNCP":626,"NSEQNC":93452,"RazaoSocia":"VANESSA SANTOS SILVA COMBUST VEIS","Termo_AR":"0253/2015","Atividade":"posto de servi o"},"geometry":{"type":"Polygon","coordinates":[[[-46.490136,-23.663909],[-46.490092,-23.665219],[-46.489739,-23.665205],[-46.489297,-23.664297],[-46.490136,-23.663909]]]}},{"type":"Feature","properties":{"NMUNCP":626,"NSEQNC":99124,"RazaoSocia":"DUARTE DE ALMEIDA DOS SANTOS","Termo_AR":" ","Atividade":"comRrcio"},"geometry":{"type":"Polygon","coordinates":[[[-46.534904,-23.638024],[-46.534643,-23.638334],[-46.534397,-23.638309],[-46.534246,-23.637914],[-46.534904,-23.638024]]]}},{"type":"Feature","properties":{"NMUNCP":626,"NSEQNC":103508,"RazaoSocia":"AUTO POSTO GPA SANTO ANDRT LTDA.","Termo_AR":" ","Atividade":"posto de servi o"},"geometry":{"type":"Polygon","coordinates":[[[-46.536184,-23.670467],[-46.536574,-23.671087],[-46.536028,-23.671336],[-46.535619,-23.670708],[-46.536184,-23.670467]]]}},{"type":"Feature","properties":{"NMUNCP":626,"NSEQNC":960207,"RazaoSocia":"CONDOMdNIO CIDADE VIVA (RESIDENCIAL & OFFICES)","Termo_AR":" ","Atividade":"comDrcio"},"geometry":{"type":"Polygon","coordinates":[[[-46.53839,-23.64022],[-46.537277,-23.64229],[-46.535541,-23.641387],[-46.536703,-23.639352],[-46.53839,-23.64022]]]}},{"type":"Feature","properties":{"NMUNCP":633,"NSEQNC":20447,"RazaoSocia":"CLEAN CAR - SUPER LAVAGEM AUTOMOTIVA E COMCRCIO LTDA.","Termo_AR":" ","Atividade":"posto de serviPo"},"geometry":{"type":"Polygon","coordinates":[[[-46.32888,-23.963414],[-46.329411,-23.963361],[-46.329472,-23.963902],[-46.328943,-23.963952],[-46.32888,-23.963414]]]}},{"type":"Feature","properties":{"NMUNCP":633,"NSEQNC":21878,"RazaoSocia":"POSTO DE SERVIPOS TRAVESSIA DE SANTOS LTDA.","Termo_AR":"0056/2014","Atividade":"posto de serviPo"},"geometry":{"type":"Polygon","coordinates":[[[-46.295852,-23.988259],[-46.294864,-23.987726],[-46.295403,-23.986619],[-46.29654,-23.987332],[-46.295852,-23.988259]]]}},{"type":"Feature","properties":{"NMUNCP":633,"NSEQNC":22550,"RazaoSocia":"AUTO POSTO ZIZA LTDA.","Termo_AR":"0465/2016","Atividade":"posto de serviAo"},"geometry":{"type":"Polygon","coordinates":[[[-46.345265,-23.964796],[-46.345039,-23.964826],[-46.344976,-23.964375],[-46.345222,-23.964463],[-46.345265,-23.964796]]]}},{"type":"Feature","properties":{"NMUNCP":635,"NSEQNC":28010,"RazaoSocia":"SOBERANO CENTRO AUTOMOTIVO LTDA.","Termo_AR":" ","Atividade":"posto de serviOo"},"geometry":{"type":"Polygon","coordinates":[[[-46.575336,-23.666825],[-46.575642,-23.666423],[-46.576114,-23.666774],[-46.576026,-23.666931],[-46.575336,-23.666825]]]}},{"type":"Feature","properties":{"NMUNCP":635,"NSEQNC":102007,"RazaoSocia":"CONDOMdNIO HELBOR TRILOGY HOME (HESA 112 INVEST. IMOB. LTDA.)","Termo_AR":"0660/2017","Atividade":"com0rcio"},"geometry":{"type":"Polygon","coordinates":[[[-46.551552,-23.684122],[-46.550564,-23.685965],[-46.547688,-23.68565],[-46.546689,-23.684107],[-46.551552,-23.684122]]]}},{"type":"Feature","properties":{"NMUNCP":636,"NSEQNC":7917,"RazaoSocia":"POSTO DE SERVIBOS SANTA MADALENA LTDA.","Termo_AR":" ","Atividade":"posto de serviBo"},"geometry":{"type":"Polygon","coordinates":[[[-46.568253,-23.616009],[-46.568387,-23.616603],[-46.568005,-23.616598],[-46.56787,-23.615967],[-46.568253,-23.616009]]]}},{"type":"Feature","properties":{"NMUNCP":636,"NSEQNC":8021,"RazaoSocia":"RIMAWI AUTO POSTO LTDA.","Termo_AR":" ","Atividade":"posto de serviSo"},"geometry":{"type":"Polygon","coordinates":[[[-46.559696,-23.637554],[-46.559673,-23.638029],[-46.559532,-23.638026],[-46.559461,-23.637551],[-46.559696,-23.637554]]]}},{"type":"Feature","properties":{"NMUNCP":636,"NSEQNC":40027,"RazaoSocia":"YENDIS EDITORA LTDA.","Termo_AR":" ","Atividade":"posto de servi o"},"geometry":{"type":"Polygon","coordinates":[[[-46.580982,-23.632234],[-46.581321,-23.6327],[-46.581398,-23.633349],[-46.580565,-23.63259],[-46.580982,-23.632234]]]}},{"type":"Feature","properties":{"NMUNCP":654,"NSEQNC":7743,"RazaoSocia":"AUTO POSTO SEMAR LTDA.","Termo_AR":" ","Atividade":"posto de serviAo"},"geometry":{"type":"Polygon","coordinates":[[[-45.433913,-23.823832],[-45.432854,-23.824283],[-45.432812,-23.823416],[-45.433165,-23.823406],[-45.433913,-23.823832]]]}},{"type":"Feature","properties":{"NMUNCP":654,"NSEQNC":7796,"RazaoSocia":"POSTO SALLES LTDA.","Termo_AR":"0028/2014","Atividade":"posto de serviTo"},"geometry":{"type":"Polygon","coordinates":[[[-45.400641,-23.793407],[-45.399687,-23.793738],[-45.39962,-23.793164],[-45.400129,-23.792985],[-45.400641,-23.793407]]]}},{"type":"Feature","properties":{"NMUNCP":672,"NSEQNC":3390,"RazaoSocia":"AUTO POSTO KIMURA LTDA.","Termo_AR":"0053/2014","Atividade":"posto de serviUo"},"geometry":{"type":"Polygon","coordinates":[[[-46.3097,-23.545145],[-46.309723,-23.544486],[-46.310489,-23.544606],[-46.310482,-23.544967],[-46.3097,-23.545145]]]}},{"type":"Feature","properties":{"NMUNCP":675,"NSEQNC":3916,"RazaoSocia":"AUTO POSTO PRAUA DO TABOMO LTDA.","Termo_AR":" ","Atividade":"posto de serviUo"},"geometry":{"type":"Polygon","coordinates":[[[-46.758935,-23.609635],[-46.758388,-23.61006],[-46.75791,-23.609806],[-46.758217,-23.609275],[-46.758935,-23.609635]]]}},{"type":"Feature","properties":{"NMUNCP":100,"NSEQNC":856249,"RazaoSocia":"VOTORANTIM CIMENTOS BRASIL S/A","Termo_AR":"0296/2015","Atividade":"ind6stria"},"geometry":{"type":"Polygon","coordinates":[[[-46.735685,-23.542763],[-46.735085,-23.543312],[-46.732999,-23.541872],[-46.732313,-23.541076],[-46.735685,-23.542763]]]}},{"type":"Feature","properties":{"NMUNCP":100,"NSEQNC":1031700,"RazaoSocia":"RITMO CONDOMINIO CLUBE (LAMBALLE INC. LTDA.)","Termo_AR":"0709/2017","Atividade":"ind9stria"},"geometry":{"type":"Polygon","coordinates":[[[-46.442535,-23.556352],[-46.442903,-23.557793],[-46.440686,-23.558328],[-46.440277,-23.556779],[-46.442535,-23.556352]]]}},{"type":"Feature","properties":{"NMUNCP":100,"NSEQNC":327379,"RazaoSocia":"CARLOS ALBERTO DE ALMEIDA METELLO","Termo_AR":" ","Atividade":"posto de servi o"},"geometry":{"type":"Polygon","coordinates":[[[-46.675234,-23.535064],[-46.674372,-23.535073],[-46.674371,-23.53501],[-46.675233,-23.535001],[-46.675234,-23.535064]]]}},{"type":"Feature","properties":{"NMUNCP":100,"NSEQNC":329270,"RazaoSocia":"SONDA SUPERMERCADOS (ANTIGO AUTO POSTO DE SERVI.O MGUA BRANCA LTDA.)","Termo_AR":"0573/2016","Atividade":"posto de serviCo"},"geometry":{"type":"Polygon","coordinates":[[[-46.670977,-23.527633],[-46.671492,-23.527248],[-46.67284,-23.527766],[-46.671327,-23.52818],[-46.670977,-23.527633]]]}},{"type":"Feature","properties":{"NMUNCP":100,"NSEQNC":460984,"RazaoSocia":"FERNANDA FERRAZ DAL LAGO (ANT CANADIAN COM E BENEF DE METAIS LTDA)","Termo_AR":"0475/2016","Atividade":"ind5stria"},"geometry":{"type":"Polygon","coordinates":[[[-46.597797,-23.473839],[-46.596867,-23.473063],[-46.597105,-23.471688],[-46.597716,-23.472829],[-46.597797,-23.473839]]]}},{"type":"Feature","properties":{"NMUNCP":100,"NSEQNC":493070,"RazaoSocia":"POSTO DE GASOLINA REGENTE LTDA.","Termo_AR":"1089/2018","Atividade":"posto de serviIo"},"geometry":{"type":"Polygon","coordinates":[[[-46.610657,-23.519482],[-46.61067,-23.519726],[-46.609999,-23.520076],[-46.609848,-23.519798],[-46.610657,-23.519482]]]}},{"type":"Feature","properties":{"NMUNCP":100,"NSEQNC":526912,"RazaoSocia":"AUTO POSTO JJ LTDA.","Termo_AR":"0365/2016","Atividade":"posto de serviLo"},"geometry":{"type":"Polygon","coordinates":[[[-46.626171,-23.604721],[-46.626326,-23.605369],[-46.62571,-23.605502],[-46.625555,-23.604854],[-46.626171,-23.604721]]]}},{"type":"Feature","properties":{"NMUNCP":100,"NSEQNC":536242,"RazaoSocia":"AUTO POSTO LACERDA FRANCO LTDA.","Termo_AR":" ","Atividade":"posto de serviEo"},"geometry":{"type":"Polygon","coordinates":[[[-46.625824,-23.578997],[-46.625277,-23.578335],[-46.626184,-23.578822],[-46.626104,-23.578994],[-46.625824,-23.578997]]]}},{"type":"Feature","properties":{"NMUNCP":100,"NSEQNC":626720,"RazaoSocia":"AUTO POSTO AEROPORTO LTDA.","Termo_AR":" ","Atividade":"posto de serviOo"},"geometry":{"type":"Polygon","coordinates":[[[-46.663972,-23.627784],[-46.663903,-23.627735],[-46.664478,-23.62674],[-46.664912,-23.627315],[-46.663972,-23.627784]]]}},{"type":"Feature","properties":{"NMUNCP":100,"NSEQNC":664135,"RazaoSocia":"POSTO CAMPANA DORATO LTDA.","Termo_AR":"0767/2017","Atividade":"posto de serviDo"},"geometry":{"type":"Polygon","coordinates":[[[-46.686826,-23.680242],[-46.687123,-23.680474],[-46.686872,-23.680747],[-46.686574,-23.680516],[-46.686826,-23.680242]]]}},{"type":"Feature","properties":{"NMUNCP":100,"NSEQNC":668691,"RazaoSocia":"CONDOMdNIO RESID. REFLGIO MARAJOARA (GVE GOLD VENICE EMPR. IMOB.)","Termo_AR":" ","Atividade":"indDstria"},"geometry":{"type":"Polygon","coordinates":[[[-46.679703,-23.664535],[-46.679483,-23.665765],[-46.6788,-23.665971],[-46.678327,-23.66427],[-46.679703,-23.664535]]]}},{"type":"Feature","properties":{"NMUNCP":100,"NSEQNC":835242,"RazaoSocia":"AUTO POSTO BAND 1 LTDA.","Termo_AR":"0671/2017","Atividade":"posto de serviDo"},"geometry":{"type":"Polygon","coordinates":[[[-46.668807,-23.613976],[-46.669346,-23.61397],[-46.668663,-23.615025],[-46.668137,-23.614498],[-46.668807,-23.613976]]]}},{"type":"Feature","properties":{"NMUNCP":100,"NSEQNC":990325,"RazaoSocia":"CONDOMdNIO LIVING CLUB REFUGE (RDV 10 PLANEJAMENTO, PROMO. O E VENDAS)","Termo_AR":" ","Atividade":"indDstria"},"geometry":{"type":"Polygon","coordinates":[[[-46.739594,-23.525484],[-46.738977,-23.526097],[-46.73759,-23.524903],[-46.738187,-23.524342],[-46.739594,-23.525484]]]}},{"type":"Feature","properties":{"NMUNCP":100,"NSEQNC":1100806,"RazaoSocia":"GIGANTE DA IMIGRANTES AUTO POSTO LTDA.","Termo_AR":"0291/2015","Atividade":"posto de serviGo"},"geometry":{"type":"Polygon","coordinates":[[[-46.627443,-23.614885],[-46.628051,-23.615772],[-46.627896,-23.615918],[-46.62682,-23.615234],[-46.627443,-23.614885]]]}},{"type":"Feature","properties":{"NMUNCP":100,"NSEQNC":1213811,"RazaoSocia":"CONDOMdNIO VITTA JAEANA RESIDENCE CLUB (LIVING APIAI EMPR. IMOB. LTDA)","Termo_AR":" ","Atividade":"indDstria"},"geometry":{"type":"Polygon","coordinates":[[[-46.576204,-23.467575],[-46.57638,-23.468377],[-46.574837,-23.4687],[-46.574632,-23.467898],[-46.576204,-23.467575]]]}},{"type":"Feature","properties":{"NMUNCP":100,"NSEQNC":1300526,"RazaoSocia":"CLASSE A SERVITOS AUTOMOTIVOS LTDA.","Termo_AR":"0553/2016","Atividade":"posto de serviTo"},"geometry":{"type":"Polygon","coordinates":[[[-46.681528,-23.633226],[-46.680548,-23.634004],[-46.680012,-23.633477],[-46.680047,-23.633107],[-46.681528,-23.633226]]]}},{"type":"Feature","properties":{"NMUNCP":100,"NSEQNC":1403652,"RazaoSocia":"ORION AUTO POSTO LTDA (ANTIGO AGF VARELA POSTO LTDA.)","Termo_AR":"1045/2018","Atividade":"posto de serviTo"},"geometry":{"type":"Polygon","coordinates":[[[-46.743596,-23.554441],[-46.742656,-23.554451],[-46.742653,-23.554226],[-46.743593,-23.554215],[-46.743596,-23.554441]]]}},{"type":"Feature","properties":{"NMUNCP":100,"NSEQNC":1412153,"RazaoSocia":"CONDOMdNIO TRADEMARK PACAEMBU (ESSER AMARICA EMPR. IMOB. LTDA.)","Termo_AR":"0140/2015","Atividade":"ind0stria"},"geometry":{"type":"Polygon","coordinates":[[[-46.664342,-23.528824],[-46.663788,-23.529101],[-46.66351,-23.528824],[-46.664075,-23.528547],[-46.664342,-23.528824]]]}},{"type":"Feature","properties":{"NMUNCP":100,"NSEQNC":1413813,"RazaoSocia":"ARQUIDIOCESE CATMLICA ORTODOXA ANTIOQUINA DE SP E DE TODO BRASIL","Termo_AR":"0587/2016","Atividade":"posto de serviAo"},"geometry":{"type":"Polygon","coordinates":[[[-46.640544,-23.575536],[-46.64057,-23.575797],[-46.639913,-23.575837],[-46.639899,-23.575599],[-46.640544,-23.575536]]]}},{"type":"Feature","properties":{"NMUNCP":100,"NSEQNC":1433183,"RazaoSocia":"CONDOMdNIO TENDoNCIA BARRA FUNDA (SETIN CASTELO EMPR. IMOB. SPE 1)","Termo_AR":"0904/2018","Atividade":"ind4stria"},"geometry":{"type":"Polygon","coordinates":[[[-46.653875,-23.526597],[-46.653772,-23.527799],[-46.653713,-23.527799],[-46.652728,-23.526546],[-46.653875,-23.526597]]]}},{"type":"Feature","properties":{"NMUNCP":100,"NSEQNC":1437790,"RazaoSocia":"CONDOMrNIO HELBOR TREND SP (HESA 93 INVEST. IMOB. LTDA.)","Termo_AR":"0636/2016","Atividade":"ind6stria"},"geometry":{"type":"Polygon","coordinates":[[[-46.620208,-23.560417],[-46.620481,-23.561146],[-46.619299,-23.561456],[-46.619138,-23.56107],[-46.620208,-23.560417]]]}},{"type":"Feature","properties":{"NMUNCP":100,"NSEQNC":2036785,"RazaoSocia":"ASSOCIAiaO UNIFICADA PAULISTA DE ENSINO RENOVADO OBJETIVO (ASSUPERO)","Termo_AR":"1008/2018","Atividade":"com8rcio"},"geometry":{"type":"Polygon","coordinates":[[[-46.593868,-23.640897],[-46.594272,-23.640243],[-46.59705,-23.641636],[-46.596631,-23.642359],[-46.593868,-23.640897]]]}},{"type":"Feature","properties":{"NMUNCP":165,"NSEQNC":33343,"RazaoSocia":"ALL - AM","Termo_AR":" ","Atividade":"acidentes"},"geometry":{"type":"Polygon","coordinates":[[[-47.357382,-22.690799],[-47.357671,-22.691183],[-47.357354,-22.691458],[-47.356998,-22.691084],[-47.357382,-22.690799]]]}},{"type":"Feature","properties":{"NMUNCP":244,"NSEQNC":33945,"RazaoSocia":"AUTO POSTO JP LTDA.","Termo_AR":"0345/2015","Atividade":"posto de serviLo"},"geometry":{"type":"Polygon","coordinates":[[[-47.059433,-22.901807],[-47.059378,-22.902042],[-47.058608,-22.901989],[-47.058662,-22.901726],[-47.059433,-22.901807]]]}},{"type":"Feature","properties":{"NMUNCP":286,"NSEQNC":574973,"RazaoSocia":"CONDOMdNIO FLEX IMIGRANTES (ACAPULCO INVEST. IMOB. LTDA.)","Termo_AR":" ","Atividade":"indDstria"},"geometry":{"type":"Polygon","coordinates":[[[-46.599893,-23.681702],[-46.598861,-23.683051],[-46.597438,-23.681994],[-46.598089,-23.681067],[-46.599893,-23.681702]]]}},{"type":"Feature","properties":{"NMUNCP":407,"NSEQNC":3738,"RazaoSocia":"PLASCAR IND. DE COMP. DE PLAST. LTDA. (COLLINS & AIKMAN DO BRASIL)","Termo_AR":"0637/2016","Atividade":"ind7stria"},"geometry":{"type":"Polygon","coordinates":[[[-46.931214,-23.993626],[-46.92997,-23.994154],[-46.928055,-23.990331],[-46.929459,-23.989784],[-46.931214,-23.993626]]]}},{"type":"Feature","properties":{"NMUNCP":407,"NSEQNC":376426,"RazaoSocia":"CONDOMrNIOS BRISAS BOSQUE ITIRAPINA E LIVING ITIRAPINA (CYRELA MAGIK)","Termo_AR":"0216/2015","Atividade":"ind6stria"},"geometry":{"type":"Polygon","coordinates":[[[-46.907567,-23.172514],[-46.906739,-23.173373],[-46.905218,-23.172832],[-46.905849,-23.171235],[-46.907567,-23.172514]]]}},{"type":"Feature","properties":{"NMUNCP":417,"NSEQNC":161077,"RazaoSocia":"COM6RCIO TERRAPLENAGEM E PAVIMENTAA O GARCIA LTDA.","Termo_AR":"0546/2016","Atividade":"com6rcio"},"geometry":{"type":"Polygon","coordinates":[[[-47.424794,-22.570897],[-47.424925,-22.571238],[-47.424502,-22.571429],[-47.424331,-22.57107],[-47.424794,-22.570897]]]}},{"type":"Feature","properties":{"NMUNCP":626,"NSEQNC":105077,"RazaoSocia":"NEON AUTO POSTO LTDA.","Termo_AR":"0283/2015","Atividade":"posto de serviOo"},"geometry":{"type":"Polygon","coordinates":[[[-46.523999,-23.633373],[-46.524612,-23.633882],[-46.52407,-23.634402],[-46.523465,-23.633866],[-46.523999,-23.633373]]]}},{"type":"Feature","properties":{"NMUNCP":633,"NSEQNC":1287,"RazaoSocia":"CIA ULTRAGAZ S/A","Termo_AR":" ","Atividade":"ind stria"},"geometry":{"type":"Polygon","coordinates":[[[-46.356865,-23.926855],[-46.356883,-23.928546],[-46.352323,-23.928586],[-46.352305,-23.926896],[-46.356865,-23.926855]]]}},{"type":"Feature","properties":{"NMUNCP":636,"NSEQNC":41941,"RazaoSocia":"ZUHAR LUIZ KALIL","Termo_AR":"0618/2016","Atividade":"posto de serviIo"},"geometry":{"type":"Polygon","coordinates":[[[-46.564835,-23.624071],[-46.564812,-23.624381],[-46.564233,-23.624382],[-46.564231,-23.62405],[-46.564835,-23.624071]]]}},{"type":"Feature","properties":{"NMUNCP":682,"NSEQNC":91,"RazaoSocia":"QUsMICA INDUSTRIAL SUPPLY LTDA.","Termo_AR":"0599/2016","Atividade":"ind9stria"},"geometry":{"type":"Polygon","coordinates":[[[-47.510066,-23.982097],[-47.512807,-23.981594],[-47.513101,-23.983549],[-47.510011,-23.983914],[-47.510066,-23.982097]]]}},{"type":"Feature","properties":{"NMUNCP":100,"NSEQNC":666018,"RazaoSocia":"CONDOMrNIO RESID. HELBOR ACQUALIFE (HELBOR EMPR. S/A)","Termo_AR":" ","Atividade":"posto de serviIo"},"geometry":{"type":"Polygon","coordinates":[[[-46.706759,-23.626534],[-46.706369,-23.625915],[-46.707089,-23.62551],[-46.707508,-23.62611],[-46.706759,-23.626534]]]}},{"type":"Feature","properties":{"NMUNCP":492,"NSEQNC":105946,"RazaoSocia":"AUTO POSTO TOURO LTDA.","Termo_AR":" ","Atividade":"posto de serviRo"},"geometry":{"type":"Polygon","coordinates":[[[-46.781719,-23.528885],[-46.781678,-23.529164],[-46.781224,-23.528856],[-46.781382,-23.528854],[-46.781719,-23.528885]]]}},{"type":"Feature","properties":{"NMUNCP":336,"NSEQNC":82744,"RazaoSocia":"AUTO POSTO VENETO LTDA.","Termo_AR":"0570/2016","Atividade":"posto de serviEo"},"geometry":{"type":"Polygon","coordinates":[[[-46.425631,-23.423702],[-46.425638,-23.424424],[-46.424856,-23.424432],[-46.424848,-23.423709],[-46.425631,-23.423702]]]}},{"type":"Feature","properties":{"NMUNCP":554,"NSEQNC":0,"RazaoSocia":"USA CHEMICALS IND STRIA E COMARCIO LTDA","Termo_AR":"","Atividade":"res duo"},"geometry":{"type":"Polygon","coordinates":[[[-47.502715,-23.234251],[-47.502888,-23.232496],[-47.5034,-23.230808],[-47.504232,-23.229252],[-47.505351,-23.227889],[-47.506714,-23.22677],[-47.50827,-23.225938],[-47.509958,-23.225426],[-47.511713,-23.225253],[-47.513469,-23.225426],[-47.515157,-23.225938],[-47.516712,-23.22677],[-47.518076,-23.227889],[-47.519195,-23.229252],[-47.520027,-23.230808],[-47.520539,-23.232496],[-47.520711,-23.234251],[-47.520539,-23.236007],[-47.520027,-23.237694],[-47.519195,-23.23925],[-47.518076,-23.240614],[-47.516712,-23.241733],[-47.515157,-23.242564],[-47.513469,-23.243076],[-47.511713,-23.243249],[-47.509958,-23.243076],[-47.50827,-23.242564],[-47.506714,-23.241733],[-47.505351,-23.240614],[-47.504232,-23.23925],[-47.5034,-23.237694],[-47.502888,-23.236007],[-47.502715,-23.234251]]]}},{"type":"Feature","properties":{"NMUNCP":554,"NSEQNC":0,"RazaoSocia":"USA CHEMICALS IND STRIA E COMARCIO LTDA","Termo_AR":"","Atividade":"acidentes"},"geometry":{"type":"Polygon","coordinates":[[[-47.502715,-23.234251],[-47.502888,-23.232496],[-47.5034,-23.230808],[-47.504232,-23.229252],[-47.505351,-23.227889],[-47.506714,-23.22677],[-47.50827,-23.225938],[-47.509958,-23.225426],[-47.511713,-23.225253],[-47.513469,-23.225426],[-47.515157,-23.225938],[-47.516712,-23.22677],[-47.518076,-23.227889],[-47.519195,-23.229252],[-47.520027,-23.230808],[-47.520539,-23.232496],[-47.520711,-23.234251],[-47.520539,-23.236007],[-47.520027,-23.237694],[-47.519195,-23.23925],[-47.518076,-23.240614],[-47.516712,-23.241733],[-47.515157,-23.242564],[-47.513469,-23.243076],[-47.511713,-23.243249],[-47.509958,-23.243076],[-47.50827,-23.242564],[-47.506714,-23.241733],[-47.505351,-23.240614],[-47.504232,-23.23925],[-47.5034,-23.237694],[-47.502888,-23.236007],[-47.502715,-23.234251]]]}}]}