{"features":[{"type":"Feature","properties":{"id":1,"forma":"Planície aluvial","relevo":"plano","declividade_media":"0 a 3%"},"geometry":{"type":"Polygon","coordinates":[[[-48.04752862900998,-22.83189294899916],[-48.04738496500998,-22.83382171699917],[-48.04711825801007,-22.83468259099907],[-48.046587240010076,-22.835790906999073],[-48.04186664500997,-22.842764087999182],[-48.041321241009854,-22.84377558299918],[-48.040864342009954,-22.84541648099918],[-48.04055834400994,-22.846059069999182],[-48.03992244300993,-22.846887266999083],[-48.03912089500981,-22.847467296999184],[-48.037548029009784,-22.848247947999102],[-48.036581710009855,-22.84851506099909],[-48.03413207900981,-22.848941816999194],[-48.031696555009646,-22.849046113999204],[-48.03051565100972,-22.849225113999204],[-48.02863592300968,-22.849685654999213],[-48.02737091200965,-22.849580824999215],[-48.025678615009504,-22.84968040899921],[-48.0252865780096,-22.849703538999222],[-48.02366460100957,-22.850200636999116],[-48.022586662009545,-22.85041041199922],[-48.01973655100938,-22.850761687999224],[-48.017776907009434,-22.851197511999125],[-48.01637648300931,-22.851733403999237],[-48.01444348200926,-22.852250240999236],[-48.01341103300934,-22.85293301499924],[-48.01219556600922,-22.854429311999247],[-48.01166880900931,-22.855298330999243],[-48.0111038700092,-22.85656981099914],[-48.00979974800927,-22.858993786999246],[-48.009091671009266,-22.860037702999147],[-48.007998730009135,-22.861383820999155],[-48.004569972009165,-22.86414242699916],[-48.003626333009045,-22.86501093999916],[-48.003088731009036,-22.865762848999253],[-48.00277492900903,-22.866510529999264],[-48.00270571400904,-22.86718097199926],[-48.002858460009136,-22.868467348999257],[-48.00291021100914,-22.86972774399917],[-48.00317677500915,-22.870782281999166],[-48.003197659009146,-22.87147695599926],[-48.00308471100915,-22.872194907999265],[-48.00191966000903,-22.874960884999254],[-48.00142734300901,-22.875992038999257],[-48.001225768009114,-22.876753160999257],[-48.001266392009015,-22.87783649399926],[-48.001898948009135,-22.879107920999253],[-48.00240115200904,-22.88039332899927],[-48.002876292009056,-22.881075930999156],[-48.003551782009076,-22.881727374999258],[-48.00454084000909,-22.88225745899925],[-48.00653508000914,-22.88284146199916],[-48.009739507009215,-22.88332062299924],[-48.01468617600932,-22.88355109599924],[-48.01499415300943,-22.88375604299914],[-48.015282952009436,-22.88410869699914],[-48.01534790800944,-22.884694040999136],[-48.014261755009315,-22.88761014899924],[-48.01366530500941,-22.88877339199924],[-48.012667750009285,-22.89033987899925],[-48.01190376600927,-22.892914514999248],[-48.01112671100936,-22.894478460999153],[-48.01047955700925,-22.89528535899925],[-48.00944158700933,-22.895995725999256],[-48.0081685270093,-22.896573122999154],[-48.00581181100915,-22.897457935999245],[-48.00462131700913,-22.89802040899926],[-48.00251930000918,-22.89929973399926],[-48.00122699900915,-22.899444918999258],[-47.999729216009015,-22.899240217999164],[-47.99761787100897,-22.898606331999183],[-47.99470734900901,-22.89723030799928],[-47.99365991000899,-22.89651894799918],[-47.992636551008964,-22.895500345999185],[-47.99149743100893,-22.893730582999286],[-47.990359605008905,-22.891935784999184],[-47.9896876800089,-22.890764717999286],[-47.98849536900886,-22.889432810999192],[-47.98800712700875,-22.88867016599919],[-47.98777122500885,-22.887946459999288],[-47.98774699900885,-22.88673803199929],[-47.98792602100885,-22.885755300999286],[-47.988359373008855,-22.88484421199929],[-47.990075848008786,-22.88186844099918],[-47.990833971008904,-22.880680224999185],[-47.99112902400891,-22.879800900999285],[-47.9913046120089,-22.877443375999285],[-47.99135720900881,-22.876778434999185],[-47.99131436600891,-22.87584555999929],[-47.990886481008886,-22.87471244799929],[-47.99026864200878,-22.873084942999277],[-47.98962389100886,-22.87176138799929],[-47.989066745008756,-22.87085893299929],[-47.98825494400873,-22.870085752999294],[-47.98745774800871,-22.8694679079992],[-47.98649133700879,-22.868790992999195],[-47.98553673100878,-22.868653310999193],[-47.98450758900876,-22.868690791999192],[-47.983250355008636,-22.8690489639992],[-47.98275470600872,-22.869421365999305],[-47.98224596200871,-22.870219358999304],[-47.982047158008605,-22.870855921999304],[-47.98184996300861,-22.872078601999203],[-47.9817101690086,-22.8728541099992],[-47.9817267020086,-22.874635586999204],[-47.98160393300871,-22.8756779139992],[-47.98098497300869,-22.877069307999207],[-47.979589834008664,-22.879000710999208],[-47.977856025008535,-22.880865731999307],[-47.97498050200848,-22.885207565999316],[-47.974868070008576,-22.885829425999216],[-47.97495345900848,-22.88686179799921],[-47.97521485000859,-22.88803650399932],[-47.975637989008504,-22.889053851999318],[-47.9756623760085,-22.889652000999213],[-47.97559788200851,-22.890433210999316],[-47.97542029700859,-22.891284321999223],[-47.97504096200859,-22.892571660999312],[-47.974432516008584,-22.89383244099932],[-47.974012836008576,-22.89545860999921],[-47.97390042800858,-22.896430366999216],[-47.973677399008466,-22.897435141999217],[-47.97295173300846,-22.89836680399931],[-47.971854618008535,-22.89921667499923],[-47.970768843008514,-22.89987245299923],[-47.97028739400851,-22.900097568999325],[-47.96955107300839,-22.900111573999226],[-47.96911508600838,-22.899960730999332],[-47.96864878700838,-22.899664530999228],[-47.96768164800835,-22.898712953999325],[-47.966680145008326,-22.897204974999323],[-47.96578780400831,-22.896107568999334],[-47.964793743008386,-22.89493984699924],[-47.96389366600826,-22.89399730499933],[-47.96277579700824,-22.892254207999237],[-47.962137029008325,-22.89103857499934],[-47.961543083008316,-22.890348193999337],[-47.960563655008194,-22.889850674999245],[-47.95900283700826,-22.889240193999346],[-47.95706722200823,-22.888801722999347],[-47.9557390660082,-22.88865107799935],[-47.95434547800807,-22.88856353099925],[-47.95306697600805,-22.88864919699926],[-47.95199058100812,-22.88881362199926],[-47.950087505007986,-22.888848976999356],[-47.94838274200806,-22.888787786999366],[-47.94777909400794,-22.888675202999256],[-47.947203486008036,-22.888314520999263],[-47.94595656400801,-22.887285454999375],[-47.94478355500798,-22.886069325999365],[-47.94375680100786,-22.88492268699937],[-47.942509713007844,-22.883883275999278],[-47.94093812000781,-22.883283118999273],[-47.93918179400787,-22.88289267699938],[-47.93554402200771,-22.883021824999375],[-47.93256686800775,-22.882808594999393],[-47.93174599600773,-22.88294753299929],[-47.930828905007616,-22.883312953999383],[-47.928604696007675,-22.882795772999295],[-47.92747787600765,-22.8827358409993],[-47.92678558200764,-22.882839935999403],[-47.92613291700762,-22.883083149999297],[-47.92395147400759,-22.883639673999312],[-47.922653438007465,-22.88374408699941],[-47.920298702007514,-22.88365985499941],[-47.91877897300749,-22.883835845999414],[-47.91673744800735,-22.883923588999313],[-47.91481907500742,-22.88341697399932],[-47.913805148007306,-22.88303565199932],[-47.90984487600733,-22.88092661999942],[-47.90897793100732,-22.88035660099942],[-47.90676370500717,-22.87787697299942],[-47.90598447800716,-22.877352561999338],[-47.90557563300725,-22.87729109299933],[-47.90516546200725,-22.877368083999443],[-47.904409481007235,-22.877783551999432],[-47.90328785300712,-22.878239924999335],[-47.901196647007076,-22.878393041999445],[-47.90032397600716,-22.87801704099944],[-47.89985120200715,-22.877510602999436],[-47.89970599200714,-22.87700767899944],[-47.899710556007044,-22.874969772999446],[-47.89950491600714,-22.873356460999446],[-47.899273682007035,-22.872335785999436],[-47.89914479900703,-22.870299739999435],[-47.89914064900703,-22.870234165999342],[-47.89463215000695,-22.868422322999358],[-47.89347385500703,-22.868088449999444],[-47.88994877200696,-22.867336702999452],[-47.88656038200691,-22.86638684999946],[-47.886219948006904,-22.866084217999454],[-47.88573741200689,-22.86516725499946],[-47.885469795006784,-22.864850319999455],[-47.885025999006785,-22.86452574399936],[-47.883991647006866,-22.86403915999937],[-47.88295745600684,-22.863679392999362],[-47.87992552500679,-22.863263815999474],[-47.87945681200669,-22.863363686999367],[-47.87779852700676,-22.864303891999473],[-47.87714542900665,-22.864361614999467],[-47.876262857006736,-22.86425224999938],[-47.87305773400668,-22.863496504999386],[-47.87169443800665,-22.863175048999373],[-47.87078076900664,-22.862846812999482],[-47.86901815600661,-22.861446322999388],[-47.8684040750065,-22.861114277999384],[-47.86682158200648,-22.860695608999396],[-47.86581151500656,-22.860667639999484],[-47.864986037006446,-22.860785253999392],[-47.86290757100641,-22.861482519999495],[-47.86250248300651,-22.8622260369995],[-47.8620623870065,-22.862599463999498],[-47.861360274006394,-22.863852305999497],[-47.86042473600648,-22.8647013499995],[-47.860053029006465,-22.8652015099995],[-47.85947249400637,-22.866417637999504],[-47.85928695900646,-22.8666389479994],[-47.85785477500644,-22.866951748999508],[-47.858270227006344,-22.868443581999404],[-47.858641939006354,-22.8690460559994],[-47.85860839900634,-22.869205753999402],[-47.858279050006445,-22.869501577999404],[-47.85847204700645,-22.86980668799951],[-47.85883725400646,-22.870121113999502],[-47.85884848300646,-22.8706719599995],[-47.85901167100646,-22.871075752999502],[-47.85955164900647,-22.871386102999494],[-47.859619699006366,-22.871672019999398],[-47.858875547006456,-22.8721686509995],[-47.85889150400646,-22.872420188999506],[-47.85923489900636,-22.87285069499951],[-47.860163191006485,-22.873590578999398],[-47.861168348006494,-22.874010538999496],[-47.861097372006505,-22.8748918939995],[-47.86160786000641,-22.876764217999398],[-47.86159568500641,-22.8773150659994],[-47.86122606000651,-22.878697586999493],[-47.86132468000641,-22.8792571899995],[-47.861831316006516,-22.879809987999508],[-47.86293179200653,-22.880409884999395],[-47.86383745600645,-22.8810256769995],[-47.86411717900645,-22.881376386999403],[-47.86416949100656,-22.882119481999503],[-47.86403638400656,-22.882756522999497],[-47.86313666700644,-22.884494622999497],[-47.86315848200654,-22.8849190669994],[-47.86327534600655,-22.885182576999494],[-47.86372497500655,-22.885334760999495],[-47.86435294300656,-22.885231176999497],[-47.86482866700657,-22.885453611999385],[-47.86498139800647,-22.88567892699949],[-47.865028207006574,-22.886068356999388],[-47.864875730006474,-22.88709138599949],[-47.864938012006576,-22.887699958999494],[-47.86592131400649,-22.887958081999493],[-47.86657485500661,-22.88836901899948],[-47.867873406006524,-22.888947725999493],[-47.86838603200653,-22.889650041999488],[-47.86845169000664,-22.891070886999493],[-47.868603373006636,-22.891276374999485],[-47.86954392200656,-22.891747790999393],[-47.869842131006656,-22.892467954999482],[-47.870473322006674,-22.893050704999485],[-47.87069152700667,-22.893403546999387],[-47.871014620006676,-22.89454557699948],[-47.87085486200658,-22.894800264999482],[-47.86973326300656,-22.894946970999488],[-47.86927184100656,-22.895358256999387],[-47.869103653006654,-22.896708065999483],[-47.869096746006655,-22.898050578999484],[-47.86876961800655,-22.899009345999488],[-47.86657610600661,-22.89891338699939],[-47.86506757200649,-22.89902989499949],[-47.864355690006576,-22.898721927999393],[-47.863847108006574,-22.89868618999949],[-47.86359315300656,-22.898952535999488],[-47.86382552200657,-22.899661182999488],[-47.86367971700656,-22.900340902999496],[-47.86344794900656,-22.900483087999394],[-47.863088604006556,-22.9005124419995],[-47.86233975200654,-22.900158974999496],[-47.86162842900643,-22.89947148199949],[-47.86123069600653,-22.899270915999498],[-47.86015185500651,-22.899268994999403],[-47.8595752290065,-22.8995085319995],[-47.8594072040065,-22.8997080239994],[-47.8591118530064,-22.900436843999497],[-47.858900287006485,-22.9005636099994],[-47.85793200600637,-22.900834836999408],[-47.85727235200636,-22.900688037999394],[-47.856987788006464,-22.900703167999403],[-47.85608848000644,-22.901131728999403],[-47.85555623300644,-22.90118768699941],[-47.85472197800643,-22.901018866999408],[-47.854188880006426,-22.90105050499941],[-47.85289040500639,-22.901407009999513],[-47.85159193000637,-22.901763515999512],[-47.851280625006375,-22.901744328999406],[-47.850558994006356,-22.901220980999415],[-47.84969619600634,-22.900799214999424],[-47.84943646300634,-22.90082608099941],[-47.848895355006334,-22.90107773499942],[-47.84819842600633,-22.900849419999414],[-47.84759354700632,-22.900871973999518],[-47.8467077310063,-22.901174187999516],[-47.84580047200629,-22.901626660999526],[-47.84529548300628,-22.901726803999512],[-47.84476113400627,-22.90163514999942],[-47.84286347900624,-22.90052051099952],[-47.841993978006116,-22.900397933999525],[-47.84150611900622,-22.900120099999512],[-47.84102164300621,-22.90006903099943],[-47.8405214480061,-22.89982669199953],[-47.83900938300617,-22.898556918999425],[-47.83855764900607,-22.89827867399953],[-47.837580502006155,-22.897991837999427],[-47.836376401006035,-22.897288830999535],[-47.83568023000613,-22.89713064699953],[-47.835292319006115,-22.896929503999527],[-47.83369457200609,-22.894604158999527],[-47.833284366005984,-22.89386254799954],[-47.833098237005984,-22.89323481499953],[-47.833063285006084,-22.892156055999532],[-47.833154243006085,-22.891247638999538],[-47.832797115005974,-22.889551181999437],[-47.83291341800607,-22.88795484999953],[-47.83286542200597,-22.88793445699953],[-47.80888462400571,-22.87774513199956],[-47.806904853005584,-22.87690398399956],[-47.80664914200567,-22.87690756099948],[-47.80634925800567,-22.876767333999563],[-47.805848015005665,-22.87595111499956],[-47.805802022005665,-22.875076104999472],[-47.805681204005566,-22.87496620199947],[-47.80513395700566,-22.874882031999572],[-47.805027952005545,-22.874639605999572],[-47.80504813100565,-22.87447491599947],[-47.805257176005554,-22.874253697999574],[-47.806669095005674,-22.87338394599947],[-47.80684199000568,-22.87303542099946],[-47.806803235005674,-22.87245116699957],[-47.80671825200557,-22.87230398399947],[-47.805500134005555,-22.871745059999572],[-47.80521730900555,-22.871701719999574],[-47.80476269500565,-22.87172546299958],[-47.80399207800563,-22.872156026999573],[-47.80349635500552,-22.872097233999565],[-47.80299379400562,-22.87176028999947],[-47.80259764800561,-22.87118555899957],[-47.802306222005605,-22.870003363999576],[-47.80143517400549,-22.869277115999573],[-47.80053272000558,-22.867698907999582],[-47.79972914000556,-22.867012143999474],[-47.79917721100556,-22.865639982999483],[-47.799125370005555,-22.865607205999474],[-47.797101127005526,-22.864327384999584],[-47.796292303005515,-22.86364939999948],[-47.79601216400541,-22.86352611399958],[-47.79539277500551,-22.863506567999476],[-47.794794436005496,-22.864009426999488],[-47.79449009600539,-22.863946350999576],[-47.79416040800549,-22.86366915899958],[-47.794022704005485,-22.863224057999584],[-47.794064727005484,-22.86302964399949],[-47.79478995900549,-22.86158295899958],[-47.79502699100549,-22.860726139999493],[-47.795699590005505,-22.85968478399958],[-47.795900114005406,-22.85922223599948],[-47.795820571005514,-22.85878478899959],[-47.795318897005494,-22.858087250999578],[-47.7953317430055,-22.85759133899958],[-47.7956786010055,-22.85684939299948],[-47.79360703600547,-22.856489305999585],[-47.792720681005356,-22.856186905999483],[-47.79236853600545,-22.856017655999487],[-47.79189232100544,-22.855617865999488],[-47.79164643600544,-22.855192845999586],[-47.79162006600544,-22.855001172999483],[-47.792080757005444,-22.853537929999582],[-47.79292589300546,-22.851213698999576],[-47.793522496005465,-22.848714342999582],[-47.79329209800537,-22.847778230999488],[-47.79304242100537,-22.847415118999486],[-47.79263070300545,-22.84705560999949],[-47.791447483005435,-22.846699424999493],[-47.791244684005335,-22.846384704999487],[-47.79029266100542,-22.844907271999492],[-47.78975900300541,-22.844420720999494],[-47.78905801600539,-22.84398972099958],[-47.78760505800527,-22.84375433599959],[-47.78707869900527,-22.843300434999495],[-47.786852944005375,-22.843204435999596],[-47.78654390300527,-22.843245487999596],[-47.78572360400525,-22.84367764999959],[-47.784127027005326,-22.84364079099949],[-47.7819083090053,-22.844757784999597],[-47.78023126700528,-22.8451161359995],[-47.78011183300528,-22.845254475999592],[-47.78022342200518,-22.8457579139995],[-47.78017949600528,-22.846100627999505],[-47.77906138000527,-22.84624149199951],[-47.77868889000526,-22.846625380999598],[-47.77819790800526,-22.847532532999498],[-47.777951839005254,-22.84775317399951],[-47.777814429005154,-22.847815272999604],[-47.77629114200513,-22.847773984999506],[-47.775869843005225,-22.847838522999602],[-47.775063013005216,-22.84805981499951],[-47.774222221005104,-22.848533373999505],[-47.7737992710052,-22.8485699639996],[-47.77362847000509,-22.8484877759996],[-47.773128308005184,-22.8475681349996],[-47.772144003005074,-22.84629601399961],[-47.77150301200516,-22.845940121999508],[-47.77138940700516,-22.845780124999607],[-47.771364451005155,-22.845344807999517],[-47.77133334300516,-22.84480943299962],[-47.77081712400515,-22.843921537999616],[-47.77105911700506,-22.843363525999607],[-47.770936093005055,-22.84291899499951],[-47.77099486700515,-22.842379925999616],[-47.76986515100514,-22.841580546999605],[-47.768049172005114,-22.841480132999514],[-47.767060933005105,-22.841148469999613],[-47.766747048005094,-22.84114613099961],[-47.76570030600509,-22.841496516999516],[-47.76467388400497,-22.84197807899952],[-47.76399661900506,-22.841989446999513],[-47.76350659100506,-22.841766210999516],[-47.76283754700494,-22.84104410199962],[-47.762017089005035,-22.84041320599952],[-47.76178604100493,-22.840113736999623],[-47.76111049700492,-22.83861801199952],[-47.76097541000502,-22.83849116799962],[-47.759613695004994,-22.837212553999624],[-47.759172716005,-22.83660004899963],[-47.75914559600489,-22.836586129999517],[-47.74637265900483,-22.83003040699964],[-47.746465666004724,-22.82959701299964],[-47.746884092004834,-22.829041448999526],[-47.74530647600471,-22.82993388599954],[-47.74239030600468,-22.831819770999648],[-47.741851998004776,-22.832331062999646],[-47.74148687000477,-22.83327536099954],[-47.741327926004665,-22.833445392999636],[-47.741192329004676,-22.833467965999546],[-47.74086413800466,-22.83331035199965],[-47.74017947500465,-22.832740435999547],[-47.739524417004745,-22.83267254499964],[-47.73873969000464,-22.832455700999645],[-47.73758938800462,-22.83293763299965],[-47.73710835200472,-22.83341158099964],[-47.73649094400472,-22.834221893999548],[-47.735933128004596,-22.83458402499965],[-47.735473902004706,-22.83458313199965],[-47.73442736000469,-22.834334433999647],[-47.733702891004675,-22.834333939999656],[-47.73300285900468,-22.83445938999955],[-47.73165906200455,-22.834992142999656],[-47.73118042600465,-22.83551921599965],[-47.73020633700464,-22.836938677999658],[-47.729692085004636,-22.837455355999648],[-47.72904087100453,-22.837769735999558],[-47.727259836004606,-22.83792831699966],[-47.7268435100046,-22.838117912999667],[-47.72625459000449,-22.83870988099956],[-47.72566252200449,-22.83956069499956],[-47.72517158100458,-22.841137537999547],[-47.72490134300448,-22.84145784699966],[-47.72456948700447,-22.841739768999663],[-47.72292398700446,-22.84272278599966],[-47.72240622400445,-22.84297582699966],[-47.72098439600443,-22.84344246099956],[-47.72061012900453,-22.843692134999664],[-47.719580902004516,-22.845943797999663],[-47.718859215004514,-22.846600650999672],[-47.7175691520045,-22.847507633999662],[-47.711818171004325,-22.84453867799957],[-47.70512032200434,-22.84108089999968],[-47.702041188004316,-22.839491289999685],[-47.701604336004216,-22.838583902999684],[-47.701379694004316,-22.838338574999693],[-47.70020159300429,-22.837877668999685],[-47.69964854300429,-22.83710058099968],[-47.69909589000428,-22.837074322999676],[-47.69888210000418,-22.836889664999585],[-47.69791163300416,-22.83508096399958],[-47.697490869004255,-22.83456444899968],[-47.69736886500416,-22.834187384999694],[-47.69665278100425,-22.83316199299969],[-47.69597605100414,-22.83236114599968],[-47.69499410100423,-22.831560859999694],[-47.69399102700422,-22.830121326999695],[-47.693720886004115,-22.829553195999583],[-47.693455854004206,-22.828305491999693],[-47.69239292500419,-22.826853706999586],[-47.69223173000409,-22.826354608999686],[-47.692199201041646,-22.82559803959955],[-48.03198271835438,-22.82559803959955],[-48.031998000009615,-22.825743998999105],[-48.03215200000962,-22.826047998999194],[-48.032360000009724,-22.826352998999102],[-48.032769000009736,-22.8266959989992],[-48.03318600000965,-22.826902998999202],[-48.033995000009654,-22.827197998999193],[-48.035708000009706,-22.827628998999188],[-48.036570000009824,-22.82787299899919],[-48.03864100000987,-22.828371998999188],[-48.03942000000988,-22.828501998999176],[-48.04005500000981,-22.828587998999186],[-48.040464000009905,-22.82867999899918],[-48.04129700000993,-22.828768998999184],[-48.04180400000994,-22.82887699899908],[-48.04286800000987,-22.829346998999075],[-48.043579000009984,-22.829740998999174],[-48.046757077009964,-22.831750332999064],[-48.04752862900998,-22.83189294899916]]]}},{"type":"Feature","properties":{"id":2,"forma":"Colinas amplas","relevo":"suave ondulado","declividade_media":"3 a 8%"},"geometry":{"type":"Polygon","coordinates":[[[-48.03362600000974,-22.817865998999096],[-48.03358400000974,-22.8186229989992],[-48.03309300000973,-22.820101998999196],[-48.03220400000971,-22.822977998999097],[-48.03212900000961,-22.8234369989992],[-48.0319970000096,-22.823927998999196],[-48.031917000009706,-22.82462799899919],[-48.031920000009706,-22.824998998999092],[-48.03198271835438,-22.82559803959955],[-47.692199201041646,-22.82559803959955],[-47.69218429100409,-22.825251256999582],[-47.692023949004195,-22.824902353999693],[-47.68979740400407,-22.8225540899997],[-47.689280640004064,-22.82232241499969],[-47.687950731004044,-22.822027208999586],[-47.68717012500414,-22.8214713159996],[-47.686783909004134,-22.820947159999594],[-47.68591493100411,-22.819309682999698],[-47.68589383700412,-22.819256300999594],[-47.68476029000411,-22.81638772699959],[-47.68329653300408,-22.813383444999594],[-47.682057157004074,-22.811598277999703],[-47.680954019004055,-22.8104928509996],[-47.67920626500394,-22.8093287109997],[-47.67848736300393,-22.8083688149996],[-47.67791255100403,-22.808107850999605],[-47.67704169800401,-22.807418891999607],[-47.676799877004015,-22.807020012999605],[-47.676649389004005,-22.8065015569996],[-47.67647153600401,-22.804427388999695],[-47.675580506004,-22.803606354999605],[-47.675195514003896,-22.8028259789997],[-47.67317141300397,-22.801022386999602],[-47.67201874600386,-22.800084010999708],[-47.671537159003954,-22.79985278999961],[-47.67075976600384,-22.799672822999703],[-47.67022103100393,-22.79966502599971],[-47.66979436900384,-22.799826198999607],[-47.66939178100384,-22.799825576999705],[-47.668930729003925,-22.799719242999714],[-47.66840372500392,-22.799395405999707],[-47.66767799500391,-22.799383806999714],[-47.66726696300391,-22.798955755999607],[-47.666771082003905,-22.798885802999713],[-47.6660691650039,-22.799033386999703],[-47.66589267600379,-22.798992242999613],[-47.66580474600379,-22.79891233999972],[-47.66587123100389,-22.798487877999616],[-47.66557273000389,-22.798387061999705],[-47.665026815003884,-22.799017351999716],[-47.66489108900388,-22.799064134999714],[-47.66387096800388,-22.79861109299972],[-47.66270405800386,-22.79840129899971],[-47.66260167200376,-22.798275865999727],[-47.66254415900376,-22.79789775399972],[-47.662265973003755,-22.797569355999617],[-47.662090652003855,-22.797503077999714],[-47.66178133300385,-22.797530403999616],[-47.660355659003734,-22.798106988999717],[-47.65992609400383,-22.798540455999717],[-47.659293048003725,-22.79917806299962],[-47.658918546003726,-22.799349360999624],[-47.658276809003816,-22.799481307999624],[-47.65787901700381,-22.79944038699962],[-47.656918910003704,-22.79855630099972],[-47.656306987003695,-22.797668912999626],[-47.65587054300369,-22.797515864999717],[-47.65549260700379,-22.797740066999623],[-47.65433041500367,-22.799128144999624],[-47.653675148003664,-22.79927841899972],[-47.65333717600377,-22.799167026999722],[-47.653070049003766,-22.798768923999624],[-47.652795550003766,-22.798613291999718],[-47.65131920200375,-22.79822392299972],[-47.65060634900374,-22.797893571999726],[-47.65036505800373,-22.79752705999962],[-47.65097129200374,-22.796921699999622],[-47.65097826500364,-22.796645945999728],[-47.650672408003636,-22.79620045199962],[-47.65007073200374,-22.79578549299973],[-47.649310280003725,-22.795556650999725],[-47.648370031003715,-22.795525677999628],[-47.64784139300371,-22.795741189999635],[-47.64755416600371,-22.79571271999973],[-47.6473232280036,-22.795584881999726],[-47.64674047600359,-22.794826302999727],[-47.646145206003695,-22.79427402199973],[-47.645746020003585,-22.793509232999728],[-47.64552064500368,-22.793408586999632],[-47.64488985800357,-22.793431225999626],[-47.64418873500357,-22.79362460099973],[-47.64354503700366,-22.79306589799973],[-47.64279197400366,-22.793202360999636],[-47.64265427000366,-22.79312407099973],[-47.64228894000365,-22.79249099099973],[-47.64183169600354,-22.791947771999734],[-47.641315825003545,-22.791554174999636],[-47.64055389300353,-22.79133692799974],[-47.63913812500353,-22.791658366999734],[-47.638407292003606,-22.79228030999973],[-47.63817198200362,-22.792330309999738],[-47.6379117040036,-22.792288508999636],[-47.63733747800351,-22.79199687999963],[-47.637138284003505,-22.792024935999738],[-47.6364385150036,-22.79269125799964],[-47.636054887003496,-22.792744355999737],[-47.63540406300359,-22.792318409999734],[-47.63520256300358,-22.791517401999737],[-47.63389736000347,-22.789989241999642],[-47.63261106100356,-22.789457128999732],[-47.631661646003444,-22.78895457599974],[-47.63028157000353,-22.788656980999736],[-47.62839981700342,-22.79040014999974],[-47.628213997003414,-22.790660521999644],[-47.626640271003495,-22.792865621999745],[-47.62563108900349,-22.79512625199965],[-47.625127917003496,-22.79709231999965],[-47.62483429400349,-22.797889816999636],[-47.623920492003485,-22.79933784799965],[-47.62349411800338,-22.799700293999653],[-47.62225782200337,-22.800350574999747],[-47.62076712200345,-22.800895411999644],[-47.61927530900335,-22.80186005999975],[-47.61888780100344,-22.802349908999656],[-47.617366274003324,-22.80480402199965],[-47.61599565400341,-22.806260754999755],[-47.6140606380034,-22.80794401499976],[-47.61319938400339,-22.808889665999754],[-47.61206396900338,-22.81040158199966],[-47.611334059003276,-22.811102514999764],[-47.61041231200327,-22.811819164999758],[-47.60963926900336,-22.81210839199975],[-47.609005709003355,-22.812084009999758],[-47.608542887003246,-22.811906493999757],[-47.606773206003325,-22.81060315499976],[-47.60507462500332,-22.80994196399976],[-47.6039893110033,-22.80982130899977],[-47.6033105940032,-22.809866129999662],[-47.60171874700319,-22.810214318999762],[-47.60050515800327,-22.81029260299966],[-47.59911392100326,-22.81006349299977],[-47.59742081000324,-22.809265790999774],[-47.595356019003226,-22.808805642999765],[-47.59453164300322,-22.80848498299977],[-47.59339170600321,-22.807825343999767],[-47.5915600490032,-22.80657432499968],[-47.59075522200319,-22.80592088599977],[-47.59024770800308,-22.805309907999774],[-47.58993764000318,-22.804646592999777],[-47.589900553003076,-22.803339695999775],[-47.590134065003184,-22.802747577999774],[-47.59115007000319,-22.801415379999778],[-47.5925951670032,-22.800495013999765],[-47.59324549300321,-22.800244111999774],[-47.59459077100322,-22.799933782999762],[-47.59511621600322,-22.799560103999767],[-47.596015515003224,-22.79863586199977],[-47.59626701000323,-22.798220660999775],[-47.59662453800323,-22.796833325999764],[-47.596643587003236,-22.79584512899966],[-47.596486954003126,-22.795422608999765],[-47.59629721000313,-22.79522802399977],[-47.59613543800322,-22.79506062999977],[-47.59474092700321,-22.794281162999674],[-47.593658552003205,-22.79331097899977],[-47.5929893750031,-22.792520486999663],[-47.5923201990032,-22.791729993999773],[-47.590961356003184,-22.790544662999668],[-47.59004621700317,-22.789397747999676],[-47.58940392600307,-22.788772398999765],[-47.58743013400306,-22.787177397999766],[-47.586951750003145,-22.786790819999773],[-47.586627865003145,-22.786692453999667],[-47.58618834700314,-22.786710829999674],[-47.58543876000303,-22.787000894999675],[-47.58397852600312,-22.78702157199978],[-47.58306546400311,-22.78724304699968],[-47.5817790930031,-22.787276955999776],[-47.579332264003085,-22.785682083999784],[-47.57854068100297,-22.78516490199979],[-47.577647129003054,-22.784432359999784],[-47.573333857003036,-22.782067692999682],[-47.567748816002876,-22.779015873999782],[-47.5461901080028,-22.7672356089998],[-47.544976822002795,-22.7665726369998],[-47.54335212300278,-22.767789208999694],[-47.54253503500277,-22.767837228999806],[-47.54197808500276,-22.767722212999804],[-47.54103544200276,-22.767952157999808],[-47.538044195002634,-22.770199603999803],[-47.537669512002736,-22.77062051499981],[-47.537540148002634,-22.771068387999716],[-47.537464148002734,-22.771624490999802],[-47.53751589400274,-22.772426666999703],[-47.537378085002636,-22.772743847999703],[-47.53672689500273,-22.7736938979998],[-47.53520860800262,-22.775212207999804],[-47.53444527500262,-22.7755239459998],[-47.53300466500271,-22.775729260999814],[-47.5325970330026,-22.775712822999704],[-47.531666399002695,-22.775337277999704],[-47.530730131002684,-22.775134641999802],[-47.529865511002676,-22.775205302999815],[-47.528939577002674,-22.775471796999806],[-47.52768730000266,-22.776145831999706],[-47.52674553600266,-22.77697262699981],[-47.52648526800255,-22.777528468999712],[-47.52635461100255,-22.778414069999712],[-47.52613846300255,-22.77871449299971],[-47.52579642400265,-22.779126887999823],[-47.52508323000264,-22.779366882999813],[-47.523387895002635,-22.779495292999815],[-47.52281981100263,-22.779470549999715],[-47.522208155002524,-22.779295715999815],[-47.521846555002625,-22.779048277999713],[-47.521680885002624,-22.7788213399998],[-47.52137925600252,-22.776877291999714],[-47.521106193002616,-22.77616057799982],[-47.52075058500262,-22.775684146999712],[-47.518815404002595,-22.774190998999718],[-47.517705703002484,-22.77315280799982],[-47.517517473002485,-22.772867423999827],[-47.51743380800258,-22.770480016999823],[-47.51793653800259,-22.76807944899982],[-47.51808825100249,-22.76621575299982],[-47.518092253002585,-22.76580239599982],[-47.517989916002584,-22.76557621899982],[-47.51776465500259,-22.76539361999972],[-47.51742729400259,-22.765273012999813],[-47.51668557300257,-22.765355410999813],[-47.51615699200248,-22.765547101999825],[-47.514633740002566,-22.76659214199982],[-47.514056905002555,-22.76687626299982],[-47.512005912002444,-22.767703964999818],[-47.51069096000254,-22.768342966999807],[-47.50966588400254,-22.768644894999817],[-47.50711023000252,-22.768399444999716],[-47.50646586700251,-22.768442581999825],[-47.504841118002396,-22.76868783999973],[-47.50283859700238,-22.769293536999825],[-47.501104367002476,-22.769216995999823],[-47.50038330600236,-22.76906912399972],[-47.49898849700245,-22.76861887399982],[-47.49559360800243,-22.767800776999735],[-47.49505664700242,-22.767430221999835],[-47.49554968000244,-22.766101821999722],[-47.49761094300244,-22.763215314999822],[-47.497928499002434,-22.762481173999824],[-47.497962864002346,-22.761594423999824],[-47.49789360800244,-22.761226652999724],[-47.497551160002345,-22.76068060999983],[-47.49679892300244,-22.760246507999835],[-47.49649144000234,-22.75964165299982],[-47.49580386400243,-22.759344107999734],[-47.49541187600232,-22.759061238999735],[-47.49531170200243,-22.75881087299983],[-47.49517724100242,-22.75751905999973],[-47.49491246000242,-22.75656984999972],[-47.49472440100242,-22.75642559099982],[-47.49432766600231,-22.756386136999733],[-47.49415093900242,-22.756249527999838],[-47.493965020002406,-22.755548021999832],[-47.493103103002404,-22.75414222299983],[-47.492962789002306,-22.75346591699983],[-47.494953013002416,-22.751351433999833],[-47.49660603100233,-22.74981023399973],[-47.49697092675707,-22.74943256319959],[-48.017129405524024,-22.74943256319959],[-48.017427000009164,-22.749462998999135],[-48.01760707849012,-22.74943256319959],[-48.024995975795854,-22.74943256319959],[-48.025048000009434,-22.749470998999207],[-48.02514900000933,-22.749591998999207],[-48.025172000009334,-22.749651998999216],[-48.02523400000944,-22.749749998999203],[-48.02548800000935,-22.749900998999216],[-48.025776000009444,-22.750132998999224],[-48.02586100000945,-22.75019699899921],[-48.02601800000945,-22.750245998999212],[-48.02606800000946,-22.75028599899921],[-48.026085000009466,-22.750390998999112],[-48.02608700000946,-22.75039999899921],[-48.02605100000936,-22.75057699899921],[-48.02606200000945,-22.75072599899911],[-48.02635200000947,-22.751238998999217],[-48.02701700000938,-22.75207599899912],[-48.027324000009486,-22.75253799899921],[-48.027507000009486,-22.7528949989992],[-48.027860000009504,-22.754212998999108],[-48.02799200000951,-22.755111998999208],[-48.028005000009514,-22.7570849989992],[-48.02796800000941,-22.757642998999106],[-48.02786000000951,-22.758215998999212],[-48.02757700000951,-22.759196998999208],[-48.0270510000095,-22.76071799899921],[-48.02689700000949,-22.761274998999216],[-48.026814000009395,-22.761818998999207],[-48.026800000009494,-22.76247999899911],[-48.026941000009494,-22.763247998999113],[-48.02728900000941,-22.764461998999113],[-48.027311000009405,-22.764903998999216],[-48.027404000009405,-22.76533299899921],[-48.02741000000951,-22.7658039989992],[-48.027493000009414,-22.766349998999107],[-48.02804200000953,-22.767787998999108],[-48.02816400000943,-22.768334998999112],[-48.02824300000954,-22.76910199899911],[-48.02825700000943,-22.769558998999205],[-48.028188000009436,-22.770219998999107],[-48.02819200000944,-22.770763998999108],[-48.028149000009535,-22.771219998999204],[-48.028079000009434,-22.771542998999216],[-48.02808200000953,-22.771777998999113],[-48.02808900000954,-22.7722059989991],[-48.02821600000954,-22.772559998999203],[-48.02823600000944,-22.772766998999103],[-48.02822500000954,-22.772868998999208],[-48.02813300000954,-22.7730889989992],[-48.027890000009535,-22.77331299899911],[-48.02791100000954,-22.773496998999203],[-48.028039000009535,-22.773734998999107],[-48.028277000009446,-22.773790998999207],[-48.02846300000945,-22.773999998999205],[-48.028566000009555,-22.774730998999104],[-48.028821000009465,-22.775383998999104],[-48.02912200000957,-22.7764939989992],[-48.02931200000947,-22.77692399899921],[-48.02939900000957,-22.7772639989992],[-48.02941900000957,-22.7774709989991],[-48.02939900000957,-22.778418998999097],[-48.02917200000958,-22.779349998999212],[-48.02895900000957,-22.780008998999207],[-48.02868600000947,-22.780547998999207],[-48.02845200000956,-22.781102998999113],[-48.02832800000946,-22.78130699899921],[-48.02790700000955,-22.78218899899921],[-48.02784200000955,-22.782298998999213],[-48.02769100000945,-22.782869998999207],[-48.02762000000955,-22.783472998999212],[-48.02756500000955,-22.783927998999207],[-48.02751600000944,-22.784734998999205],[-48.02749300000944,-22.7863129989992],[-48.02739800000945,-22.786918998999212],[-48.02713900000954,-22.787555998999103],[-48.02685600000954,-22.78881099899921],[-48.02683700000944,-22.78914699899921],[-48.02686400000943,-22.789493998999113],[-48.027000000009444,-22.790242998999112],[-48.02701500000944,-22.790640998999102],[-48.02720300000955,-22.79185299899921],[-48.027406000009556,-22.791930998999106],[-48.027956000009574,-22.792017998999107],[-48.02830500000947,-22.792139998999204],[-48.028520000009586,-22.792248998999206],[-48.028860000009594,-22.79257699899911],[-48.02894900000959,-22.792726998999203],[-48.0292520000096,-22.793073998999105],[-48.0293080000096,-22.793136998999202],[-48.03004400000962,-22.7939199989992],[-48.030241000009525,-22.794129998999104],[-48.030488000009534,-22.794401998999103],[-48.03123200000955,-22.795328998999103],[-48.03151800000955,-22.795864998999097],[-48.03173800000965,-22.796202998999096],[-48.03185600000956,-22.797038998999096],[-48.03181600000956,-22.7979639989991],[-48.03156100000966,-22.7992429989991],[-48.03149200000966,-22.8002679989992],[-48.03137800000965,-22.8007869989992],[-48.03130200000965,-22.800942998999197],[-48.03097200000965,-22.8023789989991],[-48.03092600000965,-22.803073998999096],[-48.03088900000956,-22.8047759989992],[-48.03066600000955,-22.80592399899921],[-48.03074100000965,-22.806304998999206],[-48.030961000009555,-22.807145998999104],[-48.03101800000967,-22.807416998999102],[-48.03156500000957,-22.8082809989992],[-48.0321760000096,-22.809498998999196],[-48.03221500000969,-22.810065998999193],[-48.0321130000097,-22.811221998999102],[-48.032141000009695,-22.8122859989992],[-48.032278000009704,-22.813020998999097],[-48.03324500000973,-22.816128998999098],[-48.03353700000974,-22.817249998999202],[-48.03362600000974,-22.817865998999096]]]}},{"type":"Feature","properties":{"id":3,"forma":"Colinas médias","relevo":"ondulado","declividade_media":"8 a 20%"},"geometry":{"type":"MultiPolygon","coordinates":[[[[-48.09866400001106,-22.688782998999052],[-48.098598000011066,-22.68926599899894],[-48.09844200001106,-22.68967299899904],[-48.09813700001106,-22.690181998998952],[-48.097810000011044,-22.690592998998955],[-48.09778400001094,-22.690690998999052],[-48.097717000010945,-22.690749998998946],[-48.09751200001095,-22.691200998998948],[-48.097440000010934,-22.69150199899904],[-48.09741800001093,-22.691789998999045],[-48.09752600001105,-22.692821998998948],[-48.09753500001094,-22.693200998998943],[-48.09749300001104,-22.69362499899905],[-48.09717800001104,-22.69461899899895],[-48.09661000001093,-22.69578699899895],[-48.095684000010905,-22.698119998999044],[-48.09550500001091,-22.69848099899905],[-48.095125000010896,-22.699079998998954],[-48.095021000010995,-22.699319998999055],[-48.09484600001099,-22.699922998999057],[-48.094605000010894,-22.700539998998952],[-48.09442500001088,-22.70089999899895],[-48.094179000010875,-22.701758998998958],[-48.09389100001098,-22.702238998999054],[-48.09332600001086,-22.702928998998956],[-48.0906160000109,-22.70614799899896],[-48.09016100001089,-22.706384998999063],[-48.08977400001088,-22.706496998999064],[-48.08937200001086,-22.706526998998967],[-48.08918800001086,-22.706485998998964],[-48.088972000010855,-22.706459998998966],[-48.08857200001074,-22.706393998998973],[-48.088240000010835,-22.706370998998974],[-48.08793700001083,-22.706380998999073],[-48.08780100001083,-22.706370998998974],[-48.08746500001082,-22.706420998998965],[-48.08724400001071,-22.706467998999077],[-48.0866860000108,-22.706745998999075],[-48.0863570000108,-22.70711199899896],[-48.08629400001079,-22.70746899899907],[-48.08626100001079,-22.70783999899898],[-48.08623700001078,-22.708212998999077],[-48.08624600001079,-22.70858499899907],[-48.0862710000108,-22.708943998998983],[-48.0862550000107,-22.709314998999073],[-48.086238000010795,-22.709686998998976],[-48.08615800001079,-22.71004399899898],[-48.086103000010795,-22.710399998998977],[-48.086103000010795,-22.710772998999072],[-48.08608800001079,-22.711143998998974],[-48.08610400001079,-22.71150199899898],[-48.0861610000107,-22.711875998999076],[-48.086265000010805,-22.71224999899898],[-48.0863210000107,-22.71260799899897],[-48.0863850000108,-22.712981998999076],[-48.08642600001081,-22.713354998998977],[-48.08642600001081,-22.71371299899897],[-48.086425000010806,-22.713735998998974],[-48.086593000010716,-22.715598998999074],[-48.08661400001071,-22.716039998999076],[-48.086453000010714,-22.71797999899907],[-48.08596600001081,-22.71932099899897],[-48.0855700000108,-22.72048399899908],[-48.08430100001077,-22.72273599899908],[-48.08428300001077,-22.722834998998977],[-48.08421000001077,-22.723190998998973],[-48.084082000010774,-22.72356099899908],[-48.08388200001077,-22.72392999899898],[-48.08358500001076,-22.724281998999075],[-48.08326500001075,-22.72458899899898],[-48.08272800001074,-22.724950998998985],[-48.08228100001073,-22.72514399899908],[-48.081877000010714,-22.725285998998984],[-48.08147300001071,-22.72542099899899],[-48.0810870000107,-22.725472998999088],[-48.080684000010685,-22.72552499899909],[-48.08028300001068,-22.725517998999084],[-48.07989800001067,-22.72550299899909],[-48.07951200001066,-22.725503998999088],[-48.079110000010644,-22.725533998998987],[-48.078709000010534,-22.7255259989991],[-48.07832300001063,-22.7255259989991],[-48.07792200001052,-22.72553399899899],[-48.077509000010615,-22.725561998999094],[-48.077122000010604,-22.7256289989991],[-48.076764000010584,-22.7257059989991],[-48.07659400001049,-22.7257479989991],[-48.07624500001058,-22.72594599899911],[-48.075918000010475,-22.726225998999105],[-48.075669000010464,-22.726551998999106],[-48.07546600001046,-22.726993998998996],[-48.07538600001057,-22.72736399899911],[-48.07537000001056,-22.727720998999],[-48.07524200001047,-22.728076998998997],[-48.075115000010555,-22.7284469989991],[-48.074986000010554,-22.728816998999],[-48.07486600001056,-22.7291729989991],[-48.07477000001045,-22.72954299899901],[-48.07465700001045,-22.729912998999104],[-48.07452900001055,-22.730268998999097],[-48.074506000010544,-22.730624998999005],[-48.07442600001054,-22.730995998999102],[-48.07431300001054,-22.731366998999007],[-48.074162000010446,-22.731721998999003],[-48.07398400001044,-22.73208999899911],[-48.07378400001043,-22.73245899899911],[-48.07361600001053,-22.73281399899911],[-48.07346400001043,-22.733168998999002],[-48.07324000001042,-22.733536998999107],[-48.07303900001042,-22.733905998999003],[-48.07283900001041,-22.73425899899911],[-48.07261400001041,-22.734626998999005],[-48.0724130000105,-22.734996998999108],[-48.072237000010496,-22.73535099899901],[-48.0720450000104,-22.7357039989991],[-48.071714000010495,-22.736349998999106],[-48.07154900001038,-22.736562998999005],[-48.07132400001038,-22.73675199899911],[-48.07101100001037,-22.73687599899901],[-48.07055100001046,-22.736949998999012],[-48.07008200001045,-22.736921998999012],[-48.06970100001044,-22.736800998999115],[-48.068902000010425,-22.73661599899912],[-48.068518000010414,-22.73650499899912],[-48.0681200000104,-22.736376998999123],[-48.06772000001039,-22.73626599899911],[-48.06733700001038,-22.73618399899901],[-48.06695300001037,-22.73610299899912],[-48.066658000010364,-22.736044998999017],[-48.06573500001034,-22.735908998999022],[-48.06540100001034,-22.735865998999024],[-48.06509700001033,-22.73582199899903],[-48.06448800001031,-22.735721998999125],[-48.0641860000102,-22.73564999899913],[-48.0638820000103,-22.735570998999027],[-48.06357800001019,-22.735466998999133],[-48.06329000001019,-22.735401998999123],[-48.062989000010276,-22.735283998999027],[-48.062701000010165,-22.735219998999124],[-48.06239700001026,-22.73517699899913],[-48.06210900001025,-22.735104998999034],[-48.061805000010146,-22.73500999899903],[-48.06150300001024,-22.734922998999032],[-48.061199000010134,-22.734834998999034],[-48.06089600001023,-22.734740998999037],[-48.06059300001022,-22.734666998999135],[-48.06030600001021,-22.73455099899913],[-48.0600190000102,-22.73446399899913],[-48.0597160000102,-22.734367998999133],[-48.05942900001019,-22.734266998999043],[-48.05914300001008,-22.734141998999135],[-48.058856000010074,-22.734016998999035],[-48.05855300001018,-22.733906998999036],[-48.05831500001007,-22.733775998999032],[-48.05809400001016,-22.73363899899904],[-48.057864000010056,-22.733484998999046],[-48.057643000010145,-22.733316998999147],[-48.05740600001015,-22.73315699899914],[-48.05718400001003,-22.73300399899904],[-48.05697000001013,-22.73285799899914],[-48.05678100001003,-22.732697998999143],[-48.05659900001002,-22.732529998999144],[-48.05639500001011,-22.73236299899914],[-48.05617400001001,-22.732187998999144],[-48.05592900001001,-22.732011998999145],[-48.055700000010006,-22.731866998999152],[-48.0554860000101,-22.73172099899905],[-48.05527200000999,-22.731545998999053],[-48.05504200001008,-22.731415998999147],[-48.054797000010076,-22.73125399899904],[-48.054551000009965,-22.731129998999148],[-48.05427300001006,-22.730975998999146],[-48.05399400000996,-22.730844998999054],[-48.053733000010055,-22.730697998999148],[-48.05347100000995,-22.730536998999153],[-48.051772000010004,-22.729714998999153],[-48.050725000009884,-22.72909299899906],[-48.05048500000998,-22.72899199899916],[-48.05011800000986,-22.728706998999062],[-48.04989300000986,-22.728534998999155],[-48.04971900000996,-22.728381998999154],[-48.04954600000995,-22.728236998999062],[-48.04935000000984,-22.728054998999056],[-48.04916100000994,-22.727850998999056],[-48.04894100000993,-22.727607998999062],[-48.048681000009836,-22.727371998999153],[-48.04843100000983,-22.72710699899906],[-48.04821900000992,-22.726841998999067],[-48.04799300000991,-22.726503998999057],[-48.0477850000099,-22.726134998999154],[-48.047518000009894,-22.72583799899916],[-48.0472680000099,-22.725565998999162],[-48.04697600000989,-22.725315998999164],[-48.046746000009875,-22.72515499899917],[-48.04627300000987,-22.724849998999165],[-48.04587700000985,-22.72466199899917],[-48.04551200000986,-22.72455499899917],[-48.04520900000974,-22.724539998999067],[-48.04423300000982,-22.724641998999164],[-48.0434950000098,-22.724744998999075],[-48.0431410000097,-22.724782998999164],[-48.042932000009785,-22.72482399899917],[-48.04103200000976,-22.72504899899918],[-48.04069800000974,-22.725057998999084],[-48.04042800000973,-22.725072998999178],[-48.040093000009726,-22.72507699899918],[-48.03981000000962,-22.725101998999076],[-48.03877800000971,-22.725274998999176],[-48.03835600000969,-22.725162998999174],[-48.038063000009686,-22.72494899899908],[-48.03782000000968,-22.724720998999086],[-48.03758400000967,-22.724469998999187],[-48.037269000009665,-22.724128998999188],[-48.03698700000966,-22.723841998999095],[-48.03667400000955,-22.723485998999088],[-48.03634400000964,-22.723121998999087],[-48.035998000009535,-22.72278099899919],[-48.03569300000962,-22.722401998999086],[-48.035420000009516,-22.722084998999087],[-48.035066000009614,-22.72173599899919],[-48.03336200000957,-22.720333998999095],[-48.03311100000956,-22.720082998999096],[-48.03264500000945,-22.719722998999096],[-48.03216200000954,-22.7194069989991],[-48.031906000009435,-22.719308998999203],[-48.03153900000954,-22.719248998999095],[-48.03118400000942,-22.719242998999206],[-48.030832000009504,-22.7192509989991],[-48.030477000009505,-22.71930399899921],[-48.0301220000094,-22.7193949989992],[-48.030025000009495,-22.719451998999105],[-48.029944000009394,-22.719479998999105],[-48.02974900000949,-22.719618998999206],[-48.02945500000948,-22.7198649989992],[-48.02918200000938,-22.720194998999105],[-48.02896600000947,-22.720518998999204],[-48.028703000009465,-22.720826998999097],[-48.028461000009365,-22.721239998999206],[-48.02827700000937,-22.72156399899921],[-48.02802200000945,-22.7218499989992],[-48.027653000009344,-22.72223699899921],[-48.027391000009445,-22.7224719989991],[-48.02707800000944,-22.722823998999203],[-48.02680800000943,-22.723071998999206],[-48.02635900000942,-22.72339199899911],[-48.026027000009314,-22.72362999899921],[-48.0256690000093,-22.723801998999104],[-48.02525100000939,-22.724034998999205],[-48.02489500000939,-22.724184998999114],[-48.024569000009386,-22.724298998999107],[-48.02431200000938,-22.72439399899921],[-48.02395900000927,-22.72443899899921],[-48.023696000009366,-22.72439799899922],[-48.02351300000936,-22.724327998999215],[-48.02314600000925,-22.72417299899921],[-48.02284500000934,-22.724033998999214],[-48.02255600000934,-22.723934998999116],[-48.022329000009336,-22.723902998999215],[-48.02218900000933,-22.72390899899912],[-48.021833000009316,-22.72402899899912],[-48.02173100000922,-22.724084998999214],[-48.021524000009215,-22.72425499899922],[-48.02112600000931,-22.72456199899913],[-48.0207170000092,-22.72503999899912],[-48.020600000009196,-22.725236998999122],[-48.020504000009296,-22.72545399899922],[-48.02033000000919,-22.725697998999227],[-48.020084000009184,-22.726162998999115],[-48.01983800000919,-22.72645699899912],[-48.01951500000927,-22.72688099899912],[-48.019187000009175,-22.727297998999223],[-48.01893900000916,-22.72758699899922],[-48.01860000000916,-22.728012998999123],[-48.01839200000914,-22.728350998999126],[-48.01812800000914,-22.72866699899912],[-48.01790900000925,-22.729116998999125],[-48.01779000000914,-22.72944299899922],[-48.017630000009135,-22.72976699899912],[-48.017455000009235,-22.73009199899922],[-48.01731000000923,-22.730415998999128],[-48.01716700000923,-22.730740998999224],[-48.01699900000912,-22.731065998999224],[-48.01682400000922,-22.731404998999132],[-48.01661500000912,-22.73172899899913],[-48.01638400000922,-22.73203799899913],[-48.016054000009106,-22.73247899899923],[-48.015728000009204,-22.732717998999128],[-48.015330000009094,-22.733017998999234],[-48.01492700000908,-22.733357998999228],[-48.01471100000918,-22.733674998999234],[-48.01451100000918,-22.733997998999133],[-48.014400000009175,-22.734323998999237],[-48.01428000000917,-22.734648998999134],[-48.01431200000917,-22.73494099899914],[-48.01434800000917,-22.735119998999128],[-48.01442700000918,-22.73530799899914],[-48.01461200000908,-22.735639998999126],[-48.01476400000919,-22.735840998999134],[-48.01494400000919,-22.736045998999128],[-48.0152010000091,-22.736282998999233],[-48.0154930000091,-22.736473998999138],[-48.01584100000921,-22.73669799899913],[-48.016207000009224,-22.736912998999227],[-48.01655500000923,-22.737142998999225],[-48.016861000009136,-22.737460998999133],[-48.01706300000924,-22.737792998999232],[-48.017178000009146,-22.73804899899913],[-48.01719000000924,-22.738218998999226],[-48.01719100000924,-22.73856199899923],[-48.017232000009244,-22.738890998999235],[-48.01730300000925,-22.739269998999124],[-48.01740400000915,-22.739569998999226],[-48.01750900000925,-22.739852998999126],[-48.017760000009254,-22.740393998999128],[-48.017995000009265,-22.740778998999122],[-48.01813400000927,-22.741118998999227],[-48.018273000009266,-22.741368998999224],[-48.01813000000927,-22.742213998999127],[-48.017978000009265,-22.74260199899913],[-48.01790400000917,-22.742900998999232],[-48.01794800000916,-22.743322998999126],[-48.018061000009176,-22.743717998999234],[-48.01813600000927,-22.74399199899912],[-48.01820900000928,-22.744314998999226],[-48.018185000009275,-22.744538998999126],[-48.01806600000927,-22.744863998999218],[-48.01789700000917,-22.74520399899923],[-48.01770600000926,-22.74552799899913],[-48.01748200000927,-22.745851998999232],[-48.01724200000926,-22.746188998999234],[-48.017042000009155,-22.746513998999127],[-48.01682600000925,-22.746836998999232],[-48.016610000009244,-22.747160998999227],[-48.016410000009245,-22.747484998999127],[-48.016155000009235,-22.747807998999235],[-48.01599500000923,-22.748131998999234],[-48.01590100000924,-22.748506998999236],[-48.01597300000923,-22.748729998999238],[-48.016073000009136,-22.748918998999233],[-48.016303000009145,-22.749113998999235],[-48.01670700000914,-22.749329998999134],[-48.01707500000926,-22.74942699899923],[-48.017129405524024,-22.74943256319959],[-47.49697092675707,-22.74943256319959],[-47.49828183200244,-22.74807576299982],[-47.49928014000235,-22.747041968999827],[-47.50037622100246,-22.746083140999726],[-47.50328028200238,-22.744256285999725],[-47.50444517200248,-22.742975687999724],[-47.5078581310025,-22.739549347999827],[-47.50959596100241,-22.737804705999817],[-47.51019930400252,-22.737061390999713],[-47.51041689700252,-22.73664408499982],[-47.510334964002524,-22.736255126999726],[-47.50649418200249,-22.733778817999827],[-47.505765704002386,-22.73311291599983],[-47.505480475002486,-22.73242897799982],[-47.50462694500248,-22.731133255999826],[-47.50388377200237,-22.730325622999725],[-47.50331981100247,-22.72993065599983],[-47.50309755000237,-22.729829975999827],[-47.50254060600246,-22.72986228399982],[-47.50185449100246,-22.72959811099983],[-47.50129841300246,-22.72957112099973],[-47.50064967000245,-22.72934081699982],[-47.49952673300244,-22.729288187999725],[-47.49816977000233,-22.728808078999837],[-47.49754492900242,-22.728320738999827],[-47.49704650600232,-22.728249324999826],[-47.49682235700242,-22.728126985999726],[-47.49644233000242,-22.727696297999827],[-47.49576500300241,-22.727391107999736],[-47.49516061400241,-22.72686323999973],[-47.4945122910024,-22.726583490999722],[-47.4937725680023,-22.726033058999825],[-47.4931598230024,-22.725722386999838],[-47.492775253002286,-22.725613322999735],[-47.49166154200239,-22.725736308999828],[-47.49130211300239,-22.725344201999835],[-47.49086127300238,-22.724553271999838],[-47.49045996500238,-22.72428520499974],[-47.490518704002376,-22.72418972199973],[-47.49163828700229,-22.722369809999826],[-47.49189232800229,-22.72178051999983],[-47.492108030002285,-22.72080853399983],[-47.492148818002384,-22.72015487199983],[-47.49126959400238,-22.714541466999727],[-47.49122638700238,-22.713358536999827],[-47.49137213300238,-22.71262822399983],[-47.49164426700238,-22.71196505299982],[-47.491868123002384,-22.711641516999823],[-47.49271043500229,-22.710829733999834],[-47.4943448680024,-22.70977043999973],[-47.49701445700241,-22.70761136599983],[-47.49895710500233,-22.70565925699984],[-47.500543136002435,-22.70383023499973],[-47.50143003600235,-22.702486224999827],[-47.50205265800245,-22.70127086099983],[-47.50296022100245,-22.699818900999823],[-47.503324093002355,-22.69892388099972],[-47.50342355200245,-22.69793457699983],[-47.50337245800236,-22.69751181199982],[-47.50310155400245,-22.696834757999834],[-47.502490231002454,-22.695920115999826],[-47.50206604000235,-22.694921343999827],[-47.501817234002345,-22.692934538999825],[-47.501861925002444,-22.69219652399973],[-47.502163302002444,-22.691077842999825],[-47.50252756000244,-22.69056488299983],[-47.50306042700245,-22.690296949999723],[-47.50433188500236,-22.69000400799982],[-47.50619922100247,-22.689860961999823],[-47.50873478300249,-22.69025366099972],[-47.50988319200249,-22.690564289999724],[-47.51111188700251,-22.69109299799972],[-47.51169920000251,-22.691506831999817],[-47.51268899600252,-22.69220568299972],[-47.51479416800254,-22.69445074999972],[-47.51641848400254,-22.695493399999815],[-47.517243323002454,-22.695932077999718],[-47.52016930000257,-22.696703539999714],[-47.52059979000247,-22.697014843999824],[-47.5229042180026,-22.699059177999807],[-47.5231570240025,-22.699283449999715],[-47.5241384770026,-22.700516085999716],[-47.52554630400252,-22.702284215999807],[-47.52761763500263,-22.704530519999714],[-47.52950306500264,-22.705845189999696],[-47.53207620500267,-22.7074104609997],[-47.535401204002696,-22.7100568429998],[-47.536143682002596,-22.71086071999981],[-47.53656043500269,-22.712146832999803],[-47.536957138002606,-22.713940960999704],[-47.53775617600271,-22.7161495159998],[-47.538377218002616,-22.71692603399981],[-47.538924244002715,-22.717144005999803],[-47.53971439000272,-22.717102955999795],[-47.540343871002634,-22.7168118189997],[-47.54064191100274,-22.716441732999797],[-47.541145813002736,-22.7141839659998],[-47.54175168700264,-22.710236609999797],[-47.541967468002646,-22.709626779999805],[-47.542246837002644,-22.709218178999702],[-47.54256045300274,-22.708971870999797],[-47.54334136800275,-22.708649939999702],[-47.54725691100278,-22.707551282999702],[-47.54925298200279,-22.7064357379998],[-47.5500058210028,-22.7054258119997],[-47.5501722820027,-22.704620699999793],[-47.5500531590028,-22.70284490599969],[-47.54781481300268,-22.699727511999797],[-47.54658691600277,-22.698017394999802],[-47.546535882002665,-22.6979463179997],[-47.54558339700276,-22.696284518999796],[-47.54524780100276,-22.695363072999804],[-47.54506125700276,-22.694296579999804],[-47.54504796800265,-22.693481564999797],[-47.545185690002754,-22.692831731999703],[-47.545569615002755,-22.692249313999795],[-47.546045407002765,-22.691805428999693],[-47.54910922500269,-22.6896871589998],[-47.55024112600269,-22.688713093999787],[-47.54953022000279,-22.68858479899979],[-47.549266892002684,-22.688446581999795],[-47.54872465300278,-22.6879214009998],[-47.548331896002786,-22.6878427199997],[-47.54780253400277,-22.687934759999795],[-47.54696683800267,-22.6885961549998],[-47.54640664900266,-22.6886186299998],[-47.546115295002664,-22.688455010999796],[-47.54585067800276,-22.688046525999702],[-47.54484295500275,-22.68649091599981],[-47.54413533200264,-22.685982461999803],[-47.54358581400274,-22.684991302999702],[-47.543138682002635,-22.6845778049997],[-47.543027486002735,-22.684270384999706],[-47.54313683400264,-22.683623010999796],[-47.542586433002626,-22.682547312999706],[-47.54228080800263,-22.68239750199981],[-47.541315488002724,-22.682481014999798],[-47.54075410500272,-22.6826328799998],[-47.53959036500272,-22.683538172999707],[-47.53911700700271,-22.684179013999707],[-47.5388218400027,-22.684407186999806],[-47.5383798590027,-22.684484727999802],[-47.53775151200259,-22.684775928999805],[-47.53543979100258,-22.687077020999702],[-47.53475469800267,-22.687538528999713],[-47.532972345002655,-22.68798828799971],[-47.53124625300254,-22.6880294579998],[-47.53003891600264,-22.68828655199981],[-47.52693602900261,-22.688088005999717],[-47.526311977002614,-22.68791546299982],[-47.52542315400261,-22.68740863499971],[-47.524822382002604,-22.686825300999715],[-47.52371923900249,-22.685328175999715],[-47.523620900002584,-22.684934967999713],[-47.522727415002585,-22.68320625999981],[-47.52203185800248,-22.680854452999718],[-47.52197881200257,-22.679604564999817],[-47.52224771800258,-22.677848040999717],[-47.522123724002576,-22.67682183499971],[-47.52257117000248,-22.67474887099981],[-47.52307439700259,-22.673372142999707],[-47.523129595102006,-22.673267086799633],[-47.81760689035158,-22.673267086799633],[-47.81783700000553,-22.673359998999548],[-47.81977500000556,-22.673604998999544],[-47.82136100000569,-22.673709998999552],[-47.8228504526164,-22.673267086799633],[-47.91412452971723,-22.673267086799633],[-47.91338400000713,-22.673772998999304],[-47.912246621007114,-22.674812674999313],[-47.91111437800709,-22.675725522999418],[-47.90997949100698,-22.67651391299943],[-47.908530573007056,-22.677256129999318],[-47.906656516006926,-22.67798530899943],[-47.90545300000701,-22.678746998999326],[-47.90483083500699,-22.67941908899942],[-47.904432000006985,-22.68027299899943],[-47.904209000006986,-22.680982998999426],[-47.90415800000689,-22.681557998999327],[-47.90449200000689,-22.683469998999428],[-47.904710000007,-22.684097998999427],[-47.905812967007016,-22.686757116999424],[-47.90630602100703,-22.687868655999424],[-47.907014070006944,-22.68910078599943],[-47.907924000007064,-22.690038998999416],[-47.90890687800709,-22.690840488999424],[-47.910141599007105,-22.691596146999323],[-47.91120122300712,-22.69200223399942],[-47.91250674700715,-22.69240383599942],[-47.91409563600717,-22.692457889999417],[-47.91551300000719,-22.69209999899931],[-47.91693900000722,-22.691411998999413],[-47.91982100000727,-22.689498998999408],[-47.92062972300718,-22.688966855999404],[-47.92192436100731,-22.687801973999402],[-47.92363531600723,-22.686235228999394],[-47.92446380100724,-22.6852344719993],[-47.925755450007266,-22.6834056279993],[-47.92687287700728,-22.681797835999294],[-47.928031000007394,-22.68015899899939],[-47.92894200000731,-22.67866499899938],[-47.92944800000742,-22.67787599899939],[-47.93005700000743,-22.676732998999384],[-47.93044609900734,-22.675279279999295],[-47.93025600000743,-22.67381099899939],[-47.93015302135205,-22.673267086799633],[-48.09271279477359,-22.673267086799633],[-48.09271400001079,-22.673283998999054],[-48.092841000010885,-22.673891998999046],[-48.09296300001079,-22.674257998999067],[-48.0930250000109,-22.674863998999054],[-48.0930310000108,-22.675713998999054],[-48.093077000010794,-22.67589499899906],[-48.0931230000108,-22.67605599899905],[-48.093351000010905,-22.676354998999056],[-48.09357700001091,-22.676525998999058],[-48.09419800001083,-22.676869998999052],[-48.094624000010946,-22.677151998998944],[-48.09497700001095,-22.677460998998953],[-48.09526400001096,-22.67779199899905],[-48.095334000010965,-22.677936998998952],[-48.09555500001086,-22.679076998999047],[-48.095568000010964,-22.679696998998956],[-48.095592000010974,-22.680042998999056],[-48.09551500001096,-22.680590998998948],[-48.095506000010865,-22.681007998999043],[-48.09555100001087,-22.68159199899905],[-48.09562400001087,-22.681985998998947],[-48.09564100001088,-22.682364998999045],[-48.09559700001087,-22.682909998998948],[-48.09563600001098,-22.683359998998956],[-48.09570800001088,-22.683858998998947],[-48.095872000010985,-22.684186998999053],[-48.09699200001092,-22.685661998998942],[-48.09731300001103,-22.68627399899905],[-48.09757000001103,-22.686884998999048],[-48.098428000011054,-22.688114998998937],[-48.09858000001106,-22.688368998999042],[-48.09866400001106,-22.688782998999052]]],[[[-48.024995975795854,-22.74943256319959],[-48.01760707849012,-22.74943256319959],[-48.01778200000927,-22.749402998999223],[-48.01815300000928,-22.74930499899913],[-48.01850900000919,-22.749214998999125],[-48.018864000009295,-22.74912499899912],[-48.0192350000093,-22.749027998999225],[-48.019591000009214,-22.74889999899912],[-48.01994700000922,-22.748794998999227],[-48.02027500000932,-22.748762998999222],[-48.020759000009235,-22.748647998999225],[-48.021186000009244,-22.74860599899912],[-48.021584000009355,-22.748553998999217],[-48.02196100000936,-22.74859599899921],[-48.02320900000939,-22.748706998999218],[-48.0233620000094,-22.748720998999115],[-48.023521000009396,-22.74876799899912],[-48.0237200000094,-22.748827998999214],[-48.02389600000941,-22.74889099899922],[-48.02405600000941,-22.748930998999214],[-48.02423000000932,-22.749030998999217],[-48.02440500000932,-22.74911599899921],[-48.02456400000932,-22.749208998999215],[-48.02473900000942,-22.749278998999213],[-48.02491400000943,-22.74937199899912],[-48.024995975795854,-22.74943256319959]]]]}},{"type":"Feature","properties":{"id":4,"forma":"Morrotes","relevo":"forte ondulado","declividade_media":"20 a 45%"},"geometry":{"type":"MultiPolygon","coordinates":[[[[-48.09271279477359,-22.673267086799633],[-47.93015302135205,-22.673267086799633],[-47.92985500000742,-22.671692998999397],[-47.929602260007414,-22.67029406099929],[-47.92926700000741,-22.668255998999292],[-47.929223000007404,-22.666962998999388],[-47.9294519280073,-22.66479814499938],[-47.929413872007295,-22.663533110999293],[-47.92896000000739,-22.662387998999385],[-47.92827400000728,-22.66104099899939],[-47.92789700000737,-22.66035599899929],[-47.92726700000736,-22.65908899899929],[-47.92670665800725,-22.65764820499928],[-47.92643051100735,-22.65675063799929],[-47.92647621100734,-22.655743439999387],[-47.926861747007344,-22.654947902999297],[-47.927477085007354,-22.653919917999293],[-47.92819500000737,-22.653180998999396],[-47.92933600000738,-22.652543998999285],[-47.9300590000074,-22.652236998999378],[-47.930517000007406,-22.65219799899938],[-47.93089900000741,-22.65227899899939],[-47.930950000007314,-22.652455998999397],[-47.93096200000742,-22.653027998999384],[-47.93054600000731,-22.653925998999384],[-47.930236676007304,-22.654906928999292],[-47.9300174470074,-22.655637179999292],[-47.9298010000073,-22.65724099899938],[-47.929960000007306,-22.657957998999386],[-47.93042400000742,-22.658933998999284],[-47.93157400000744,-22.660207998999397],[-47.93225005900745,-22.66075260299929],[-47.93336336800747,-22.661064202999388],[-47.93457453900749,-22.660973594999373],[-47.93591432000741,-22.660643947999368],[-47.93731729900754,-22.66007693199938],[-47.93883203500756,-22.65907569499937],[-47.9405447720076,-22.658141640999265],[-47.94129774300761,-22.657806191999374],[-47.941571907007614,-22.65799173099936],[-47.94180056400752,-22.658844805999276],[-47.94242586500763,-22.65986041699927],[-47.94317586200764,-22.66095673099926],[-47.94331515800765,-22.66172190199937],[-47.94353644000756,-22.66266193599926],[-47.94404703200766,-22.66301566299936],[-47.94527780100769,-22.663158935999267],[-47.946802483007616,-22.66317923899926],[-47.948028936007745,-22.66326547499925],[-47.94934600000767,-22.663484998999248],[-47.950610610007786,-22.664139781999257],[-47.95205950100782,-22.664858948999257],[-47.95369300000775,-22.665418998999254],[-47.95472222300787,-22.665571741999248],[-47.95663795900791,-22.665494175999335],[-47.95954302100786,-22.664950099999242],[-47.96085347800788,-22.66428782399923],[-47.96189934100791,-22.663277697999227],[-47.962674338007915,-22.66214808399933],[-47.96319695500792,-22.662019102999327],[-47.96377128900804,-22.662215962999223],[-47.96429968800804,-22.662615976999327],[-47.965142000008065,-22.66327299899933],[-47.967244652008105,-22.664926823999327],[-47.96796425600813,-22.66563970399922],[-47.96891406100814,-22.666140818999313],[-47.969951033008165,-22.666536563999323],[-47.97118646700809,-22.666804123999317],[-47.97283132900822,-22.666877325999316],[-47.97352324200813,-22.666822974999214],[-47.97452825900826,-22.666773176999307],[-47.976174889008185,-22.666410581999305],[-47.97737162900821,-22.665921471999305],[-47.97819737200832,-22.665335510999306],[-47.97910846700824,-22.664561215999303],[-47.980005913008355,-22.663673051999304],[-47.98093933400837,-22.6628983329992],[-47.98174583500839,-22.6624579579992],[-47.9826230000083,-22.662059998999297],[-47.98349447700843,-22.661647289999298],[-47.98426923600834,-22.661290490999185],[-47.98471052500844,-22.660504176999297],[-47.984951806008446,-22.659773464999194],[-47.985033513008446,-22.658900484999187],[-47.98484862700844,-22.65810509699929],[-47.98455900000833,-22.656986998999297],[-47.98463748800843,-22.656096381999188],[-47.98496258800844,-22.655623469999284],[-47.985478979008356,-22.65520923699929],[-47.98595246900846,-22.654878798999277],[-47.98670663400848,-22.654605371999182],[-47.987230875008485,-22.65455409499929],[-47.98874885400842,-22.65445314699929],[-47.98979845600854,-22.654402428999287],[-47.99063801500846,-22.65445937199928],[-47.991423508008566,-22.654600315999275],[-47.99194700000859,-22.654906998999166],[-47.9924801580086,-22.655389777999282],[-47.992677752008596,-22.65573881599918],[-47.9928322300086,-22.65616127999918],[-47.993228099008604,-22.65689046499917],[-47.99360964900852,-22.657474672999264],[-47.99403657100863,-22.65808915599927],[-47.99455108200854,-22.658619002999274],[-47.995265820008655,-22.659103604999167],[-47.996098964008574,-22.659378498999278],[-47.997400400008594,-22.659084402999262],[-47.99822204900862,-22.65883040699926],[-47.99892948000873,-22.65846442799916],[-47.99917000000864,-22.65814099899926],[-48.00037000000876,-22.65844699899926],[-48.00115600000878,-22.658945998999254],[-48.0021750000088,-22.66005499899926],[-48.00284400000882,-22.660840998999255],[-48.00346000000882,-22.66125599899915],[-48.004471000008856,-22.66145599899915],[-48.00485800000886,-22.661470998999253],[-48.00524200000888,-22.66148499899925],[-48.00562700000877,-22.66150699899924],[-48.00601200000878,-22.66149199899925],[-48.00639800000878,-22.661490998999245],[-48.0067820000088,-22.661484998999246],[-48.00755300000891,-22.661482998999148],[-48.00793800000893,-22.66147599899915],[-48.00832500000893,-22.66143099899915],[-48.009481000008854,-22.661407998999138],[-48.00986700000896,-22.66140099899924],[-48.010251000008964,-22.661384998999146],[-48.010637000008984,-22.661377998999228],[-48.01304700000903,-22.661266998999245],[-48.01343200000905,-22.66127399899913],[-48.01381700000905,-22.661257998999133],[-48.014587000008966,-22.661272998999138],[-48.01497200000897,-22.66127299899913],[-48.015357000008976,-22.661301998999118],[-48.01574300000909,-22.661271998999222],[-48.016128000009104,-22.661248998999223],[-48.0165140000091,-22.661226998999226],[-48.01690100000911,-22.66119699899923],[-48.01728500000912,-22.66118799899913],[-48.01767100000912,-22.661188998999123],[-48.01805600000904,-22.661181998999222],[-48.018441000009055,-22.661172998999223],[-48.018827000009054,-22.661165998999124],[-48.01961700000916,-22.66112899899921],[-48.01976800000907,-22.661078998999216],[-48.02000100000918,-22.661060998999215],[-48.02033900000919,-22.661043998999215],[-48.02046800000909,-22.661024998999117],[-48.0206360000092,-22.66103599899921],[-48.02069100000909,-22.661043998999215],[-48.02070000000919,-22.66103699899921],[-48.020797000009196,-22.661007998999114],[-48.020846386009204,-22.661001130999228],[-48.0209980000092,-22.66097499899922],[-48.021527000009115,-22.66096199899912],[-48.02172000000922,-22.660928998999214],[-48.02191400000922,-22.660887998999225],[-48.022108000009126,-22.66086799899912],[-48.02230100000923,-22.660842998999218],[-48.02249500000913,-22.660800998999118],[-48.022687000009235,-22.660790998999214],[-48.022881000009235,-22.66073399899912],[-48.023074000009245,-22.660714998999115],[-48.02326700000924,-22.660718998999215],[-48.023460000009145,-22.66068499899922],[-48.02365400000925,-22.66064299899911],[-48.023847000009155,-22.660587998999212],[-48.02404000000926,-22.660546998999205],[-48.02423400000927,-22.66049899899921],[-48.02444400000928,-22.660449998999216],[-48.024638000009276,-22.660409998999214],[-48.02482400000929,-22.660345998999208],[-48.02499300000918,-22.66029699899921],[-48.025130000009185,-22.660261998999115],[-48.02525200000929,-22.66020499899921],[-48.0254120000093,-22.66017099899911],[-48.0256060000093,-22.66012199899921],[-48.025792000009304,-22.660058998999105],[-48.025963000009206,-22.659979998999205],[-48.02614000000921,-22.659937998999215],[-48.02633400000931,-22.659874998999204],[-48.02672200000922,-22.65976299899921],[-48.02691600000933,-22.659662998999206],[-48.02711000000923,-22.6596289989991],[-48.02730300000934,-22.659594998999207],[-48.02749700000933,-22.65953099899921],[-48.027691000009234,-22.659490998999203],[-48.02786100000935,-22.659426998999113],[-48.02806200000935,-22.659377998999197],[-48.02825600000925,-22.659329998999205],[-48.028482000009255,-22.659266998999197],[-48.028692000009364,-22.659195998999202],[-48.028902000009374,-22.659125998999208],[-48.029088000009274,-22.65905399899921],[-48.02924200000938,-22.6589829989991],[-48.029436000009376,-22.658934998999108],[-48.029630000009284,-22.658877998999206],[-48.02982400000939,-22.658821998999098],[-48.030018000009385,-22.658766998999205],[-48.0302110000094,-22.6587099989991],[-48.0304050000094,-22.658661998999094],[-48.0305980000093,-22.658620998999094],[-48.030792000009406,-22.6585429989992],[-48.03098600000941,-22.658500998999198],[-48.031179000009416,-22.658444998999197],[-48.031373000009424,-22.65838199899919],[-48.031567000009325,-22.6583109989992],[-48.03176200000943,-22.658239998999097],[-48.03195600000944,-22.658146998999097],[-48.032150000009345,-22.6580919989992],[-48.032344000009445,-22.658034998999096],[-48.03253800000935,-22.657979998999185],[-48.032747000009444,-22.6579459989991],[-48.03292600000946,-22.65788199899919],[-48.03303900000946,-22.65782399899919],[-48.033168000009354,-22.65778299899908],[-48.03336100000947,-22.65773399899919],[-48.03355600000946,-22.65764799899909],[-48.03374900000937,-22.65760699899909],[-48.03394300000948,-22.657556998999194],[-48.03413700000938,-22.657501998999187],[-48.034332000009385,-22.65744599899909],[-48.034526000009485,-22.657367998999188],[-48.03469500000939,-22.65730499899919],[-48.035140000009505,-22.65715599899909],[-48.035430000009505,-22.65710199899919],[-48.03572000000951,-22.657032998999192],[-48.03594600000952,-22.656939998999185],[-48.03628500000952,-22.65686499899909],[-48.03657600000953,-22.656794998999086],[-48.036867000009536,-22.656688998999183],[-48.03711900000954,-22.65658299899919],[-48.037498000009556,-22.656446998999186],[-48.03778800000956,-22.656369998999075],[-48.03807300000947,-22.65623399899908],[-48.03845100000957,-22.65615199899917],[-48.038742000009584,-22.656037998999178],[-48.03901000000958,-22.65592399899918],[-48.03938900000959,-22.65578199899908],[-48.0396740000095,-22.65567599899918],[-48.04003000000951,-22.655525998999185],[-48.04035500000961,-22.655337998999183],[-48.04068600000953,-22.655224998999074],[-48.040921000009625,-22.65508799899908],[-48.041270000009526,-22.65492999899908],[-48.041538000009545,-22.65481599899907],[-48.04187000000965,-22.654665998999167],[-48.04218600000966,-22.654507998999172],[-48.042495000009666,-22.65434199899908],[-48.04278600000967,-22.654184998999064],[-48.04309500000958,-22.654010998999162],[-48.04339700000968,-22.653838998999166],[-48.043705000009595,-22.653664998999073],[-48.0439900000097,-22.653483998999075],[-48.04518300000972,-22.65285099899917],[-48.04543400000963,-22.652765998999072],[-48.045797000009635,-22.65261699899917],[-48.04606400000964,-22.652501998999163],[-48.04640600000965,-22.65234399899916],[-48.04669700000966,-22.652178998999055],[-48.04695800000975,-22.65201199899916],[-48.04721000000976,-22.651867998999066],[-48.04747100000977,-22.65167099899917],[-48.04773900000978,-22.651481998999063],[-48.04800800000978,-22.651300998999073],[-48.048293000009686,-22.651098998999053],[-48.04854800000979,-22.650863998999164],[-48.0488000000098,-22.65066799899905],[-48.049045000009805,-22.650500998999153],[-48.04928100000981,-22.65033499899905],[-48.04952600000982,-22.650151998999053],[-48.04974500000982,-22.649977998999066],[-48.04995800000972,-22.649825998999148],[-48.050179000009834,-22.649649998999163],[-48.05043100000973,-22.64946099899905],[-48.05069200000984,-22.649271998999154],[-48.05096100000984,-22.649069998999053],[-48.05119700000975,-22.648864998999155],[-48.051443000009755,-22.648653998999155],[-48.05167200000975,-22.64847899899916],[-48.05191500000987,-22.648311998999052],[-48.05217700000987,-22.648144998999154],[-48.052437000009775,-22.647970998999053],[-48.052721000009875,-22.647797998999156],[-48.05294800000989,-22.64765299899905],[-48.05325000000979,-22.64747299899904],[-48.0535100000099,-22.64728299899915],[-48.0538110000098,-22.647110998999043],[-48.05403900000981,-22.646958998999043],[-48.05432400000991,-22.646761998999146],[-48.05462600000992,-22.646536998999135],[-48.054958000009826,-22.646415998999046],[-48.055176000009936,-22.646285998999044],[-48.055405000009934,-22.646126998999044],[-48.05561800000994,-22.645906998999145],[-48.055791000009854,-22.645716998999045],[-48.05606200000985,-22.645438998999143],[-48.05639600000986,-22.645183998999133],[-48.05663200000997,-22.64499499899904],[-48.056894000009876,-22.64482899899914],[-48.05713800000998,-22.64462399899914],[-48.05735100000998,-22.644434998999035],[-48.05766000000989,-22.64420199899914],[-48.05788100001,-22.64401999899914],[-48.0581100000099,-22.643844998999135],[-48.05834500001001,-22.643684998999134],[-48.058557000010005,-22.643548998999137],[-48.05881700001001,-22.64338899899913],[-48.05908700001002,-22.643178998999037],[-48.05941200001003,-22.643004998999135],[-48.05971100000994,-22.642869998999135],[-48.06001800001004,-22.642747998999038],[-48.060308000010046,-22.642686998999125],[-48.06058300001006,-22.64261699899904],[-48.06087300001006,-22.642525998999023],[-48.06114900000996,-22.642441998999132],[-48.06142400000998,-22.64234199899903],[-48.06176300001008,-22.642221998999133],[-48.06213300001009,-22.642168998999125],[-48.062806000010106,-22.642209998999025],[-48.06309600001012,-22.64221699899913],[-48.063384000010124,-22.642221998999126],[-48.063673000010034,-22.64223399899902],[-48.06396100001003,-22.64223999899913],[-48.06425000001015,-22.64226799899912],[-48.06453700001015,-22.642324998999115],[-48.06482500001015,-22.642359998999126],[-48.06511200001006,-22.64243999899912],[-48.06540100001017,-22.64246799899912],[-48.065689000010174,-22.642494998999123],[-48.06597700001017,-22.642544998999018],[-48.06626600001018,-22.64254299899902],[-48.066554000010086,-22.642607998999015],[-48.0668410000102,-22.64267199899912],[-48.0671300000102,-22.64268499899912],[-48.06741800001022,-22.64272799899901],[-48.06770500001012,-22.642776998999118],[-48.06799200001013,-22.64284199899901],[-48.06826300001014,-22.642951998999006],[-48.06854900001024,-22.643068998999116],[-48.068819000010244,-22.64322199899901],[-48.06910500001026,-22.64332399899911],[-48.06937600001026,-22.64343999899911],[-48.069663000010166,-22.64352799899911],[-48.06993400001017,-22.64361499899911],[-48.07022200001018,-22.64369499899901],[-48.070591000010296,-22.64377999899901],[-48.0710868060103,-22.644261018999014],[-48.07566404501031,-22.64656432999899],[-48.08216659501048,-22.649609458999077],[-48.08709678901071,-22.651546741998978],[-48.088464316010636,-22.651898356998966],[-48.088288000010735,-22.652261998999062],[-48.088347000010636,-22.652493998998956],[-48.08841500001064,-22.652673998998964],[-48.08845200001073,-22.652852998998977],[-48.088504000010644,-22.653032998998967],[-48.088565000010746,-22.653198998999066],[-48.088625000010744,-22.65336999899896],[-48.088670000010744,-22.65354199899906],[-48.08869900001075,-22.65370699899907],[-48.08872700001065,-22.653848998998964],[-48.08875700001065,-22.654005998998965],[-48.08879400001075,-22.654155998999066],[-48.08882800001075,-22.654379998999058],[-48.08887300001076,-22.65455899899906],[-48.088885000010656,-22.654737998999067],[-48.088913000010656,-22.65491799899907],[-48.088950000010755,-22.655096998999067],[-48.08898700001076,-22.655276998999067],[-48.08902200001066,-22.655455998999052],[-48.089043000010655,-22.655634998999073],[-48.089087000010664,-22.655814998999062],[-48.08910700001076,-22.655992998999068],[-48.08912800001077,-22.656171998999074],[-48.08915600001067,-22.65635099899906],[-48.089168000010766,-22.656529998998963],[-48.08922100001077,-22.656709998998966],[-48.089249000010675,-22.65688899899897],[-48.08927800001077,-22.657068998998973],[-48.089297000010674,-22.657247998998965],[-48.089387000010674,-22.657607998998966],[-48.089415000010774,-22.65778699899897],[-48.08943500001078,-22.657965998998957],[-48.089479000010776,-22.658145998998958],[-48.08949100001078,-22.658324998998964],[-48.08948800001078,-22.658502998998966],[-48.08948300001078,-22.658680998999063],[-48.08947200001068,-22.658859998999066],[-48.08945300001068,-22.659037998999057],[-48.08944900001068,-22.65921699899907],[-48.089437000010776,-22.659395998999074],[-48.08942500001068,-22.65957399899907],[-48.08940600001067,-22.659752998999057],[-48.089487000010784,-22.66270899899907],[-48.08959300001079,-22.664478998999062],[-48.0895400000107,-22.667003998999064],[-48.090232000010815,-22.668615998998963],[-48.091199000010846,-22.670064998999063],[-48.092479000010876,-22.67206699899906],[-48.09259100001088,-22.67221199899906],[-48.09265200001078,-22.672413998999055],[-48.09271279477359,-22.673267086799633]]],[[[-47.92082996700726,-22.665713070999406],[-47.920763000007256,-22.667005998999407],[-47.920584000007246,-22.667597998999405],[-47.92011866100714,-22.66854802299941],[-47.91791200100711,-22.670455752999302],[-47.91679320300709,-22.671472138999306],[-47.91465600000716,-22.67290399899941],[-47.91412452971723,-22.673267086799633],[-47.8228504526164,-22.673267086799633],[-47.82333500000571,-22.673122998999443],[-47.82402200000572,-22.672640998999547],[-47.82673300000566,-22.671195998999547],[-47.8291510000058,-22.669850998999443],[-47.8297160000058,-22.669591998999536],[-47.830750000005814,-22.669086998999436],[-47.83194500000583,-22.668639998999428],[-47.83318500000585,-22.668103998999534],[-47.83512300000588,-22.66651799899953],[-47.8365160000059,-22.665728998999526],[-47.838190000005824,-22.66552199899952],[-47.84091600000586,-22.66521699899943],[-47.84189500000598,-22.665080998999425],[-47.84279100000599,-22.664756998999522],[-47.8437530000059,-22.664563998999416],[-47.84488200000602,-22.664087998999417],[-47.84675800000604,-22.662516998999415],[-47.84724700000606,-22.66164099899942],[-47.848282000006066,-22.66041599899951],[-47.849538000005985,-22.659172998999512],[-47.851769000006016,-22.658670998999508],[-47.85254600000612,-22.65872999899941],[-47.85365500000604,-22.658725998999497],[-47.85482900000607,-22.658849998999504],[-47.85795900000611,-22.6590229989994],[-47.859998000006236,-22.658838998999492],[-47.86123800000626,-22.658345998999394],[-47.86212100000617,-22.65815499899949],[-47.86274100000628,-22.657525998999496],[-47.86417100000621,-22.655860998999486],[-47.864616000006315,-22.655176998999387],[-47.86491795800631,-22.654737602999386],[-47.86654500000634,-22.652369998999486],[-47.86753200000635,-22.65116199899948],[-47.86846700000637,-22.64965999899939],[-47.869498000006374,-22.648574998999386],[-47.8711140000064,-22.647869998999482],[-47.87261300000633,-22.64772499899938],[-47.875633000006374,-22.647854998999374],[-47.8770110000065,-22.64793299899947],[-47.87815809300652,-22.647997455999374],[-47.87953300000654,-22.648123998999367],[-47.88021464300645,-22.648256180999468],[-47.88107755400647,-22.648629729999467],[-47.881508547006575,-22.64892804399936],[-47.88256923000649,-22.650156598999455],[-47.88390600000661,-22.65168399899936],[-47.885834000006554,-22.65342099899935],[-47.88676919900666,-22.65414362699936],[-47.88807968000668,-22.655135664999353],[-47.89024800000672,-22.65665699899935],[-47.89097000000674,-22.657113998999357],[-47.89175700000675,-22.657629998999344],[-47.89339200000667,-22.658614998999447],[-47.8946647790068,-22.65903995499944],[-47.89631500000682,-22.65942199899944],[-47.89780800000675,-22.65968899899943],[-47.899815000006775,-22.660270998999433],[-47.90240900000693,-22.661244998999436],[-47.90367100000696,-22.661795998999324],[-47.90464400000696,-22.662160998999436],[-47.90569145500699,-22.662494927999333],[-47.90699579800701,-22.662567976999423],[-47.908441355007035,-22.66254172099942],[-47.90937390400695,-22.662124462999316],[-47.91067999700697,-22.66120426199941],[-47.91120611200698,-22.661012157999313],[-47.912291353007,-22.660525546999416],[-47.91383210500712,-22.659377016999315],[-47.914647168007036,-22.658801933999307],[-47.91561033800715,-22.658359024999413],[-47.91637100000716,-22.6581529989994],[-47.91760700000719,-22.65818999899931],[-47.918613000007106,-22.6586279989994],[-47.91958300000712,-22.659535998999406],[-47.92011517300713,-22.66046603399941],[-47.92042000000724,-22.6613509989994],[-47.92072224500724,-22.6632665589994],[-47.920763000007256,-22.664439998999406],[-47.92082996700726,-22.665713070999406]]],[[[-47.81760689035158,-22.673267086799633],[-47.523129595102006,-22.673267086799633],[-47.523395404002585,-22.672761183999814],[-47.52470951700259,-22.670856124999716],[-47.5252358060026,-22.669877651999812],[-47.5260700610026,-22.66751008199982],[-47.52637894600261,-22.6668869379997],[-47.52774298100262,-22.66464313599971],[-47.52835179400252,-22.663234661999812],[-47.52861750600251,-22.662865978999708],[-47.52905024500262,-22.66250760499981],[-47.52925090400262,-22.661927745999712],[-47.529282164002524,-22.66113971099981],[-47.52995441100253,-22.658134513999812],[-47.52978308700252,-22.657077637999805],[-47.52983450500252,-22.656585271999806],[-47.53012431300253,-22.655848975999813],[-47.53083580300253,-22.65500915699971],[-47.53107084300264,-22.65456731699971],[-47.53124537100263,-22.653424547999805],[-47.53138920700263,-22.653016799999715],[-47.531596187002535,-22.652715867999802],[-47.53232819800264,-22.652101603999714],[-47.53309374200255,-22.6512504539998],[-47.534334419002555,-22.64893057599971],[-47.534918646002566,-22.64872478799981],[-47.535526091002666,-22.648729389999808],[-47.53640722700266,-22.648898696999705],[-47.53670945700267,-22.64876698799981],[-47.53728776600267,-22.64816899999971],[-47.53746488400268,-22.647839889999698],[-47.53767731800268,-22.6470078699998],[-47.537553827002675,-22.646154283999806],[-47.53679419900267,-22.645161006999807],[-47.53668052500267,-22.6447824729998],[-47.53682818600268,-22.6429248239998],[-47.53696866800267,-22.642318257999708],[-47.537018140002566,-22.640021564999703],[-47.537238641002574,-22.637275950999705],[-47.53729123800267,-22.636840259999698],[-47.53742270500267,-22.6365704469997],[-47.53721797900256,-22.6333412109998],[-47.536883576002666,-22.631463328999715],[-47.53532323800255,-22.628426053999707],[-47.53500027300265,-22.627279497999808],[-47.534864828002654,-22.625788964999806],[-47.53513511000254,-22.62476059299981],[-47.53589340700255,-22.623188132999704],[-47.53705711000266,-22.621773054999696],[-47.538006222002664,-22.620801549999808],[-47.53942354500268,-22.61958269999979],[-47.54105587000269,-22.6185762109997],[-47.54362237800271,-22.616993707999697],[-47.54416277200261,-22.61666024499969],[-47.54462013400271,-22.616104104999803],[-47.54471378400271,-22.6146874599998],[-47.544899926002714,-22.614080905999806],[-47.54510544000272,-22.6137672949997],[-47.545332252002716,-22.613663999999797],[-47.54561895800272,-22.613674575999696],[-47.54612411200272,-22.613947406999806],[-47.54681843100273,-22.613923050999798],[-47.54745933800274,-22.614207602999798],[-47.54771752300274,-22.614203549999797],[-47.548706756002645,-22.6137235099997],[-47.54895148600274,-22.61298803899979],[-47.54890566700274,-22.61201300999969],[-47.54887816300274,-22.611435249999698],[-47.54958333400275,-22.610326232999792],[-47.54930406400274,-22.60917964099979],[-47.54931891700265,-22.6083217009998],[-47.54891225700274,-22.607588044999698],[-47.54902088400274,-22.606993662999795],[-47.54891036300264,-22.606671899999796],[-47.54889377800274,-22.605799218999703],[-47.54787388200273,-22.604627503999797],[-47.54777832300264,-22.604318924999795],[-47.54785091200264,-22.60403684999969],[-47.548318924002636,-22.6034388619998],[-47.54867283000264,-22.602096441999688],[-47.54850740700264,-22.601221404999702],[-47.548330265002626,-22.597268666999796],[-47.54837483047618,-22.597101610399672],[-47.704267996575645,-22.597101610399672],[-47.70427835600416,-22.59719044199958],[-47.704411515004054,-22.59749326699958],[-47.70480908000416,-22.597974555999585],[-47.70560031300407,-22.59859619199957],[-47.70622918600419,-22.59893634099967],[-47.70700439800419,-22.599098763999663],[-47.7079977680042,-22.598704105999673],[-47.7081867250042,-22.598701584999667],[-47.7083427820041,-22.598822767999575],[-47.70847674200421,-22.599236221999575],[-47.708453526004206,-22.60066232199957],[-47.7082041170042,-22.60105093299967],[-47.7079077640042,-22.601316320999675],[-47.70688459600419,-22.60174488099957],[-47.70382565800415,-22.60267035399957],[-47.70309536500415,-22.603165166999585],[-47.70287099000415,-22.603495396999676],[-47.70285940700405,-22.604281724999673],[-47.70372138800415,-22.605486107999674],[-47.703733406004154,-22.605713169999568],[-47.70310153200405,-22.606759421999673],[-47.70316124800415,-22.60726349499958],[-47.70351474000406,-22.60745263699957],[-47.70372383700415,-22.607371781999674],[-47.70429117200416,-22.606822051999572],[-47.70515454100417,-22.606312648999683],[-47.70562727700417,-22.605915677999672],[-47.70635349000418,-22.60482813499957],[-47.70691506500419,-22.604851845999676],[-47.7076057050041,-22.60520429699957],[-47.708013013004205,-22.60553669999967],[-47.7083414590041,-22.60569877799967],[-47.708644106004215,-22.605722273999664],[-47.70922986500412,-22.605578773999667],[-47.71033584500423,-22.604786564999564],[-47.71067036000414,-22.604644949999663],[-47.71162369900424,-22.604531059999573],[-47.71249931300425,-22.60462724099957],[-47.71293068300426,-22.60479512099956],[-47.71317863100416,-22.605057458999667],[-47.71330568400426,-22.60538791799966],[-47.71331978000416,-22.60578321299956],[-47.713187953004166,-22.606090991999668],[-47.71239789400415,-22.606936001999564],[-47.71221829900425,-22.607693310999576],[-47.71241379700426,-22.60846524399957],[-47.71238378300425,-22.608803068999666],[-47.712969525004155,-22.60855345099966],[-47.713524556004266,-22.607931268999558],[-47.713748201004165,-22.607168480999665],[-47.71413576400417,-22.60661080299967],[-47.71489418900418,-22.606096350999668],[-47.71536587200418,-22.605892631999666],[-47.715897126004286,-22.605663356999667],[-47.71605352500419,-22.605435660999557],[-47.71615620400429,-22.604421773999558],[-47.7164135050042,-22.603496636999658],[-47.717193652004205,-22.602355376999657],[-47.71750917100431,-22.601498144999564],[-47.717954688004305,-22.60127001599956],[-47.718195788004216,-22.60102043799966],[-47.71826469300432,-22.600319949999662],[-47.71837436800431,-22.60015607099966],[-47.71874100800422,-22.59992846399966],[-47.719760501004224,-22.59972897299966],[-47.72118853700424,-22.600134352999564],[-47.72159376700426,-22.59997837899956],[-47.72170059600425,-22.599834168999653],[-47.72206201400435,-22.599015574999655],[-47.72207417400425,-22.598598818999662],[-47.721732824004356,-22.59792911799966],[-47.72163040800435,-22.597313675999555],[-47.72147999400424,-22.59713247799956],[-47.7214216941067,-22.597101610399672],[-47.78247026730318,-22.597101610399672],[-47.782436000005085,-22.597242998999487],[-47.78242600000499,-22.597525998999583],[-47.78246200000508,-22.598005998999596],[-47.782686000005086,-22.598572998999487],[-47.782761000004996,-22.598688998999492],[-47.783078000004984,-22.59899499899958],[-47.783844000005004,-22.599469998999588],[-47.784088000005006,-22.59968799899959],[-47.78424500000501,-22.59992199899949],[-47.78441100000511,-22.6002749989996],[-47.784493000005014,-22.600746998999593],[-47.78445200000502,-22.601103998999594],[-47.78420000000501,-22.60204199899949],[-47.78390200000511,-22.602742998999492],[-47.783702000005,-22.603048998999586],[-47.783571000005004,-22.60368199899949],[-47.7835320000051,-22.604510998999594],[-47.783546000005,-22.605221998999593],[-47.78364100000501,-22.605930998999586],[-47.78366200000501,-22.60664199899959],[-47.78380200000511,-22.607249998999592],[-47.78409500000512,-22.607501998999588],[-47.784683000005124,-22.60778699899949],[-47.784925000005025,-22.607967998999587],[-47.78509900000503,-22.60826099899959],[-47.78529500000513,-22.6088639989995],[-47.785343000005135,-22.608937998999583],[-47.785772000005146,-22.609255998999586],[-47.786501000005046,-22.609376998999483],[-47.78675000000514,-22.609498998999587],[-47.78691200000515,-22.60962899899949],[-47.78719500000505,-22.610186998999488],[-47.78724800000516,-22.610400998999584],[-47.78752600000516,-22.610758998999486],[-47.78773600000507,-22.610917998999593],[-47.78790800000517,-22.611099998999585],[-47.787999000005165,-22.611320998999485],[-47.788036000005164,-22.61152699899958],[-47.788008000005064,-22.6117499989996],[-47.78787400000507,-22.61219699899949],[-47.78786300000517,-22.61250899899949],[-47.787918000005064,-22.612847998999495],[-47.788071000005075,-22.613288998999582],[-47.788245000005176,-22.61362699899959],[-47.78886800000519,-22.61440799899959],[-47.789763000005095,-22.615332998999577],[-47.7899690000052,-22.61566299899948],[-47.790063000005205,-22.616145998999585],[-47.789983000005094,-22.616335998999485],[-47.7900220000052,-22.61669099899959],[-47.7901610000052,-22.61682899899948],[-47.79088200000522,-22.617371998999484],[-47.79111800000521,-22.617604998999585],[-47.79184600000522,-22.61851099899958],[-47.79224500000523,-22.618881998999477],[-47.79230200000513,-22.619012998999473],[-47.792506000005126,-22.61922499899958],[-47.792621000005134,-22.619407998999588],[-47.79283200000524,-22.61998999899949],[-47.792936000005135,-22.620387998999473],[-47.793435000005154,-22.621400998999484],[-47.793572000005256,-22.621871998999485],[-47.79369800000516,-22.622164998999477],[-47.79391600000526,-22.623109998999578],[-47.79403300000526,-22.62332999899958],[-47.794170000005266,-22.623800998999574],[-47.794166000005255,-22.62436499899958],[-47.794241000005165,-22.62458599899958],[-47.79432400000527,-22.624710998999483],[-47.79467200000517,-22.624954998999577],[-47.79508300000528,-22.625083998999582],[-47.79550700000528,-22.62510399899957],[-47.79571300000528,-22.62517399899958],[-47.79605200000529,-22.62534599899948],[-47.796343000005294,-22.625533998999583],[-47.7966290000052,-22.62590699899948],[-47.7966640000053,-22.626068998999568],[-47.796503000005295,-22.626782998999484],[-47.79651900000519,-22.627114998999573],[-47.796674000005204,-22.62732699899947],[-47.7968440000053,-22.627427998999565],[-47.79697100000531,-22.627455998999483],[-47.797354000005306,-22.627425998999573],[-47.797881000005304,-22.627431998999572],[-47.79815400000531,-22.627515998999574],[-47.79847000000533,-22.627783998999572],[-47.79883100000533,-22.62826699899948],[-47.798924000005236,-22.628501998999578],[-47.79891500000533,-22.628871998999575],[-47.79886200000533,-22.628991998999474],[-47.798661000005325,-22.62927699899956],[-47.798268000005315,-22.629594998999472],[-47.79794000000532,-22.629985998999473],[-47.79790500000532,-22.630222998999574],[-47.79797900000522,-22.630709998999574],[-47.79816400000532,-22.631166998999575],[-47.79836100000523,-22.631457998999572],[-47.79900500000533,-22.63246899899957],[-47.79922100000525,-22.632924998999574],[-47.79935200000524,-22.633346998999574],[-47.79952600000534,-22.63362599899947],[-47.79980600000524,-22.63388499899957],[-47.80021900000535,-22.63413699899957],[-47.80107000000537,-22.634491998999568],[-47.801329000005374,-22.634651998999576],[-47.801442000005366,-22.63491399899947],[-47.80148000000536,-22.635142998999566],[-47.801426000005264,-22.63527399899947],[-47.80081000000536,-22.635784998999572],[-47.79983400000535,-22.63685299899947],[-47.799534000005245,-22.63733299899958],[-47.799359000005346,-22.637809998999572],[-47.79934600000534,-22.638297998999573],[-47.799385000005344,-22.63848999899947],[-47.79947200000535,-22.638679998999578],[-47.799612000005354,-22.638849998999472],[-47.79983800000535,-22.638985998999477],[-47.80038900000527,-22.639458998999466],[-47.801368000005375,-22.640448998999467],[-47.80149400000528,-22.640779998999573],[-47.80146600000527,-22.64094299899947],[-47.80148800000528,-22.64095799899958],[-47.801388000005375,-22.64113499899957],[-47.801076000005374,-22.64139399899946],[-47.800595000005266,-22.641676998999575],[-47.80045400000527,-22.641803998999464],[-47.80034500000526,-22.641954998999474],[-47.800311000005365,-22.642250998999472],[-47.80033800000537,-22.642383998999474],[-47.80044500000536,-22.64255299899957],[-47.800438000005364,-22.64259799899957],[-47.80062400000537,-22.642718998999566],[-47.800860000005265,-22.642929998999474],[-47.80089600000537,-22.643196998999482],[-47.800773000005265,-22.643376998999468],[-47.800440000005366,-22.64350799899957],[-47.79997800000536,-22.643552998999578],[-47.79953400000525,-22.643670998999475],[-47.79925800000535,-22.64381799899958],[-47.79914800000525,-22.643937998999476],[-47.799101000005344,-22.643953998999574],[-47.79896100000534,-22.644169998999473],[-47.79893200000535,-22.64430399899947],[-47.799053000005344,-22.644731998999475],[-47.79919400000525,-22.645003998999574],[-47.79943800000535,-22.645212998999575],[-47.799808000005356,-22.645420998999573],[-47.800114000005365,-22.645519998999468],[-47.800544000005274,-22.64549099899948],[-47.80086200000527,-22.645411998999567],[-47.80130700000537,-22.64537399899956],[-47.802074000005284,-22.645425998999468],[-47.80221200000529,-22.645505998999568],[-47.80236700000529,-22.645651998999465],[-47.8023950000053,-22.645842998999562],[-47.802342000005396,-22.64602199899956],[-47.80220100000538,-22.646164998999563],[-47.80202700000539,-22.646285998999467],[-47.80193500000539,-22.64641499899947],[-47.80190800000538,-22.646695998999576],[-47.801841000005396,-22.64683699899957],[-47.80180800000529,-22.64683799899957],[-47.80041400000527,-22.648113998999563],[-47.800108000005366,-22.648356998999475],[-47.79961800000536,-22.64861699899957],[-47.79889000000535,-22.64888099899958],[-47.798252000005235,-22.64926899899957],[-47.79781300000534,-22.64968599899948],[-47.79762900000533,-22.65002899899957],[-47.79761600000523,-22.650221998999474],[-47.79772600000534,-22.650493998999476],[-47.79796800000533,-22.65068999899957],[-47.798155000005345,-22.650797998999572],[-47.79817200000534,-22.650834998999578],[-47.79854700000534,-22.650849998999476],[-47.79884800000535,-22.650762998999475],[-47.79921600000526,-22.65079399899958],[-47.79981200000537,-22.651094998999575],[-47.80068000000527,-22.651405998999564],[-47.80120900000538,-22.651551998999462],[-47.80198700000529,-22.65207799899957],[-47.8023210000053,-22.65246499899957],[-47.8024070000054,-22.652743998999465],[-47.8023810000054,-22.653026998999575],[-47.80231200000541,-22.653153998999574],[-47.8019730000054,-22.65335899899957],[-47.8018320000053,-22.65347999899958],[-47.801420000005386,-22.654034998999567],[-47.80133000000539,-22.654318998999482],[-47.80104100000528,-22.65506199899947],[-47.801050000005375,-22.655533998999474],[-47.801119000005386,-22.65652099899958],[-47.801342000005384,-22.65688799899947],[-47.80153000000539,-22.657128998999568],[-47.8018880000054,-22.657440998999576],[-47.8020070000053,-22.657831998999466],[-47.8019880000053,-22.65806799899958],[-47.801723000005396,-22.65878399899957],[-47.80162900000529,-22.659192998999576],[-47.801690000005394,-22.659494998999474],[-47.8018550000053,-22.659744998999475],[-47.8021310000054,-22.65999199899947],[-47.80235700000541,-22.66011399899958],[-47.802597000005306,-22.66016799899957],[-47.80316200000542,-22.660461998999466],[-47.80335700000532,-22.66064399899947],[-47.80339200000542,-22.66079799899957],[-47.80339100000542,-22.661153998999563],[-47.80358100000543,-22.661506998999574],[-47.80361400000543,-22.661859998999468],[-47.80350300000543,-22.662337998999458],[-47.803372000005425,-22.662598998999577],[-47.80318700000542,-22.662846998999573],[-47.80257000000532,-22.663122998999476],[-47.80255500000541,-22.663167998999473],[-47.80239600000531,-22.66320699899957],[-47.80204500000541,-22.663591998999483],[-47.801908000005405,-22.663948998999565],[-47.8019000000053,-22.664304998999572],[-47.8018180000054,-22.664594998999565],[-47.8018290000053,-22.66477999899957],[-47.80196600000531,-22.665236998999465],[-47.80195700000541,-22.66554799899957],[-47.802088000005405,-22.66573899899947],[-47.802275000005416,-22.66585399899957],[-47.802433000005415,-22.66616199899947],[-47.80257000000532,-22.666277998999465],[-47.80280300000542,-22.666391998999465],[-47.80369600000534,-22.666671998999572],[-47.80426800000544,-22.666973998999463],[-47.80463800000544,-22.667122998999574],[-47.805524000005356,-22.66718899899957],[-47.80590100000536,-22.667314998999462],[-47.80614400000547,-22.667444998999468],[-47.80648500000547,-22.667689998999467],[-47.80668900000537,-22.667908998999568],[-47.80703600000547,-22.668495998999568],[-47.80721600000548,-22.668706998999465],[-47.807611000005494,-22.668928998999455],[-47.80775200000539,-22.668979998999458],[-47.80793400000539,-22.669190998999564],[-47.80795300000539,-22.669337998999467],[-47.80796700000549,-22.66944299899957],[-47.80798200000549,-22.669511998999567],[-47.8080980000055,-22.669804998999563],[-47.808645000005505,-22.670036998999464],[-47.81031400000543,-22.67054399899956],[-47.81131800000554,-22.670864998999463],[-47.81376300000547,-22.671923998999457],[-47.816512000005524,-22.672824998999456],[-47.81760689035158,-22.673267086799633]]]]}},{"type":"Feature","properties":{"id":5,"forma":"Escarpas","relevo":"montanhoso","declividade_media":"acima de 45%"},"geometry":{"type":"MultiPolygon","coordinates":[[[[-47.80329019800534,-22.581831663999463],[-47.802788000005336,-22.58190999899948],[-47.802564088005234,-22.582202880999468],[-47.80231400000534,-22.582451998999467],[-47.801951000005324,-22.582723998999462],[-47.80084200000522,-22.583408998999563],[-47.80064600000531,-22.583597998999473],[-47.8004400000053,-22.58371299899948],[-47.800219000005306,-22.583761998999478],[-47.7998640000053,-22.583959998999482],[-47.79933800000529,-22.584361998999576],[-47.79887300000529,-22.584635998999467],[-47.79806700000517,-22.58536199899947],[-47.79724700000527,-22.586212998999482],[-47.796924000005156,-22.586454998999574],[-47.796609000005155,-22.586630998999574],[-47.79608400000525,-22.586736998999573],[-47.79439500000523,-22.586801998999487],[-47.7926250000051,-22.586796998999482],[-47.7922120000051,-22.586877998999586],[-47.7919890000051,-22.586888998999473],[-47.79115500000508,-22.587073998999582],[-47.79091600000519,-22.587198998999582],[-47.79075200000508,-22.587235998999585],[-47.79042800000518,-22.587403998999488],[-47.78980000000517,-22.587823998999585],[-47.78925000000517,-22.58829899899958],[-47.78859600000515,-22.589050998999493],[-47.788248000005154,-22.589634998999493],[-47.788001000005146,-22.590401998999493],[-47.787885000005154,-22.59059599899959],[-47.78754700000515,-22.59087599899948],[-47.78724000000504,-22.591058998999486],[-47.786790000005034,-22.591243998999595],[-47.78648400000513,-22.59146399899949],[-47.78613800000503,-22.591788998999586],[-47.785640000005024,-22.592374998999592],[-47.78528500000502,-22.592958998999585],[-47.785128000005116,-22.593450998999582],[-47.78495500000511,-22.594595998999594],[-47.784892000005115,-22.59477099899949],[-47.78477600000511,-22.595048998999584],[-47.78445500000511,-22.595268998999487],[-47.78368000000499,-22.595629998999595],[-47.7833410000051,-22.595865998999592],[-47.783021000005085,-22.596152998999592],[-47.782763000005,-22.596438998999492],[-47.78255500000499,-22.5967519989995],[-47.78247026730318,-22.597101610399672],[-47.7214216941067,-22.597101610399672],[-47.721069385004334,-22.596915075999657],[-47.720530419004234,-22.59588249899966],[-47.72070790100434,-22.59534089599965],[-47.720495477004334,-22.594939677999566],[-47.720588802004336,-22.594835406999557],[-47.72171023600435,-22.594448333999562],[-47.72217699200436,-22.594180549999656],[-47.722894701004364,-22.593959395999562],[-47.72402367500437,-22.59218692599965],[-47.724224529004374,-22.59207244699965],[-47.7265986080044,-22.59207125299966],[-47.72881994800443,-22.591468810999647],[-47.73023232400444,-22.59088975499965],[-47.73347889400448,-22.590601336999647],[-47.7357602030045,-22.59084188699965],[-47.73666204800451,-22.590723129999642],[-47.73788066100453,-22.590702087999542],[-47.74098280300457,-22.59100049799964],[-47.74213648200458,-22.591273648999646],[-47.74293079900459,-22.591615585999527],[-47.7438151350046,-22.591732606999624],[-47.7446236470046,-22.59150407799963],[-47.74652352800463,-22.590368258999543],[-47.74816421500466,-22.589689071999526],[-47.75076754200458,-22.589159552999522],[-47.75098157000468,-22.589032955999627],[-47.751823466004694,-22.58808808799952],[-47.7523712880046,-22.58794114099952],[-47.75420135500472,-22.587656785999627],[-47.75516653700473,-22.58768604799962],[-47.757199644004764,-22.588356416999517],[-47.75825504400478,-22.588586085999616],[-47.75923400500468,-22.588569096999525],[-47.760177560004706,-22.58840955099951],[-47.762595079004726,-22.588199070999615],[-47.763519188004835,-22.587715921999614],[-47.764464898004846,-22.586905373999606],[-47.76481006400485,-22.586482573999515],[-47.765594036004856,-22.583003976999613],[-47.765485220004855,-22.582461120999508],[-47.76432686100484,-22.581301297999612],[-47.76396596800484,-22.580737012999613],[-47.76374647600473,-22.58023124699962],[-47.76361865500483,-22.579506008999513],[-47.76379425500473,-22.57915219299962],[-47.76505556500485,-22.577816969999613],[-47.76641735700486,-22.576583629999607],[-47.76888910700479,-22.57525283799961],[-47.769396246004895,-22.57749357799961],[-47.7696775990049,-22.578332653999603],[-47.76998139500481,-22.578825482999505],[-47.77023739400481,-22.5790619769996],[-47.77056192900482,-22.57928942499961],[-47.77084574500493,-22.5793624269996],[-47.77236985100494,-22.579298038999603],[-47.77420832700486,-22.580269124999596],[-47.775503918004986,-22.5810636849995],[-47.777225481005004,-22.581800922999502],[-47.77830041400492,-22.58164002899959],[-47.77961676700493,-22.580916496999592],[-47.78011575000494,-22.580815223999494],[-47.78055053100505,-22.5808211879996],[-47.781607255005056,-22.581128987999488],[-47.781972933005065,-22.5811349829996],[-47.78365469000499,-22.58033646199949],[-47.784210421005085,-22.58018520399959],[-47.786193415005116,-22.57985058899949],[-47.787298286005125,-22.579780710999596],[-47.788388835005144,-22.57981279199949],[-47.789627532005056,-22.580078084999585],[-47.79017743300506,-22.580380717999578],[-47.791226959005186,-22.58132487499958],[-47.79210575600519,-22.581347887999584],[-47.79826470000517,-22.580695269999573],[-47.799652842005194,-22.58071083399947],[-47.80091497200521,-22.580779999999468],[-47.801551822005315,-22.580902482999473],[-47.80329019800534,-22.581831663999463]]],[[[-47.705135536004065,-22.593680220999573],[-47.704900758004165,-22.59428160499957],[-47.70433351300406,-22.59523597999958],[-47.704206303004156,-22.596572590999667],[-47.704267996575645,-22.597101610399672],[-47.54837483047618,-22.597101610399672],[-47.54847192700274,-22.596737635999688],[-47.54845224200263,-22.5949739349997],[-47.548148807002725,-22.594094280999794],[-47.547354263002624,-22.592788650999797],[-47.547345509002724,-22.592310040999795],[-47.54705255700272,-22.592017843999702],[-47.547024755002624,-22.591405422999802],[-47.54681345400272,-22.591240550999707],[-47.546803087002615,-22.59073400799979],[-47.54652083300262,-22.590317279999798],[-47.546762322002614,-22.5894000819997],[-47.54679686100271,-22.5887658809998],[-47.547050061002615,-22.587910280999704],[-47.54854572000263,-22.584526945999794],[-47.549971184002736,-22.582497352999802],[-47.55192630300275,-22.580421468999692],[-47.552628526002756,-22.57993259199979],[-47.55384568500266,-22.579463369999697],[-47.55515686100268,-22.579231629999793],[-47.557362580002795,-22.57849797299979],[-47.5579318590028,-22.578250088999685],[-47.5588736400027,-22.577590934999694],[-47.559578762002715,-22.57726845099979],[-47.560666515002815,-22.577151810999787],[-47.56122338700281,-22.576960953999787],[-47.562698966002834,-22.57595806199969],[-47.56350904400274,-22.574991557999788],[-47.56475185200285,-22.57351097999978],[-47.56598768900275,-22.572367237999785],[-47.56712337600286,-22.57161775399968],[-47.568531787002875,-22.570905191999678],[-47.5718241790029,-22.56839945599978],[-47.57469865900292,-22.56700797299967],[-47.57719066300294,-22.565196660999778],[-47.57863167800296,-22.563884736999782],[-47.579162634002856,-22.56320280499968],[-47.57949763700296,-22.562549042999684],[-47.58053142300297,-22.55965390599968],[-47.58072481400296,-22.55873828999978],[-47.58084059700296,-22.556791102999778],[-47.581056629002866,-22.55618385199967],[-47.580737304002966,-22.552793524999775],[-47.580420157002855,-22.551262472999774],[-47.58038804000286,-22.550319916999772],[-47.58046672700286,-22.549715300999672],[-47.58069613500295,-22.54905014299968],[-47.58223000800297,-22.548729868999676],[-47.58230403200297,-22.548518839999677],[-47.58228266200297,-22.54763784299978],[-47.58273415600297,-22.542148908999675],[-47.58274953600287,-22.54196193299977],[-47.583919989002986,-22.542278997999777],[-47.5855707650029,-22.542436206999774],[-47.586566292003006,-22.542392093999773],[-47.58842540100293,-22.541896747999672],[-47.59030152800293,-22.541117957999774],[-47.59137637400294,-22.540453923999763],[-47.59206773100305,-22.540359057999765],[-47.59240403700296,-22.540492858999766],[-47.59359362900295,-22.54274894799966],[-47.59428257100307,-22.54386139399977],[-47.59899583500311,-22.548698875999673],[-47.60040615500312,-22.549742780999765],[-47.60219969700304,-22.55068587199976],[-47.60360582500305,-22.551169480999658],[-47.607051815003175,-22.552026880999755],[-47.6080357740032,-22.55206580299966],[-47.61029239200321,-22.55154008599965],[-47.61147660200322,-22.55101509899975],[-47.614022516003246,-22.549555839999748],[-47.615030435003156,-22.549286383999746],[-47.61573899000325,-22.549219972999644],[-47.61626711300316,-22.549267806999744],[-47.61699944600327,-22.549592525999756],[-47.61762724300328,-22.549989535999647],[-47.618479346003284,-22.550312685999643],[-47.61923731800319,-22.550440613999747],[-47.6217261120033,-22.55017473299965],[-47.62238634400321,-22.54995354299975],[-47.623656798003324,-22.54886543899964],[-47.62464322300333,-22.54825971299965],[-47.62566700000335,-22.54804655399964],[-47.628053798003265,-22.54809212099974],[-47.6309453000034,-22.547595613999636],[-47.63311756400341,-22.54653126499964],[-47.63397799000331,-22.545617513999737],[-47.634382517003324,-22.54463005899964],[-47.63504635300342,-22.541391592999734],[-47.63650974300343,-22.53889757399973],[-47.637504821003354,-22.537529652999734],[-47.638645619003356,-22.536504616999625],[-47.64035654300338,-22.53509919899964],[-47.641281083003484,-22.534565530999622],[-47.642401329003384,-22.534071019999626],[-47.64562358300352,-22.532911060999627],[-47.64641444100342,-22.532448527999726],[-47.64811636400354,-22.530600287999725],[-47.648594345003445,-22.53038259599973],[-47.649016066003455,-22.53037308399972],[-47.64953370100346,-22.53060560299973],[-47.65004653300356,-22.530624841999725],[-47.65034567000357,-22.53042439699962],[-47.65047746700356,-22.53018141699962],[-47.65050236100356,-22.529872200999616],[-47.65035383800347,-22.52922889899973],[-47.65065901900347,-22.52845146099973],[-47.653015422003584,-22.52565240299971],[-47.65374182600349,-22.524981394999628],[-47.65393232400359,-22.52458246899961],[-47.65384123900359,-22.523789470999617],[-47.654448783003595,-22.52093613399971],[-47.65463716700359,-22.521177293999724],[-47.654798862003595,-22.52176716299962],[-47.6552300080035,-22.522315452999717],[-47.655946409003604,-22.522795807999724],[-47.656954617003514,-22.523213875999613],[-47.657154554003526,-22.523436605999716],[-47.657230843003624,-22.524234418999715],[-47.65709375000352,-22.525039149999614],[-47.65607726400361,-22.52804819599962],[-47.65608709100362,-22.528428009999715],[-47.65642799300362,-22.52884418699962],[-47.65718845700362,-22.529212982999713],[-47.65767415000354,-22.529314750999713],[-47.65807943800364,-22.52919667599972],[-47.66029085700355,-22.52792390799961],[-47.66077539300356,-22.52794469899961],[-47.661081266003556,-22.52819135999961],[-47.66141191300357,-22.52887416799971],[-47.66143738300366,-22.52946499199961],[-47.66124130100366,-22.530155926999708],[-47.66091368900366,-22.53046856799962],[-47.65954464800365,-22.53076825099961],[-47.657719011003636,-22.530840519999725],[-47.656545137003626,-22.53108489199971],[-47.65606819400352,-22.531386267999615],[-47.655949105003515,-22.531585695999713],[-47.655978485003516,-22.533002959999713],[-47.656162648003615,-22.53573361699961],[-47.65635033100352,-22.536011615999612],[-47.65948423100365,-22.537944480999712],[-47.660663379003665,-22.538838595999618],[-47.661318107003574,-22.539053084999708],[-47.6634832660037,-22.53904805199961],[-47.6641054810037,-22.539122789999706],[-47.6643639470037,-22.53925789899961],[-47.66472242400361,-22.53988605299971],[-47.66497828300371,-22.540609088999602],[-47.665530886003616,-22.541035352999614],[-47.666060100003726,-22.541122625999616],[-47.66682664300372,-22.540914389999703],[-47.668908060003744,-22.53991246499961],[-47.66922661900376,-22.539946519999614],[-47.669371664003755,-22.540242620999607],[-47.66949155800366,-22.5413856209997],[-47.67002893800376,-22.54231479299961],[-47.67008407500376,-22.5429382549997],[-47.66996758900376,-22.54342102499961],[-47.66864288100375,-22.54525732399971],[-47.66840292300375,-22.54588630899972],[-47.66839951900364,-22.54640677499971],[-47.66893169000375,-22.547152324999715],[-47.66948431500376,-22.547536323999697],[-47.67014873600367,-22.547795224999707],[-47.67225244600379,-22.547945042999707],[-47.6729749000038,-22.549827354999604],[-47.672788527003796,-22.5503487519996],[-47.67248778000379,-22.550626498999705],[-47.67173143600379,-22.5510572399997],[-47.669868270003676,-22.551114638999607],[-47.66775114700365,-22.55098044099971],[-47.66723625300364,-22.551131996999715],[-47.66675356100374,-22.551578830999706],[-47.665314596003725,-22.553972557999607],[-47.66529941900372,-22.554622034999703],[-47.66544587900362,-22.55497214399971],[-47.66774624500365,-22.556990956999712],[-47.66857855600365,-22.55730320699971],[-47.668915873003655,-22.5573110319997],[-47.66969336900377,-22.556971952999714],[-47.67022678700367,-22.55641650599961],[-47.671614762003685,-22.554115135999705],[-47.67209421500379,-22.553547674999614],[-47.672664739003785,-22.553435146999707],[-47.676553940003835,-22.5535900969997],[-47.67700315700374,-22.553725463999697],[-47.67733360000374,-22.554202353999703],[-47.677545062003844,-22.555642068999603],[-47.67813685200385,-22.556681260999586],[-47.67850906300386,-22.556989846999706],[-47.67970762500377,-22.557358634999698],[-47.68026303600387,-22.5577256359996],[-47.68107642700378,-22.558622434999698],[-47.6823113330039,-22.559409835999595],[-47.6826936570039,-22.55994449699959],[-47.6829465410039,-22.561437088999693],[-47.68309215800391,-22.561721520999697],[-47.68381926400391,-22.56252682199959],[-47.684552930003825,-22.563337773999596],[-47.68585710900393,-22.5641224729996],[-47.68740391800395,-22.564453581999594],[-47.68886217200397,-22.56450787199969],[-47.68921447900397,-22.564592671999602],[-47.68949947500388,-22.564808815999694],[-47.689874692003876,-22.565308122999685],[-47.68986252700388,-22.56623468299959],[-47.68975851800397,-22.566679300999688],[-47.68955582700388,-22.56704722999969],[-47.688939576003875,-22.567733485999693],[-47.68710072000385,-22.569042720999693],[-47.68668744100385,-22.569546276999695],[-47.68642139900394,-22.57008615999968],[-47.686355292003945,-22.571063655999694],[-47.68653737600385,-22.57176402599969],[-47.68695716100395,-22.572459301999686],[-47.68802583400397,-22.575586994999693],[-47.68910787000389,-22.57717705099969],[-47.68897992600388,-22.577730696999584],[-47.688799420003974,-22.578027017999588],[-47.68861660100398,-22.578295868999582],[-47.68842821100398,-22.578457346999688],[-47.687889951003875,-22.579183995999696],[-47.68772847400396,-22.579762624999585],[-47.68752232300386,-22.5801233889996],[-47.68704219300397,-22.58112172899969],[-47.686853803003956,-22.581229380999694],[-47.68640973900386,-22.581027533999592],[-47.68603295700395,-22.580798773999692],[-47.68554852400394,-22.580596926999593],[-47.68513137300384,-22.5805565569997],[-47.684957810003944,-22.580578252999587],[-47.68483424000384,-22.580589764999697],[-47.68474113500394,-22.580596926999586],[-47.684538057003834,-22.58066154899969],[-47.68432675500393,-22.580799140999584],[-47.68410562500393,-22.580985873999694],[-47.68389432200392,-22.581246314999593],[-47.68339640200392,-22.582003569999596],[-47.68334128800392,-22.582243965999698],[-47.68330129200393,-22.582440462999692],[-47.68350023000382,-22.583284788999595],[-47.68389856500384,-22.5835557369997],[-47.68427544000394,-22.583530021999593],[-47.68554335400384,-22.582941228999694],[-47.68592217100395,-22.582851745999694],[-47.68619702800395,-22.582885874999587],[-47.686957487003966,-22.5832833749997],[-47.68878985500399,-22.584717260999696],[-47.68907154400389,-22.58477233399969],[-47.68942925000388,-22.584718883999695],[-47.690192973003995,-22.583938597999683],[-47.69114532300391,-22.583247503999583],[-47.691794451004014,-22.583078654999692],[-47.69206375600402,-22.583191684999687],[-47.692372085003925,-22.583565650999695],[-47.69242478500402,-22.583732285999588],[-47.69249206700392,-22.584068697999676],[-47.69249206700392,-22.58478189199968],[-47.69239787200402,-22.585306693999577],[-47.69230774700402,-22.585468918999585],[-47.691939970004015,-22.586262867999583],[-47.691748454003914,-22.586636636999685],[-47.69169813500402,-22.58673308099969],[-47.691582898004015,-22.586945639999684],[-47.691425650004014,-22.587324018999578],[-47.69131262800391,-22.58760165999969],[-47.691264426004004,-22.587849748999588],[-47.691240615004006,-22.587930707999586],[-47.69117689000401,-22.58811594299959],[-47.69111950600391,-22.588253662999584],[-47.69107913700401,-22.58841514099959],[-47.69107913700401,-22.588536248999688],[-47.69111950600391,-22.58871118399969],[-47.691134109004004,-22.58888898399959],[-47.69118678900401,-22.58902068299959],[-47.691240615004006,-22.58922252999968],[-47.69134826700402,-22.589330181999685],[-47.691482831004016,-22.58939746399959],[-47.69163561500392,-22.58938069499959],[-47.69186488800391,-22.58958505999959],[-47.69212989300402,-22.589600813999592],[-47.69260291500403,-22.589409797999682],[-47.69274068900392,-22.589206576999693],[-47.69276119700403,-22.58876500999968],[-47.69305723900403,-22.58859007499968],[-47.69321450700394,-22.58844263699969],[-47.69329204200393,-22.58837290799958],[-47.69346093400404,-22.58824020699969],[-47.69362241200403,-22.587997989999693],[-47.69370315000403,-22.587755773999685],[-47.69371511800394,-22.587480521999687],[-47.69443472200404,-22.587344964999588],[-47.69521235600405,-22.587324992999676],[-47.69578944800406,-22.587412276999583],[-47.696325465004065,-22.58761035199968],[-47.69734869900408,-22.588393031999576],[-47.69801443800409,-22.588799898999678],[-47.70071883000411,-22.59045268899968],[-47.70123863600411,-22.590770367999575],[-47.70163200500413,-22.591108525999665],[-47.70285716500413,-22.592159824999673],[-47.70505131000406,-22.593328952999677],[-47.705135536004065,-22.593680220999573]]]]}}],"type":"FeatureCollection","metadados":{"gerado_por":"tools/gerar_amostra.js","gerado_em":"2026-10-07T13:08:08.048Z","fonte":"EXEMPLO SINTÉTICO — não usar em estudo","data_ref":"exemplo","real":false}}