{"features":[{"type":"Feature","properties":{"tipo":"Açude Intermitente","nome":"Açude Intermitente"},"geometry":{"type":"MultiLineString","coordinates":[[[-47.684979,-22.812848],[-47.684979,-22.812848]],[[-47.688945,-22.806352],[-47.688945,-22.806352]],[[-47.683306,-22.797918],[-47.683306,-22.797918]],[[-47.643798,-22.773254],[-47.643798,-22.773254]],[[-47.650524,-22.773082],[-47.650524,-22.773082]],[[-47.643551,-22.773051],[-47.643551,-22.773051]],[[-47.667812,-22.772318],[-47.667812,-22.772318]],[[-47.52505,-22.774297],[-47.52505,-22.774297]],[[-47.525904,-22.773729],[-47.525904,-22.773729]],[[-47.534113,-22.771669],[-47.53361,-22.771045],[-47.534113,-22.771669]],[[-47.519465,-22.771453],[-47.519465,-22.771453]],[[-47.52162,-22.771372],[-47.52162,-22.771372]],[[-47.521917,-22.77113],[-47.521917,-22.77113]],[[-47.533742,-22.770833],[-47.533247,-22.770334],[-47.533742,-22.770833]],[[-47.525759,-22.77046],[-47.525759,-22.77046]],[[-47.517748,-22.770394],[-47.517748,-22.770394]],[[-47.656696,-22.768123],[-47.656696,-22.768123]],[[-47.533271,-22.769767],[-47.533271,-22.769767]],[[-47.528545,-22.769682],[-47.528545,-22.769682]],[[-47.526587,-22.769573],[-47.526587,-22.769573]],[[-47.532953,-22.769444],[-47.532953,-22.769444]],[[-47.657476,-22.767417],[-47.657476,-22.767417]],[[-47.526772,-22.769512],[-47.526772,-22.769512]],[[-47.534577,-22.769283],[-47.534577,-22.769283]],[[-47.66138,-22.76684],[-47.66138,-22.76684]],[[-47.657533,-22.766869],[-47.657533,-22.766869]],[[-47.525688,-22.76882],[-47.525688,-22.76882]],[[-47.536398,-22.76857],[-47.536398,-22.76857]],[[-47.629414,-22.76702],[-47.629414,-22.76702]],[[-47.521988,-22.768605],[-47.521988,-22.768605]],[[-47.51897,-22.768625],[-47.51897,-22.768625]],[[-47.522052,-22.768466],[-47.522052,-22.768466]],[[-47.517794,-22.768392],[-47.517794,-22.768392]],[[-47.518358,-22.768257],[-47.518358,-22.768257]],[[-47.533569,-22.767995],[-47.533569,-22.767995]],[[-47.52645,-22.768093],[-47.52645,-22.768093]],[[-47.52127,-22.768001],[-47.52127,-22.768001]],[[-47.525619,-22.767659],[-47.525619,-22.767659]],[[-47.543813,-22.76705],[-47.543813,-22.76705]],[[-47.683178,-22.764757],[-47.683178,-22.764757]],[[-47.544121,-22.766785],[-47.544121,-22.766785]],[[-47.542818,-22.766678],[-47.542818,-22.766678]],[[-47.528296,-22.766881],[-47.528296,-22.766881]],[[-47.522595,-22.766784],[-47.522595,-22.766784]],[[-47.61121,-22.76535],[-47.61121,-22.76535]],[[-47.599805,-22.765377],[-47.599805,-22.765377]],[[-47.520098,-22.766467],[-47.520098,-22.766467]],[[-47.520338,-22.766398],[-47.520338,-22.766398]],[[-47.519608,-22.766198],[-47.519608,-22.766198]],[[-47.536559,-22.765875],[-47.536559,-22.765875]],[[-47.521324,-22.765126],[-47.521324,-22.765126]],[[-47.52119,-22.764854],[-47.52119,-22.764854]],[[-47.524538,-22.764095],[-47.524538,-22.764095]],[[-47.53133,-22.763782],[-47.53133,-22.763782]],[[-47.531479,-22.763565],[-47.531479,-22.763565]],[[-47.522705,-22.763109],[-47.522705,-22.763109]],[[-47.525048,-22.763006],[-47.525048,-22.763006]],[[-47.698742,-22.759894],[-47.698742,-22.759894]],[[-47.525589,-22.762716],[-47.525589,-22.762716]],[[-47.666172,-22.759074],[-47.666172,-22.759074]],[[-47.666198,-22.758244],[-47.666198,-22.758244]],[[-47.535587,-22.7597],[-47.535587,-22.7597]],[[-47.68064,-22.757162],[-47.68064,-22.757162]],[[-47.672996,-22.757109],[-47.672996,-22.757109]],[[-47.663634,-22.75715],[-47.663634,-22.75715]],[[-47.531927,-22.759085],[-47.531927,-22.759085]],[[-47.66903,-22.75662],[-47.66903,-22.75662]],[[-47.529432,-22.757027],[-47.529432,-22.757027]],[[-47.581637,-22.755916],[-47.581637,-22.755916]],[[-47.530991,-22.75654],[-47.530991,-22.75654]],[[-47.601505,-22.755094],[-47.601505,-22.755094]],[[-47.687198,-22.753146],[-47.687198,-22.753146]],[[-47.595433,-22.749118],[-47.595433,-22.749118]],[[-47.527208,-22.748154],[-47.527208,-22.748154]],[[-47.568261,-22.739583],[-47.568261,-22.739583]],[[-47.592307,-22.7363],[-47.592307,-22.7363]],[[-47.568266,-22.734375],[-47.568266,-22.734375]],[[-47.567486,-22.733169],[-47.567486,-22.733169]],[[-47.56561,-22.731004],[-47.56561,-22.731004]],[[-47.60717,-22.727761],[-47.60717,-22.727761]],[[-47.658689,-22.722826],[-47.658689,-22.722826]],[[-47.674276,-22.720881],[-47.674276,-22.720881]],[[-47.674563,-22.720665],[-47.674563,-22.720665]],[[-47.674678,-22.720559],[-47.674678,-22.720559]],[[-47.613473,-22.720664],[-47.613473,-22.720664]],[[-47.620905,-22.715267],[-47.620905,-22.715267]],[[-47.620295,-22.715229],[-47.620295,-22.715229]],[[-47.584307,-22.713314],[-47.584307,-22.713314]],[[-47.593743,-22.710606],[-47.593743,-22.710606]],[[-47.614841,-22.710252],[-47.614841,-22.710252]],[[-47.642102,-22.707019],[-47.642102,-22.707019]],[[-47.640418,-22.706674],[-47.640418,-22.706674]],[[-47.640865,-22.70644],[-47.640865,-22.70644]],[[-47.641089,-22.706406],[-47.641089,-22.706406]],[[-47.640625,-22.706311],[-47.640625,-22.706311]],[[-47.631586,-22.703031],[-47.631586,-22.703031]],[[-47.632288,-22.699105],[-47.632288,-22.699105]],[[-47.62965,-22.699031],[-47.62965,-22.699031]],[[-47.62913,-22.69883],[-47.629027,-22.698054],[-47.62913,-22.69883]],[[-47.629343,-22.698632],[-47.629343,-22.698632]],[[-47.629369,-22.698308],[-47.629369,-22.698308]],[[-47.628743,-22.698251],[-47.628743,-22.698251]],[[-47.629549,-22.698104],[-47.629549,-22.698104]],[[-47.629622,-22.697917],[-47.629622,-22.697917]],[[-47.628157,-22.697917],[-47.628157,-22.697917]],[[-47.629566,-22.697794],[-47.629359,-22.697118],[-47.629566,-22.697794]],[[-47.629061,-22.697459],[-47.629061,-22.697459]],[[-47.628558,-22.697462],[-47.628558,-22.697462]],[[-47.639099,-22.697232],[-47.639099,-22.697232]],[[-47.629325,-22.697308],[-47.629073,-22.697902],[-47.629325,-22.697308]],[[-47.627951,-22.697304],[-47.627662,-22.697856],[-47.627951,-22.697304]],[[-47.630208,-22.697195],[-47.629863,-22.697711],[-47.630208,-22.697195]],[[-47.628583,-22.697183],[-47.628583,-22.697183]],[[-47.629119,-22.697147],[-47.629119,-22.697147]],[[-47.628444,-22.696904],[-47.628444,-22.696904]],[[-47.629064,-22.696763],[-47.629064,-22.696763]],[[-47.639693,-22.696568],[-47.639693,-22.696568]],[[-47.628407,-22.696617],[-47.628407,-22.696617]],[[-47.630208,-22.696532],[-47.629153,-22.696743],[-47.630208,-22.696532]],[[-47.62825,-22.696537],[-47.628839,-22.696211],[-47.62825,-22.696537]],[[-47.628928,-22.69648],[-47.628928,-22.69648]],[[-47.628994,-22.696326],[-47.628994,-22.696326]],[[-47.629567,-22.696305],[-47.629567,-22.696305]],[[-47.630208,-22.696113],[-47.630208,-22.696113]],[[-47.628785,-22.696134],[-47.628096,-22.696337],[-47.628785,-22.696134]],[[-47.628878,-22.696088],[-47.629311,-22.695658],[-47.628878,-22.696088]],[[-47.630208,-22.695814],[-47.630208,-22.695814]],[[-47.629951,-22.695698],[-47.629547,-22.696166],[-47.629951,-22.695698]],[[-47.629866,-22.695595],[-47.629866,-22.695595]],[[-47.631041,-22.695557],[-47.631041,-22.695557]],[[-47.630208,-22.695566],[-47.630208,-22.695566]],[[-47.630951,-22.695326],[-47.630951,-22.695326]],[[-47.630208,-22.695216],[-47.630208,-22.695216]],[[-47.631553,-22.694847],[-47.630871,-22.695207],[-47.631553,-22.694847]],[[-47.631508,-22.694678],[-47.630799,-22.694968],[-47.631508,-22.694678]],[[-47.734851,-22.684265],[-47.734851,-22.684265]],[[-47.728044,-22.682546],[-47.728044,-22.682546]],[[-47.763371,-22.680405],[-47.763371,-22.680405]],[[-47.763062,-22.678441],[-47.763062,-22.678441]],[[-47.729167,-22.678321],[-47.729167,-22.678321]],[[-47.667382,-22.678126],[-47.667382,-22.678126]],[[-47.78125,-22.668392],[-47.78125,-22.668392]],[[-47.784205,-22.668113],[-47.784205,-22.668113]],[[-47.688525,-22.669027],[-47.688525,-22.669027]],[[-47.715199,-22.663744],[-47.715199,-22.663744]]]}},{"type":"Feature","properties":{"tipo":"Açude Perene","nome":"Açude Perene"},"geometry":{"type":"MultiLineString","coordinates":[[[-47.863926,-22.897143],[-47.863926,-22.897143]],[[-47.837579,-22.892546],[-47.837579,-22.892546]],[[-47.922224,-22.839857],[-47.922224,-22.839857]],[[-47.928708,-22.839556],[-47.928708,-22.839556]],[[-47.921875,-22.839566],[-47.921875,-22.839566]],[[-47.921875,-22.839177],[-47.921875,-22.839177]],[[-47.921875,-22.838731],[-47.921875,-22.838731]],[[-47.927083,-22.838254],[-47.927083,-22.838254]],[[-47.926223,-22.837981],[-47.926223,-22.837981]],[[-47.927666,-22.837623],[-47.927666,-22.837623]],[[-47.927877,-22.837571],[-47.927877,-22.837571]],[[-47.926162,-22.837327],[-47.926162,-22.837327]],[[-47.925405,-22.833551],[-47.925405,-22.833551]],[[-47.684879,-22.813665],[-47.684879,-22.813665]],[[-47.686132,-22.812783],[-47.686132,-22.812783]],[[-47.685422,-22.812744],[-47.685422,-22.812744]],[[-47.685513,-22.812618],[-47.685513,-22.812618]],[[-47.685537,-22.812555],[-47.685537,-22.812555]],[[-47.681936,-22.810057],[-47.681936,-22.810057]],[[-47.681441,-22.810056],[-47.681441,-22.810056]],[[-47.682097,-22.809667],[-47.682097,-22.809667]],[[-47.678348,-22.807292],[-47.678348,-22.807292]],[[-47.677416,-22.807292],[-47.677416,-22.807292]],[[-47.67743,-22.807144],[-47.67743,-22.807144]],[[-47.677912,-22.8071],[-47.677912,-22.8071]],[[-47.691925,-22.80623],[-47.691925,-22.80623]],[[-47.691772,-22.805932],[-47.691772,-22.805932]],[[-47.692063,-22.805924],[-47.692063,-22.805924]],[[-47.692083,-22.805899],[-47.692083,-22.805899]],[[-47.692451,-22.80571],[-47.692451,-22.80571]],[[-47.691091,-22.805527],[-47.691091,-22.805527]],[[-47.691522,-22.805517],[-47.691522,-22.805517]],[[-47.692537,-22.805479],[-47.692537,-22.805479]],[[-47.688607,-22.805526],[-47.688607,-22.805526]],[[-47.692301,-22.805425],[-47.692301,-22.805425]],[[-47.690342,-22.80542],[-47.689354,-22.805652],[-47.690342,-22.80542]],[[-47.691429,-22.805397],[-47.691429,-22.805397]],[[-47.691932,-22.80535],[-47.691932,-22.80535]],[[-47.692858,-22.805257],[-47.692212,-22.805235],[-47.692858,-22.805257]],[[-47.688616,-22.805326],[-47.689503,-22.805136],[-47.687996,-22.805504],[-47.688616,-22.805326]],[[-47.690192,-22.805255],[-47.690192,-22.805255]],[[-47.677411,-22.805368],[-47.677411,-22.805368]],[[-47.691947,-22.80463],[-47.691937,-22.80523],[-47.691947,-22.80463]],[[-47.689637,-22.804565],[-47.689637,-22.804565]],[[-47.689408,-22.804533],[-47.689408,-22.804533]],[[-47.689475,-22.804384],[-47.689475,-22.804384]],[[-47.689659,-22.804226],[-47.689659,-22.804226]],[[-47.689284,-22.80423],[-47.689284,-22.80423]],[[-47.689489,-22.804179],[-47.689489,-22.804179]],[[-47.688101,-22.804019],[-47.688691,-22.8042],[-47.688101,-22.804019]],[[-47.685621,-22.804052],[-47.685621,-22.804052]],[[-47.67668,-22.804153],[-47.67668,-22.804153]],[[-47.683904,-22.803415],[-47.683904,-22.803415]],[[-47.674906,-22.803425],[-47.674906,-22.803425]],[[-47.674816,-22.803335],[-47.674816,-22.803335]],[[-47.610665,-22.802909],[-47.610665,-22.802909]],[[-47.607967,-22.802943],[-47.607967,-22.802943]],[[-47.676908,-22.801674],[-47.676908,-22.801674]],[[-47.676938,-22.801624],[-47.676938,-22.801624]],[[-47.61198,-22.802694],[-47.611329,-22.803251],[-47.61198,-22.802694]],[[-47.677257,-22.801495],[-47.677257,-22.801495]],[[-47.685301,-22.801107],[-47.685301,-22.801107]],[[-47.677083,-22.801143],[-47.677083,-22.801143]],[[-47.684291,-22.800238],[-47.684291,-22.800238]],[[-47.684071,-22.799923],[-47.684071,-22.799923]],[[-47.684136,-22.799885],[-47.684136,-22.799885]],[[-47.684484,-22.799867],[-47.684484,-22.799867]],[[-47.684107,-22.799866],[-47.684107,-22.799866]],[[-47.684683,-22.799807],[-47.684683,-22.799807]],[[-47.68442,-22.799777],[-47.68442,-22.799777]],[[-47.670438,-22.79996],[-47.668057,-22.799686]],[[-47.68406,-22.799715],[-47.68406,-22.799715]],[[-47.68424,-22.799681],[-47.68424,-22.799681]],[[-47.683969,-22.799491],[-47.683969,-22.799491]],[[-47.685289,-22.799464],[-47.685289,-22.799464]],[[-47.685137,-22.79944],[-47.685137,-22.79944]],[[-47.685071,-22.799439],[-47.685071,-22.799439]],[[-47.671343,-22.799658],[-47.671979,-22.800005],[-47.6713,-22.799932]],[[-47.685009,-22.799406],[-47.685009,-22.799406]],[[-47.685377,-22.799362],[-47.685377,-22.799362]],[[-47.684013,-22.799364],[-47.684013,-22.799364]],[[-47.684001,-22.799252],[-47.684001,-22.799252]],[[-47.681099,-22.799274],[-47.681099,-22.799274]],[[-47.68403,-22.799187],[-47.68403,-22.799187]],[[-47.684137,-22.799038],[-47.684137,-22.799038]],[[-47.680008,-22.799086],[-47.680008,-22.799086]],[[-47.679971,-22.799082],[-47.679971,-22.799082]],[[-47.684033,-22.798988],[-47.684033,-22.798988]],[[-47.666922,-22.79922],[-47.662134,-22.798146],[-47.662757,-22.7964],[-47.665069,-22.795802],[-47.663993,-22.797187],[-47.664359,-22.79812],[-47.665958,-22.797903],[-47.670246,-22.799765]],[[-47.683967,-22.798894],[-47.683967,-22.798894]],[[-47.683671,-22.798791],[-47.683671,-22.798791]],[[-47.686787,-22.798732],[-47.686787,-22.798732]],[[-47.683395,-22.798777],[-47.683395,-22.798777]],[[-47.683829,-22.798764],[-47.683829,-22.798764]],[[-47.686889,-22.798711],[-47.686889,-22.798711]],[[-47.684301,-22.79873],[-47.684301,-22.79873]],[[-47.68687,-22.798637],[-47.68687,-22.798637]],[[-47.686716,-22.798581],[-47.686716,-22.798581]],[[-47.686953,-22.798531],[-47.686953,-22.798531]],[[-47.683419,-22.798587],[-47.683419,-22.798587]],[[-47.684907,-22.798529],[-47.684907,-22.798529]],[[-47.686852,-22.798488],[-47.686852,-22.798488]],[[-47.686946,-22.798478],[-47.686946,-22.798478]],[[-47.683493,-22.798511],[-47.683493,-22.798511]],[[-47.684662,-22.798375],[-47.684662,-22.798375]],[[-47.684444,-22.798332],[-47.684444,-22.798332]],[[-47.687548,-22.798231],[-47.687548,-22.798231]],[[-47.609375,-22.799399],[-47.609375,-22.799399]],[[-47.610001,-22.799228],[-47.610001,-22.799228]],[[-47.61059,-22.799068],[-47.61059,-22.799068]],[[-47.682292,-22.797855],[-47.682292,-22.797855]],[[-47.683943,-22.797755],[-47.683943,-22.797755]],[[-47.686545,-22.797695],[-47.686545,-22.797695]],[[-47.610937,-22.798937],[-47.610937,-22.798937]],[[-47.610822,-22.798934],[-47.610822,-22.798934]],[[-47.67273,-22.797842],[-47.67273,-22.797842]],[[-47.61011,-22.79887],[-47.61011,-22.79887]],[[-47.610442,-22.798837],[-47.610442,-22.798837]],[[-47.609653,-22.79884],[-47.609653,-22.79884]],[[-47.609732,-22.798677],[-47.609732,-22.798677]],[[-47.611113,-22.798651],[-47.611113,-22.798651]],[[-47.611483,-22.798521],[-47.611483,-22.798521]],[[-47.672964,-22.797368],[-47.672964,-22.797368]],[[-47.609605,-22.798385],[-47.609605,-22.798385]],[[-47.684423,-22.797106],[-47.684423,-22.797106]],[[-47.609628,-22.798156],[-47.609628,-22.798156]],[[-47.673257,-22.797094],[-47.673257,-22.797094]],[[-47.613341,-22.797373],[-47.614183,-22.797257],[-47.613341,-22.797373]],[[-47.691174,-22.792436],[-47.691174,-22.792436]],[[-47.668207,-22.792153],[-47.668207,-22.792153]],[[-47.668866,-22.791977],[-47.668866,-22.791977]],[[-47.593616,-22.793069],[-47.59384,-22.794041]],[[-47.593616,-22.793069],[-47.592336,-22.790801],[-47.593616,-22.793069]],[[-47.592057,-22.790754],[-47.592057,-22.790754]],[[-47.591477,-22.79009],[-47.591477,-22.79009]],[[-47.687878,-22.787851],[-47.687878,-22.787851]],[[-47.66975,-22.787966],[-47.66975,-22.787966]],[[-47.669924,-22.787124],[-47.669924,-22.787124]],[[-47.668997,-22.787082],[-47.668997,-22.787082]],[[-47.670737,-22.786691],[-47.670737,-22.786691]],[[-47.670682,-22.786559],[-47.670682,-22.786559]],[[-47.672352,-22.786247],[-47.672352,-22.786247]],[[-47.669881,-22.78585],[-47.669881,-22.78585]],[[-47.585553,-22.786458],[-47.586238,-22.786623],[-47.585553,-22.786458]],[[-47.67192,-22.784898],[-47.67192,-22.784898]],[[-47.962818,-22.776369],[-47.962818,-22.776369]],[[-47.963236,-22.776335],[-47.963236,-22.776335]],[[-47.658628,-22.78169],[-47.658628,-22.78169]],[[-47.659316,-22.781657],[-47.659316,-22.781657]],[[-47.657647,-22.781547],[-47.657647,-22.781547]],[[-47.657666,-22.781482],[-47.657666,-22.781482]],[[-47.963542,-22.776083],[-47.963542,-22.776083]],[[-47.963077,-22.776042],[-47.963077,-22.776042]],[[-47.963542,-22.776003],[-47.963542,-22.776003]],[[-47.658895,-22.781344],[-47.658895,-22.781344]],[[-47.641642,-22.781584],[-47.641642,-22.781584]],[[-47.659472,-22.78125],[-47.659472,-22.78125]],[[-47.659359,-22.78125],[-47.660112,-22.780782],[-47.659359,-22.78125]],[[-47.659146,-22.78125],[-47.659146,-22.78125]],[[-47.658122,-22.78125],[-47.658122,-22.78125]],[[-47.657263,-22.78125],[-47.657263,-22.78125]],[[-47.65717,-22.78125],[-47.65717,-22.78125]],[[-47.646856,-22.78125],[-47.646574,-22.781886],[-47.646856,-22.78125]],[[-47.658249,-22.780993],[-47.658249,-22.780993]],[[-47.662424,-22.780655],[-47.662424,-22.780655]],[[-47.660061,-22.780639],[-47.660061,-22.780639]],[[-47.658925,-22.780434],[-47.658925,-22.780434]],[[-47.659711,-22.780415],[-47.659711,-22.780415]],[[-47.659806,-22.780303],[-47.659806,-22.780303]],[[-47.641229,-22.780609],[-47.641229,-22.780609]],[[-47.645833,-22.780028],[-47.647096,-22.781092],[-47.645833,-22.780028]],[[-47.660943,-22.779701],[-47.660943,-22.779701]],[[-47.661182,-22.779696],[-47.661182,-22.779696]],[[-47.659105,-22.779695],[-47.659105,-22.779695]],[[-47.65886,-22.779688],[-47.65886,-22.779688]],[[-47.659044,-22.779533],[-47.659044,-22.779533]],[[-47.642449,-22.779718],[-47.642449,-22.779718]],[[-47.64514,-22.779503],[-47.645583,-22.779953],[-47.64514,-22.779503]],[[-47.661003,-22.779198],[-47.661003,-22.779198]],[[-47.965145,-22.773608],[-47.964759,-22.772885],[-47.965145,-22.773608]],[[-47.675009,-22.778487],[-47.675009,-22.778487]],[[-47.961079,-22.773033],[-47.961079,-22.773033]],[[-47.642529,-22.778362],[-47.642529,-22.778362]],[[-47.678402,-22.777543],[-47.678402,-22.777543]],[[-47.658084,-22.776538],[-47.658084,-22.776538]],[[-47.6578,-22.776459],[-47.6578,-22.776459]],[[-47.657907,-22.776057],[-47.657907,-22.776057]],[[-47.657654,-22.776042],[-47.657654,-22.776042]],[[-47.65722,-22.776042],[-47.65722,-22.776042]],[[-47.65713,-22.775986],[-47.65713,-22.775982]],[[-47.656955,-22.775901],[-47.656955,-22.775901]],[[-47.656944,-22.77589],[-47.656944,-22.77589]],[[-47.645982,-22.776042],[-47.645982,-22.776042]],[[-47.656796,-22.775748],[-47.656796,-22.775748]],[[-47.656988,-22.775649],[-47.656988,-22.775649]],[[-47.65638,-22.775536],[-47.65638,-22.775536]],[[-47.656822,-22.775439],[-47.656822,-22.775439]],[[-47.643151,-22.77566],[-47.643151,-22.77566]],[[-47.656321,-22.775432],[-47.656321,-22.775432]],[[-47.656549,-22.775377],[-47.656549,-22.775377]],[[-47.656014,-22.775352],[-47.656014,-22.775352]],[[-47.654998,-22.775367],[-47.654998,-22.775367]],[[-47.655529,-22.775315],[-47.655529,-22.775315]],[[-47.654009,-22.775272],[-47.654009,-22.775272]],[[-47.655234,-22.775251],[-47.655234,-22.775251]],[[-47.652596,-22.77524],[-47.652596,-22.77524]],[[-47.643232,-22.775393],[-47.643232,-22.775393]],[[-47.653869,-22.775191],[-47.653869,-22.775191]],[[-47.655066,-22.775169],[-47.655066,-22.775169]],[[-47.653495,-22.775186],[-47.653495,-22.775186]],[[-47.652474,-22.775163],[-47.652474,-22.775163]],[[-47.653781,-22.775126],[-47.653781,-22.775126]],[[-47.65495,-22.775099],[-47.65495,-22.775099]],[[-47.652503,-22.775139],[-47.652503,-22.775139]],[[-47.653803,-22.775088],[-47.653803,-22.775088]],[[-47.654561,-22.775035],[-47.654561,-22.775035]],[[-47.654863,-22.77493],[-47.654863,-22.77493]],[[-47.652459,-22.774924],[-47.652459,-22.774924]],[[-47.655144,-22.774849],[-47.655144,-22.774849]],[[-47.653389,-22.774846],[-47.653389,-22.774846]],[[-47.64401,-22.774957],[-47.64401,-22.774957]],[[-47.654948,-22.774728],[-47.654948,-22.774728]],[[-47.653887,-22.774737],[-47.653887,-22.774737]],[[-47.653058,-22.774694],[-47.653058,-22.774694]],[[-47.65421,-22.774659],[-47.65421,-22.774659]],[[-47.652986,-22.774655],[-47.652986,-22.774655]],[[-47.667567,-22.774399],[-47.667567,-22.774399]],[[-47.653993,-22.774617],[-47.653993,-22.774617]],[[-47.65317,-22.774592],[-47.65317,-22.774592]],[[-47.653988,-22.774485],[-47.653988,-22.774485]],[[-47.654217,-22.774473],[-47.654217,-22.774473]],[[-47.651608,-22.77429],[-47.651608,-22.77429]],[[-47.654225,-22.77401],[-47.654225,-22.77401]],[[-47.653097,-22.773706],[-47.653097,-22.773706]],[[-47.65126,-22.773673],[-47.65126,-22.773673]],[[-47.651705,-22.773462],[-47.651705,-22.773462]],[[-47.667741,-22.773145],[-47.667741,-22.773145]],[[-47.652355,-22.773173],[-47.652355,-22.773173]],[[-47.644157,-22.773139],[-47.644157,-22.773139]],[[-47.528952,-22.77476],[-47.528952,-22.77476]],[[-47.671875,-22.772362],[-47.671555,-22.772892],[-47.671875,-22.772362]],[[-47.522559,-22.774742],[-47.522559,-22.774742]],[[-47.527986,-22.774628],[-47.527986,-22.774628]],[[-47.5281,-22.774448],[-47.5281,-22.774448]],[[-47.525185,-22.774477],[-47.525185,-22.774477]],[[-47.529179,-22.774375],[-47.529179,-22.774375]],[[-47.530669,-22.77414],[-47.530669,-22.77414]],[[-47.658462,-22.772025],[-47.658462,-22.772025]],[[-47.658258,-22.771748],[-47.658258,-22.771748]],[[-47.668088,-22.771532],[-47.668088,-22.771532]],[[-47.531005,-22.773671],[-47.531005,-22.773671]],[[-47.532876,-22.773532],[-47.532876,-22.773532]],[[-47.531638,-22.773356],[-47.531638,-22.773356]],[[-47.532111,-22.773189],[-47.532111,-22.773189]],[[-47.525786,-22.773264],[-47.525786,-22.773264]],[[-47.658419,-22.771052],[-47.658419,-22.771052]],[[-47.53389,-22.772721],[-47.53389,-22.772721]],[[-47.68051,-22.770131],[-47.68051,-22.770131]],[[-47.65979,-22.770294],[-47.65979,-22.770294]],[[-47.533163,-22.772222],[-47.533163,-22.772222]],[[-47.532299,-22.772223],[-47.532299,-22.772223]],[[-47.583967,-22.771368],[-47.584698,-22.772481],[-47.583967,-22.771368]],[[-47.521073,-22.772374],[-47.521073,-22.772374]],[[-47.52601,-22.772278],[-47.52601,-22.772278]],[[-47.63664,-22.770256],[-47.63664,-22.770256]],[[-47.662353,-22.769535],[-47.662353,-22.769535]],[[-47.521091,-22.771813],[-47.521091,-22.771813]],[[-47.524641,-22.771541],[-47.524641,-22.771541]],[[-47.63762,-22.769621],[-47.63762,-22.769621]],[[-47.533168,-22.771212],[-47.533168,-22.771212]],[[-47.52548,-22.771305],[-47.52548,-22.771305]],[[-47.520833,-22.771223],[-47.520833,-22.771223]],[[-47.518998,-22.771241],[-47.518998,-22.771241]],[[-47.637691,-22.769321],[-47.637691,-22.769321]],[[-47.521823,-22.771067],[-47.521823,-22.771067]],[[-47.521515,-22.770833],[-47.521515,-22.770833]],[[-47.528143,-22.770619],[-47.528143,-22.770619]],[[-47.526148,-22.77051],[-47.526148,-22.77051]],[[-47.52732,-22.770165],[-47.52732,-22.770165]],[[-47.53125,-22.770041],[-47.53125,-22.770041]],[[-47.683607,-22.767463],[-47.683607,-22.767463]],[[-47.66568,-22.767607],[-47.66568,-22.767607]],[[-47.63775,-22.768058],[-47.63775,-22.768058]],[[-47.520489,-22.769873],[-47.520489,-22.769873]],[[-47.52393,-22.769766],[-47.52393,-22.769766]],[[-47.526971,-22.769586],[-47.526971,-22.769586]],[[-47.52668,-22.769203],[-47.52668,-22.769203]],[[-47.592114,-22.768039],[-47.592114,-22.768039]],[[-47.525965,-22.769057],[-47.525965,-22.769057]],[[-47.52632,-22.769039],[-47.52632,-22.769039]],[[-47.534805,-22.768855],[-47.534805,-22.768855]],[[-47.534388,-22.768846],[-47.534388,-22.768846]],[[-47.534566,-22.768811],[-47.534566,-22.768811]],[[-47.53204,-22.768841],[-47.53204,-22.768841]],[[-47.536978,-22.768616],[-47.536978,-22.768616]],[[-47.520542,-22.768821],[-47.520542,-22.768821]],[[-47.525703,-22.768702],[-47.525703,-22.768702]],[[-47.527469,-22.768643],[-47.527469,-22.768643]],[[-47.52629,-22.768452],[-47.52629,-22.768452]],[[-47.52722,-22.768436],[-47.52722,-22.768436]],[[-47.517587,-22.768568],[-47.517587,-22.768568]],[[-47.518749,-22.768545],[-47.518749,-22.768545]],[[-47.518638,-22.768519],[-47.518638,-22.768519]],[[-47.659989,-22.766104],[-47.659989,-22.766104]],[[-47.533136,-22.768133],[-47.533136,-22.768133]],[[-47.52611,-22.768204],[-47.52611,-22.768204]],[[-47.52957,-22.768146],[-47.52957,-22.768146]],[[-47.535859,-22.767989],[-47.535859,-22.767989]],[[-47.608272,-22.766663],[-47.608272,-22.766663]],[[-47.52638,-22.767911],[-47.52638,-22.767911]],[[-47.582657,-22.766959],[-47.582657,-22.766959]],[[-47.524259,-22.767684],[-47.524259,-22.767684]],[[-47.52712,-22.767567],[-47.52712,-22.767567]],[[-47.665248,-22.765292],[-47.665248,-22.765292]],[[-47.521254,-22.767512],[-47.521254,-22.767512]],[[-47.527135,-22.767394],[-47.527135,-22.767394]],[[-47.543583,-22.767114],[-47.543583,-22.767114]],[[-47.535445,-22.767225],[-47.535445,-22.767225]],[[-47.545047,-22.766954],[-47.545047,-22.766954]],[[-47.543705,-22.766961],[-47.543705,-22.766961]],[[-47.528463,-22.76704],[-47.528463,-22.76704]],[[-47.527577,-22.766962],[-47.527577,-22.766962]],[[-47.604888,-22.765625],[-47.604888,-22.765625]],[[-47.535246,-22.766669],[-47.535246,-22.766669]],[[-47.673252,-22.764334],[-47.673252,-22.764334]],[[-47.68059,-22.764181],[-47.68059,-22.764181]],[[-47.536128,-22.76642],[-47.536128,-22.76642]],[[-47.535042,-22.766427],[-47.535042,-22.766427]],[[-47.542928,-22.7663],[-47.542928,-22.7663]],[[-47.667042,-22.764263],[-47.667042,-22.764263]],[[-47.524171,-22.766568],[-47.524171,-22.766568]],[[-47.664704,-22.764273],[-47.664704,-22.764273]],[[-47.521975,-22.76659],[-47.521975,-22.76659]],[[-47.543397,-22.766232],[-47.543397,-22.766232]],[[-47.667418,-22.7642],[-47.667087,-22.764942],[-47.667418,-22.7642]],[[-47.523955,-22.766525],[-47.523955,-22.766525]],[[-47.605705,-22.765166],[-47.605705,-22.765166]],[[-47.540528,-22.766192],[-47.540528,-22.766192]],[[-47.538941,-22.766206],[-47.538941,-22.766206]],[[-47.606756,-22.76511],[-47.606756,-22.76511]],[[-47.521919,-22.766429],[-47.521919,-22.766429]],[[-47.670904,-22.763986],[-47.670904,-22.763986]],[[-47.667155,-22.763974],[-47.667571,-22.76345],[-47.667155,-22.763974]],[[-47.538316,-22.766075],[-47.538316,-22.766075]],[[-47.51971,-22.766313],[-47.51971,-22.766313]],[[-47.66485,-22.763911],[-47.664003,-22.764018],[-47.66485,-22.763911]],[[-47.520184,-22.766198],[-47.520184,-22.766198]],[[-47.537821,-22.765783],[-47.537821,-22.765783]],[[-47.662708,-22.76366],[-47.662708,-22.76366]],[[-47.534626,-22.76548],[-47.534626,-22.76548]],[[-47.543484,-22.76531],[-47.543484,-22.76531]],[[-47.530623,-22.765507],[-47.530623,-22.765507]],[[-47.667028,-22.763266],[-47.667028,-22.763266]],[[-47.534461,-22.765411],[-47.534461,-22.765411]],[[-47.524425,-22.765521],[-47.524425,-22.765521]],[[-47.525624,-22.765138],[-47.525624,-22.765138]],[[-47.541667,-22.764797],[-47.541667,-22.764797]],[[-47.53412,-22.764753],[-47.53412,-22.764753]],[[-47.527983,-22.764833],[-47.527983,-22.764833]],[[-47.532935,-22.764732],[-47.532935,-22.764732]],[[-47.665935,-22.762439],[-47.665935,-22.762439]],[[-47.534305,-22.76458],[-47.534305,-22.76458]],[[-47.533379,-22.764548],[-47.533379,-22.764548]],[[-47.536203,-22.764453],[-47.536203,-22.764453]],[[-47.542222,-22.764351],[-47.542222,-22.764351]],[[-47.534853,-22.764445],[-47.534853,-22.764445]],[[-47.526922,-22.76454],[-47.527257,-22.763821],[-47.526258,-22.763705],[-47.526922,-22.76454]],[[-47.542655,-22.764267],[-47.542655,-22.764267]],[[-47.527273,-22.764461],[-47.527273,-22.764461]],[[-47.528928,-22.764401],[-47.528224,-22.764719],[-47.528928,-22.764401]],[[-47.528962,-22.7644],[-47.529418,-22.763963],[-47.528962,-22.7644]],[[-47.533736,-22.76432],[-47.533736,-22.76432]],[[-47.665946,-22.762117],[-47.665946,-22.762117]],[[-47.534525,-22.764242],[-47.534525,-22.764242]],[[-47.681085,-22.761827],[-47.681085,-22.761827]],[[-47.529424,-22.764264],[-47.529424,-22.764264]],[[-47.542197,-22.764038],[-47.542197,-22.764038]],[[-47.524324,-22.764302],[-47.524324,-22.764302]],[[-47.684808,-22.761625],[-47.684808,-22.761625]],[[-47.667845,-22.761864],[-47.667845,-22.761864]],[[-47.54154,-22.763915],[-47.54154,-22.763915]],[[-47.541942,-22.763883],[-47.541942,-22.763883]],[[-47.66788,-22.761801],[-47.66788,-22.761801]],[[-47.685319,-22.761501],[-47.685319,-22.761501]],[[-47.540601,-22.763851],[-47.540601,-22.763851]],[[-47.64359,-22.762163],[-47.64359,-22.762163]],[[-47.527471,-22.763913],[-47.527471,-22.763913]],[[-47.533335,-22.763816],[-47.533335,-22.763816]],[[-47.541667,-22.763637],[-47.541667,-22.763637]],[[-47.526042,-22.76388],[-47.526042,-22.76388]],[[-47.525656,-22.763876],[-47.524763,-22.763435],[-47.525656,-22.763876]],[[-47.533795,-22.763685],[-47.533795,-22.763685]],[[-47.52338,-22.763736],[-47.52338,-22.763736]],[[-47.526114,-22.76367],[-47.526114,-22.76367]],[[-47.52427,-22.763689],[-47.52427,-22.763689]],[[-47.524064,-22.763626],[-47.524733,-22.763736],[-47.524064,-22.763626]],[[-47.533732,-22.763391],[-47.533732,-22.763391]],[[-47.53878,-22.763273],[-47.53878,-22.763273]],[[-47.523754,-22.763507],[-47.523754,-22.763507]],[[-47.534203,-22.76321],[-47.534203,-22.76321]],[[-47.53125,-22.763191],[-47.532262,-22.763153],[-47.53125,-22.763191]],[[-47.531179,-22.76317],[-47.531179,-22.76317]],[[-47.532567,-22.763113],[-47.532567,-22.763113]],[[-47.540662,-22.762976],[-47.540662,-22.762976]],[[-47.523228,-22.763229],[-47.523228,-22.763229]],[[-47.525778,-22.763163],[-47.525778,-22.763163]],[[-47.526152,-22.763065],[-47.526152,-22.763065]],[[-47.533356,-22.762936],[-47.533356,-22.762936]],[[-47.684943,-22.760417],[-47.685098,-22.761145],[-47.684943,-22.760417]],[[-47.532338,-22.76282],[-47.533055,-22.762343],[-47.532338,-22.76282]],[[-47.524858,-22.762924],[-47.524858,-22.762924]],[[-47.685494,-22.760278],[-47.685409,-22.759379],[-47.685494,-22.760278]],[[-47.632618,-22.760717],[-47.632618,-22.760717]],[[-47.6875,-22.759585],[-47.687514,-22.760507],[-47.6875,-22.759585]],[[-47.532626,-22.762109],[-47.532626,-22.762109]],[[-47.529008,-22.762037],[-47.529008,-22.762037]],[[-47.537139,-22.761879],[-47.537139,-22.761879]],[[-47.530873,-22.761958],[-47.530873,-22.761958]],[[-47.536936,-22.761662],[-47.536936,-22.761662]],[[-47.537036,-22.761653],[-47.537036,-22.761653]],[[-47.687385,-22.759031],[-47.686758,-22.758794],[-47.687385,-22.759031]],[[-47.537255,-22.761293],[-47.537255,-22.761293]],[[-47.682423,-22.758765],[-47.682423,-22.758765]],[[-47.68923,-22.758476],[-47.68923,-22.758476]],[[-47.683363,-22.758535],[-47.683363,-22.758535]],[[-47.661638,-22.758695],[-47.661638,-22.758695]],[[-47.531912,-22.760735],[-47.531912,-22.760735]],[[-47.690489,-22.757953],[-47.690489,-22.757953]],[[-47.536381,-22.760469],[-47.536381,-22.760469]],[[-47.536384,-22.760416],[-47.536384,-22.760416]],[[-47.684824,-22.757882],[-47.683841,-22.758316],[-47.684824,-22.757882]],[[-47.686447,-22.75785],[-47.686105,-22.758691],[-47.686447,-22.75785]],[[-47.530176,-22.760374],[-47.530176,-22.760374]],[[-47.604719,-22.758949],[-47.604719,-22.758949]],[[-47.694046,-22.757455],[-47.694046,-22.757455]],[[-47.535452,-22.759934],[-47.535452,-22.759934]],[[-47.529536,-22.759936],[-47.529536,-22.759936]],[[-47.689005,-22.757255],[-47.690216,-22.757718],[-47.689284,-22.758168],[-47.689005,-22.757255]],[[-47.535593,-22.759697],[-47.535593,-22.759697]],[[-47.605305,-22.758533],[-47.605305,-22.758533]],[[-47.604619,-22.758533],[-47.604619,-22.758533]],[[-47.685954,-22.757136],[-47.685954,-22.757136]],[[-47.530337,-22.759588],[-47.530337,-22.759588]],[[-47.535594,-22.75945],[-47.535594,-22.75945]],[[-47.689197,-22.756933],[-47.689468,-22.756349],[-47.689197,-22.756933]],[[-47.535451,-22.759201],[-47.535451,-22.759201]],[[-47.6981,-22.756424],[-47.6981,-22.756424]],[[-47.667413,-22.756679],[-47.667413,-22.756679]],[[-47.667322,-22.756476],[-47.667322,-22.756476]],[[-47.532677,-22.758395],[-47.532677,-22.758395]],[[-47.53082,-22.758288],[-47.53082,-22.758288]],[[-47.530624,-22.758215],[-47.530624,-22.758215]],[[-47.529661,-22.757674],[-47.529661,-22.757674]],[[-47.667258,-22.755208],[-47.667258,-22.755208]],[[-47.6875,-22.754722],[-47.688812,-22.753996],[-47.688681,-22.754883],[-47.686788,-22.754997],[-47.6875,-22.754722]],[[-47.668787,-22.754976],[-47.668787,-22.754976]],[[-47.582419,-22.756211],[-47.582419,-22.756211]],[[-47.686612,-22.754431],[-47.686612,-22.754431]],[[-47.582171,-22.75615],[-47.582171,-22.75615]],[[-47.582605,-22.756039],[-47.582605,-22.756039]],[[-47.686119,-22.75432],[-47.686119,-22.75432]],[[-47.581726,-22.756006],[-47.581726,-22.756006]],[[-47.582029,-22.755917],[-47.582029,-22.755917]],[[-47.58193,-22.755859],[-47.58193,-22.755859]],[[-47.582414,-22.755829],[-47.582414,-22.755829]],[[-47.583333,-22.755776],[-47.583205,-22.756575],[-47.585643,-22.757792],[-47.5878,-22.757034],[-47.587104,-22.755876],[-47.583333,-22.755776]],[[-47.581691,-22.755786],[-47.581691,-22.755786]],[[-47.532652,-22.756566],[-47.532652,-22.756566]],[[-47.582622,-22.755751],[-47.582622,-22.755751]],[[-47.685912,-22.75404],[-47.685305,-22.754027],[-47.685912,-22.75404]],[[-47.582444,-22.755719],[-47.582444,-22.755719]],[[-47.582301,-22.755692],[-47.582301,-22.755692]],[[-47.582135,-22.755659],[-47.582135,-22.755659]],[[-47.581915,-22.755628],[-47.581915,-22.755628]],[[-47.581703,-22.75559],[-47.581703,-22.75559]],[[-47.57956,-22.754747],[-47.57956,-22.754747]],[[-47.532474,-22.755208],[-47.532474,-22.755208]],[[-47.689557,-22.752444],[-47.689557,-22.752444]],[[-47.692254,-22.752161],[-47.692254,-22.752161]],[[-47.713035,-22.751783],[-47.713035,-22.751783]],[[-47.678757,-22.752094],[-47.678757,-22.752094]],[[-47.531119,-22.753005],[-47.531119,-22.753005]],[[-47.604012,-22.751742],[-47.604012,-22.751742]],[[-47.675456,-22.750557],[-47.676314,-22.750369],[-47.675456,-22.750557]],[[-47.531505,-22.752785],[-47.531505,-22.752785]],[[-47.603073,-22.751171],[-47.603073,-22.751171]],[[-47.724715,-22.748351],[-47.724715,-22.748351]],[[-47.724627,-22.748282],[-47.724627,-22.748282]],[[-47.606406,-22.75],[-47.606406,-22.75064],[-47.606406,-22.75]],[[-47.605947,-22.749689],[-47.605947,-22.749689]],[[-47.580528,-22.749766],[-47.580528,-22.749766]],[[-47.590974,-22.746997],[-47.59252,-22.748741]],[[-47.581208,-22.747075],[-47.581582,-22.748505],[-47.581208,-22.747075]],[[-47.590965,-22.746515],[-47.590965,-22.746515]],[[-47.590965,-22.746515],[-47.587571,-22.743214]],[[-47.673634,-22.744827],[-47.673634,-22.744827]],[[-47.693883,-22.744282],[-47.693883,-22.744282]],[[-47.69246,-22.743813],[-47.69246,-22.743813]],[[-47.693659,-22.74376],[-47.693659,-22.74376]],[[-47.693682,-22.743726],[-47.693682,-22.743726]],[[-47.69242,-22.743562],[-47.69242,-22.743562]],[[-47.577624,-22.745118],[-47.577624,-22.745118]],[[-47.578426,-22.745053],[-47.578426,-22.745053]],[[-47.577603,-22.744792],[-47.577603,-22.744792]],[[-47.577554,-22.744781],[-47.577554,-22.744781]],[[-47.695619,-22.742555],[-47.695619,-22.742555]],[[-47.529794,-22.744405],[-47.529794,-22.744405]],[[-47.587791,-22.742959],[-47.587674,-22.74321]],[[-47.529473,-22.741903],[-47.529473,-22.741903]],[[-47.584557,-22.739981],[-47.584557,-22.739981]],[[-47.559646,-22.739999],[-47.559646,-22.739999]],[[-47.58133,-22.739126],[-47.58133,-22.739126]],[[-47.535801,-22.739583],[-47.535801,-22.739583]],[[-47.529032,-22.738689],[-47.529032,-22.738689]],[[-47.567387,-22.737198],[-47.567387,-22.737198]],[[-47.58668,-22.73585],[-47.58668,-22.73585]],[[-47.53304,-22.736229],[-47.53304,-22.736229]],[[-47.672715,-22.733931],[-47.672715,-22.733931]],[[-47.672128,-22.733731],[-47.672128,-22.733731]],[[-47.672036,-22.733642],[-47.672036,-22.733642]],[[-47.671907,-22.733562],[-47.671907,-22.733562]],[[-47.671875,-22.733463],[-47.671875,-22.733463]],[[-47.67206,-22.733292],[-47.67206,-22.733292]],[[-47.591869,-22.734375],[-47.591868,-22.735431],[-47.593487,-22.734282],[-47.592734,-22.733291],[-47.591869,-22.734375]],[[-47.556672,-22.733243],[-47.556672,-22.733243]],[[-47.556598,-22.732908],[-47.556598,-22.732908]],[[-47.593132,-22.731885],[-47.592768,-22.730925],[-47.5923,-22.732833],[-47.593132,-22.731885]],[[-47.601559,-22.731472],[-47.601559,-22.731472]],[[-47.566586,-22.731945],[-47.565751,-22.731153],[-47.566586,-22.731945]],[[-47.538616,-22.732307],[-47.538616,-22.732307]],[[-47.565642,-22.730971],[-47.565642,-22.730971]],[[-47.565702,-22.730916],[-47.565702,-22.730916]],[[-47.565713,-22.730829],[-47.565713,-22.730829]],[[-47.676266,-22.728401],[-47.676266,-22.728401]],[[-47.557267,-22.730292],[-47.557036,-22.73143],[-47.557267,-22.730292]],[[-47.675252,-22.728233],[-47.675252,-22.728233]],[[-47.66084,-22.727155],[-47.665502,-22.72722],[-47.66425,-22.728009],[-47.664539,-22.727479],[-47.66084,-22.727155]],[[-47.586654,-22.727498],[-47.586654,-22.727498]],[[-47.557292,-22.727379],[-47.557366,-22.729103],[-47.557292,-22.727379]],[[-47.694399,-22.72322],[-47.694399,-22.72322]],[[-47.593036,-22.724476],[-47.593036,-22.724476]],[[-47.592959,-22.724402],[-47.592959,-22.724402]],[[-47.694142,-22.722455],[-47.694142,-22.722455]],[[-47.603421,-22.722621],[-47.603421,-22.722621]],[[-47.587545,-22.721375],[-47.587545,-22.721375]],[[-47.689934,-22.719053],[-47.689934,-22.719053]],[[-47.611937,-22.71875],[-47.612977,-22.718883],[-47.613086,-22.715195],[-47.61234,-22.714895],[-47.611937,-22.71875]],[[-47.590302,-22.717376],[-47.590302,-22.717376]],[[-47.590039,-22.717208],[-47.590039,-22.717208]],[[-47.6217,-22.716514],[-47.622385,-22.716378],[-47.6217,-22.716514]],[[-47.629382,-22.716296],[-47.629382,-22.716296]],[[-47.628679,-22.715347],[-47.628679,-22.715347]],[[-47.601818,-22.713542],[-47.602982,-22.713437],[-47.602507,-22.716341],[-47.601439,-22.717427],[-47.601818,-22.713542]],[[-47.631148,-22.712542],[-47.631533,-22.713237],[-47.632314,-22.712738],[-47.631148,-22.712542]],[[-47.647015,-22.709842],[-47.647015,-22.709842]],[[-47.646528,-22.70968],[-47.646528,-22.70968]],[[-47.632607,-22.70946],[-47.632607,-22.70946]],[[-47.632356,-22.709313],[-47.632356,-22.709313]],[[-47.630766,-22.708919],[-47.630766,-22.708919]],[[-47.630527,-22.707604],[-47.630527,-22.707604]],[[-47.630425,-22.707531],[-47.630425,-22.707531]],[[-47.667166,-22.706802],[-47.667166,-22.706802]],[[-47.667228,-22.706532],[-47.667228,-22.706532]],[[-47.6672,-22.706374],[-47.6672,-22.706374]],[[-47.640367,-22.706805],[-47.640367,-22.706805]],[[-47.640404,-22.706776],[-47.640404,-22.706776]],[[-47.640308,-22.706708],[-47.640308,-22.706708]],[[-47.609515,-22.707004],[-47.607086,-22.708393],[-47.607066,-22.709711],[-47.609416,-22.708968],[-47.609515,-22.707004]],[[-47.633373,-22.705153],[-47.633373,-22.705153]],[[-47.596702,-22.705507],[-47.596702,-22.705507]],[[-47.596731,-22.705327],[-47.596731,-22.705327]],[[-47.616743,-22.70482],[-47.616743,-22.70482]],[[-47.625493,-22.704296],[-47.625493,-22.704296]],[[-47.63344,-22.703763],[-47.63344,-22.703763]],[[-47.593606,-22.704051],[-47.592994,-22.704122],[-47.593606,-22.704051]],[[-47.604964,-22.702467],[-47.604964,-22.702467]],[[-47.604973,-22.70238],[-47.604973,-22.70238]],[[-47.614238,-22.700273],[-47.614238,-22.700273]],[[-47.614466,-22.700239],[-47.614466,-22.700239]],[[-47.614583,-22.700096],[-47.614382,-22.701427],[-47.617154,-22.700995],[-47.619485,-22.699129],[-47.615264,-22.698965],[-47.614583,-22.700096]],[[-47.609385,-22.699734],[-47.609385,-22.699734]],[[-47.612204,-22.699363],[-47.612204,-22.699363]],[[-47.596974,-22.699581],[-47.596229,-22.699438],[-47.596974,-22.699581]],[[-47.612066,-22.699244],[-47.612066,-22.699244]],[[-47.646298,-22.698676],[-47.646298,-22.698676]],[[-47.628352,-22.698199],[-47.628352,-22.698199]],[[-47.628567,-22.697917],[-47.628567,-22.697917]],[[-47.644292,-22.696953],[-47.644992,-22.697797],[-47.645702,-22.697278],[-47.644862,-22.695912],[-47.644292,-22.696953]],[[-47.640224,-22.696952],[-47.640224,-22.696952]],[[-47.639412,-22.69673],[-47.639412,-22.69673]],[[-47.619981,-22.696616],[-47.619981,-22.696616]],[[-47.646788,-22.695767],[-47.647508,-22.695534],[-47.646788,-22.695767]],[[-47.619647,-22.695959],[-47.619647,-22.695959]],[[-47.651042,-22.695243],[-47.651042,-22.695243]],[[-47.651154,-22.695176],[-47.651154,-22.695176]],[[-47.650864,-22.695162],[-47.650864,-22.695162]],[[-47.651035,-22.695068],[-47.651035,-22.695068]],[[-47.630208,-22.69536],[-47.630816,-22.69523],[-47.630208,-22.69536]],[[-47.651042,-22.694972],[-47.651042,-22.694972]],[[-47.633468,-22.69491],[-47.634258,-22.694384],[-47.633468,-22.69491]],[[-47.638668,-22.692823],[-47.638668,-22.692823]],[[-47.635139,-22.686419],[-47.635139,-22.686419]],[[-47.632841,-22.685589],[-47.632841,-22.685589]],[[-47.731068,-22.683453],[-47.731068,-22.683453]],[[-47.65668,-22.683776],[-47.65668,-22.683776]],[[-47.611493,-22.683091],[-47.612821,-22.683091],[-47.612608,-22.684927],[-47.61176,-22.68479],[-47.611972,-22.683667],[-47.61099,-22.683773],[-47.611493,-22.683091]],[[-47.619792,-22.682615],[-47.619275,-22.680325],[-47.622457,-22.683527],[-47.620888,-22.684717],[-47.619792,-22.682615]],[[-47.719867,-22.680478],[-47.719867,-22.680478]],[[-47.719883,-22.680066],[-47.719883,-22.680066]],[[-47.619792,-22.681031],[-47.619792,-22.681031]],[[-47.744792,-22.678748],[-47.744792,-22.678748]],[[-47.74625,-22.677083],[-47.74625,-22.677083]],[[-47.722203,-22.676843],[-47.722203,-22.676843]],[[-47.768933,-22.672397],[-47.768941,-22.672392]],[[-47.768933,-22.672397],[-47.768933,-22.672397]],[[-47.76963,-22.672363],[-47.771039,-22.673263]],[[-47.767672,-22.671928],[-47.766785,-22.67162]],[[-47.767691,-22.671926],[-47.768933,-22.672397]],[[-47.771317,-22.668802],[-47.771565,-22.669467],[-47.771421,-22.667578],[-47.771317,-22.668802]],[[-47.787973,-22.66292],[-47.787973,-22.66292]],[[-47.784286,-22.662908],[-47.783949,-22.663947],[-47.784286,-22.662908]],[[-47.787866,-22.662826],[-47.789265,-22.663076],[-47.787866,-22.662826]],[[-47.715845,-22.662637],[-47.715845,-22.662637]],[[-47.697058,-22.661458],[-47.697058,-22.661458]],[[-47.698325,-22.659323],[-47.698325,-22.659323]],[[-47.698369,-22.659284],[-47.698369,-22.659284]],[[-47.69898,-22.657942],[-47.69898,-22.657942]],[[-47.699903,-22.657075],[-47.699903,-22.657075]],[[-47.69993,-22.656887],[-47.69993,-22.656887]],[[-47.731886,-22.624321],[-47.731886,-22.624321]],[[-47.736892,-22.621197],[-47.736892,-22.621197]],[[-47.741135,-22.618358],[-47.741135,-22.618358]],[[-47.739225,-22.616834],[-47.739225,-22.616834]],[[-47.739583,-22.615496],[-47.739583,-22.615496]],[[-47.739657,-22.615146],[-47.739105,-22.615418],[-47.739657,-22.615146]],[[-47.739951,-22.614689],[-47.739951,-22.614689]],[[-47.60436,-22.568428],[-47.60436,-22.568428]],[[-47.604656,-22.568258],[-47.604656,-22.568258]]]}},{"type":"Feature","properties":{"tipo":"Alagado com Vegetação","nome":"Alagado com Vegetação"},"geometry":{"type":"MultiLineString","coordinates":[[[-47.631275,-22.744297],[-47.631275,-22.744297]]]}},{"type":"Feature","properties":{"tipo":"Alagado sem Vegetação","nome":"Alagado sem Vegetação"},"geometry":{"type":"MultiLineString","coordinates":[[[-47.689442,-22.807292],[-47.688495,-22.806218],[-47.689442,-22.807292]],[[-47.688187,-22.805663],[-47.688187,-22.805663]],[[-47.688981,-22.805282],[-47.688117,-22.805469],[-47.688981,-22.805282]],[[-47.689123,-22.804964],[-47.689123,-22.804964]],[[-47.689733,-22.804119],[-47.688662,-22.804174],[-47.689733,-22.804119]],[[-47.688965,-22.804035],[-47.688965,-22.804035]],[[-47.689319,-22.80396],[-47.689319,-22.80396]],[[-47.6891,-22.803607],[-47.6891,-22.803607]],[[-47.678003,-22.802542],[-47.678003,-22.802542]],[[-47.678035,-22.801952],[-47.678035,-22.801952]],[[-47.679959,-22.801693],[-47.679959,-22.801693]],[[-47.678325,-22.801627],[-47.678325,-22.801627]],[[-47.680569,-22.800493],[-47.680569,-22.800493]],[[-47.679727,-22.800445],[-47.679727,-22.800445]],[[-47.680239,-22.799959],[-47.680239,-22.799959]],[[-47.680426,-22.799844],[-47.680426,-22.799844]],[[-47.680004,-22.799599],[-47.680004,-22.799599]],[[-47.680604,-22.799524],[-47.680604,-22.799524]],[[-47.679824,-22.799277],[-47.679824,-22.799277]],[[-47.680117,-22.799195],[-47.680117,-22.799195]],[[-47.681434,-22.798935],[-47.681434,-22.798935]],[[-47.653904,-22.795935],[-47.653904,-22.795935]],[[-47.654212,-22.795723],[-47.654212,-22.795723]],[[-47.654282,-22.795519],[-47.654282,-22.795519]],[[-47.654436,-22.795376],[-47.654436,-22.795376]],[[-47.654429,-22.795154],[-47.653889,-22.794585],[-47.654429,-22.795154]],[[-47.654789,-22.7949],[-47.654789,-22.7949]],[[-47.66984,-22.787987],[-47.669418,-22.78754],[-47.66984,-22.787987]],[[-47.670273,-22.787508],[-47.670273,-22.787508]],[[-47.670076,-22.787018],[-47.669422,-22.787184],[-47.670076,-22.787018]],[[-47.670596,-22.786458],[-47.670596,-22.786458]],[[-47.662389,-22.781379],[-47.662389,-22.781379]],[[-47.657696,-22.781451],[-47.657696,-22.781451]],[[-47.647176,-22.78125],[-47.64736,-22.782049],[-47.647176,-22.78125]],[[-47.646836,-22.78125],[-47.646536,-22.782638],[-47.646836,-22.78125]],[[-47.65688,-22.780582],[-47.65688,-22.780582]],[[-47.641952,-22.780515],[-47.641952,-22.780515]],[[-47.642086,-22.780504],[-47.642086,-22.780504]],[[-47.644988,-22.779348],[-47.644988,-22.779348]],[[-47.655095,-22.774918],[-47.655095,-22.774918]],[[-47.65355,-22.773801],[-47.652844,-22.77404],[-47.653332,-22.773188],[-47.65355,-22.773801]],[[-47.641577,-22.773244],[-47.641577,-22.773244]],[[-47.673885,-22.77191],[-47.673885,-22.77191]],[[-47.680283,-22.771799],[-47.680283,-22.771799]],[[-47.526207,-22.773288],[-47.526207,-22.773288]],[[-47.648871,-22.771287],[-47.648871,-22.771287]],[[-47.672085,-22.770833],[-47.672085,-22.770833]],[[-47.639055,-22.771029],[-47.639055,-22.771029]],[[-47.636242,-22.764188],[-47.636242,-22.764188]],[[-47.636145,-22.764164],[-47.636145,-22.764164]],[[-47.535292,-22.765625],[-47.535292,-22.765625]],[[-47.634186,-22.763529],[-47.634186,-22.763529]],[[-47.636673,-22.763471],[-47.636673,-22.763471]],[[-47.635877,-22.763478],[-47.635877,-22.763478]],[[-47.635854,-22.763164],[-47.635854,-22.763164]],[[-47.698532,-22.759596],[-47.698532,-22.759596]],[[-47.532703,-22.762088],[-47.532703,-22.762088]],[[-47.534054,-22.761438],[-47.534054,-22.761438]],[[-47.535321,-22.760433],[-47.535321,-22.760433]],[[-47.665537,-22.756369],[-47.665537,-22.756369]],[[-47.667431,-22.754978],[-47.667431,-22.754978]],[[-47.66803,-22.754958],[-47.66803,-22.754958]],[[-47.579574,-22.75504],[-47.579574,-22.75504]],[[-47.68685,-22.752888],[-47.68685,-22.752888]],[[-47.690042,-22.751617],[-47.690042,-22.751617]],[[-47.527321,-22.749355],[-47.527321,-22.749355]],[[-47.527812,-22.748662],[-47.527812,-22.748662]],[[-47.527937,-22.748087],[-47.527937,-22.748087]],[[-47.529191,-22.747477],[-47.529191,-22.747477]],[[-47.510762,-22.747751],[-47.510762,-22.747751]],[[-47.528864,-22.747057],[-47.528864,-22.747057]],[[-47.59701,-22.744792],[-47.59701,-22.744792]],[[-47.530585,-22.74457],[-47.530585,-22.74457]],[[-47.584596,-22.743489],[-47.584596,-22.743489]],[[-47.529831,-22.742539],[-47.529831,-22.742539]],[[-47.586288,-22.741625],[-47.586288,-22.741625]],[[-47.600022,-22.738926],[-47.600022,-22.738926]],[[-47.560148,-22.738348],[-47.559919,-22.739382],[-47.560148,-22.738348]],[[-47.591679,-22.736191],[-47.591679,-22.736191]],[[-47.538117,-22.731915],[-47.537536,-22.732789],[-47.538117,-22.731915]],[[-47.604167,-22.728455],[-47.604167,-22.728455]],[[-47.605895,-22.725089],[-47.605895,-22.725089]],[[-47.674109,-22.721407],[-47.674109,-22.721407]],[[-47.675473,-22.71986],[-47.675473,-22.71986]],[[-47.60169,-22.717665],[-47.60169,-22.717665]],[[-47.601775,-22.717603],[-47.601775,-22.717603]],[[-47.601748,-22.717601],[-47.601748,-22.717601]],[[-47.601741,-22.717423],[-47.601741,-22.717423]],[[-47.601716,-22.717411],[-47.601716,-22.717411]],[[-47.614583,-22.710619],[-47.614143,-22.711809],[-47.614583,-22.710619]],[[-47.602291,-22.706447],[-47.602291,-22.706447]],[[-47.595452,-22.703125],[-47.595452,-22.703125]],[[-47.599948,-22.702026],[-47.599948,-22.702026]],[[-47.600883,-22.701895],[-47.600883,-22.701895]],[[-47.672472,-22.700128],[-47.672472,-22.700128]],[[-47.615174,-22.701017],[-47.617154,-22.700995],[-47.614174,-22.701297],[-47.615174,-22.701017]],[[-47.617973,-22.700821],[-47.617973,-22.700821]],[[-47.618185,-22.700632],[-47.618185,-22.700632]],[[-47.613715,-22.700399],[-47.613715,-22.700399]],[[-47.608685,-22.700411],[-47.608781,-22.700369]],[[-47.608921,-22.700367],[-47.609287,-22.699851],[-47.608791,-22.700235]],[[-47.608438,-22.700324],[-47.608568,-22.70045]],[[-47.608622,-22.700211],[-47.608544,-22.700268]],[[-47.591375,-22.700399],[-47.591375,-22.700399]],[[-47.590988,-22.700345],[-47.590988,-22.700345]],[[-47.618727,-22.69987],[-47.618727,-22.69987]],[[-47.594299,-22.700151],[-47.594299,-22.700151]],[[-47.597511,-22.699983],[-47.597511,-22.699983]],[[-47.618186,-22.698868],[-47.618186,-22.698868]],[[-47.61104,-22.697846],[-47.61104,-22.697846]],[[-47.632608,-22.695009],[-47.632608,-22.695009]],[[-47.632885,-22.694595],[-47.632885,-22.694595]],[[-47.777262,-22.691873],[-47.777262,-22.691873]],[[-47.777077,-22.691026],[-47.777077,-22.691026]],[[-47.629021,-22.692708],[-47.629021,-22.692708]],[[-47.776912,-22.690208],[-47.776912,-22.690208]],[[-47.776926,-22.690084],[-47.776926,-22.690084]],[[-47.628877,-22.691828],[-47.628877,-22.691828]],[[-47.75245,-22.6875],[-47.75036,-22.685505],[-47.75245,-22.6875]],[[-47.751395,-22.686116],[-47.751395,-22.686116]],[[-47.751962,-22.686082],[-47.751962,-22.686082]],[[-47.751822,-22.686082],[-47.751822,-22.686082]],[[-47.609294,-22.683151],[-47.609294,-22.683151]],[[-47.748199,-22.680271],[-47.748199,-22.680271]],[[-47.74836,-22.679811],[-47.74836,-22.679811]],[[-47.671591,-22.673696],[-47.671591,-22.673696]],[[-47.669904,-22.67223],[-47.669904,-22.67223]],[[-47.710144,-22.665277],[-47.710144,-22.665277]],[[-47.689473,-22.665037],[-47.689473,-22.665037]],[[-47.702599,-22.660946],[-47.702599,-22.660946]],[[-47.700559,-22.660768],[-47.700559,-22.660768]],[[-47.691005,-22.659485],[-47.691005,-22.659485]],[[-47.691045,-22.659424],[-47.691045,-22.659424]],[[-47.698617,-22.658897],[-47.698617,-22.658897]],[[-47.695991,-22.658821],[-47.695991,-22.658821]],[[-47.69889,-22.658412],[-47.69889,-22.658412]],[[-47.69937,-22.657669],[-47.69937,-22.657669]],[[-47.699461,-22.657584],[-47.699461,-22.657584]],[[-47.699712,-22.657405],[-47.699712,-22.657405]],[[-47.700707,-22.654404],[-47.700707,-22.654404]],[[-47.70352,-22.654059],[-47.70352,-22.654059]],[[-47.703125,-22.65406],[-47.703125,-22.65406]],[[-47.70282,-22.653786],[-47.70282,-22.653786]],[[-47.702115,-22.65378],[-47.702115,-22.65378]],[[-47.60645,-22.573759],[-47.60645,-22.573759]]]}},{"type":"Feature","properties":{"tipo":"Canal","nome":"Canal"},"geometry":{"type":"MultiLineString","coordinates":[[[-47.650891,-22.778177],[-47.650235,-22.776621]],[[-47.650223,-22.776625],[-47.650879,-22.778185]],[[-47.649678,-22.775313],[-47.650125,-22.776395]],[[-47.649687,-22.77531],[-47.650139,-22.776391]],[[-47.649603,-22.775145],[-47.649145,-22.774088]],[[-47.649613,-22.775141],[-47.649152,-22.774084]],[[-47.649054,-22.773879],[-47.648689,-22.773189],[-47.649065,-22.773876]],[[-47.641271,-22.773888],[-47.641267,-22.773873]],[[-47.590813,-22.768364],[-47.590659,-22.768238]],[[-47.590673,-22.768228],[-47.590824,-22.768354]],[[-47.526922,-22.76454],[-47.526926,-22.764521]],[[-47.525647,-22.763884],[-47.525771,-22.763894]],[[-47.525656,-22.763876],[-47.525767,-22.763892]],[[-47.524973,-22.763154],[-47.52505,-22.763136]],[[-47.525045,-22.76313],[-47.524973,-22.763145]],[[-47.524574,-22.763089],[-47.524632,-22.763074]],[[-47.524571,-22.763082],[-47.524627,-22.763066]],[[-47.61476,-22.75136],[-47.61476,-22.75136]],[[-47.644927,-22.743932],[-47.644385,-22.745057],[-47.644911,-22.743925]],[[-47.644932,-22.743923],[-47.645549,-22.742732]],[[-47.644916,-22.743915],[-47.645537,-22.742725]],[[-47.645553,-22.742722],[-47.645869,-22.742146]],[[-47.64584,-22.742133],[-47.64554,-22.742716]],[[-47.645921,-22.742044],[-47.646199,-22.741499]],[[-47.645894,-22.742032],[-47.646186,-22.741492]],[[-47.646203,-22.74149],[-47.646629,-22.740678]],[[-47.64619,-22.741484],[-47.646616,-22.740672]],[[-47.647054,-22.739825],[-47.646634,-22.740668]],[[-47.647036,-22.73982],[-47.646621,-22.740662]],[[-47.646999,-22.738313],[-47.647133,-22.73814]],[[-47.647149,-22.73815],[-47.647022,-22.73833]],[[-47.647899,-22.736697],[-47.647264,-22.738001]],[[-47.647885,-22.736693],[-47.647236,-22.737982]],[[-47.647889,-22.736681],[-47.648002,-22.736333]],[[-47.648027,-22.736341],[-47.647903,-22.736685]],[[-47.627118,-22.731865],[-47.627274,-22.731716]],[[-47.627286,-22.731705],[-47.627349,-22.731634]],[[-47.627252,-22.731689],[-47.627103,-22.731841]],[[-47.627334,-22.731619],[-47.627263,-22.731678]],[[-47.593307,-22.730486],[-47.592544,-22.724006]],[[-47.592614,-22.723999],[-47.593309,-22.730495]],[[-47.65353,-22.719476],[-47.653278,-22.719602]],[[-47.687128,-22.718556],[-47.687139,-22.718465]],[[-47.686726,-22.718527],[-47.687074,-22.718477]],[[-47.654172,-22.719068],[-47.653242,-22.719632]],[[-47.654158,-22.719049],[-47.653529,-22.719472]],[[-47.687131,-22.718471],[-47.687121,-22.718556]],[[-47.687073,-22.718472],[-47.686725,-22.718518]],[[-47.652591,-22.717099],[-47.651472,-22.716453]],[[-47.652089,-22.716977],[-47.652629,-22.717071]],[[-47.651378,-22.716466],[-47.652083,-22.716986]],[[-47.61219,-22.714973],[-47.612242,-22.714827]],[[-47.612224,-22.714819],[-47.612168,-22.71501]],[[-47.63406,-22.705134],[-47.634991,-22.703797]],[[-47.63496,-22.703786],[-47.634044,-22.705123]],[[-47.635158,-22.702763],[-47.635039,-22.703648]],[[-47.635135,-22.702763],[-47.635013,-22.703642]],[[-47.665237,-22.701326],[-47.667471,-22.7014],[-47.665242,-22.701314]],[[-47.665152,-22.701294],[-47.664279,-22.700437]],[[-47.665156,-22.701282],[-47.664289,-22.700428]],[[-47.668724,-22.700585],[-47.668254,-22.701153],[-47.668724,-22.700585]],[[-47.663667,-22.699769],[-47.663414,-22.699619]],[[-47.663673,-22.699758],[-47.663419,-22.699607]],[[-47.663344,-22.699595],[-47.662479,-22.699614]],[[-47.663349,-22.699583],[-47.662472,-22.699603]],[[-47.669126,-22.699385],[-47.668818,-22.700304],[-47.669126,-22.699385]],[[-47.669232,-22.698906],[-47.669149,-22.698096],[-47.669232,-22.698906]],[[-47.606931,-22.699684],[-47.606224,-22.699553],[-47.606931,-22.699684]],[[-47.66887,-22.697756],[-47.66887,-22.697756]],[[-47.630334,-22.697146],[-47.629284,-22.697075]],[[-47.63035,-22.697119],[-47.629283,-22.69705]],[[-47.629252,-22.697049],[-47.628862,-22.698608],[-47.629259,-22.697064]],[[-47.627711,-22.696766],[-47.628103,-22.698375],[-47.628052,-22.696684]],[[-47.62767,-22.696754],[-47.627659,-22.698028],[-47.627678,-22.696775]],[[-47.628025,-22.696659],[-47.627703,-22.696745]],[[-47.62804,-22.696657],[-47.628048,-22.696666]],[[-47.628108,-22.696637],[-47.628929,-22.696398]],[[-47.628035,-22.696617],[-47.627723,-22.696671]],[[-47.628059,-22.696614],[-47.631675,-22.694439],[-47.627699,-22.696665]],[[-47.628939,-22.696431],[-47.628115,-22.696659]],[[-47.629003,-22.69641],[-47.630709,-22.695923]],[[-47.630749,-22.695912],[-47.631127,-22.695992]],[[-47.630709,-22.695896],[-47.628992,-22.696382]],[[-47.63075,-22.695888],[-47.631134,-22.695964]],[[-47.629978,-22.695596],[-47.630955,-22.695258]],[[-47.630966,-22.695274],[-47.62998,-22.69561]],[[-47.630981,-22.695249],[-47.631665,-22.695015],[-47.630986,-22.695268]],[[-47.758003,-22.668938],[-47.758003,-22.668938]],[[-47.75778,-22.668706],[-47.757772,-22.668714]]]}},{"type":"Feature","properties":{"tipo":"Corredeira","nome":"Corredeira"},"geometry":{"type":"MultiLineString","coordinates":[[[-47.65625,-22.71993],[-47.655305,-22.719882],[-47.655609,-22.721013],[-47.656648,-22.720788],[-47.65625,-22.71993]],[[-47.654392,-22.718393],[-47.655136,-22.71846],[-47.654871,-22.719235],[-47.654392,-22.718393]],[[-47.676127,-22.717585],[-47.676127,-22.717585]],[[-47.654903,-22.717698],[-47.653111,-22.715095],[-47.651111,-22.714693],[-47.654191,-22.717202],[-47.654386,-22.718362],[-47.654903,-22.717698]],[[-47.676456,-22.717107],[-47.676739,-22.717699],[-47.676456,-22.717107]],[[-47.651245,-22.714041],[-47.650327,-22.713517],[-47.650942,-22.711343],[-47.651681,-22.711274],[-47.652017,-22.713922]],[[-47.624817,-22.714354],[-47.624817,-22.714354]],[[-47.651042,-22.709385],[-47.651795,-22.71028],[-47.651042,-22.709385]],[[-47.651042,-22.707275],[-47.651151,-22.706508],[-47.651042,-22.707275]],[[-47.627381,-22.706238],[-47.626361,-22.707523],[-47.627839,-22.705537],[-47.627381,-22.706238]],[[-47.627863,-22.705329],[-47.631134,-22.706081],[-47.630025,-22.700083],[-47.631132,-22.705959],[-47.62856,-22.704851],[-47.627863,-22.705329]],[[-47.630001,-22.69992],[-47.629856,-22.698767],[-47.630001,-22.69992]],[[-47.629937,-22.698348],[-47.629937,-22.698348]],[[-47.630136,-22.697727],[-47.630136,-22.697727]],[[-47.630556,-22.697279],[-47.630556,-22.697279]]]}},{"type":"Feature","properties":{"tipo":"Perene","nome":"Perene"},"geometry":{"type":"MultiLineString","coordinates":[[[-47.853313,-22.903509],[-47.853313,-22.903509]],[[-47.839456,-22.903673],[-47.840777,-22.899611]],[[-47.857506,-22.903069],[-47.857506,-22.903069]],[[-47.855215,-22.902812],[-47.855215,-22.902812]],[[-47.861541,-22.902222],[-47.862606,-22.90066]],[[-47.843797,-22.902456],[-47.843601,-22.903183]],[[-47.867339,-22.901857],[-47.865246,-22.904073]],[[-47.857744,-22.901835],[-47.857744,-22.901835]],[[-47.86754,-22.901464],[-47.867458,-22.901647]],[[-47.852273,-22.901635],[-47.851498,-22.904234]],[[-47.852129,-22.901508],[-47.852129,-22.901508]],[[-47.853686,-22.901469],[-47.853686,-22.901469]],[[-47.852395,-22.901486],[-47.85259,-22.901301]],[[-47.845579,-22.90159],[-47.845579,-22.901594]],[[-47.845579,-22.90159],[-47.845867,-22.901463]],[[-47.848723,-22.90149],[-47.848808,-22.901489]],[[-47.845867,-22.901465],[-47.845867,-22.901463]],[[-47.845867,-22.901463],[-47.845579,-22.90159]],[[-47.845867,-22.901463],[-47.845866,-22.901462]],[[-47.845866,-22.901462],[-47.845867,-22.901462]],[[-47.845866,-22.901462],[-47.845866,-22.901462]],[[-47.85259,-22.901301],[-47.85259,-22.901301]],[[-47.848961,-22.901336],[-47.849639,-22.900796]],[[-47.851471,-22.901268],[-47.852129,-22.901508]],[[-47.850837,-22.901267],[-47.851236,-22.901358]],[[-47.844734,-22.901311],[-47.842136,-22.903685]],[[-47.852593,-22.90115],[-47.853326,-22.900728]],[[-47.84591,-22.901263],[-47.847491,-22.901124]],[[-47.845107,-22.901244],[-47.845579,-22.90159]],[[-47.844704,-22.901201],[-47.844703,-22.901201]],[[-47.844704,-22.901201],[-47.844704,-22.901201]],[[-47.856353,-22.90099],[-47.856449,-22.900964]],[[-47.850606,-22.901078],[-47.850606,-22.901078]],[[-47.850606,-22.901078],[-47.850598,-22.901067]],[[-47.856449,-22.900964],[-47.856449,-22.900964]],[[-47.84761,-22.90102],[-47.848723,-22.901498],[-47.847926,-22.900935]],[[-47.856228,-22.900862],[-47.856231,-22.900869]],[[-47.856228,-22.900862],[-47.856231,-22.900818]],[[-47.853566,-22.900892],[-47.853566,-22.900892]],[[-47.856231,-22.900818],[-47.856233,-22.900821]],[[-47.856231,-22.900818],[-47.856228,-22.900862]],[[-47.856556,-22.900796],[-47.856573,-22.900716]],[[-47.850076,-22.900909],[-47.850606,-22.901078]],[[-47.853785,-22.900841],[-47.856228,-22.900862]],[[-47.862606,-22.90066],[-47.862607,-22.900657]],[[-47.862606,-22.90066],[-47.862606,-22.90066]],[[-47.853438,-22.900808],[-47.853566,-22.900892]],[[-47.856573,-22.900716],[-47.856641,-22.900471]],[[-47.853326,-22.900728],[-47.853326,-22.900728]],[[-47.83624,-22.900954],[-47.837987,-22.898061]],[[-47.863599,-22.900447],[-47.863597,-22.900444]],[[-47.863597,-22.900444],[-47.863596,-22.900445]],[[-47.863597,-22.900444],[-47.863597,-22.900444]],[[-47.863604,-22.90042],[-47.863651,-22.900421]],[[-47.862621,-22.90037],[-47.862784,-22.900029]],[[-47.856641,-22.900471],[-47.856573,-22.900716]],[[-47.856641,-22.900471],[-47.856699,-22.900382]],[[-47.858618,-22.90042],[-47.85963,-22.90015],[-47.858618,-22.90042]],[[-47.856844,-22.900396],[-47.856844,-22.900385]],[[-47.856844,-22.900396],[-47.857447,-22.900303],[-47.856844,-22.900396]],[[-47.856699,-22.900382],[-47.856698,-22.900383]],[[-47.856699,-22.900382],[-47.856699,-22.900382]],[[-47.857454,-22.900264],[-47.858627,-22.90043],[-47.857777,-22.900246]],[[-47.863703,-22.900095],[-47.863766,-22.90011]],[[-47.859638,-22.900135],[-47.859687,-22.899518]],[[-47.867292,-22.899937],[-47.867543,-22.901452],[-47.867292,-22.899937]],[[-47.867292,-22.899937],[-47.867274,-22.898843]],[[-47.85232,-22.900046],[-47.85232,-22.900046]],[[-47.84354,-22.900189],[-47.843546,-22.900191]],[[-47.84354,-22.900189],[-47.844704,-22.901201]],[[-47.863834,-22.899772],[-47.863916,-22.89846]],[[-47.97449,-22.897646],[-47.970735,-22.900437],[-47.969003,-22.900334],[-47.960655,-22.890443],[-47.955018,-22.888987],[-47.947926,-22.889163],[-47.940437,-22.883565],[-47.930708,-22.883721],[-47.927964,-22.88529],[-47.929245,-22.887599]],[[-47.864134,-22.899648],[-47.864134,-22.899648]],[[-47.843247,-22.89993],[-47.84354,-22.900189]],[[-47.859687,-22.899518],[-47.859687,-22.899518]],[[-47.859583,-22.89939],[-47.86096,-22.898783],[-47.859518,-22.899238]],[[-47.86744,-22.899147],[-47.870372,-22.898284],[-47.870554,-22.899886],[-47.872243,-22.901542],[-47.871334,-22.904185]],[[-47.840777,-22.899611],[-47.840777,-22.899609]],[[-47.840777,-22.899611],[-47.841341,-22.899491]],[[-47.855643,-22.899311],[-47.856231,-22.900818]],[[-47.840582,-22.899519],[-47.840777,-22.899611]],[[-47.841462,-22.899483],[-47.843189,-22.899873]],[[-47.855509,-22.899203],[-47.855509,-22.899203]],[[-47.867348,-22.898967],[-47.867356,-22.898989]],[[-47.864099,-22.89897],[-47.864099,-22.89897]],[[-47.992274,-22.896601],[-47.987235,-22.888195],[-47.990974,-22.877087],[-47.989644,-22.872499],[-47.986456,-22.869305],[-47.983021,-22.869803],[-47.98216,-22.876167],[-47.975615,-22.885365],[-47.976325,-22.889592]],[[-47.840514,-22.899277],[-47.841517,-22.896431]],[[-47.867261,-22.898733],[-47.867261,-22.898733]],[[-47.860975,-22.898788],[-47.863227,-22.900467]],[[-47.865629,-22.89863],[-47.865691,-22.898603]],[[-47.865757,-22.898602],[-47.865757,-22.898602]],[[-47.972511,-22.896638],[-47.971792,-22.898161],[-47.972943,-22.897117],[-47.974621,-22.891114],[-47.973026,-22.89519],[-47.973682,-22.890354],[-47.971748,-22.897305],[-47.972741,-22.895694],[-47.972511,-22.896638]],[[-47.865855,-22.898597],[-47.866145,-22.89849]],[[-47.865098,-22.898555],[-47.865149,-22.898698]],[[-47.83968,-22.898971],[-47.84354,-22.900189]],[[-47.83968,-22.898971],[-47.839613,-22.898852]],[[-47.839677,-22.89897],[-47.83968,-22.898971]],[[-47.864674,-22.89845],[-47.864674,-22.89845]],[[-48.010613,-22.895748],[-48.001777,-22.899961],[-47.997594,-22.899203],[-47.992646,-22.89661]],[[-47.863916,-22.89846],[-47.863916,-22.89846]],[[-47.866958,-22.898381],[-47.867261,-22.898733]],[[-47.869506,-22.898332],[-47.869318,-22.895246],[-47.870686,-22.894286]],[[-47.839647,-22.898808],[-47.83968,-22.898971]],[[-47.864069,-22.898366],[-47.861847,-22.896623]],[[-47.866229,-22.898318],[-47.866796,-22.898304]],[[-47.845207,-22.898644],[-47.844277,-22.900443]],[[-47.864416,-22.898285],[-47.864674,-22.89845]],[[-47.996294,-22.895851],[-47.994814,-22.89376],[-47.996294,-22.895851]],[[-47.838969,-22.898403],[-47.839556,-22.898607]],[[-47.838969,-22.898403],[-47.838968,-22.898401]],[[-47.838968,-22.898401],[-47.838969,-22.898403]],[[-47.838968,-22.898401],[-47.838861,-22.898315]],[[-47.838967,-22.898399],[-47.838968,-22.898401]],[[-47.838861,-22.898315],[-47.838969,-22.898403]],[[-47.838803,-22.898291],[-47.838861,-22.898315]],[[-47.838803,-22.898291],[-47.83822,-22.898293]],[[-47.83822,-22.898293],[-47.83822,-22.898292]],[[-47.83822,-22.898293],[-47.838803,-22.898291]],[[-47.838121,-22.898222],[-47.83822,-22.898293]],[[-47.852224,-22.897881],[-47.852827,-22.900637]],[[-47.837987,-22.898061],[-47.837987,-22.898058]],[[-47.837987,-22.898061],[-47.837888,-22.897756]],[[-47.83786,-22.897687],[-47.837987,-22.898061]],[[-47.837655,-22.897492],[-47.837863,-22.897683]],[[-47.837322,-22.897496],[-47.837322,-22.897496]],[[-47.837322,-22.897496],[-47.837322,-22.897496]],[[-47.837593,-22.897468],[-47.837614,-22.897468]],[[-47.837479,-22.897459],[-47.837505,-22.897438]],[[-47.837505,-22.897438],[-47.837506,-22.897438]],[[-47.837505,-22.897438],[-47.837508,-22.897438]],[[-47.837446,-22.89743],[-47.837505,-22.897438]],[[-47.837222,-22.897421],[-47.837225,-22.897415]],[[-47.837222,-22.89742],[-47.837222,-22.897421]],[[-47.837225,-22.897415],[-47.837224,-22.897415]],[[-47.837225,-22.897415],[-47.836449,-22.897134]],[[-47.837224,-22.897415],[-47.837225,-22.897415]],[[-47.837224,-22.897415],[-47.837222,-22.897421]],[[-47.837281,-22.897403],[-47.837292,-22.897411]],[[-47.848303,-22.897189],[-47.847432,-22.900723]],[[-47.831046,-22.897258],[-47.831046,-22.897258]],[[-47.848191,-22.896939],[-47.848191,-22.896939]],[[-47.836449,-22.897134],[-47.837224,-22.897415]],[[-47.836449,-22.897134],[-47.83645,-22.897137]],[[-47.861847,-22.896623],[-47.861848,-22.896625]],[[-47.861847,-22.896623],[-47.861158,-22.896269]],[[-47.994467,-22.893634],[-47.994467,-22.893634]],[[-47.841517,-22.896431],[-47.841518,-22.896432]],[[-47.841517,-22.896431],[-47.841788,-22.894322]],[[-47.860823,-22.896063],[-47.860454,-22.896027]],[[-47.835526,-22.89644],[-47.833057,-22.899285]],[[-47.851841,-22.896124],[-47.852229,-22.897877]],[[-47.840868,-22.89607],[-47.841517,-22.896431]],[[-47.860074,-22.89572],[-47.859225,-22.893827]],[[-47.829506,-22.89624],[-47.830378,-22.897091]],[[-47.859985,-22.895679],[-47.857833,-22.895505]],[[-47.848108,-22.895814],[-47.848235,-22.896919]],[[-47.857833,-22.895505],[-47.857838,-22.895505]],[[-47.857833,-22.895505],[-47.857833,-22.895505]],[[-47.848006,-22.89564],[-47.848006,-22.89564]],[[-47.857651,-22.895363],[-47.855747,-22.894385],[-47.856511,-22.895038]],[[-47.850065,-22.89546],[-47.851634,-22.895216]],[[-47.863189,-22.895108],[-47.861847,-22.896623]],[[-47.850011,-22.895317],[-47.850011,-22.895317]],[[-47.851634,-22.895216],[-47.851637,-22.895217]],[[-47.851634,-22.895216],[-47.851823,-22.895903]],[[-47.841559,-22.895208],[-47.840896,-22.895149]],[[-47.834277,-22.895303],[-47.834275,-22.895301]],[[-47.834275,-22.895301],[-47.836449,-22.897134]],[[-47.834275,-22.895301],[-47.830584,-22.897233]],[[-47.849877,-22.894891],[-47.849877,-22.894891]],[[-47.85449,-22.894758],[-47.85449,-22.894758]],[[-47.854547,-22.894721],[-47.855723,-22.894451]],[[-47.870697,-22.894281],[-47.870445,-22.89304]],[[-47.863426,-22.894252],[-47.863205,-22.894877]],[[-47.855447,-22.894318],[-47.854681,-22.893707]],[[-47.841788,-22.894322],[-47.841796,-22.894318]],[[-47.841788,-22.894322],[-47.84155,-22.893273],[-47.841788,-22.894322]],[[-47.850715,-22.893854],[-47.851634,-22.895216]],[[-47.850951,-22.893745],[-47.850951,-22.893745]],[[-47.841872,-22.893872],[-47.842224,-22.893691]],[[-47.853473,-22.893612],[-47.854208,-22.893322]],[[-47.833503,-22.893847],[-47.833649,-22.893809]],[[-47.874838,-22.893007],[-47.872052,-22.891181]],[[-47.870445,-22.89304],[-47.870486,-22.893438]],[[-47.870445,-22.89304],[-47.869477,-22.891257]],[[-47.853345,-22.893269],[-47.853345,-22.893269]],[[-47.858282,-22.893122],[-47.858959,-22.893479]],[[-47.85424,-22.893186],[-47.854029,-22.892662]],[[-47.854267,-22.89318],[-47.854605,-22.893713],[-47.854267,-22.89318]],[[-47.858985,-22.893074],[-47.859083,-22.893498]],[[-47.841551,-22.893264],[-47.841576,-22.892664]],[[-47.857858,-22.892934],[-47.857858,-22.892934]],[[-47.859013,-22.892832],[-47.859013,-22.892836]],[[-47.859013,-22.892832],[-47.858991,-22.892831]],[[-47.858991,-22.892831],[-47.859013,-22.892832]],[[-47.858991,-22.892831],[-47.858991,-22.892831]],[[-47.85893,-22.892761],[-47.859013,-22.892832]],[[-47.857211,-22.892768],[-47.857858,-22.892934]],[[-47.84686,-22.892763],[-47.847668,-22.891797]],[[-47.856937,-22.892418],[-47.856937,-22.892418]],[[-47.841576,-22.892664],[-47.841576,-22.892664]],[[-47.841576,-22.892664],[-47.841575,-22.891477]],[[-47.856537,-22.892359],[-47.856976,-22.892523]],[[-47.849295,-22.892426],[-47.850483,-22.89347]],[[-47.849226,-22.892386],[-47.849226,-22.892386]],[[-47.851189,-22.892324],[-47.850632,-22.893402]],[[-47.974593,-22.890052],[-47.974593,-22.890052]],[[-47.828736,-22.892716],[-47.833396,-22.893766]],[[-47.869471,-22.891899],[-47.869471,-22.891899]],[[-47.875906,-22.891775],[-47.872713,-22.890622]],[[-47.869689,-22.891822],[-47.869689,-22.891822]],[[-47.851091,-22.89212],[-47.851091,-22.89212]],[[-47.856352,-22.892015],[-47.856352,-22.892015]],[[-47.839564,-22.892227],[-47.83602,-22.896864]],[[-47.975084,-22.889699],[-47.9732,-22.897464],[-47.96977,-22.89975],[-47.961948,-22.890108],[-47.958776,-22.888109],[-47.959132,-22.88648],[-47.959944,-22.886643]],[[-47.976321,-22.889649],[-47.974301,-22.895965],[-47.974517,-22.897881]],[[-47.869627,-22.891596],[-47.869627,-22.891596]],[[-47.975071,-22.889638],[-47.974601,-22.884999],[-47.980675,-22.876641],[-47.981916,-22.868606]],[[-47.855925,-22.891776],[-47.856348,-22.892011]],[[-47.85539,-22.891772],[-47.85539,-22.891772]],[[-47.855552,-22.8917],[-47.855883,-22.8918]],[[-47.870631,-22.891364],[-47.870636,-22.891372]],[[-47.870631,-22.891364],[-47.870625,-22.891351]],[[-47.870625,-22.891351],[-47.870631,-22.891364]],[[-47.870625,-22.891351],[-47.870625,-22.891351]],[[-47.839661,-22.891855],[-47.839661,-22.891855]],[[-47.844562,-22.891754],[-47.845569,-22.895215]],[[-47.869402,-22.891287],[-47.869402,-22.891287]],[[-47.870029,-22.891262],[-47.870571,-22.891047]],[[-47.872052,-22.891181],[-47.870631,-22.891364]],[[-47.872052,-22.891181],[-47.872053,-22.891176]],[[-47.868931,-22.891211],[-47.868929,-22.891211]],[[-47.868723,-22.891104],[-47.868705,-22.889661],[-47.868662,-22.891022]],[[-47.851862,-22.891291],[-47.852329,-22.89101]],[[-47.841538,-22.891299],[-47.841538,-22.891299]],[[-47.83965,-22.891117],[-47.839661,-22.891855]],[[-47.853559,-22.890865],[-47.853559,-22.890865]],[[-47.846752,-22.890917],[-47.845259,-22.898447]],[[-47.852808,-22.890787],[-47.853061,-22.889782]],[[-47.833069,-22.891104],[-47.834275,-22.895301]],[[-47.852527,-22.890664],[-47.852527,-22.890664]],[[-47.833082,-22.890994],[-47.833082,-22.890994]],[[-47.849554,-22.89068],[-47.849554,-22.89068]],[[-47.849678,-22.890343],[-47.850253,-22.887529],[-47.849957,-22.888431]],[[-47.833009,-22.890331],[-47.833103,-22.890903]],[[-47.868703,-22.889657],[-47.868788,-22.88936]],[[-47.855374,-22.889806],[-47.855374,-22.889806]],[[-47.873975,-22.889465],[-47.87341,-22.890035]],[[-47.830596,-22.890213],[-47.830596,-22.890213]],[[-47.868941,-22.889511],[-47.868941,-22.889511]],[[-47.853061,-22.889782],[-47.853244,-22.888789]],[[-47.868932,-22.889494],[-47.868821,-22.889186]],[[-47.830349,-22.890164],[-47.830349,-22.890164]],[[-47.827662,-22.8902],[-47.829752,-22.889091],[-47.832682,-22.889818]],[[-47.82754,-22.89017],[-47.82754,-22.89017]],[[-47.868788,-22.88936],[-47.868788,-22.88936]],[[-47.857869,-22.889551],[-47.857869,-22.889551]],[[-47.865783,-22.889333],[-47.865783,-22.889333]],[[-47.988901,-22.887059],[-47.989248,-22.888683],[-47.988901,-22.887059]],[[-47.868253,-22.889267],[-47.868253,-22.889267]],[[-47.868802,-22.889242],[-47.868684,-22.889204]],[[-47.868684,-22.889204],[-47.868684,-22.889204]],[[-47.868496,-22.88919],[-47.868442,-22.888985]],[[-47.857983,-22.88935],[-47.857983,-22.88935]],[[-47.874946,-22.889034],[-47.874273,-22.889464]],[[-47.873233,-22.888982],[-47.873503,-22.889909],[-47.872052,-22.891181]],[[-47.871212,-22.888975],[-47.869053,-22.889656]],[[-47.858562,-22.889201],[-47.858562,-22.889201]],[[-47.856251,-22.889236],[-47.857197,-22.889141]],[[-47.868442,-22.888985],[-47.866464,-22.887349],[-47.86574,-22.887804]],[[-47.868442,-22.888985],[-47.866516,-22.887321],[-47.865738,-22.887804]],[[-47.85609,-22.889128],[-47.85609,-22.889128]],[[-47.85766,-22.889065],[-47.857811,-22.889106]],[[-47.87125,-22.888809],[-47.87125,-22.888809]],[[-47.857584,-22.889032],[-47.857346,-22.889584],[-47.857584,-22.889032]],[[-47.841126,-22.889308],[-47.84064,-22.889745]],[[-47.957117,-22.887176],[-47.957945,-22.887776],[-47.958394,-22.886653],[-47.956678,-22.886165],[-47.955612,-22.887967],[-47.956309,-22.887924],[-47.956061,-22.886857],[-47.956934,-22.887574],[-47.956632,-22.886413],[-47.957547,-22.886487],[-47.957117,-22.887176]],[[-47.86153,-22.888904],[-47.861631,-22.887583]],[[-47.858624,-22.88888],[-47.858624,-22.88888]],[[-47.867607,-22.888682],[-47.867607,-22.888682]],[[-47.858871,-22.888827],[-47.860355,-22.888384]],[[-47.858266,-22.888822],[-47.858266,-22.888822]],[[-47.841019,-22.889128],[-47.840539,-22.888911]],[[-47.836493,-22.889177],[-47.834672,-22.890062]],[[-47.846355,-22.888994],[-47.846529,-22.8882]],[[-47.841823,-22.889058],[-47.841926,-22.890339]],[[-47.855554,-22.888782],[-47.855554,-22.888782]],[[-47.853244,-22.888789],[-47.853061,-22.889782]],[[-47.853244,-22.888789],[-47.852662,-22.884447]],[[-47.858664,-22.888678],[-47.858664,-22.888678]],[[-47.849755,-22.888714],[-47.847501,-22.890161]],[[-47.959944,-22.886643],[-47.959947,-22.88663]],[[-47.838575,-22.888707],[-47.838575,-22.888707]],[[-47.860504,-22.8883],[-47.861808,-22.887308]],[[-47.838609,-22.888691],[-47.836538,-22.889106]],[[-47.962125,-22.886388],[-47.959944,-22.886643]],[[-47.950996,-22.886556],[-47.951122,-22.888498]],[[-47.860348,-22.888099],[-47.860348,-22.888099]],[[-47.865738,-22.887796],[-47.865228,-22.887245]],[[-47.951795,-22.886194],[-47.952797,-22.886369],[-47.949756,-22.886287],[-47.947742,-22.884303],[-47.950236,-22.885669],[-47.950209,-22.884589],[-47.95157,-22.884691],[-47.950797,-22.885866],[-47.952411,-22.88653],[-47.951795,-22.886194]],[[-47.841316,-22.88814],[-47.841316,-22.88814]],[[-47.962489,-22.885611],[-47.961358,-22.885402]],[[-47.850326,-22.887534],[-47.852579,-22.886537]],[[-47.947958,-22.885744],[-47.947971,-22.885759]],[[-47.947958,-22.885744],[-47.948296,-22.88783],[-47.951151,-22.887974],[-47.947852,-22.884926],[-47.947958,-22.885744]],[[-47.823791,-22.887992],[-47.823791,-22.887992]],[[-47.865228,-22.887245],[-47.865258,-22.886843]],[[-47.86189,-22.887243],[-47.864369,-22.886229]],[[-47.823984,-22.88791],[-47.823442,-22.886634]],[[-47.961358,-22.885402],[-47.961364,-22.885401]],[[-47.961358,-22.885402],[-47.959944,-22.886643]],[[-47.843195,-22.887547],[-47.841411,-22.889275]],[[-47.959015,-22.885417],[-47.958118,-22.885472],[-47.959015,-22.885417]],[[-47.945094,-22.885541],[-47.945108,-22.885564]],[[-47.945094,-22.885541],[-47.948209,-22.888374],[-47.959309,-22.888821],[-47.958533,-22.887793],[-47.959342,-22.887562],[-47.958982,-22.886521],[-47.961552,-22.885311],[-47.961654,-22.883537],[-47.958076,-22.881852],[-47.958902,-22.881137],[-47.958429,-22.879893],[-47.957591,-22.880466],[-47.95657,-22.87979],[-47.957669,-22.877018],[-47.956587,-22.876708],[-47.956695,-22.875404]],[[-47.865258,-22.886843],[-47.865228,-22.887245]],[[-47.865258,-22.886843],[-47.865454,-22.886852]],[[-47.865257,-22.886843],[-47.865258,-22.886843]],[[-47.947262,-22.885292],[-47.947266,-22.885293]],[[-47.947262,-22.885292],[-47.947958,-22.885744]],[[-47.961763,-22.884917],[-47.961358,-22.885402]],[[-47.961763,-22.884917],[-47.961751,-22.884914]],[[-47.963032,-22.884883],[-47.961763,-22.884917]],[[-47.865187,-22.886665],[-47.865227,-22.886788]],[[-47.86452,-22.886624],[-47.86452,-22.886624]],[[-47.841545,-22.886932],[-47.840524,-22.886467]],[[-47.865271,-22.8865],[-47.865271,-22.8865]],[[-47.843882,-22.886875],[-47.842282,-22.885019]],[[-47.844694,-22.88683],[-47.84442,-22.890005]],[[-47.865078,-22.886443],[-47.865143,-22.886608]],[[-47.864888,-22.886285],[-47.864888,-22.886285]],[[-47.859442,-22.886341],[-47.861197,-22.886051]],[[-47.864502,-22.886186],[-47.864886,-22.886281]],[[-47.865323,-22.886143],[-47.863451,-22.884962],[-47.863916,-22.883424],[-47.863637,-22.88518],[-47.864599,-22.88497],[-47.865377,-22.886167]],[[-47.961567,-22.884375],[-47.961763,-22.884917]],[[-47.96157,-22.884374],[-47.961759,-22.88375]],[[-47.845668,-22.886422],[-47.846392,-22.888043]],[[-47.86444,-22.88608],[-47.864447,-22.886086]],[[-47.86444,-22.88608],[-47.86444,-22.88608]],[[-47.861274,-22.886024],[-47.86444,-22.88608]],[[-48.010248,-22.883207],[-48.007419,-22.882995],[-48.010248,-22.883207]],[[-47.945966,-22.884267],[-47.945116,-22.884409],[-47.943788,-22.882383]],[[-47.825681,-22.886435],[-47.825872,-22.886961]],[[-47.855105,-22.885863],[-47.853448,-22.883983]],[[-47.85523,-22.885816],[-47.85523,-22.885816]],[[-47.838282,-22.885998],[-47.835237,-22.885608],[-47.83328,-22.886973]],[[-47.962464,-22.883677],[-47.961753,-22.883573]],[[-47.961753,-22.883573],[-47.961759,-22.883747]],[[-47.961753,-22.883573],[-47.96175,-22.88357]],[[-47.838339,-22.885743],[-47.838339,-22.885743]],[[-47.835196,-22.885609],[-47.83587,-22.88381],[-47.837913,-22.882881]],[[-47.832258,-22.885643],[-47.830139,-22.883843]],[[-47.82074,-22.885833],[-47.820482,-22.888066]],[[-47.94558,-22.883543],[-47.947262,-22.885292]],[[-47.846789,-22.885335],[-47.843422,-22.887519],[-47.841548,-22.886936],[-47.842161,-22.887215]],[[-47.82713,-22.885609],[-47.823795,-22.886779],[-47.820776,-22.885794]],[[-47.820653,-22.885724],[-47.81859,-22.883511]],[[-47.846929,-22.885202],[-47.846931,-22.88521]],[[-47.846929,-22.885202],[-47.846929,-22.885202]],[[-47.991581,-22.882312],[-47.989867,-22.886364],[-47.990477,-22.88984],[-47.991581,-22.882312]],[[-47.960989,-22.882843],[-47.961753,-22.883573]],[[-47.960989,-22.882843],[-47.960982,-22.882843]],[[-47.842037,-22.884965],[-47.842037,-22.884965]],[[-47.819009,-22.885338],[-47.819117,-22.884704]],[[-47.817677,-22.885305],[-47.818264,-22.885496],[-47.817677,-22.885305]],[[-47.817125,-22.885278],[-47.817125,-22.885278]],[[-47.946564,-22.882847],[-47.947262,-22.885292]],[[-47.94272,-22.882898],[-47.941865,-22.8832]],[[-47.94787,-22.882668],[-47.950093,-22.884838]],[[-47.934831,-22.882908],[-47.932263,-22.88281],[-47.934831,-22.882908]],[[-47.917609,-22.88318],[-47.917609,-22.88318]],[[-47.849579,-22.884343],[-47.847711,-22.884243],[-47.846929,-22.885202]],[[-47.816987,-22.884915],[-47.816987,-22.884915]],[[-47.849847,-22.884325],[-47.849848,-22.884324]],[[-47.849847,-22.884325],[-47.849847,-22.884325]],[[-47.852492,-22.884269],[-47.852281,-22.8843]],[[-47.852499,-22.884266],[-47.850894,-22.883978]],[[-47.847657,-22.884305],[-47.845766,-22.882279]],[[-47.917504,-22.882964],[-47.917535,-22.879587]],[[-47.827291,-22.884558],[-47.827291,-22.884558]],[[-47.817871,-22.88472],[-47.818936,-22.885343],[-47.817871,-22.88472]],[[-47.962238,-22.882088],[-47.960989,-22.882843]],[[-47.947756,-22.882352],[-47.947756,-22.882352]],[[-47.853433,-22.883986],[-47.852912,-22.884216]],[[-47.87199,-22.883651],[-47.867625,-22.888546]],[[-47.853448,-22.883983],[-47.853449,-22.88398]],[[-47.853448,-22.883983],[-47.853602,-22.883876]],[[-47.927155,-22.88257],[-47.92805,-22.882041]],[[-47.853602,-22.883876],[-47.853448,-22.883983]],[[-47.915061,-22.882756],[-47.915127,-22.882093]],[[-47.850712,-22.883865],[-47.849847,-22.884325]],[[-47.915232,-22.88269],[-47.915232,-22.88269]],[[-47.937537,-22.882228],[-47.937374,-22.882518]],[[-47.937537,-22.882228],[-47.936816,-22.881743]],[[-47.937538,-22.882228],[-47.937537,-22.882228]],[[-47.863915,-22.883419],[-47.864103,-22.882821]],[[-47.932374,-22.882086],[-47.92715,-22.884903],[-47.927299,-22.886718],[-47.928725,-22.888318]],[[-47.932381,-22.882065],[-47.932356,-22.881078],[-47.930901,-22.881108],[-47.932474,-22.88099]],[[-47.919985,-22.882259],[-47.919985,-22.882259]],[[-47.942867,-22.881728],[-47.94272,-22.882898]],[[-47.815003,-22.884028],[-47.816772,-22.882243]],[[-47.914784,-22.882208],[-47.914784,-22.882208]],[[-47.919508,-22.882027],[-47.920186,-22.88052]],[[-47.915121,-22.88209],[-47.915549,-22.880425]],[[-47.941576,-22.881591],[-47.94272,-22.882898]],[[-47.928369,-22.881831],[-47.930766,-22.880876]],[[-47.853934,-22.88311],[-47.853602,-22.883876]],[[-47.853934,-22.88311],[-47.853638,-22.882961]],[[-47.853932,-22.883109],[-47.853934,-22.88311]],[[-47.928134,-22.881733],[-47.928134,-22.881733]],[[-47.930607,-22.881677],[-47.931357,-22.88144],[-47.930607,-22.881677]],[[-47.859496,-22.882928],[-47.860981,-22.882916]],[[-47.861064,-22.882897],[-47.862674,-22.882969],[-47.863447,-22.884969]],[[-47.864074,-22.882833],[-47.864103,-22.882821]],[[-47.864103,-22.882821],[-47.863925,-22.883414]],[[-47.864103,-22.882821],[-47.864201,-22.882779]],[[-47.864201,-22.882779],[-47.864201,-22.882779]],[[-47.946897,-22.881238],[-47.947621,-22.881178]],[[-47.947621,-22.881178],[-47.947756,-22.882352]],[[-47.947621,-22.881178],[-47.947623,-22.881184]],[[-47.81859,-22.883511],[-47.818587,-22.883508]],[[-47.81859,-22.883511],[-47.818416,-22.883457]],[[-47.818416,-22.883457],[-47.81859,-22.883511]],[[-47.818416,-22.883457],[-47.818414,-22.883458]],[[-47.864063,-22.882313],[-47.864464,-22.881426],[-47.864063,-22.882273]],[[-47.943963,-22.880782],[-47.946641,-22.881131]],[[-47.932474,-22.88099],[-47.932461,-22.882007],[-47.942317,-22.88329],[-47.945094,-22.885541]],[[-47.932474,-22.88099],[-47.932472,-22.880992]],[[-47.930766,-22.880876],[-47.930906,-22.881044]],[[-47.930766,-22.880876],[-47.930774,-22.880888]],[[-47.91276,-22.881197],[-47.917354,-22.879629]],[[-47.943841,-22.880611],[-47.941912,-22.879541]],[[-47.856732,-22.882115],[-47.855548,-22.880789]],[[-47.845767,-22.88228],[-47.845766,-22.882279]],[[-47.845766,-22.882279],[-47.840168,-22.88426]],[[-47.845766,-22.882279],[-47.843685,-22.879713]],[[-47.923054,-22.88083],[-47.923054,-22.88083]],[[-47.92333,-22.880814],[-47.925669,-22.879446]],[[-47.943989,-22.880419],[-47.943989,-22.880419]],[[-47.930327,-22.880603],[-47.930766,-22.880876]],[[-47.930327,-22.880603],[-47.930111,-22.880495]],[[-47.930324,-22.880602],[-47.930327,-22.880603]],[[-47.817657,-22.882408],[-47.818416,-22.883457]],[[-47.938676,-22.88021],[-47.938676,-22.88021]],[[-47.841092,-22.881969],[-47.843156,-22.883103]],[[-47.817887,-22.882368],[-47.820214,-22.882178]],[[-47.8535,-22.881723],[-47.853934,-22.88311]],[[-47.853446,-22.881715],[-47.853449,-22.881585]],[[-47.940459,-22.880084],[-47.938796,-22.87998]],[[-47.864468,-22.881423],[-47.864493,-22.880948]],[[-47.929831,-22.880178],[-47.930327,-22.880603]],[[-47.84081,-22.881789],[-47.84081,-22.881789]],[[-47.938796,-22.87998],[-47.938796,-22.879981]],[[-47.938796,-22.87998],[-47.936471,-22.881793],[-47.937537,-22.882228]],[[-47.839494,-22.881773],[-47.840765,-22.881849]],[[-47.816782,-22.882167],[-47.817893,-22.882377],[-47.81571,-22.879914],[-47.815182,-22.880556],[-47.816782,-22.882167]],[[-47.866921,-22.881264],[-47.86428,-22.881915]],[[-47.947248,-22.879738],[-47.94729,-22.879366]],[[-47.839384,-22.881677],[-47.839384,-22.881677]],[[-47.920116,-22.880159],[-47.920116,-22.880159]],[[-47.929779,-22.87986],[-47.929779,-22.87986]],[[-47.929779,-22.87986],[-47.929775,-22.879855]],[[-47.911374,-22.880141],[-47.911374,-22.880141]],[[-47.911334,-22.880132],[-47.911871,-22.878107]],[[-47.816557,-22.881832],[-47.816557,-22.881832]],[[-47.949328,-22.879412],[-47.947438,-22.879081]],[[-47.864493,-22.880948],[-47.8627,-22.880019]],[[-47.94729,-22.879366],[-47.94729,-22.879369]],[[-47.94729,-22.879366],[-47.94729,-22.879366]],[[-47.871026,-22.880747],[-47.864945,-22.885194]],[[-47.945742,-22.87936],[-47.947643,-22.879984],[-47.947621,-22.881178]],[[-47.840838,-22.881093],[-47.840894,-22.881763]],[[-47.947439,-22.879105],[-47.947719,-22.877133]],[[-47.914612,-22.879667],[-47.914612,-22.879667]],[[-47.925669,-22.879446],[-47.925675,-22.879445]],[[-47.925669,-22.879446],[-47.926287,-22.879449],[-47.925669,-22.879446]],[[-47.919989,-22.879542],[-47.920173,-22.878626]],[[-47.826825,-22.881188],[-47.826582,-22.883977]],[[-47.827079,-22.881095],[-47.829382,-22.880659]],[[-47.842786,-22.880809],[-47.844112,-22.880613]],[[-47.927192,-22.879276],[-47.929463,-22.881231]],[[-47.865381,-22.880369],[-47.864467,-22.880899]],[[-47.926151,-22.879248],[-47.927024,-22.879141]],[[-47.824979,-22.881078],[-47.825871,-22.880395]],[[-47.917815,-22.879301],[-47.922943,-22.877272],[-47.927218,-22.877086]],[[-47.950675,-22.878673],[-47.952728,-22.875219]],[[-47.863762,-22.88025],[-47.864493,-22.880948]],[[-47.92704,-22.879036],[-47.92704,-22.879036]],[[-47.917576,-22.879199],[-47.917576,-22.879199]],[[-47.940767,-22.878651],[-47.938796,-22.87998]],[[-47.826632,-22.880713],[-47.8269,-22.880939]],[[-47.829382,-22.880659],[-47.829646,-22.881357]],[[-47.829382,-22.880659],[-47.830366,-22.880144]],[[-47.862693,-22.880007],[-47.862448,-22.879698]],[[-47.915903,-22.878875],[-47.91729,-22.879582]],[[-47.825694,-22.880456],[-47.825735,-22.880442]],[[-47.862618,-22.879794],[-47.863667,-22.878329]],[[-47.825735,-22.880442],[-47.825871,-22.880395]],[[-47.825735,-22.880442],[-47.825526,-22.880222]],[[-47.839259,-22.880188],[-47.838657,-22.877711]],[[-47.839287,-22.880184],[-47.839287,-22.880184]],[[-47.825871,-22.880395],[-47.826525,-22.880679]],[[-47.825871,-22.880395],[-47.825873,-22.880391]],[[-47.934832,-22.87836],[-47.93577,-22.878813],[-47.935527,-22.879898],[-47.937224,-22.880546]],[[-47.910516,-22.878754],[-47.911871,-22.878107]],[[-47.823475,-22.880317],[-47.823886,-22.879727]],[[-47.93465,-22.878298],[-47.934651,-22.878298]],[[-47.93465,-22.878298],[-47.933117,-22.878919],[-47.932474,-22.88099]],[[-47.823378,-22.880306],[-47.823378,-22.880306]],[[-47.833843,-22.880081],[-47.832247,-22.88574],[-47.833453,-22.887105],[-47.832668,-22.889778],[-47.833286,-22.890666],[-47.834295,-22.890311]],[[-47.870235,-22.879371],[-47.868387,-22.877638]],[[-47.862298,-22.879499],[-47.861768,-22.878961]],[[-47.93799,-22.878062],[-47.937621,-22.877524]],[[-47.944154,-22.877917],[-47.945333,-22.87908]],[[-47.956204,-22.87769],[-47.956508,-22.876621]],[[-47.940559,-22.877936],[-47.941346,-22.877689]],[[-47.807528,-22.880259],[-47.810304,-22.879586],[-47.811182,-22.873757],[-47.812427,-22.872733],[-47.813988,-22.873025]],[[-47.950019,-22.87766],[-47.947631,-22.878516]],[[-47.807407,-22.880223],[-47.80859,-22.879644],[-47.807574,-22.87879],[-47.809485,-22.876122],[-47.806145,-22.877092],[-47.805065,-22.875333],[-47.805793,-22.874866],[-47.804521,-22.87477],[-47.806754,-22.872416],[-47.805222,-22.871665]],[[-47.815358,-22.880078],[-47.815358,-22.880078]],[[-47.95413,-22.877504],[-47.956695,-22.875404]],[[-47.81529,-22.88],[-47.814712,-22.878911]],[[-47.955615,-22.877422],[-47.956508,-22.876621]],[[-47.860264,-22.879142],[-47.857897,-22.879005],[-47.857418,-22.880107],[-47.853446,-22.881715]],[[-47.824011,-22.879706],[-47.823948,-22.878547]],[[-47.911871,-22.878107],[-47.911874,-22.8781]],[[-47.911871,-22.878107],[-47.912116,-22.87744]],[[-47.934604,-22.87768],[-47.93465,-22.878298]],[[-47.842001,-22.879343],[-47.842001,-22.879343]],[[-47.819105,-22.879749],[-47.818851,-22.87924]],[[-47.823887,-22.879644],[-47.823887,-22.879644]],[[-47.917693,-22.877878],[-47.918486,-22.87871]],[[-47.853489,-22.879011],[-47.854307,-22.878887]],[[-47.853331,-22.878999],[-47.853331,-22.878999]],[[-47.937326,-22.877435],[-47.9359,-22.876393]],[[-47.947719,-22.877142],[-47.947719,-22.877133]],[[-47.947719,-22.877133],[-47.947666,-22.877382]],[[-47.947719,-22.877133],[-47.947164,-22.876073]],[[-47.861286,-22.878702],[-47.860322,-22.879121]],[[-47.871316,-22.878508],[-47.868266,-22.877595]],[[-47.941921,-22.877209],[-47.941931,-22.877206]],[[-47.808687,-22.879609],[-47.810403,-22.87943],[-47.811068,-22.873771]],[[-47.808685,-22.879608],[-47.808687,-22.879609]],[[-47.937504,-22.877257],[-47.937504,-22.877257]],[[-47.861376,-22.878634],[-47.86142,-22.87855]],[[-47.85889,-22.878587],[-47.859087,-22.879111]],[[-47.941555,-22.877042],[-47.940286,-22.875643]],[[-47.933265,-22.877171],[-47.933265,-22.877171]],[[-47.845978,-22.878755],[-47.848205,-22.879163]],[[-47.861457,-22.878417],[-47.861662,-22.877929]],[[-47.956508,-22.876621],[-47.95651,-22.876619]],[[-47.956508,-22.876621],[-47.95659,-22.875417]],[[-47.863697,-22.878288],[-47.868528,-22.876995],[-47.869852,-22.874393]],[[-47.810434,-22.879203],[-47.817403,-22.878077],[-47.816779,-22.878138]],[[-47.953193,-22.876611],[-47.955576,-22.875559]],[[-47.927218,-22.877086],[-47.927221,-22.877088]],[[-47.927218,-22.877086],[-47.929779,-22.87986]],[[-47.909673,-22.877334],[-47.912298,-22.876962]],[[-47.831813,-22.878672],[-47.831803,-22.878677]],[[-47.831813,-22.878672],[-47.831813,-22.878672]],[[-47.909489,-22.877225],[-47.909489,-22.877225]],[[-47.968636,-22.876127],[-47.968747,-22.876839],[-47.968636,-22.876127]],[[-47.818987,-22.878825],[-47.818986,-22.878823]],[[-47.818986,-22.878823],[-47.818986,-22.878823]],[[-47.818986,-22.878823],[-47.817746,-22.878028]],[[-47.824228,-22.878645],[-47.825735,-22.880442]],[[-47.912674,-22.877029],[-47.915255,-22.874589],[-47.921359,-22.872344]],[[-47.912298,-22.876962],[-47.9123,-22.876962]],[[-47.912298,-22.876962],[-47.912298,-22.876962]],[[-47.823948,-22.878547],[-47.823646,-22.878326]],[[-47.934322,-22.876495],[-47.934508,-22.877472]],[[-47.934322,-22.876495],[-47.934301,-22.8765]],[[-47.853228,-22.877971],[-47.851825,-22.876701]],[[-47.937388,-22.876427],[-47.937388,-22.876427]],[[-47.937388,-22.876427],[-47.936806,-22.876451]],[[-47.83469,-22.878227],[-47.837575,-22.876705]],[[-47.861776,-22.877722],[-47.862035,-22.877312]],[[-47.843077,-22.878026],[-47.842001,-22.879343]],[[-47.843077,-22.878026],[-47.843496,-22.877264]],[[-47.843077,-22.878025],[-47.843077,-22.878026]],[[-47.947165,-22.876073],[-47.947164,-22.876073]],[[-47.947164,-22.876073],[-47.947212,-22.876209]],[[-47.947164,-22.876073],[-47.94532,-22.875806]],[[-47.824025,-22.878309],[-47.82407,-22.878236]],[[-47.841581,-22.877982],[-47.842037,-22.877745]],[[-47.952198,-22.87594],[-47.950744,-22.876703]],[[-47.86824,-22.877473],[-47.868084,-22.87718]],[[-47.946905,-22.875964],[-47.946905,-22.875964]],[[-47.84289,-22.877834],[-47.841642,-22.877658]],[[-47.938746,-22.876045],[-47.940527,-22.877954]],[[-47.900399,-22.876707],[-47.900695,-22.875217]],[[-47.824069,-22.878056],[-47.824069,-22.878056]],[[-47.839615,-22.877767],[-47.839396,-22.877792]],[[-47.824063,-22.878033],[-47.825376,-22.877017]],[[-47.839078,-22.877744],[-47.838657,-22.877711]],[[-47.94532,-22.875806],[-47.94532,-22.875806]],[[-47.94532,-22.875806],[-47.945324,-22.875805]],[[-47.862035,-22.877312],[-47.862032,-22.877315]],[[-47.862035,-22.877312],[-47.861641,-22.876477],[-47.862035,-22.877312]],[[-47.920014,-22.876248],[-47.920969,-22.878237]],[[-47.938786,-22.875897],[-47.941958,-22.875486]],[[-47.817407,-22.878092],[-47.817746,-22.878028]],[[-47.838657,-22.877711],[-47.838656,-22.877712]],[[-47.838657,-22.877711],[-47.837577,-22.875643],[-47.839439,-22.868578]],[[-47.855969,-22.877349],[-47.85747,-22.87954]],[[-47.955701,-22.875523],[-47.956384,-22.875147]],[[-47.817746,-22.878028],[-47.817745,-22.878028]],[[-47.817746,-22.878028],[-47.818257,-22.877655]],[[-47.95248,-22.875577],[-47.950486,-22.875528]],[[-47.938461,-22.875779],[-47.938461,-22.875779]],[[-47.955631,-22.875457],[-47.955631,-22.875457]],[[-47.935652,-22.875814],[-47.934322,-22.876495]],[[-47.950486,-22.875528],[-47.950486,-22.875528]],[[-47.956695,-22.875404],[-47.956705,-22.875403]],[[-47.956695,-22.875404],[-47.955092,-22.874299]],[[-47.844948,-22.877426],[-47.844393,-22.876806]],[[-47.950315,-22.875481],[-47.949714,-22.875386]],[[-47.938122,-22.875702],[-47.937388,-22.876427]],[[-47.850782,-22.877274],[-47.850615,-22.880421]],[[-47.927422,-22.875858],[-47.927218,-22.877086]],[[-47.871601,-22.876877],[-47.869343,-22.875516]],[[-47.952911,-22.875385],[-47.955092,-22.874299]],[[-47.955114,-22.87534],[-47.955114,-22.87534]],[[-47.818898,-22.877766],[-47.818899,-22.877766]],[[-47.818898,-22.877766],[-47.81953,-22.877741],[-47.818898,-22.877766]],[[-47.821145,-22.877719],[-47.821146,-22.877718]],[[-47.821145,-22.877719],[-47.821145,-22.877719]],[[-47.855771,-22.877087],[-47.855771,-22.877087]],[[-47.819543,-22.877727],[-47.821145,-22.877719]],[[-47.941958,-22.875486],[-47.94196,-22.875487]],[[-47.941958,-22.875486],[-47.941958,-22.875486]],[[-47.942013,-22.875434],[-47.942847,-22.875373]],[[-47.82136,-22.87761],[-47.823948,-22.878547]],[[-47.818257,-22.877655],[-47.818258,-22.877659]],[[-47.818257,-22.877655],[-47.818257,-22.877655]],[[-47.818441,-22.877613],[-47.818898,-22.877766]],[[-47.847312,-22.877048],[-47.848281,-22.879331],[-47.853446,-22.881715]],[[-47.927556,-22.875563],[-47.927556,-22.875563]],[[-47.818381,-22.877508],[-47.818393,-22.877548]],[[-47.959461,-22.874839],[-47.959182,-22.876318],[-47.957759,-22.876837]],[[-47.830922,-22.877112],[-47.831813,-22.878672]],[[-47.832852,-22.877043],[-47.831467,-22.877643]],[[-47.948452,-22.874897],[-47.948452,-22.874897]],[[-47.861622,-22.876431],[-47.861598,-22.876344]],[[-47.907354,-22.875564],[-47.908685,-22.874168]],[[-47.825566,-22.876991],[-47.826088,-22.876667]],[[-47.9241,-22.875208],[-47.92432,-22.877202]],[[-47.90207,-22.875589],[-47.901994,-22.873314],[-47.903177,-22.872633]],[[-47.85292,-22.876439],[-47.853699,-22.878417],[-47.856769,-22.880053]],[[-47.948661,-22.874685],[-47.948661,-22.874685]],[[-47.844274,-22.876448],[-47.844532,-22.876691]],[[-47.920865,-22.874971],[-47.921304,-22.874013]],[[-47.979531,-22.873866],[-47.978847,-22.876255],[-47.980081,-22.874275],[-47.979531,-22.873866]],[[-47.826088,-22.876667],[-47.826087,-22.876677]],[[-47.826088,-22.876667],[-47.830137,-22.873729]],[[-47.955092,-22.874299],[-47.955091,-22.874274]],[[-47.955092,-22.874299],[-47.954481,-22.872949],[-47.952481,-22.872794],[-47.951901,-22.867271]],[[-47.861444,-22.875963],[-47.861573,-22.875141]],[[-47.84125,-22.876313],[-47.840965,-22.876163]],[[-47.927165,-22.874722],[-47.927678,-22.875429]],[[-47.8616,-22.875852],[-47.8616,-22.875852]],[[-47.841356,-22.876193],[-47.841356,-22.876193]],[[-47.927035,-22.874539],[-47.927035,-22.874539]],[[-47.900895,-22.874957],[-47.900895,-22.874957]],[[-47.900577,-22.874939],[-47.901055,-22.873921]],[[-47.922941,-22.874502],[-47.922941,-22.874502]],[[-47.827321,-22.876117],[-47.830833,-22.87712],[-47.832246,-22.875847]],[[-47.915835,-22.8745],[-47.915835,-22.8745]],[[-47.845477,-22.875764],[-47.843077,-22.878026]],[[-47.819463,-22.876214],[-47.81939,-22.877793]],[[-47.904196,-22.874664],[-47.903177,-22.872633]],[[-47.949665,-22.873791],[-47.950701,-22.873234]],[[-47.840547,-22.875774],[-47.840261,-22.873955],[-47.838947,-22.873108]],[[-47.821072,-22.876058],[-47.820837,-22.877716]],[[-47.861573,-22.875141],[-47.861094,-22.873957],[-47.861573,-22.875141]],[[-47.905775,-22.874302],[-47.906268,-22.87355]],[[-47.921448,-22.873994],[-47.921961,-22.873493]],[[-47.923911,-22.873929],[-47.928221,-22.86982]],[[-47.908685,-22.874168],[-47.908685,-22.874168]],[[-47.929417,-22.873765],[-47.927611,-22.875552]],[[-47.908693,-22.874111],[-47.908869,-22.873497]],[[-47.94088,-22.873498],[-47.94088,-22.873498]],[[-47.939876,-22.873497],[-47.939876,-22.873497]],[[-47.938836,-22.873473],[-47.938836,-22.873473]],[[-47.871651,-22.874698],[-47.869852,-22.874393]],[[-47.900523,-22.874167],[-47.901055,-22.873921]],[[-47.940471,-22.873423],[-47.93997,-22.87339]],[[-47.939642,-22.873391],[-47.939642,-22.873391]],[[-47.940679,-22.873359],[-47.940679,-22.873359]],[[-47.929614,-22.873541],[-47.929617,-22.873542]],[[-47.929614,-22.873541],[-47.930247,-22.873531],[-47.929614,-22.873541]],[[-47.939455,-22.873339],[-47.938635,-22.87323]],[[-47.939786,-22.87333],[-47.939642,-22.873391]],[[-47.852864,-22.874896],[-47.853559,-22.874825]],[[-47.922929,-22.873621],[-47.924255,-22.87405],[-47.924109,-22.87521],[-47.924153,-22.874027]],[[-47.922929,-22.873621],[-47.922932,-22.873624]],[[-47.95064,-22.873088],[-47.95064,-22.873088]],[[-47.842724,-22.875046],[-47.84275,-22.875026]],[[-47.953253,-22.873028],[-47.953306,-22.872896]],[[-47.953253,-22.873025],[-47.953559,-22.872671]],[[-47.94628,-22.873136],[-47.946535,-22.872496]],[[-47.853559,-22.874825],[-47.853562,-22.874826]],[[-47.853559,-22.874825],[-47.85603,-22.874479],[-47.85898,-22.872088]],[[-47.871879,-22.874481],[-47.871879,-22.874481]],[[-47.950718,-22.873025],[-47.952594,-22.872821]],[[-47.948311,-22.873056],[-47.948311,-22.873056]],[[-47.901055,-22.873921],[-47.901244,-22.873807]],[[-47.901523,-22.873897],[-47.901992,-22.873319]],[[-47.949745,-22.872987],[-47.950619,-22.873109]],[[-47.961155,-22.87276],[-47.959675,-22.874138]],[[-47.961155,-22.87276],[-47.961153,-22.872759]],[[-47.934724,-22.873246],[-47.934322,-22.876495]],[[-47.953306,-22.872896],[-47.953306,-22.872892]],[[-47.869852,-22.874393],[-47.869846,-22.874393]],[[-47.869852,-22.874393],[-47.870806,-22.872471],[-47.872514,-22.871519]],[[-47.963313,-22.872649],[-47.961155,-22.87276]],[[-47.931803,-22.873186],[-47.93096,-22.872866]],[[-47.834402,-22.874945],[-47.837677,-22.875299]],[[-47.938141,-22.873039],[-47.938141,-22.873039]],[[-47.80779,-22.875383],[-47.807275,-22.874931],[-47.80779,-22.875383]],[[-47.90144,-22.873672],[-47.90144,-22.873672]],[[-47.908869,-22.873497],[-47.908869,-22.873491]],[[-47.908869,-22.873497],[-47.910022,-22.872365]],[[-47.953559,-22.872671],[-47.95356,-22.872668]],[[-47.953559,-22.872671],[-47.956946,-22.875299],[-47.95684,-22.8769],[-47.957854,-22.876939],[-47.956712,-22.879858],[-47.958539,-22.879837],[-47.958998,-22.881072],[-47.958138,-22.881737],[-47.960989,-22.882843]],[[-47.930475,-22.873091],[-47.930474,-22.873091]],[[-47.930475,-22.873091],[-47.930475,-22.873091]],[[-47.853036,-22.874339],[-47.853559,-22.874825]],[[-47.921684,-22.873091],[-47.922929,-22.873621]],[[-47.930403,-22.872922],[-47.930132,-22.873416]],[[-47.93509,-22.87283],[-47.935092,-22.872835]],[[-47.93509,-22.87283],[-47.93509,-22.87283]],[[-47.905691,-22.873359],[-47.905691,-22.873359]],[[-47.923057,-22.873035],[-47.922929,-22.873621]],[[-47.923057,-22.873035],[-47.922961,-22.872734]],[[-47.923056,-22.873031],[-47.923057,-22.873035]],[[-47.905756,-22.873318],[-47.908869,-22.873497]],[[-47.911768,-22.873054],[-47.911402,-22.872264]],[[-47.86113,-22.873946],[-47.86113,-22.873946]],[[-47.82546,-22.874567],[-47.826088,-22.876667]],[[-47.921809,-22.872809],[-47.921806,-22.872809]],[[-47.921809,-22.872809],[-47.921809,-22.872809]],[[-47.93135,-22.872527],[-47.931357,-22.872527]],[[-47.93135,-22.872527],[-47.930475,-22.873091]],[[-47.929016,-22.872551],[-47.929614,-22.873541]],[[-47.86155,-22.873664],[-47.867081,-22.87225],[-47.87022,-22.868398]],[[-47.867533,-22.873554],[-47.86642,-22.872612]],[[-47.98069,-22.871445],[-47.97995,-22.876587],[-47.978208,-22.878418],[-47.977605,-22.877635],[-47.976357,-22.880388],[-47.976231,-22.879119],[-47.976029,-22.881579],[-47.977625,-22.878567],[-47.980118,-22.876597],[-47.98069,-22.871445]],[[-47.933879,-22.872298],[-47.934752,-22.873039]],[[-47.861162,-22.873592],[-47.860268,-22.872822],[-47.86085,-22.873549]],[[-47.808815,-22.874493],[-47.808815,-22.874493]],[[-47.807125,-22.874512],[-47.807125,-22.874512]],[[-47.93791,-22.872113],[-47.937379,-22.874018]],[[-47.846388,-22.873757],[-47.84556,-22.875741]],[[-47.832338,-22.873988],[-47.834447,-22.871631],[-47.838778,-22.870406]],[[-47.817268,-22.874252],[-47.816552,-22.87251],[-47.815416,-22.872312]],[[-47.921359,-22.872344],[-47.921809,-22.872809]],[[-47.921359,-22.872344],[-47.921359,-22.872354]],[[-47.95984,-22.871594],[-47.959453,-22.87486]],[[-47.903177,-22.872633],[-47.903353,-22.870575]],[[-47.930601,-22.87204],[-47.93135,-22.872527]],[[-47.806061,-22.87428],[-47.806061,-22.87428]],[[-47.937954,-22.871835],[-47.937957,-22.871839]],[[-47.937954,-22.871835],[-47.937954,-22.871835]],[[-47.911385,-22.872219],[-47.911385,-22.872221]],[[-47.911385,-22.872219],[-47.911385,-22.872219]],[[-47.939835,-22.87169],[-47.935905,-22.876242]],[[-47.939825,-22.871596],[-47.939825,-22.871596]],[[-47.942138,-22.871517],[-47.942138,-22.871517]],[[-47.945279,-22.87145],[-47.943932,-22.872792]],[[-47.846924,-22.873215],[-47.848282,-22.87473]],[[-47.900992,-22.872234],[-47.90313,-22.871905],[-47.903353,-22.870575]],[[-47.820348,-22.873612],[-47.820347,-22.873613]],[[-47.820348,-22.873612],[-47.822899,-22.873889]],[[-47.811068,-22.873771],[-47.811072,-22.873772]],[[-47.811068,-22.873771],[-47.812289,-22.873559],[-47.812382,-22.872611],[-47.815488,-22.872722],[-47.81611,-22.869053],[-47.817447,-22.867569]],[[-47.860239,-22.87284],[-47.85899,-22.87198],[-47.860239,-22.87284]],[[-47.860254,-22.872836],[-47.860239,-22.87284]],[[-47.941733,-22.871349],[-47.941733,-22.871346]],[[-47.941733,-22.871346],[-47.941733,-22.871346]],[[-47.941733,-22.871346],[-47.942118,-22.870884]],[[-47.9009,-22.872018],[-47.9009,-22.872018]],[[-47.838947,-22.873108],[-47.838947,-22.873108]],[[-47.838947,-22.873108],[-47.838535,-22.872989]],[[-47.842164,-22.873039],[-47.842393,-22.872775]],[[-47.95253,-22.870955],[-47.95253,-22.870955]],[[-47.95253,-22.870955],[-47.952532,-22.870953]],[[-47.952532,-22.870953],[-47.952485,-22.872668],[-47.953306,-22.872896]],[[-47.952532,-22.870953],[-47.95253,-22.870955]],[[-47.842525,-22.872898],[-47.842525,-22.872898]],[[-47.931079,-22.871222],[-47.931728,-22.871901]],[[-47.9232,-22.871341],[-47.923057,-22.873035]],[[-47.932169,-22.871166],[-47.93135,-22.872527]],[[-47.842393,-22.872775],[-47.842394,-22.872774]],[[-47.842393,-22.872775],[-47.842393,-22.872775]],[[-47.928189,-22.871217],[-47.927225,-22.871104]],[[-47.928379,-22.871165],[-47.928379,-22.871165]],[[-47.812802,-22.873245],[-47.812802,-22.873245]],[[-47.942118,-22.870884],[-47.942305,-22.8715]],[[-47.942118,-22.870884],[-47.942124,-22.870879]],[[-47.928749,-22.871105],[-47.928422,-22.871168]],[[-47.818677,-22.87304],[-47.81866,-22.873045]],[[-47.818677,-22.87304],[-47.820348,-22.873612]],[[-47.937385,-22.870878],[-47.937954,-22.871835]],[[-47.84248,-22.872603],[-47.841765,-22.870011],[-47.839439,-22.868578]],[[-47.931149,-22.87099],[-47.931149,-22.87099]],[[-47.9069,-22.871432],[-47.908788,-22.871539]],[[-47.9069,-22.871432],[-47.9069,-22.871432]],[[-47.906887,-22.871427],[-47.9069,-22.871432]],[[-47.94709,-22.870674],[-47.946534,-22.872171]],[[-47.805004,-22.873242],[-47.805004,-22.873242]],[[-47.911088,-22.871254],[-47.911351,-22.872202]],[[-47.813807,-22.872979],[-47.813807,-22.872979]],[[-47.935701,-22.870768],[-47.93509,-22.87283]],[[-47.910975,-22.871134],[-47.910977,-22.871136]],[[-47.910975,-22.871134],[-47.910975,-22.871134]],[[-47.938441,-22.870618],[-47.938091,-22.871867]],[[-47.923147,-22.870899],[-47.923147,-22.870899]],[[-47.942252,-22.870534],[-47.942118,-22.870884]],[[-47.981752,-22.869795],[-47.981025,-22.872374],[-47.981752,-22.869795]],[[-47.978371,-22.86982],[-47.97734,-22.869684],[-47.977519,-22.870531],[-47.978371,-22.86982]],[[-47.934811,-22.870623],[-47.935572,-22.871345]],[[-47.932301,-22.870664],[-47.932453,-22.871247],[-47.932301,-22.870664]],[[-47.858973,-22.871974],[-47.858953,-22.871624]],[[-47.914751,-22.870932],[-47.911385,-22.872219]],[[-47.821575,-22.872582],[-47.820348,-22.873612]],[[-47.905364,-22.871052],[-47.905364,-22.871052]],[[-47.808946,-22.872783],[-47.808946,-22.872783]],[[-47.933097,-22.870485],[-47.932401,-22.870711]],[[-47.952076,-22.870103],[-47.950689,-22.869388],[-47.948311,-22.873056]],[[-47.942119,-22.870257],[-47.942119,-22.870257]],[[-47.85922,-22.871769],[-47.859305,-22.871913]],[[-47.816575,-22.872491],[-47.818677,-22.87304]],[[-47.933232,-22.870379],[-47.933232,-22.870379]],[[-47.859487,-22.871714],[-47.858893,-22.869558],[-47.859519,-22.871655]],[[-47.94226,-22.870191],[-47.943667,-22.868977]],[[-47.9606,-22.869812],[-47.961155,-22.87276]],[[-47.910756,-22.870712],[-47.910972,-22.871128]],[[-47.910414,-22.870717],[-47.910975,-22.871134]],[[-47.91502,-22.870596],[-47.914789,-22.87092]],[[-47.949346,-22.869906],[-47.950678,-22.869553]],[[-47.949349,-22.869903],[-47.945414,-22.871097]],[[-47.811858,-22.872347],[-47.811858,-22.872347]],[[-47.915129,-22.870481],[-47.916245,-22.870067]],[[-47.936038,-22.870055],[-47.9358,-22.870776]],[[-47.943989,-22.869899],[-47.943838,-22.868619]],[[-47.80682,-22.872363],[-47.804627,-22.874837],[-47.805872,-22.874834],[-47.80523,-22.875385],[-47.806203,-22.876988],[-47.809408,-22.875904],[-47.807674,-22.878867],[-47.808687,-22.879609]],[[-47.80682,-22.872363],[-47.806818,-22.872363]],[[-47.807546,-22.87235],[-47.80682,-22.872363]],[[-47.903353,-22.870575],[-47.903354,-22.870571]],[[-47.903353,-22.870575],[-47.903226,-22.869744]],[[-47.939615,-22.869907],[-47.942472,-22.869433]],[[-47.913842,-22.870273],[-47.915094,-22.870501]],[[-47.923378,-22.870085],[-47.923162,-22.870882]],[[-47.941925,-22.869632],[-47.941925,-22.869632]],[[-47.91046,-22.870204],[-47.910613,-22.870389]],[[-47.907634,-22.870229],[-47.910004,-22.872358],[-47.911257,-22.872218]],[[-47.907578,-22.870221],[-47.907578,-22.870221]],[[-47.916402,-22.869908],[-47.920423,-22.871166]],[[-47.92833,-22.869683],[-47.929286,-22.868821]],[[-47.932352,-22.869574],[-47.932196,-22.869912]],[[-47.820509,-22.871573],[-47.818677,-22.87304]],[[-47.813347,-22.871691],[-47.814043,-22.872805]],[[-47.813347,-22.871691],[-47.813347,-22.871691]],[[-47.916031,-22.8698],[-47.916031,-22.8698]],[[-47.916031,-22.8698],[-47.916028,-22.869799]],[[-47.803426,-22.871818],[-47.803426,-22.871818]],[[-47.810767,-22.871673],[-47.811347,-22.873113],[-47.812327,-22.872786]],[[-47.901098,-22.870049],[-47.903692,-22.869289],[-47.903523,-22.867918]],[[-47.806574,-22.871726],[-47.80682,-22.872363]],[[-47.806574,-22.871726],[-47.807444,-22.871528]],[[-47.982046,-22.868499],[-47.982293,-22.869126],[-47.986484,-22.868271],[-47.990004,-22.871387],[-47.991554,-22.874933],[-47.991485,-22.880751],[-47.989022,-22.884771],[-47.988358,-22.887755],[-47.993707,-22.896048],[-47.997874,-22.898248],[-48.001929,-22.898924],[-48.009065,-22.895416],[-48.013239,-22.888527],[-48.011077,-22.891896],[-48.010437,-22.891413],[-48.009814,-22.894287],[-48.004164,-22.896401],[-48.00282,-22.898303],[-47.99495,-22.896411],[-48.001352,-22.896478],[-47.999382,-22.896196],[-48.001407,-22.896863],[-47.998794,-22.897164],[-48.002753,-22.897945],[-48.003543,-22.897162],[-48.001628,-22.896775],[-48.003608,-22.896608],[-48.004796,-22.892606],[-48.009321,-22.891539],[-48.013367,-22.888314],[-48.014269,-22.884126],[-48.008883,-22.88391],[-48.003252,-22.882148],[-48.000691,-22.877623],[-48.002702,-22.871335],[-48.002467,-22.865645],[-48.008087,-22.859908],[-48.013236,-22.851984],[-48.009491,-22.850626]],[[-47.81058,-22.871611],[-47.81058,-22.871611]],[[-47.794481,-22.871866],[-47.790767,-22.871701]],[[-47.931734,-22.869354],[-47.932228,-22.87034]],[[-47.982018,-22.868417],[-47.979288,-22.865734],[-47.980605,-22.86501],[-47.980262,-22.863775],[-47.97864,-22.862561],[-47.977892,-22.864189],[-47.9773,-22.862509],[-47.977558,-22.864062],[-47.976725,-22.863271]],[[-47.805207,-22.871616],[-47.802812,-22.871981],[-47.802298,-22.86951],[-47.799638,-22.866913],[-47.796299,-22.868999],[-47.795986,-22.870774],[-47.794603,-22.871783]],[[-47.805296,-22.87161],[-47.806574,-22.871726]],[[-47.808532,-22.871552],[-47.80934,-22.872377]],[[-47.794574,-22.871767],[-47.795974,-22.87074],[-47.796244,-22.86914]],[[-47.805279,-22.871551],[-47.805782,-22.87002],[-47.808176,-22.870286]],[[-47.923584,-22.869398],[-47.923588,-22.869399]],[[-47.923584,-22.869398],[-47.923229,-22.870015],[-47.923584,-22.869398]],[[-47.940659,-22.869071],[-47.941139,-22.869649]],[[-47.940659,-22.869071],[-47.940659,-22.869072]],[[-47.826117,-22.871144],[-47.825799,-22.869282]],[[-47.931409,-22.869219],[-47.931409,-22.869219]],[[-47.790732,-22.871645],[-47.794486,-22.871823]],[[-47.940061,-22.86886],[-47.940659,-22.869071]],[[-47.938036,-22.868893],[-47.936873,-22.867458],[-47.937216,-22.864605]],[[-47.961843,-22.868433],[-47.962593,-22.865536]],[[-47.855525,-22.870337],[-47.858531,-22.869512]],[[-47.945357,-22.868652],[-47.945445,-22.867488],[-47.946826,-22.866753]],[[-47.948913,-22.868551],[-47.95063,-22.867826]],[[-47.943838,-22.868619],[-47.943883,-22.868585]],[[-47.943838,-22.868619],[-47.945555,-22.867411]],[[-47.849387,-22.870326],[-47.846677,-22.873845],[-47.845392,-22.87298]],[[-47.912924,-22.869134],[-47.913718,-22.870126]],[[-47.865901,-22.869942],[-47.867161,-22.872187]],[[-47.952639,-22.868301],[-47.952342,-22.868965]],[[-47.964105,-22.868068],[-47.966014,-22.865945]],[[-47.912748,-22.869009],[-47.912748,-22.869009]],[[-47.812327,-22.870803],[-47.812327,-22.870803]],[[-47.936465,-22.868483],[-47.936871,-22.867473]],[[-47.93975,-22.868418],[-47.93975,-22.868418]],[[-47.906225,-22.869003],[-47.905684,-22.868213],[-47.906204,-22.86882]],[[-47.948391,-22.868217],[-47.949019,-22.867655]],[[-47.965709,-22.867878],[-47.966014,-22.865945]],[[-47.910851,-22.868851],[-47.912183,-22.868502]],[[-47.94057,-22.868276],[-47.940659,-22.869071]],[[-47.910709,-22.86879],[-47.910709,-22.86879]],[[-47.858646,-22.869702],[-47.858566,-22.869534]],[[-47.940619,-22.868128],[-47.940619,-22.868128]],[[-47.900524,-22.868852],[-47.900524,-22.868852]],[[-47.809406,-22.870462],[-47.809363,-22.872604],[-47.811068,-22.873771]],[[-47.858566,-22.869534],[-47.858526,-22.86874],[-47.858566,-22.869534]],[[-47.900665,-22.868767],[-47.901576,-22.867973]],[[-47.934855,-22.868138],[-47.935008,-22.866776]],[[-47.912183,-22.868502],[-47.912756,-22.868995]],[[-47.912183,-22.868502],[-47.912186,-22.868501]],[[-47.924198,-22.868257],[-47.923584,-22.869398]],[[-47.929217,-22.868089],[-47.929217,-22.868089]],[[-47.823891,-22.869921],[-47.823632,-22.868766]],[[-47.811513,-22.870123],[-47.810583,-22.869964]],[[-47.926745,-22.867985],[-47.925704,-22.867433]],[[-47.94918,-22.867543],[-47.950266,-22.86737]],[[-47.911754,-22.868125],[-47.912183,-22.868502]],[[-47.951376,-22.867371],[-47.951849,-22.867402]],[[-47.90568,-22.868207],[-47.905074,-22.866677]],[[-47.950266,-22.86737],[-47.950268,-22.86737]],[[-47.950266,-22.86737],[-47.951456,-22.867832],[-47.950266,-22.86737]],[[-47.920889,-22.867895],[-47.9204,-22.871285],[-47.921359,-22.872344]],[[-47.952011,-22.86731],[-47.952532,-22.870953]],[[-47.814558,-22.869793],[-47.816131,-22.869905]],[[-47.898162,-22.868275],[-47.898162,-22.868275]],[[-47.897926,-22.868206],[-47.898469,-22.866935],[-47.897518,-22.865422]],[[-47.951907,-22.867192],[-47.949838,-22.866077],[-47.95137,-22.862146],[-47.95209,-22.86238],[-47.950793,-22.861201],[-47.950854,-22.859689],[-47.94885,-22.858664],[-47.947019,-22.859406]],[[-47.941522,-22.867354],[-47.943838,-22.868619]],[[-47.930403,-22.867515],[-47.930403,-22.867515]],[[-47.939246,-22.867306],[-47.939264,-22.8659],[-47.939338,-22.866514]],[[-47.858528,-22.868737],[-47.858639,-22.867964]],[[-47.903523,-22.867918],[-47.903525,-22.867918]],[[-47.903523,-22.867918],[-47.903936,-22.867752]],[[-47.845032,-22.868912],[-47.845933,-22.868391]],[[-47.90047,-22.8679],[-47.903523,-22.867918]],[[-47.811218,-22.869499],[-47.813347,-22.871691]],[[-47.868005,-22.868484],[-47.868948,-22.869733]],[[-47.911651,-22.867674],[-47.911652,-22.867674]],[[-47.911651,-22.867674],[-47.912126,-22.868109],[-47.911651,-22.867674]],[[-47.82637,-22.869213],[-47.826378,-22.869213]],[[-47.826378,-22.869213],[-47.83052,-22.871902]],[[-47.826378,-22.869213],[-47.828757,-22.867031]],[[-47.794738,-22.869753],[-47.796244,-22.86914]],[[-47.87022,-22.868398],[-47.87022,-22.868406]],[[-47.87022,-22.868398],[-47.871286,-22.867811]],[[-47.937073,-22.867147],[-47.937073,-22.867147]],[[-47.904181,-22.867716],[-47.904303,-22.867605]],[[-47.92545,-22.86732],[-47.924796,-22.867823]],[[-47.911355,-22.867568],[-47.911651,-22.867674]],[[-47.930367,-22.867163],[-47.930679,-22.866378]],[[-47.793116,-22.86961],[-47.794141,-22.869618]],[[-47.91123,-22.867407],[-47.911232,-22.867408]],[[-47.91123,-22.867407],[-47.911577,-22.867256]],[[-47.925902,-22.867104],[-47.925894,-22.867104]],[[-47.925902,-22.867104],[-47.925902,-22.867104]],[[-47.910749,-22.867337],[-47.91123,-22.867407]],[[-47.958666,-22.866425],[-47.957092,-22.868354],[-47.952826,-22.868045]],[[-47.839439,-22.868578],[-47.839437,-22.868578]],[[-47.839439,-22.868578],[-47.839203,-22.868045]],[[-47.95344,-22.866491],[-47.95344,-22.866491]],[[-47.90445,-22.867392],[-47.905074,-22.866677]],[[-47.924556,-22.86702],[-47.924568,-22.868149]],[[-47.911577,-22.867256],[-47.911578,-22.867262]],[[-47.911577,-22.867256],[-47.91123,-22.867407]],[[-47.792904,-22.869308],[-47.792904,-22.869308]],[[-47.908758,-22.867197],[-47.908754,-22.864864]],[[-47.928136,-22.866786],[-47.928136,-22.866786]],[[-47.928122,-22.866786],[-47.925902,-22.867104]],[[-47.871286,-22.867811],[-47.873522,-22.870142]],[[-47.871286,-22.867811],[-47.873278,-22.865945]],[[-47.796244,-22.86914],[-47.796251,-22.869138]],[[-47.796244,-22.86914],[-47.799246,-22.867046],[-47.799226,-22.865269],[-47.795553,-22.863057],[-47.79421,-22.863795]],[[-47.823435,-22.868593],[-47.826378,-22.869213]],[[-47.823435,-22.868593],[-47.823434,-22.868598]],[[-47.946717,-22.866356],[-47.946717,-22.866356]],[[-47.913926,-22.866951],[-47.914144,-22.866855]],[[-47.895663,-22.867272],[-47.895663,-22.867272]],[[-47.935071,-22.866524],[-47.935731,-22.864188]],[[-47.966014,-22.865945],[-47.966016,-22.865939]],[[-47.966014,-22.865945],[-47.966013,-22.865934]],[[-47.91367,-22.866899],[-47.91367,-22.866899]],[[-47.921022,-22.866751],[-47.921023,-22.866751]],[[-47.921022,-22.866751],[-47.920889,-22.867895]],[[-47.895753,-22.867208],[-47.898847,-22.862337],[-47.898725,-22.860034]],[[-47.961491,-22.865995],[-47.962593,-22.865536]],[[-47.914144,-22.866855],[-47.914146,-22.866855]],[[-47.914144,-22.866855],[-47.914726,-22.866714]],[[-47.926557,-22.866581],[-47.926557,-22.866581]],[[-47.966122,-22.865838],[-47.966432,-22.865286]],[[-47.944187,-22.866204],[-47.946618,-22.866417]],[[-47.858455,-22.867756],[-47.858375,-22.867487]],[[-47.801822,-22.868753],[-47.802174,-22.867893]],[[-47.91149,-22.866781],[-47.911577,-22.867256]],[[-47.839203,-22.868045],[-47.8392,-22.868045]],[[-47.839203,-22.868045],[-47.836532,-22.868027],[-47.834856,-22.866851]],[[-47.932079,-22.866335],[-47.93134,-22.865561]],[[-47.94294,-22.866121],[-47.943807,-22.865854]],[[-47.94294,-22.866121],[-47.94294,-22.866121]],[[-47.941997,-22.866068],[-47.942659,-22.865903]],[[-47.949491,-22.865909],[-47.947716,-22.865164]],[[-47.949866,-22.865883],[-47.949547,-22.865946]],[[-47.91483,-22.866528],[-47.916031,-22.8698]],[[-47.913738,-22.866533],[-47.914144,-22.866855]],[[-47.905074,-22.866677],[-47.905076,-22.866674]],[[-47.905074,-22.866677],[-47.907535,-22.863185]],[[-47.968002,-22.865501],[-47.966637,-22.865501]],[[-47.858375,-22.867487],[-47.858375,-22.867488]],[[-47.858375,-22.867487],[-47.858375,-22.867487]],[[-47.962593,-22.865536],[-47.962596,-22.865536]],[[-47.962593,-22.865536],[-47.964567,-22.864547]],[[-47.929797,-22.866129],[-47.930515,-22.866116]],[[-47.941867,-22.865886],[-47.941867,-22.865886]],[[-47.948176,-22.86575],[-47.947015,-22.86642]],[[-47.943983,-22.865825],[-47.943983,-22.865825]],[[-47.939278,-22.865892],[-47.937216,-22.864605]],[[-47.866845,-22.867146],[-47.863491,-22.867768],[-47.86053,-22.866827]],[[-48.001531,-22.864633],[-48.002026,-22.865186],[-48.003127,-22.863634],[-48.003022,-22.864393],[-48.008437,-22.858929],[-48.007392,-22.858246],[-48.009911,-22.856273],[-48.0109,-22.854183],[-48.004734,-22.860001],[-48.001531,-22.864633]],[[-47.91468,-22.866247],[-47.914677,-22.866262]],[[-47.91468,-22.866247],[-47.91468,-22.866247]],[[-47.858392,-22.867195],[-47.858502,-22.867059]],[[-47.9312,-22.865851],[-47.93134,-22.865561]],[[-47.948888,-22.865458],[-47.948888,-22.865458]],[[-47.924296,-22.865903],[-47.924513,-22.866918]],[[-47.858502,-22.867059],[-47.858502,-22.867059]],[[-47.870101,-22.86681],[-47.87022,-22.868398]],[[-47.870101,-22.86681],[-47.870102,-22.86681]],[[-47.917746,-22.865941],[-47.920889,-22.867895]],[[-47.908335,-22.866075],[-47.908627,-22.865868]],[[-47.839856,-22.867311],[-47.839203,-22.868045]],[[-47.930746,-22.86565],[-47.930678,-22.866377],[-47.930746,-22.86565]],[[-47.927223,-22.865676],[-47.925812,-22.866796]],[[-47.918009,-22.865843],[-47.918009,-22.865843]],[[-47.93134,-22.865561],[-47.932843,-22.863721]],[[-47.966333,-22.864895],[-47.966336,-22.864896]],[[-47.966333,-22.864895],[-47.966632,-22.865505],[-47.966333,-22.864895]],[[-47.860465,-22.866821],[-47.859449,-22.866394]],[[-47.802234,-22.867852],[-47.802161,-22.867541]],[[-47.852783,-22.866948],[-47.853592,-22.871486]],[[-47.852783,-22.866948],[-47.852695,-22.86683]],[[-47.852779,-22.866948],[-47.852783,-22.866948]],[[-47.807263,-22.867742],[-47.80626,-22.864896]],[[-47.915107,-22.865787],[-47.914838,-22.866275]],[[-47.852521,-22.866912],[-47.852381,-22.866866]],[[-47.839967,-22.867133],[-47.839915,-22.867188]],[[-47.858469,-22.86677],[-47.859347,-22.866344]],[[-47.85818,-22.866767],[-47.857724,-22.865099],[-47.856818,-22.865547]],[[-47.817488,-22.867491],[-47.818773,-22.866682],[-47.823435,-22.868593]],[[-47.961905,-22.8648],[-47.962588,-22.865505]],[[-47.892965,-22.866047],[-47.892968,-22.866057]],[[-47.852708,-22.866773],[-47.852783,-22.866948]],[[-47.816711,-22.867414],[-47.816836,-22.868414]],[[-47.852005,-22.866764],[-47.851687,-22.866638]],[[-47.851472,-22.866754],[-47.84946,-22.869916],[-47.850268,-22.871987],[-47.849636,-22.87532]],[[-47.917725,-22.865544],[-47.917286,-22.862759]],[[-47.90587,-22.86576],[-47.90587,-22.86576]],[[-47.851477,-22.866723],[-47.851366,-22.866647]],[[-47.937308,-22.865149],[-47.937308,-22.865149]],[[-47.868724,-22.866349],[-47.870101,-22.86681]],[[-47.851366,-22.866647],[-47.851371,-22.866647]],[[-47.851366,-22.866647],[-47.851366,-22.866647]],[[-47.852847,-22.866615],[-47.852848,-22.866617]],[[-47.852847,-22.866615],[-47.852847,-22.866615]],[[-47.964736,-22.86455],[-47.966333,-22.864895]],[[-47.80207,-22.867474],[-47.802088,-22.866965]],[[-47.851305,-22.866587],[-47.85129,-22.866562]],[[-47.85129,-22.866562],[-47.85129,-22.866563]],[[-47.85129,-22.866562],[-47.85129,-22.866562]],[[-47.859449,-22.866394],[-47.859356,-22.866338]],[[-47.834746,-22.866822],[-47.832542,-22.866756],[-47.831084,-22.86496]],[[-47.957766,-22.864572],[-47.955969,-22.864757],[-47.954217,-22.867063],[-47.952009,-22.867368]],[[-47.893098,-22.86575],[-47.89448,-22.864137]],[[-47.834775,-22.866794],[-47.834945,-22.864651],[-47.832612,-22.861393]],[[-47.859347,-22.866344],[-47.859449,-22.866394]],[[-47.859347,-22.866344],[-47.859356,-22.866338]],[[-47.859356,-22.866338],[-47.859347,-22.866344]],[[-47.859356,-22.866338],[-47.860417,-22.865382]],[[-47.903809,-22.865499],[-47.903809,-22.865499]],[[-47.847478,-22.866515],[-47.847478,-22.866515]],[[-47.853321,-22.866403],[-47.852907,-22.866554]],[[-47.972132,-22.864215],[-47.973683,-22.862663],[-47.976537,-22.862465],[-47.976731,-22.863268],[-47.974835,-22.863953],[-47.97757,-22.867934],[-47.980275,-22.867634],[-47.981039,-22.868894],[-47.981885,-22.868526]],[[-47.853764,-22.866342],[-47.853764,-22.866342]],[[-47.853764,-22.866342],[-47.853949,-22.866287]],[[-47.817867,-22.866979],[-47.818437,-22.864607]],[[-47.847067,-22.866415],[-47.847057,-22.866414]],[[-47.847067,-22.866415],[-47.847067,-22.866415]],[[-47.847057,-22.866414],[-47.847067,-22.866415]],[[-47.847057,-22.866414],[-47.846876,-22.866328]],[[-47.853568,-22.86628],[-47.852847,-22.866615]],[[-47.938291,-22.864732],[-47.938291,-22.864732]],[[-47.854002,-22.866239],[-47.853764,-22.866342]],[[-47.854002,-22.866239],[-47.854001,-22.866239]],[[-47.854176,-22.86623],[-47.854002,-22.866239]],[[-47.854173,-22.866229],[-47.854002,-22.866239]],[[-47.926417,-22.864913],[-47.925848,-22.867058]],[[-47.85132,-22.866277],[-47.850265,-22.864596],[-47.847583,-22.866517]],[[-47.846876,-22.866328],[-47.845642,-22.871141]],[[-47.846876,-22.866328],[-47.847057,-22.866414]],[[-47.791591,-22.867272],[-47.792014,-22.865979]],[[-47.937216,-22.864605],[-47.937217,-22.864604]],[[-47.937216,-22.864605],[-47.936245,-22.86341]],[[-47.925316,-22.864815],[-47.926024,-22.865402]],[[-47.846776,-22.866236],[-47.845794,-22.865886],[-47.84668,-22.866171]],[[-47.795325,-22.86714],[-47.795325,-22.86714]],[[-47.910297,-22.86504],[-47.908754,-22.864864]],[[-47.910309,-22.865037],[-47.910309,-22.865037]],[[-47.802089,-22.866966],[-47.802088,-22.866965]],[[-47.802088,-22.866965],[-47.802085,-22.86748]],[[-47.802088,-22.866965],[-47.802082,-22.86686]],[[-47.926161,-22.864721],[-47.926161,-22.864721]],[[-47.914121,-22.864867],[-47.91468,-22.866247]],[[-47.908754,-22.864864],[-47.908754,-22.864863]],[[-47.908754,-22.864864],[-47.907462,-22.863289]],[[-47.856364,-22.865802],[-47.854282,-22.866234]],[[-47.891211,-22.86517],[-47.894459,-22.86415],[-47.895421,-22.862313]],[[-47.920899,-22.864547],[-47.921595,-22.865774]],[[-47.802193,-22.866677],[-47.810711,-22.862998]],[[-47.929613,-22.864377],[-47.930964,-22.862318]],[[-47.923298,-22.864484],[-47.921022,-22.866751]],[[-47.856381,-22.865694],[-47.856382,-22.865694]],[[-47.856381,-22.865694],[-47.856381,-22.865694]],[[-47.870443,-22.865438],[-47.870101,-22.86681]],[[-47.802139,-22.866656],[-47.80281,-22.866099]],[[-47.845801,-22.865866],[-47.845429,-22.865456]],[[-47.856764,-22.865662],[-47.856381,-22.865694]],[[-47.856818,-22.865547],[-47.856818,-22.865547]],[[-47.936027,-22.864041],[-47.936245,-22.86341]],[[-47.860417,-22.865382],[-47.860126,-22.865741]],[[-47.860417,-22.865382],[-47.860416,-22.865321]],[[-47.898596,-22.864672],[-47.898596,-22.864672]],[[-47.92197,-22.864237],[-47.922052,-22.865364]],[[-47.92197,-22.864237],[-47.92197,-22.864237]],[[-47.921969,-22.864236],[-47.92197,-22.864237]],[[-47.860416,-22.865321],[-47.860416,-22.865322]],[[-47.860416,-22.865321],[-47.860416,-22.865321]],[[-47.796218,-22.866462],[-47.796218,-22.866462]],[[-47.790832,-22.866471],[-47.791734,-22.86608]],[[-47.918501,-22.864168],[-47.919424,-22.864732]],[[-47.935387,-22.863852],[-47.935387,-22.863852]],[[-47.917249,-22.864183],[-47.916549,-22.863372]],[[-47.827342,-22.865712],[-47.825183,-22.866555],[-47.823435,-22.868593]],[[-47.943957,-22.863574],[-47.943957,-22.863574]],[[-47.80281,-22.866099],[-47.80281,-22.8661]],[[-47.80281,-22.866099],[-47.803832,-22.865662]],[[-47.929548,-22.863807],[-47.929964,-22.863667]],[[-47.88762,-22.864552],[-47.887218,-22.865016],[-47.88762,-22.864552]],[[-47.932843,-22.863721],[-47.932845,-22.863717]],[[-47.932843,-22.863721],[-47.932843,-22.863721]],[[-47.887466,-22.864539],[-47.888983,-22.86233],[-47.888762,-22.862953]],[[-47.845072,-22.865277],[-47.844132,-22.864408],[-47.842334,-22.865066],[-47.840263,-22.867315]],[[-47.904707,-22.864163],[-47.905883,-22.86524]],[[-47.904081,-22.864138],[-47.904081,-22.864138]],[[-47.919407,-22.863818],[-47.921022,-22.866751]],[[-47.919407,-22.863818],[-47.919404,-22.863825]],[[-47.901621,-22.864127],[-47.901552,-22.863758]],[[-47.788592,-22.866138],[-47.788592,-22.866138]],[[-47.904499,-22.864058],[-47.904499,-22.864058]],[[-47.943706,-22.863293],[-47.943706,-22.863293]],[[-47.936245,-22.86341],[-47.936245,-22.863408]],[[-47.936245,-22.86341],[-47.939024,-22.858101],[-47.938505,-22.857727]],[[-47.93283,-22.863464],[-47.9358,-22.863273]],[[-47.943686,-22.863257],[-47.944158,-22.861626]],[[-47.905195,-22.863959],[-47.905195,-22.863959]],[[-47.815502,-22.86557],[-47.81674,-22.867352]],[[-47.792014,-22.865979],[-47.792014,-22.865976]],[[-47.792014,-22.865979],[-47.792014,-22.865979]],[[-47.803832,-22.865662],[-47.81172,-22.862548],[-47.818312,-22.851961]],[[-47.935803,-22.86327],[-47.93622,-22.86267]],[[-47.911825,-22.863683],[-47.912091,-22.862389]],[[-47.904534,-22.863798],[-47.904534,-22.863798]],[[-47.919849,-22.863498],[-47.919407,-22.863818]],[[-47.789298,-22.865827],[-47.789298,-22.865827]],[[-47.843083,-22.864869],[-47.843729,-22.86413]],[[-47.850211,-22.864592],[-47.849164,-22.864112],[-47.847762,-22.86085],[-47.847145,-22.854909],[-47.847821,-22.851386]],[[-47.874006,-22.86415],[-47.87047,-22.862002]],[[-47.862748,-22.864332],[-47.867072,-22.86508]],[[-47.9276,-22.863147],[-47.92764,-22.862521]],[[-47.945053,-22.862817],[-47.945053,-22.862817]],[[-47.802535,-22.865378],[-47.80281,-22.866099]],[[-47.802498,-22.865311],[-47.802498,-22.865311]],[[-47.860815,-22.864271],[-47.860518,-22.865036]],[[-47.931133,-22.862982],[-47.930964,-22.862318]],[[-47.792097,-22.865471],[-47.79421,-22.863795]],[[-47.901267,-22.863497],[-47.899153,-22.861413]],[[-47.90147,-22.863456],[-47.90147,-22.863456]],[[-47.798673,-22.865231],[-47.798673,-22.865231]],[[-47.816961,-22.864846],[-47.818279,-22.865106]],[[-47.839164,-22.864352],[-47.841903,-22.865374]],[[-47.92996,-22.862696],[-47.930468,-22.862801]],[[-47.798355,-22.865059],[-47.798355,-22.865059]],[[-47.7978,-22.865003],[-47.7978,-22.865003]],[[-47.921886,-22.862759],[-47.921886,-22.862759]],[[-47.944961,-22.862315],[-47.944961,-22.862315]],[[-47.818437,-22.864607],[-47.818457,-22.864606]],[[-47.818437,-22.864607],[-47.820128,-22.86348]],[[-47.860939,-22.863845],[-47.860939,-22.863845]],[[-47.860939,-22.863845],[-47.861048,-22.863788]],[[-47.92175,-22.862726],[-47.922019,-22.862119]],[[-47.843728,-22.86413],[-47.843729,-22.86413]],[[-47.843729,-22.86413],[-47.843665,-22.864354]],[[-47.843729,-22.86413],[-47.843959,-22.863938]],[[-47.861048,-22.863788],[-47.86377,-22.860401],[-47.868642,-22.86042],[-47.87016,-22.859056]],[[-47.923923,-22.862637],[-47.923423,-22.861584]],[[-47.907647,-22.862926],[-47.907647,-22.862926]],[[-47.861116,-22.863759],[-47.862671,-22.864285]],[[-47.918972,-22.862697],[-47.919407,-22.863818]],[[-47.907703,-22.862891],[-47.90824,-22.86145]],[[-47.945071,-22.862192],[-47.947019,-22.859406]],[[-47.937871,-22.862291],[-47.937871,-22.862291]],[[-47.797985,-22.864799],[-47.797985,-22.864799]],[[-47.930964,-22.862318],[-47.930963,-22.862308]],[[-47.930964,-22.862318],[-47.932506,-22.859369]],[[-47.924249,-22.862361],[-47.924249,-22.862361]],[[-47.794282,-22.86469],[-47.794282,-22.86469]],[[-47.837253,-22.863896],[-47.838553,-22.863904]],[[-47.798115,-22.864531],[-47.799241,-22.865209],[-47.799191,-22.866968],[-47.802358,-22.869496],[-47.802838,-22.871941],[-47.805249,-22.871579]],[[-47.798115,-22.864531],[-47.798115,-22.864532]],[[-47.912106,-22.862396],[-47.912652,-22.86315]],[[-47.912091,-22.862389],[-47.91209,-22.862386]],[[-47.912091,-22.862389],[-47.913713,-22.86247]],[[-47.843934,-22.863583],[-47.843934,-22.863583]],[[-47.844038,-22.863567],[-47.843674,-22.858584],[-47.842136,-22.857041],[-47.843384,-22.855198]],[[-47.805221,-22.864231],[-47.805734,-22.865283]],[[-47.922019,-22.862119],[-47.922019,-22.862116]],[[-47.922019,-22.862119],[-47.922019,-22.862119]],[[-47.817324,-22.863992],[-47.818437,-22.864607]],[[-47.927304,-22.862001],[-47.926253,-22.858993]],[[-47.92774,-22.861953],[-47.92774,-22.861953]],[[-47.809259,-22.863968],[-47.810642,-22.868048]],[[-47.796666,-22.864171],[-47.796666,-22.864171]],[[-47.894042,-22.86241],[-47.895417,-22.86233]],[[-47.944172,-22.861479],[-47.944172,-22.861479]],[[-47.922146,-22.86188],[-47.923423,-22.861584]],[[-47.895421,-22.862313],[-47.895415,-22.862314]],[[-47.895421,-22.862313],[-47.895973,-22.861957],[-47.895421,-22.862313]],[[-47.944256,-22.861414],[-47.946307,-22.860562]],[[-47.883887,-22.862505],[-47.884642,-22.859388],[-47.883486,-22.857532]],[[-47.929667,-22.86166],[-47.931131,-22.862118]],[[-47.918145,-22.861869],[-47.918145,-22.861869]],[[-47.794143,-22.864087],[-47.794143,-22.864087]],[[-47.856312,-22.862957],[-47.856162,-22.864186]],[[-47.918476,-22.861819],[-47.918476,-22.861819]],[[-47.921261,-22.861733],[-47.921834,-22.862002]],[[-47.888987,-22.86232],[-47.889605,-22.861423]],[[-47.918867,-22.861718],[-47.918867,-22.861718]],[[-47.820128,-22.86348],[-47.820132,-22.863479]],[[-47.820128,-22.86348],[-47.820254,-22.862968]],[[-47.923423,-22.861584],[-47.923423,-22.861581]],[[-47.923423,-22.861584],[-47.925849,-22.85908]],[[-47.803758,-22.863733],[-47.803832,-22.865662]],[[-47.806895,-22.86359],[-47.807154,-22.864722]],[[-47.79421,-22.863795],[-47.794213,-22.863793]],[[-47.79421,-22.863795],[-47.794155,-22.861614],[-47.795908,-22.859021],[-47.794939,-22.857921],[-47.79566,-22.856966],[-47.795013,-22.856217],[-47.79289,-22.856589],[-47.791244,-22.855014]],[[-47.940638,-22.861153],[-47.94114,-22.85967]],[[-47.895982,-22.861942],[-47.899005,-22.859582]],[[-47.941897,-22.860934],[-47.941931,-22.8597]],[[-47.876803,-22.862114],[-47.880644,-22.858891]],[[-47.795425,-22.863556],[-47.795425,-22.863556]],[[-47.806858,-22.863329],[-47.806863,-22.863335]],[[-47.806858,-22.863329],[-47.806858,-22.863329]],[[-47.880873,-22.861983],[-47.880644,-22.858891]],[[-47.959303,-22.860523],[-47.961276,-22.858814],[-47.964814,-22.859288]],[[-47.820254,-22.862968],[-47.820254,-22.862968]],[[-47.820254,-22.862968],[-47.820491,-22.862545]],[[-47.917635,-22.861206],[-47.919405,-22.857322]],[[-47.90727,-22.861389],[-47.907278,-22.861391]],[[-47.90727,-22.861389],[-47.90727,-22.861389]],[[-47.806742,-22.86318],[-47.806858,-22.863329]],[[-47.918975,-22.861134],[-47.919159,-22.859839]],[[-47.891467,-22.861607],[-47.890631,-22.860655]],[[-47.906845,-22.861284],[-47.90727,-22.861389]],[[-47.810711,-22.862998],[-47.812666,-22.865013]],[[-47.810711,-22.862998],[-47.811929,-22.862292]],[[-47.81071,-22.862998],[-47.810711,-22.862998]],[[-47.874039,-22.861856],[-47.875155,-22.858149],[-47.874646,-22.853467]],[[-47.799127,-22.863191],[-47.798115,-22.864531]],[[-47.843497,-22.862389],[-47.842248,-22.861902]],[[-47.852713,-22.862171],[-47.852095,-22.863774],[-47.852729,-22.866535]],[[-47.907541,-22.861131],[-47.90816,-22.861598],[-47.909421,-22.859584]],[[-47.813024,-22.862776],[-47.811929,-22.862292]],[[-47.889701,-22.86135],[-47.890622,-22.860573],[-47.889854,-22.861189]],[[-47.854655,-22.861983],[-47.856839,-22.865486]],[[-47.952912,-22.860162],[-47.952197,-22.860883],[-47.951174,-22.860297]],[[-47.906769,-22.861009],[-47.906769,-22.861009]],[[-47.794667,-22.863016],[-47.794457,-22.863397]],[[-47.820491,-22.862545],[-47.820492,-22.862547]],[[-47.820491,-22.862545],[-47.820129,-22.863725]],[[-47.82973,-22.862379],[-47.825713,-22.861353]],[[-47.841809,-22.862139],[-47.840169,-22.86181]],[[-47.801443,-22.862845],[-47.801445,-22.862856]],[[-47.801443,-22.862845],[-47.799127,-22.863191]],[[-47.829936,-22.862258],[-47.829934,-22.862259]],[[-47.829936,-22.862258],[-47.829936,-22.862258]],[[-47.793825,-22.862883],[-47.793469,-22.862489]],[[-47.827377,-22.862279],[-47.827445,-22.863248]],[[-47.830062,-22.862226],[-47.829936,-22.862258]],[[-47.948682,-22.86006],[-47.948682,-22.86006]],[[-47.90513,-22.86083],[-47.906682,-22.861093]],[[-47.951356,-22.859938],[-47.951356,-22.859938]],[[-47.939972,-22.86005],[-47.939972,-22.86005]],[[-47.944702,-22.859939],[-47.944702,-22.859939]],[[-47.947863,-22.859852],[-47.947863,-22.859852]],[[-47.811929,-22.862292],[-47.812692,-22.860816]],[[-47.862726,-22.861345],[-47.863098,-22.860204],[-47.860615,-22.855488],[-47.858991,-22.854812]],[[-47.795154,-22.862531],[-47.79498,-22.862816]],[[-47.808049,-22.862273],[-47.808837,-22.863889]],[[-47.91968,-22.860244],[-47.918776,-22.859006]],[[-47.790648,-22.862542],[-47.789311,-22.865811]],[[-47.949464,-22.859628],[-47.949464,-22.859628]],[[-47.793448,-22.862444],[-47.793448,-22.862444]],[[-47.972681,-22.859169],[-47.97389,-22.862664]],[[-47.964814,-22.859288],[-47.969358,-22.86242],[-47.969668,-22.86367],[-47.968065,-22.865625],[-47.972138,-22.864237]],[[-47.958508,-22.859395],[-47.958508,-22.859395]],[[-47.941931,-22.8597],[-47.941932,-22.859699]],[[-47.941931,-22.8597],[-47.940876,-22.859549],[-47.939624,-22.85675],[-47.938505,-22.857727]],[[-47.818067,-22.861931],[-47.820128,-22.86348]],[[-47.795322,-22.862315],[-47.795322,-22.862315]],[[-47.795369,-22.862311],[-47.796601,-22.861561]],[[-47.958332,-22.859352],[-47.958332,-22.859352]],[[-47.793669,-22.862325],[-47.793669,-22.862325]],[[-47.788706,-22.862396],[-47.787756,-22.865493]],[[-47.793321,-22.862305],[-47.791477,-22.862049],[-47.792111,-22.862084]],[[-47.838232,-22.861485],[-47.839085,-22.864352],[-47.838839,-22.863537]],[[-47.808045,-22.862015],[-47.80804,-22.862015]],[[-47.808045,-22.862015],[-47.808045,-22.862015]],[[-47.789424,-22.862339],[-47.79148,-22.862054]],[[-47.945746,-22.859504],[-47.945746,-22.859504]],[[-47.92286,-22.859923],[-47.924325,-22.860649]],[[-47.890451,-22.860467],[-47.890755,-22.859541]],[[-47.947019,-22.859406],[-47.947019,-22.859398]],[[-47.947019,-22.859406],[-47.944079,-22.858479],[-47.941931,-22.8597]],[[-47.929639,-22.859615],[-47.932506,-22.859369]],[[-47.784652,-22.862199],[-47.786289,-22.861149]],[[-47.802424,-22.861877],[-47.801443,-22.862845]],[[-47.945056,-22.859276],[-47.944454,-22.859607],[-47.945056,-22.859276]],[[-47.798948,-22.861871],[-47.799127,-22.863191]],[[-47.825713,-22.861353],[-47.82571,-22.861356]],[[-47.825713,-22.861353],[-47.824468,-22.86076],[-47.825542,-22.860306],[-47.825713,-22.861353]],[[-47.788557,-22.861998],[-47.789507,-22.861924],[-47.788557,-22.861998]],[[-47.793346,-22.861893],[-47.793346,-22.861893]],[[-47.932506,-22.859369],[-47.932512,-22.859365]],[[-47.932506,-22.859369],[-47.935241,-22.856847]],[[-47.824485,-22.861281],[-47.822988,-22.861008],[-47.820711,-22.862294]],[[-47.798769,-22.861736],[-47.798769,-22.861736]],[[-47.804564,-22.861631],[-47.804564,-22.861631]],[[-47.913185,-22.859656],[-47.909621,-22.857189],[-47.909423,-22.855576],[-47.910681,-22.855148]],[[-47.965018,-22.858692],[-47.96502,-22.85869]],[[-47.96502,-22.85869],[-47.964814,-22.859288]],[[-47.96502,-22.85869],[-47.965163,-22.857374]],[[-47.868648,-22.860447],[-47.870393,-22.861801],[-47.870959,-22.864272]],[[-47.802677,-22.861617],[-47.802605,-22.861762]],[[-47.793235,-22.861768],[-47.793096,-22.861457]],[[-47.949284,-22.858937],[-47.950854,-22.859582],[-47.95089,-22.861268],[-47.952195,-22.861781],[-47.949897,-22.865388],[-47.952012,-22.867198]],[[-47.949284,-22.858937],[-47.949279,-22.858943]],[[-47.819114,-22.861241],[-47.820491,-22.862545]],[[-47.863722,-22.860421],[-47.864802,-22.854949],[-47.864035,-22.853807]],[[-47.909421,-22.859584],[-47.912091,-22.862389]],[[-47.909421,-22.859584],[-47.909423,-22.859582]],[[-47.818893,-22.861193],[-47.818893,-22.861193]],[[-47.809689,-22.861307],[-47.810961,-22.862534]],[[-47.818808,-22.861021],[-47.818884,-22.861109]],[[-47.925849,-22.85908],[-47.92585,-22.859081]],[[-47.925849,-22.85908],[-47.926588,-22.858572],[-47.925844,-22.859088]],[[-47.793096,-22.861457],[-47.793093,-22.86145]],[[-47.793096,-22.861457],[-47.793096,-22.861457]],[[-47.787814,-22.86154],[-47.788526,-22.861885]],[[-47.796804,-22.861331],[-47.79701,-22.861161]],[[-47.809663,-22.860997],[-47.809663,-22.860997]],[[-47.973268,-22.85801],[-47.972846,-22.858821]],[[-47.920751,-22.858971],[-47.92058,-22.858243]],[[-47.829898,-22.860578],[-47.829924,-22.860017]],[[-47.899031,-22.859325],[-47.899942,-22.855492]],[[-47.803425,-22.861],[-47.804359,-22.861416]],[[-47.80116,-22.861036],[-47.801443,-22.862845]],[[-47.932216,-22.858635],[-47.932707,-22.858906]],[[-47.890788,-22.859389],[-47.891727,-22.857251]],[[-47.815476,-22.860729],[-47.813384,-22.859844]],[[-47.952645,-22.858172],[-47.952645,-22.858172]],[[-47.927635,-22.85858],[-47.926983,-22.857583]],[[-47.948485,-22.858183],[-47.948485,-22.858183]],[[-47.926595,-22.858563],[-47.928178,-22.853672],[-47.929708,-22.852584],[-47.928853,-22.852865]],[[-47.807519,-22.860627],[-47.808045,-22.862015]],[[-47.847781,-22.859904],[-47.851761,-22.857751],[-47.853611,-22.858355]],[[-47.794391,-22.860849],[-47.794391,-22.860849]],[[-47.949554,-22.857996],[-47.949554,-22.857996]],[[-47.923714,-22.858411],[-47.925849,-22.85908]],[[-47.923111,-22.858386],[-47.92366,-22.858335]],[[-47.92366,-22.858335],[-47.923669,-22.858334]],[[-47.92366,-22.858335],[-47.923894,-22.858099]],[[-47.800603,-22.860538],[-47.801156,-22.861023],[-47.800603,-22.860538]],[[-47.921071,-22.858348],[-47.920574,-22.858237]],[[-47.906322,-22.858609],[-47.906712,-22.857608]],[[-47.812254,-22.8603],[-47.812718,-22.86076]],[[-47.83584,-22.859873],[-47.842136,-22.857024]],[[-47.920577,-22.858234],[-47.919501,-22.856804]],[[-47.828299,-22.859831],[-47.828299,-22.859832]],[[-47.828299,-22.859831],[-47.825389,-22.860292]],[[-47.880644,-22.858891],[-47.880645,-22.858886]],[[-47.880644,-22.858891],[-47.88724,-22.855532]],[[-47.923894,-22.858099],[-47.923887,-22.858158]],[[-47.923894,-22.858099],[-47.92366,-22.858335]],[[-47.951436,-22.857517],[-47.949284,-22.858937]],[[-47.825904,-22.859769],[-47.825981,-22.859083]],[[-47.938505,-22.857727],[-47.938491,-22.857727]],[[-47.938505,-22.857727],[-47.935342,-22.857533],[-47.935462,-22.855207],[-47.937265,-22.853083],[-47.93671,-22.85216],[-47.932577,-22.852442],[-47.930789,-22.850548],[-47.9272,-22.849032],[-47.925016,-22.851337],[-47.923086,-22.851203]],[[-47.831127,-22.859646],[-47.828299,-22.859831]],[[-47.939596,-22.857603],[-47.940003,-22.858604],[-47.939596,-22.857603]],[[-47.857507,-22.859076],[-47.861145,-22.862272],[-47.861048,-22.863788]],[[-47.857507,-22.859076],[-47.85751,-22.859075]],[[-47.941262,-22.857536],[-47.940628,-22.858296]],[[-47.78686,-22.860291],[-47.78686,-22.860291]],[[-47.785794,-22.860233],[-47.787814,-22.86154]],[[-47.800145,-22.859963],[-47.799572,-22.859399]],[[-47.784914,-22.860072],[-47.784914,-22.860072]],[[-47.785182,-22.860058],[-47.785794,-22.860233]],[[-47.93246,-22.857408],[-47.933443,-22.857887]],[[-47.803692,-22.859702],[-47.803463,-22.860113]],[[-47.788578,-22.859909],[-47.787814,-22.86154]],[[-47.91812,-22.857583],[-47.919405,-22.857322]],[[-47.800406,-22.859695],[-47.800596,-22.860536]],[[-47.923624,-22.857477],[-47.923894,-22.858099]],[[-47.958429,-22.856757],[-47.959724,-22.853497]],[[-47.94721,-22.856956],[-47.948777,-22.858639]],[[-47.833321,-22.858965],[-47.833884,-22.856173]],[[-47.90485,-22.857635],[-47.908732,-22.856595]],[[-47.811837,-22.859278],[-47.812119,-22.859121]],[[-47.928244,-22.857164],[-47.927599,-22.856534]],[[-47.919405,-22.857322],[-47.919406,-22.857321]],[[-47.919405,-22.857322],[-47.919612,-22.854809]],[[-47.956267,-22.856638],[-47.95685,-22.854342],[-47.958321,-22.853673]],[[-47.795048,-22.859552],[-47.795048,-22.859552]],[[-47.908686,-22.85751],[-47.909421,-22.859584]],[[-47.855561,-22.858441],[-47.857507,-22.859076]],[[-47.914992,-22.857284],[-47.914992,-22.857284]],[[-47.908876,-22.857387],[-47.908876,-22.857387]],[[-47.828281,-22.858831],[-47.828299,-22.859831]],[[-47.970338,-22.856156],[-47.968841,-22.856121]],[[-47.968841,-22.856121],[-47.968838,-22.856131]],[[-47.968841,-22.856121],[-47.966842,-22.858218],[-47.96502,-22.85869]],[[-47.872654,-22.857868],[-47.874978,-22.856996]],[[-47.828224,-22.858639],[-47.828224,-22.858639]],[[-47.811484,-22.85893],[-47.811469,-22.858926]],[[-47.811469,-22.858926],[-47.811688,-22.859569],[-47.811469,-22.858926]],[[-47.811469,-22.858926],[-47.809821,-22.858168]],[[-47.969026,-22.856062],[-47.969772,-22.855384]],[[-47.94327,-22.856467],[-47.944032,-22.858435]],[[-47.914696,-22.856949],[-47.915051,-22.856208]],[[-47.81188,-22.858721],[-47.813361,-22.85972]],[[-47.796038,-22.85899],[-47.796041,-22.858989]],[[-47.796041,-22.858989],[-47.793886,-22.862926],[-47.794232,-22.863723],[-47.795714,-22.863066],[-47.798115,-22.864531]],[[-47.796041,-22.858989],[-47.798354,-22.858994]],[[-47.952969,-22.85614],[-47.951623,-22.857465]],[[-47.803528,-22.8588],[-47.803723,-22.85969],[-47.803528,-22.8588]],[[-47.795442,-22.858941],[-47.795442,-22.858941]],[[-47.785778,-22.859076],[-47.785794,-22.860233]],[[-47.880556,-22.857355],[-47.881595,-22.858571]],[[-47.816188,-22.85848],[-47.815935,-22.858105]],[[-47.957819,-22.855875],[-47.958387,-22.85358],[-47.959724,-22.853497]],[[-47.816258,-22.858437],[-47.816258,-22.858437]],[[-47.821326,-22.858308],[-47.821327,-22.858309]],[[-47.821326,-22.858308],[-47.821445,-22.858931],[-47.821326,-22.858308]],[[-47.9231,-22.856465],[-47.921658,-22.852594]],[[-47.891866,-22.857029],[-47.89189,-22.854743]],[[-47.940941,-22.856084],[-47.941272,-22.85752]],[[-47.851959,-22.857702],[-47.853261,-22.855734]],[[-47.795436,-22.858695],[-47.795436,-22.858695]],[[-47.917994,-22.856485],[-47.917994,-22.856485]],[[-47.92184,-22.856415],[-47.921858,-22.85621]],[[-47.80281,-22.858556],[-47.803492,-22.860421]],[[-47.918175,-22.856473],[-47.919763,-22.855639]],[[-47.911383,-22.856596],[-47.910681,-22.855148]],[[-47.908732,-22.856595],[-47.908876,-22.857387]],[[-47.908732,-22.856595],[-47.908744,-22.856593]],[[-47.940202,-22.855989],[-47.940001,-22.857062]],[[-47.821868,-22.858093],[-47.822655,-22.85777]],[[-47.788486,-22.858652],[-47.788578,-22.858417]],[[-47.802471,-22.858387],[-47.802471,-22.858387]],[[-47.815935,-22.858105],[-47.81593,-22.858107]],[[-47.815935,-22.858105],[-47.814447,-22.858104]],[[-47.820083,-22.857928],[-47.821326,-22.858308]],[[-47.806486,-22.858161],[-47.808405,-22.859247]],[[-47.915051,-22.856208],[-47.915047,-22.85621]],[[-47.915051,-22.856208],[-47.915051,-22.856208]],[[-47.788578,-22.858417],[-47.788578,-22.858415]],[[-47.788578,-22.858417],[-47.788578,-22.858417]],[[-47.816412,-22.857871],[-47.816412,-22.857871]],[[-47.816408,-22.85785],[-47.815935,-22.858105]],[[-47.921931,-22.855926],[-47.922174,-22.855039]],[[-47.799751,-22.858083],[-47.800063,-22.858168]],[[-47.915003,-22.855942],[-47.915091,-22.855749]],[[-47.799439,-22.857976],[-47.799435,-22.857967]],[[-47.799439,-22.857976],[-47.799439,-22.857976]],[[-47.909006,-22.855958],[-47.908732,-22.856595]],[[-47.911744,-22.855895],[-47.910792,-22.855119]],[[-47.909398,-22.855907],[-47.909097,-22.85588]],[[-47.884356,-22.856357],[-47.884356,-22.856357]],[[-47.856254,-22.85685],[-47.857507,-22.859076]],[[-47.908714,-22.855893],[-47.908705,-22.856345]],[[-47.788742,-22.858003],[-47.792077,-22.856063]],[[-47.969536,-22.854721],[-47.970061,-22.854298]],[[-47.825868,-22.857254],[-47.825868,-22.857254]],[[-47.915118,-22.855627],[-47.916625,-22.851769]],[[-47.82586,-22.85723],[-47.825458,-22.856435]],[[-47.801465,-22.857662],[-47.802413,-22.858287]],[[-47.841654,-22.856922],[-47.838493,-22.854881],[-47.832504,-22.856366]],[[-47.83143,-22.857043],[-47.832179,-22.856488]],[[-47.940297,-22.855019],[-47.94031,-22.85575]],[[-47.908882,-22.855557],[-47.908879,-22.85557]],[[-47.908882,-22.855557],[-47.908882,-22.855557]],[[-47.779432,-22.857868],[-47.779852,-22.855412]],[[-47.912927,-22.855423],[-47.912927,-22.855423]],[[-47.940731,-22.854867],[-47.940731,-22.854867]],[[-47.956727,-22.854558],[-47.953983,-22.855622]],[[-47.821026,-22.856953],[-47.822465,-22.857711]],[[-47.940267,-22.854783],[-47.940267,-22.854783]],[[-47.882084,-22.855841],[-47.884371,-22.857142]],[[-47.9455,-22.854616],[-47.9455,-22.854616]],[[-47.808576,-22.857077],[-47.80737,-22.856919]],[[-47.899946,-22.85542],[-47.898905,-22.852792]],[[-47.969506,-22.854063],[-47.968841,-22.856121]],[[-47.910681,-22.855148],[-47.910688,-22.855145]],[[-47.910681,-22.855148],[-47.910792,-22.855119]],[[-47.945303,-22.854495],[-47.945303,-22.854495]],[[-47.881952,-22.85565],[-47.881952,-22.85565]],[[-47.910792,-22.855119],[-47.910796,-22.855119]],[[-47.910792,-22.855119],[-47.910892,-22.854131]],[[-47.88724,-22.855532],[-47.887242,-22.855537]],[[-47.88724,-22.855532],[-47.889567,-22.855401]],[[-47.822566,-22.856646],[-47.82253,-22.857718]],[[-47.911441,-22.854985],[-47.911704,-22.855204]],[[-47.816766,-22.856687],[-47.816766,-22.856687]],[[-47.869397,-22.855745],[-47.870699,-22.853744]],[[-47.919612,-22.854809],[-47.919612,-22.854809]],[[-47.889616,-22.855352],[-47.889616,-22.855352]],[[-47.782279,-22.857253],[-47.78222,-22.854374]],[[-47.832504,-22.856366],[-47.832504,-22.856366]],[[-47.784036,-22.857205],[-47.783955,-22.855382]],[[-47.889708,-22.855288],[-47.895513,-22.852552],[-47.898781,-22.852549]],[[-47.9919,-22.853386],[-47.992575,-22.854487],[-47.990093,-22.854508],[-47.989141,-22.853418],[-47.990119,-22.852517],[-47.9919,-22.853386]],[[-47.824887,-22.856421],[-47.824887,-22.856423]],[[-47.824887,-22.856421],[-47.823207,-22.856669],[-47.821487,-22.861464]],[[-47.80401,-22.856775],[-47.803507,-22.858799]],[[-47.822547,-22.856434],[-47.822547,-22.856434]],[[-48.001145,-22.853118],[-48.000527,-22.852469],[-48.001145,-22.853118]],[[-47.920048,-22.854616],[-47.921558,-22.852584]],[[-47.803736,-22.856691],[-47.803736,-22.856691]],[[-47.911326,-22.854736],[-47.911326,-22.854736]],[[-47.911326,-22.854736],[-47.910892,-22.854131]],[[-47.786994,-22.856896],[-47.78921,-22.853501]],[[-48.000299,-22.852952],[-48.000299,-22.852952]],[[-48.000299,-22.852952],[-48.002345,-22.853491],[-48.005355,-22.851527],[-48.008995,-22.85063],[-48.013843,-22.851596],[-48.019424,-22.849785],[-48.039063,-22.846591],[-48.046002,-22.834357],[-48.048982,-22.826137],[-48.047174,-22.828101],[-48.047155,-22.827251],[-48.046362,-22.829533],[-48.042053,-22.83395],[-48.042766,-22.834934],[-48.039511,-22.84018],[-48.039655,-22.837112],[-48.036853,-22.843444],[-48.032816,-22.846538],[-48.033231,-22.844211],[-48.03767,-22.839699],[-48.035515,-22.840959],[-48.035099,-22.839749],[-48.032749,-22.84354],[-48.03416,-22.839409],[-48.03285,-22.84056],[-48.032462,-22.839859],[-48.033353,-22.839625],[-48.032335,-22.839605],[-48.031914,-22.841979],[-48.030175,-22.839276],[-48.031223,-22.839344],[-48.032867,-22.83723],[-48.03507,-22.837969],[-48.037939,-22.836794],[-48.040766,-22.832279],[-48.036663,-22.829476],[-48.03296,-22.828581],[-48.027525,-22.828588],[-48.025872,-22.829398]],[[-48.00028,-22.852944],[-48.000299,-22.852952]],[[-47.811925,-22.856379],[-47.813107,-22.856039]],[[-47.938717,-22.853925],[-47.938717,-22.853925]],[[-47.959724,-22.853497],[-47.959739,-22.853491]],[[-47.959724,-22.853497],[-47.959772,-22.853155]],[[-47.796044,-22.856444],[-47.795816,-22.857004]],[[-47.796044,-22.856444],[-47.796646,-22.85599],[-47.799439,-22.857976]],[[-47.796029,-22.856438],[-47.796044,-22.856444]],[[-47.9997,-22.852715],[-48.000201,-22.85285]],[[-47.813107,-22.856039],[-47.813108,-22.85604]],[[-47.813107,-22.856039],[-47.81471,-22.857086]],[[-47.82152,-22.855866],[-47.822579,-22.856333]],[[-47.824551,-22.855781],[-47.824887,-22.856421]],[[-47.911382,-22.854206],[-47.910892,-22.854126]],[[-47.806198,-22.856086],[-47.807367,-22.856907]],[[-47.807937,-22.855984],[-47.808056,-22.855201]],[[-47.910892,-22.854131],[-47.910892,-22.854126]],[[-47.910892,-22.854131],[-47.910885,-22.854124]],[[-47.910892,-22.854126],[-47.910885,-22.854124]],[[-47.910892,-22.854126],[-47.910869,-22.852671]],[[-47.910885,-22.854124],[-47.910875,-22.854116]],[[-47.906372,-22.854173],[-47.907521,-22.853238]],[[-47.796006,-22.856146],[-47.796044,-22.856444]],[[-47.827088,-22.855572],[-47.829074,-22.856789]],[[-47.811487,-22.855771],[-47.812721,-22.855785]],[[-47.864817,-22.854651],[-47.865804,-22.853014]],[[-47.838978,-22.855021],[-47.838847,-22.853598],[-47.840056,-22.852475]],[[-47.919775,-22.853512],[-47.920297,-22.853891]],[[-47.823913,-22.855147],[-47.824559,-22.855781],[-47.824202,-22.85378],[-47.823913,-22.855147]],[[-47.99683,-22.851971],[-47.997139,-22.85299],[-47.998447,-22.852544],[-47.99683,-22.851971]],[[-47.812477,-22.855287],[-47.813107,-22.856039]],[[-47.999416,-22.851614],[-47.999522,-22.852728],[-47.999416,-22.851614]],[[-47.906213,-22.853336],[-47.907521,-22.853238]],[[-47.812175,-22.855003],[-47.812175,-22.855003]],[[-47.824161,-22.854784],[-47.82522,-22.854097]],[[-47.808014,-22.855057],[-47.808014,-22.855057]],[[-47.804407,-22.855096],[-47.803795,-22.853148]],[[-47.924338,-22.852931],[-47.924077,-22.851776]],[[-47.907521,-22.853238],[-47.907522,-22.853235]],[[-47.907521,-22.853238],[-47.908926,-22.853857],[-47.908882,-22.855557]],[[-47.965384,-22.852163],[-47.965632,-22.853481],[-47.964072,-22.855407],[-47.965156,-22.85737]],[[-47.965384,-22.852163],[-47.965387,-22.852172]],[[-47.783978,-22.855294],[-47.783993,-22.854293]],[[-47.776735,-22.855419],[-47.777955,-22.85492]],[[-47.828029,-22.854507],[-47.828028,-22.854512]],[[-47.828029,-22.854507],[-47.824887,-22.856421]],[[-47.933432,-22.852547],[-47.934087,-22.852728],[-47.933432,-22.852547]],[[-47.929638,-22.852532],[-47.930423,-22.8509]],[[-47.791294,-22.854983],[-47.792923,-22.856572],[-47.795069,-22.856182],[-47.795813,-22.856999],[-47.794973,-22.857931],[-47.796041,-22.858989]],[[-47.883462,-22.853332],[-47.885304,-22.853362],[-47.88724,-22.855532]],[[-47.847167,-22.853963],[-47.843952,-22.852903]],[[-47.874646,-22.853467],[-47.87733,-22.848832]],[[-47.778694,-22.855169],[-47.778105,-22.856264]],[[-47.819186,-22.854454],[-47.819187,-22.854454]],[[-47.819186,-22.854454],[-47.819121,-22.854442]],[[-47.791266,-22.854938],[-47.790707,-22.854284],[-47.79358,-22.849967],[-47.79347,-22.84754],[-47.789235,-22.843509],[-47.786501,-22.842732]],[[-47.921658,-22.852594],[-47.921664,-22.85259]],[[-47.921658,-22.852594],[-47.921586,-22.852569]],[[-47.999564,-22.851143],[-47.999564,-22.851143]],[[-47.819121,-22.854442],[-47.819186,-22.854454]],[[-47.819121,-22.854442],[-47.819186,-22.854454]],[[-47.921558,-22.852584],[-47.921658,-22.852594]],[[-47.921586,-22.852569],[-47.921558,-22.852584]],[[-47.921586,-22.852569],[-47.922621,-22.851179]],[[-47.852787,-22.853754],[-47.854472,-22.851594]],[[-47.851171,-22.853737],[-47.84801,-22.856213],[-47.847575,-22.858224]],[[-47.778389,-22.855007],[-47.779952,-22.855401],[-47.78108,-22.854638]],[[-47.810174,-22.854446],[-47.802672,-22.861616],[-47.803403,-22.86051]],[[-47.961389,-22.851689],[-47.965384,-22.852163]],[[-47.936298,-22.852132],[-47.936299,-22.852136]],[[-47.936298,-22.852132],[-47.937367,-22.853037],[-47.935925,-22.85443],[-47.935425,-22.857506],[-47.938388,-22.857986],[-47.939494,-22.856608],[-47.941122,-22.859609],[-47.944118,-22.858415],[-47.946577,-22.859543],[-47.949284,-22.858937]],[[-47.892851,-22.852927],[-47.89335,-22.853735]],[[-47.800711,-22.854307],[-47.800711,-22.854307]],[[-47.898781,-22.852549],[-47.89865,-22.852518]],[[-47.898781,-22.852549],[-47.900118,-22.850258],[-47.901866,-22.849096],[-47.90259,-22.849517],[-47.902004,-22.849209]],[[-47.898777,-22.852548],[-47.898781,-22.852549]],[[-47.886195,-22.852776],[-47.885781,-22.853702]],[[-47.831758,-22.853751],[-47.833004,-22.853063]],[[-47.78108,-22.854638],[-47.781081,-22.854641]],[[-47.78108,-22.854638],[-47.786146,-22.853804]],[[-47.802379,-22.854262],[-47.802463,-22.853111]],[[-47.838854,-22.853588],[-47.837191,-22.851003]],[[-47.924669,-22.852015],[-47.924957,-22.851366]],[[-47.855617,-22.853265],[-47.856891,-22.854586]],[[-47.800506,-22.854224],[-47.80038,-22.8528]],[[-47.824206,-22.853778],[-47.82432,-22.852061],[-47.826634,-22.850229],[-47.825803,-22.850819]],[[-47.827267,-22.853695],[-47.828029,-22.854507]],[[-47.828618,-22.853632],[-47.829745,-22.854328]],[[-47.805991,-22.854013],[-47.805327,-22.852698]],[[-47.965918,-22.85111],[-47.965384,-22.852163]],[[-47.924129,-22.851673],[-47.924063,-22.851466]],[[-47.777552,-22.854264],[-47.778359,-22.855005]],[[-47.916625,-22.851769],[-47.916624,-22.85177]],[[-47.916625,-22.851769],[-47.916625,-22.851769]],[[-47.868814,-22.852527],[-47.87109,-22.853902],[-47.874646,-22.853467]],[[-47.796119,-22.85378],[-47.79734,-22.853093]],[[-47.813734,-22.853442],[-47.81624,-22.85505]],[[-47.833004,-22.853063],[-47.833004,-22.853064]],[[-47.833004,-22.853063],[-47.833707,-22.852669],[-47.833004,-22.853063]],[[-47.965957,-22.850578],[-47.965957,-22.850569]],[[-47.965957,-22.850578],[-47.966161,-22.851166],[-47.965957,-22.850578]],[[-47.811424,-22.853383],[-47.812222,-22.854986]],[[-47.827905,-22.85309],[-47.828604,-22.853618]],[[-47.894969,-22.851862],[-47.89556,-22.852551]],[[-47.786146,-22.853804],[-47.786139,-22.853809]],[[-47.786146,-22.853804],[-47.786146,-22.853804]],[[-47.860294,-22.852422],[-47.860787,-22.849528],[-47.859994,-22.845967]],[[-47.829799,-22.852866],[-47.829263,-22.852873]],[[-47.786631,-22.853623],[-47.789102,-22.853403],[-47.787992,-22.853605]],[[-47.786475,-22.853625],[-47.78657,-22.853608]],[[-47.817594,-22.853068],[-47.819121,-22.854442]],[[-47.916762,-22.851269],[-47.918874,-22.8499]],[[-47.923017,-22.851138],[-47.924963,-22.851294],[-47.927132,-22.848924],[-47.93094,-22.850514],[-47.932655,-22.852384],[-47.936298,-22.852132]],[[-47.847676,-22.852496],[-47.84939,-22.852302]],[[-47.795789,-22.853404],[-47.796006,-22.856146]],[[-47.795789,-22.853404],[-47.795789,-22.853404]],[[-47.795778,-22.853404],[-47.795789,-22.853404]],[[-47.933028,-22.850899],[-47.933028,-22.850899]],[[-47.787276,-22.853491],[-47.787222,-22.853793]],[[-47.789089,-22.853441],[-47.790668,-22.854389]],[[-48.031971,-22.848989],[-48.035863,-22.848912]],[[-47.8337,-22.852638],[-47.836804,-22.850615]],[[-47.959944,-22.850334],[-47.96096,-22.851822]],[[-48.036119,-22.848895],[-48.039998,-22.846882],[-48.041142,-22.847427],[-48.040178,-22.846745],[-48.041662,-22.844384],[-48.043271,-22.844744],[-48.041747,-22.844067],[-48.043622,-22.840771],[-48.043206,-22.843088],[-48.04514,-22.843426],[-48.043226,-22.842447],[-48.044103,-22.841473],[-48.047849,-22.84387]],[[-48.031726,-22.848973],[-48.015978,-22.851749],[-48.016659,-22.851731],[-48.014532,-22.854978],[-48.011065,-22.858623],[-48.01176,-22.858973],[-48.008429,-22.862043],[-48.010425,-22.860158],[-48.010747,-22.858984],[-48.01015,-22.859284],[-48.003526,-22.866152],[-48.003649,-22.871991],[-48.001794,-22.877165],[-48.002744,-22.88024],[-48.006602,-22.882134],[-48.01569,-22.883135],[-48.013449,-22.891038],[-48.010876,-22.895604]],[[-47.803795,-22.853148],[-47.803793,-22.853143]],[[-47.803795,-22.853148],[-47.805489,-22.852601]],[[-47.935244,-22.850774],[-47.935704,-22.851101]],[[-47.797118,-22.853258],[-47.796006,-22.856146]],[[-47.807556,-22.853074],[-47.807556,-22.853074]],[[-47.840048,-22.852489],[-47.840056,-22.852475]],[[-47.807644,-22.853058],[-47.807067,-22.852417]],[[-47.840056,-22.852475],[-47.839397,-22.852704]],[[-47.840056,-22.852475],[-47.841789,-22.850075]],[[-47.938961,-22.850639],[-47.938961,-22.850639]],[[-47.776984,-22.853548],[-47.777187,-22.853984]],[[-47.878599,-22.851725],[-47.876643,-22.849905]],[[-47.933178,-22.850684],[-47.933178,-22.850684]],[[-47.925997,-22.850804],[-47.925997,-22.850804]],[[-47.935863,-22.850621],[-47.935864,-22.850624]],[[-47.935863,-22.850621],[-47.936298,-22.852132]],[[-47.801415,-22.853003],[-47.801366,-22.852032]],[[-47.937222,-22.850531],[-47.935982,-22.850516]],[[-47.797349,-22.853034],[-47.797349,-22.853034]],[[-47.817401,-22.852606],[-47.817779,-22.85297]],[[-47.797415,-22.852942],[-47.797594,-22.852923]],[[-47.7978,-22.8529],[-47.797827,-22.852547]],[[-47.929494,-22.850383],[-47.929494,-22.850383]],[[-47.798491,-22.852731],[-47.798496,-22.852733]],[[-47.805489,-22.852601],[-47.805489,-22.852606]],[[-47.805489,-22.852601],[-47.807851,-22.851321],[-47.807976,-22.849511]],[[-47.817325,-22.852377],[-47.816744,-22.851922],[-47.817325,-22.852377]],[[-47.7986,-22.852692],[-47.803795,-22.853148]],[[-47.926378,-22.85038],[-47.926378,-22.85038]],[[-47.819826,-22.852288],[-47.819826,-22.852288]],[[-47.819816,-22.852287],[-47.818312,-22.851961]],[[-47.8103,-22.852394],[-47.808626,-22.851277]],[[-47.83176,-22.852002],[-47.833326,-22.852749]],[[-47.906576,-22.850651],[-47.906576,-22.850651]],[[-47.807067,-22.852417],[-47.807067,-22.852417]],[[-47.807067,-22.852417],[-47.807029,-22.851922]],[[-47.798092,-22.852567],[-47.798294,-22.852681]],[[-47.9352,-22.850086],[-47.935863,-22.850621]],[[-47.9352,-22.850086],[-47.9352,-22.850086]],[[-47.9352,-22.850085],[-47.9352,-22.850086]],[[-47.921444,-22.850334],[-47.921443,-22.850336]],[[-47.921444,-22.850334],[-47.923022,-22.851232],[-47.918874,-22.8499]],[[-47.797827,-22.852547],[-47.797826,-22.852548]],[[-47.797827,-22.852547],[-47.797827,-22.852547]],[[-47.984736,-22.849142],[-47.984735,-22.849141]],[[-47.984736,-22.849142],[-47.985284,-22.848442],[-47.984736,-22.849142]],[[-47.797844,-22.852528],[-47.798542,-22.850882],[-47.797825,-22.849717]],[[-47.904295,-22.850537],[-47.904295,-22.850537]],[[-47.985419,-22.848986],[-47.993138,-22.848246],[-47.997037,-22.849442],[-47.997869,-22.851235],[-47.999331,-22.851493],[-47.998171,-22.851283]],[[-47.855599,-22.851326],[-47.85581,-22.855504]],[[-47.818312,-22.851961],[-47.818669,-22.849932]],[[-47.829514,-22.851742],[-47.828029,-22.854507]],[[-47.829514,-22.851742],[-47.829513,-22.851742]],[[-47.816731,-22.85194],[-47.813898,-22.851123]],[[-47.847821,-22.851386],[-47.847822,-22.851386]],[[-47.847821,-22.851386],[-47.84997,-22.848521]],[[-47.93766,-22.849703],[-47.936057,-22.84962]],[[-47.928203,-22.849868],[-47.927298,-22.849522],[-47.928203,-22.849868]],[[-47.86679,-22.850977],[-47.865566,-22.841642]],[[-47.805082,-22.852072],[-47.805489,-22.852601]],[[-47.935784,-22.849645],[-47.936037,-22.849583]],[[-47.935784,-22.849645],[-47.935784,-22.849645]],[[-47.935776,-22.849644],[-47.935784,-22.849645]],[[-47.918874,-22.8499],[-47.918875,-22.849899]],[[-47.918874,-22.8499],[-47.91739,-22.846616],[-47.916179,-22.846853],[-47.916305,-22.848259],[-47.912741,-22.849536],[-47.913992,-22.850666],[-47.913466,-22.851935],[-47.911812,-22.851388],[-47.910656,-22.85271],[-47.907768,-22.850038],[-47.908171,-22.847674],[-47.906428,-22.846661],[-47.905692,-22.847891],[-47.904883,-22.845964],[-47.905651,-22.847756],[-47.90625,-22.846601],[-47.908161,-22.847561],[-47.907923,-22.850117],[-47.910598,-22.852617],[-47.91183,-22.851319],[-47.913419,-22.851907],[-47.91397,-22.850833],[-47.912702,-22.849453],[-47.916275,-22.848117],[-47.916088,-22.846813]],[[-48.020211,-22.847887],[-48.020211,-22.847887]],[[-47.932731,-22.849504],[-47.932606,-22.849033]],[[-47.935877,-22.849376],[-47.935863,-22.850621]],[[-47.92829,-22.849503],[-47.929858,-22.845094]],[[-47.83011,-22.851165],[-47.829514,-22.851742]],[[-47.982424,-22.848376],[-47.984736,-22.849142]],[[-47.902625,-22.849825],[-47.902625,-22.849825]],[[-47.778679,-22.852037],[-47.78108,-22.854638]],[[-47.837191,-22.851003],[-47.835372,-22.848542],[-47.83643,-22.847387]],[[-47.837191,-22.851003],[-47.837191,-22.851003]],[[-47.837191,-22.851003],[-47.837158,-22.851153]],[[-47.837183,-22.850984],[-47.837191,-22.851003]],[[-47.981108,-22.848332],[-47.981107,-22.848332]],[[-47.981108,-22.848332],[-47.982391,-22.848381],[-47.981108,-22.848332]],[[-47.870343,-22.850331],[-47.872578,-22.848898],[-47.875617,-22.848826]],[[-47.763602,-22.852196],[-47.76557,-22.849127],[-47.765175,-22.849651]],[[-47.902925,-22.849677],[-47.90402,-22.849869],[-47.905095,-22.848364]],[[-47.93354,-22.849083],[-47.932774,-22.849678]],[[-47.829464,-22.850964],[-47.829514,-22.851742]],[[-47.951495,-22.848725],[-47.951145,-22.849476],[-47.951495,-22.848725]],[[-47.804949,-22.851348],[-47.805071,-22.852066]],[[-47.902648,-22.849591],[-47.902648,-22.849588]],[[-47.933784,-22.848989],[-47.933775,-22.848992]],[[-47.933784,-22.848989],[-47.933784,-22.848989]],[[-47.813365,-22.851152],[-47.813898,-22.851123]],[[-47.813898,-22.851123],[-47.813743,-22.850473]],[[-47.967219,-22.848324],[-47.965957,-22.850578]],[[-47.792694,-22.851427],[-47.792695,-22.851429]],[[-47.792694,-22.851427],[-47.79068,-22.854274],[-47.791226,-22.854961]],[[-47.812967,-22.851051],[-47.81199,-22.851194]],[[-47.863371,-22.850091],[-47.864108,-22.848533],[-47.863536,-22.844885]],[[-47.899988,-22.849423],[-47.900044,-22.850337]],[[-47.935519,-22.848767],[-47.935877,-22.849376]],[[-47.782276,-22.851482],[-47.78286,-22.8542]],[[-47.792767,-22.851288],[-47.794111,-22.851735]],[[-47.813256,-22.850927],[-47.813256,-22.850927]],[[-47.808033,-22.851002],[-47.810852,-22.850896]],[[-47.936748,-22.848605],[-47.935877,-22.849376]],[[-47.97472,-22.847864],[-47.978571,-22.847513],[-47.981108,-22.848332]],[[-47.827964,-22.850344],[-47.826546,-22.850346]],[[-47.845951,-22.85],[-47.847821,-22.851386]],[[-47.934064,-22.848319],[-47.933784,-22.848989]],[[-47.813743,-22.850473],[-47.81374,-22.850473]],[[-47.813743,-22.850473],[-47.813743,-22.850473]],[[-47.933445,-22.848147],[-47.932361,-22.851236]],[[-47.791141,-22.850603],[-47.792694,-22.851427]],[[-47.875974,-22.848883],[-47.877187,-22.848818]],[[-47.905201,-22.848343],[-47.905662,-22.847875]],[[-47.87733,-22.848832],[-47.877334,-22.848823]],[[-47.87733,-22.848832],[-47.877489,-22.848708]],[[-47.877292,-22.848822],[-47.87733,-22.848832]],[[-47.875723,-22.848825],[-47.875973,-22.848885]],[[-47.81351,-22.849926],[-47.813749,-22.850318]],[[-47.818514,-22.849815],[-47.818668,-22.849931]],[[-47.818514,-22.849815],[-47.818514,-22.849816]],[[-47.902656,-22.848267],[-47.902656,-22.848267]],[[-47.94905,-22.847391],[-47.949616,-22.848904],[-47.950863,-22.849062],[-47.950397,-22.849997],[-47.948868,-22.848879],[-47.94904,-22.847396]],[[-47.877626,-22.848623],[-47.878616,-22.846175],[-47.882481,-22.843429],[-47.883557,-22.838268],[-47.885302,-22.836463]],[[-47.930857,-22.847585],[-47.929178,-22.847707]],[[-47.822978,-22.849516],[-47.822355,-22.848749]],[[-47.949486,-22.847209],[-47.950226,-22.848802],[-47.952134,-22.847703],[-47.955142,-22.848845],[-47.959889,-22.853253],[-47.961236,-22.851721]],[[-47.804689,-22.849818],[-47.803286,-22.848111]],[[-47.833028,-22.849202],[-47.833327,-22.849099]],[[-47.971889,-22.846596],[-47.97454,-22.848315],[-47.974666,-22.847539],[-47.971099,-22.846088]],[[-47.797825,-22.849717],[-47.797825,-22.849717]],[[-47.797825,-22.849717],[-47.798647,-22.84813]],[[-47.82751,-22.849173],[-47.826633,-22.850225]],[[-47.833711,-22.848934],[-47.835383,-22.848367]],[[-47.811253,-22.849171],[-47.8104,-22.845998]],[[-47.96322,-22.846337],[-47.961487,-22.84574]],[[-47.786393,-22.849526],[-47.787301,-22.853315]],[[-47.822351,-22.84875],[-47.82235,-22.84875]],[[-47.822351,-22.84875],[-47.822355,-22.848749]],[[-47.822355,-22.848749],[-47.822351,-22.84875]],[[-47.822355,-22.848749],[-47.822351,-22.84875]],[[-47.932349,-22.846752],[-47.930978,-22.846202]],[[-47.956434,-22.846295],[-47.95576,-22.847239],[-47.956387,-22.850005]],[[-47.9325,-22.846671],[-47.9325,-22.846671]],[[-47.84526,-22.848245],[-47.844856,-22.845804]],[[-47.822201,-22.848587],[-47.821672,-22.847325]],[[-47.847656,-22.848128],[-47.848571,-22.849678]],[[-47.916088,-22.846813],[-47.917445,-22.846529],[-47.918883,-22.84982],[-47.921444,-22.850334]],[[-47.793612,-22.848966],[-47.795099,-22.848938]],[[-47.85837,-22.847771],[-47.855734,-22.85122],[-47.851463,-22.852175]],[[-47.835144,-22.84817],[-47.833606,-22.846975]],[[-47.758046,-22.849504],[-47.757844,-22.849514]],[[-47.818409,-22.848411],[-47.818409,-22.848411]],[[-47.795089,-22.848804],[-47.795089,-22.848804]],[[-47.901773,-22.84689],[-47.901851,-22.848421],[-47.902562,-22.847668],[-47.901773,-22.84689]],[[-47.757965,-22.849433],[-47.758602,-22.849075]],[[-47.797533,-22.848732],[-47.797954,-22.848405]],[[-47.961525,-22.845678],[-47.960186,-22.846033]],[[-47.961525,-22.845678],[-47.961525,-22.845678]],[[-47.797458,-22.848623],[-47.797458,-22.848623]],[[-47.927689,-22.846274],[-47.929675,-22.846753]],[[-47.816831,-22.848267],[-47.818514,-22.849815]],[[-47.816831,-22.848267],[-47.816831,-22.84827]],[[-47.765438,-22.849065],[-47.766188,-22.847251],[-47.769167,-22.846672]],[[-47.8153,-22.848155],[-47.815311,-22.848152]],[[-47.815311,-22.848152],[-47.816831,-22.848267]],[[-47.815311,-22.848152],[-47.815311,-22.848152]],[[-47.851204,-22.847413],[-47.852944,-22.846573],[-47.855135,-22.847244],[-47.856317,-22.846134]],[[-47.854846,-22.847331],[-47.852149,-22.850418]],[[-47.931642,-22.845879],[-47.933028,-22.84556]],[[-47.907659,-22.846209],[-47.907319,-22.846871]],[[-47.827424,-22.847636],[-47.825368,-22.845842]],[[-47.797996,-22.848153],[-47.797996,-22.848153]],[[-47.798647,-22.84813],[-47.798639,-22.84813]],[[-47.798647,-22.84813],[-47.798972,-22.846645],[-47.796547,-22.841054]],[[-47.842555,-22.847321],[-47.843424,-22.844684]],[[-47.759024,-22.848784],[-47.757962,-22.849586]],[[-47.803231,-22.847983],[-47.802433,-22.846541]],[[-47.925459,-22.84575],[-47.924614,-22.848079],[-47.925801,-22.849663]],[[-47.962474,-22.845052],[-47.961525,-22.845678]],[[-47.798376,-22.847971],[-47.798663,-22.847946]],[[-47.808655,-22.847788],[-47.808655,-22.847788]],[[-47.965352,-22.844935],[-47.965352,-22.844935]],[[-47.965621,-22.8449],[-47.965621,-22.8449]],[[-47.827334,-22.84739],[-47.827334,-22.84739]],[[-47.773843,-22.848315],[-47.775707,-22.847248],[-47.777247,-22.847712],[-47.778601,-22.845487],[-47.779851,-22.845635]],[[-47.808594,-22.847687],[-47.807257,-22.845205]],[[-47.81889,-22.847499],[-47.81889,-22.847499]],[[-47.806001,-22.847719],[-47.805634,-22.846232]],[[-47.831297,-22.847187],[-47.830011,-22.847722]],[[-47.821672,-22.847325],[-47.818514,-22.849815]],[[-47.821672,-22.847325],[-47.82167,-22.847316]],[[-47.840115,-22.846954],[-47.840059,-22.846465]],[[-47.925871,-22.845329],[-47.925871,-22.845329]],[[-47.914533,-22.845536],[-47.915578,-22.845677]],[[-47.967169,-22.844535],[-47.965267,-22.844489]],[[-47.967246,-22.844531],[-47.967246,-22.844531]],[[-47.858909,-22.846505],[-47.85868,-22.847413]],[[-47.760204,-22.848242],[-47.759017,-22.848767],[-47.760211,-22.848241]],[[-47.931751,-22.845169],[-47.929871,-22.846547]],[[-47.928222,-22.845201],[-47.928424,-22.845162]],[[-47.931808,-22.845128],[-47.931808,-22.845128]],[[-47.965267,-22.844489],[-47.965267,-22.844489]],[[-47.965267,-22.844489],[-47.963176,-22.844536]],[[-47.761084,-22.848139],[-47.760638,-22.848111]],[[-47.928616,-22.845139],[-47.92883,-22.845094]],[[-47.832817,-22.846867],[-47.830843,-22.846527]],[[-47.929095,-22.845112],[-47.929843,-22.84534]],[[-47.760544,-22.848124],[-47.760201,-22.848236]],[[-47.760544,-22.848124],[-47.760638,-22.848111]],[[-47.795095,-22.847519],[-47.795043,-22.84752]],[[-47.795043,-22.84752],[-47.795043,-22.84752]],[[-47.795043,-22.84752],[-47.793471,-22.847494]],[[-47.929858,-22.845094],[-47.929856,-22.845094]],[[-47.929858,-22.845094],[-47.92964,-22.84424]],[[-47.760638,-22.848111],[-47.760544,-22.848124]],[[-47.92883,-22.845094],[-47.928832,-22.845092]],[[-47.92883,-22.845094],[-47.92883,-22.845094]],[[-47.915797,-22.845306],[-47.916088,-22.846813]],[[-47.833228,-22.846791],[-47.832991,-22.846865]],[[-47.930402,-22.84503],[-47.930402,-22.845034]],[[-47.930402,-22.84503],[-47.929858,-22.845094]],[[-47.762967,-22.848022],[-47.761087,-22.848108],[-47.762345,-22.848095]],[[-47.838483,-22.846644],[-47.840059,-22.846465]],[[-47.859587,-22.846198],[-47.856434,-22.846195],[-47.85449,-22.844882],[-47.854793,-22.844036]],[[-47.902006,-22.845383],[-47.902006,-22.845383]],[[-47.928477,-22.844864],[-47.928477,-22.844864]],[[-47.840059,-22.846465],[-47.84268,-22.843648]],[[-47.833559,-22.846559],[-47.834313,-22.845571]],[[-47.859824,-22.846063],[-47.859824,-22.846063]],[[-47.859824,-22.846063],[-47.859828,-22.846053]],[[-47.915896,-22.845045],[-47.915896,-22.845045]],[[-47.907552,-22.845197],[-47.907759,-22.846095]],[[-47.775986,-22.847544],[-47.774851,-22.852432]],[[-47.859994,-22.845967],[-47.859824,-22.846063]],[[-47.859994,-22.845967],[-47.859994,-22.845965]],[[-47.931671,-22.844585],[-47.93167,-22.844586]],[[-47.931671,-22.844585],[-47.931671,-22.844585]],[[-47.790717,-22.847097],[-47.791248,-22.846181]],[[-47.928366,-22.844611],[-47.928808,-22.845051]],[[-47.813038,-22.84668],[-47.812849,-22.845571]],[[-47.931493,-22.844522],[-47.930402,-22.84503]],[[-47.959715,-22.843988],[-47.959716,-22.843988]],[[-47.959715,-22.843988],[-47.960234,-22.846531],[-47.959175,-22.848491],[-47.959946,-22.850327]],[[-47.848347,-22.846014],[-47.848298,-22.842426],[-47.84433,-22.839016]],[[-47.915963,-22.844747],[-47.917108,-22.840881],[-47.916163,-22.838785]],[[-47.932044,-22.844436],[-47.931671,-22.844585]],[[-47.766197,-22.847233],[-47.765196,-22.846859]],[[-47.92964,-22.844253],[-47.929573,-22.843461]],[[-47.930788,-22.844194],[-47.930402,-22.84503]],[[-47.850088,-22.845617],[-47.853258,-22.844546]],[[-47.915265,-22.844381],[-47.915986,-22.844866]],[[-47.763745,-22.847082],[-47.763233,-22.847695]],[[-47.874438,-22.845076],[-47.878919,-22.8461]],[[-47.965931,-22.843388],[-47.965207,-22.844469]],[[-47.930842,-22.844033],[-47.930842,-22.844033]],[[-47.931052,-22.843951],[-47.930952,-22.844123]],[[-47.951595,-22.843562],[-47.951539,-22.848059]],[[-48.03837,-22.841802],[-48.03767,-22.842876],[-48.03837,-22.841802]],[[-47.915344,-22.844056],[-47.915344,-22.844056]],[[-47.825003,-22.845682],[-47.821672,-22.847325]],[[-47.764867,-22.846724],[-47.764052,-22.84685]],[[-47.792557,-22.846232],[-47.793888,-22.845207]],[[-47.816539,-22.845795],[-47.816831,-22.848267]],[[-47.944748,-22.84344],[-47.946101,-22.844575],[-47.949214,-22.844012],[-47.94931,-22.847088]],[[-47.863272,-22.844886],[-47.859994,-22.845967]],[[-47.805515,-22.845787],[-47.805449,-22.84442],[-47.804822,-22.844608]],[[-47.769328,-22.846417],[-47.76943,-22.846573]],[[-47.863707,-22.844746],[-47.863658,-22.844842]],[[-47.805575,-22.845779],[-47.805575,-22.845779]],[[-47.769287,-22.846336],[-47.769287,-22.846336]],[[-47.929573,-22.843461],[-47.930206,-22.843241]],[[-47.854471,-22.844817],[-47.853403,-22.844556],[-47.853207,-22.843433]],[[-47.810262,-22.845596],[-47.810254,-22.845487]],[[-47.762416,-22.846424],[-47.762416,-22.846424]],[[-47.896785,-22.844019],[-47.896785,-22.844019]],[[-47.963396,-22.842693],[-47.962841,-22.84526],[-47.962978,-22.844238]],[[-47.929441,-22.84329],[-47.929573,-22.843461]],[[-47.930206,-22.843241],[-47.930324,-22.84255]],[[-47.927798,-22.843281],[-47.929441,-22.84329]],[[-47.810316,-22.845368],[-47.810316,-22.845368]],[[-47.896827,-22.843783],[-47.896827,-22.843783]],[[-47.812913,-22.845284],[-47.812913,-22.845284]],[[-47.771487,-22.846],[-47.769157,-22.846678]],[[-47.771486,-22.845998],[-47.77271,-22.846157],[-47.773779,-22.848369]],[[-47.812968,-22.845263],[-47.812907,-22.84454]],[[-47.942574,-22.842915],[-47.944778,-22.843331]],[[-47.770659,-22.845999],[-47.769172,-22.846659]],[[-47.827306,-22.844974],[-47.82504,-22.845672]],[[-47.959167,-22.842521],[-47.959715,-22.843988]],[[-47.807257,-22.845205],[-47.807259,-22.845205]],[[-47.807257,-22.845205],[-47.807257,-22.845205]],[[-48.038769,-22.840943],[-48.038415,-22.841444],[-48.038769,-22.840943]],[[-48.021711,-22.841264],[-48.021711,-22.841264]],[[-47.779846,-22.845656],[-47.778558,-22.845558],[-47.777784,-22.847477],[-47.775723,-22.847273],[-47.773898,-22.848409]],[[-47.779846,-22.845656],[-47.779697,-22.844559],[-47.782256,-22.844303],[-47.783203,-22.842812],[-47.784491,-22.843425],[-47.786827,-22.842603],[-47.789239,-22.843562],[-47.791489,-22.846399],[-47.793049,-22.846701],[-47.793597,-22.848653],[-47.792694,-22.851427]],[[-47.77984,-22.845654],[-47.779846,-22.845656]],[[-47.930782,-22.842933],[-47.930206,-22.843241]],[[-48.021786,-22.841229],[-48.024502,-22.835469],[-48.02313,-22.834852],[-48.023636,-22.833018],[-48.025289,-22.831809],[-48.025872,-22.829398]],[[-47.779851,-22.845635],[-47.77985,-22.845634]],[[-47.796288,-22.845236],[-47.796288,-22.845236]],[[-47.807365,-22.845005],[-47.807358,-22.844229]],[[-47.827655,-22.844627],[-47.827339,-22.844964]],[[-47.827655,-22.844627],[-47.827414,-22.844163]],[[-47.827655,-22.844627],[-47.827414,-22.844163]],[[-47.95236,-22.842343],[-47.951713,-22.843649],[-47.952696,-22.843745],[-47.95236,-22.842343]],[[-47.837321,-22.84442],[-47.837321,-22.84442]],[[-47.818638,-22.844743],[-47.821746,-22.847105]],[[-47.830989,-22.844522],[-47.831399,-22.843168]],[[-47.914077,-22.843009],[-47.91521,-22.844107]],[[-47.959333,-22.842147],[-47.959333,-22.842147]],[[-47.932935,-22.842635],[-47.934827,-22.840816]],[[-47.946403,-22.842384],[-47.946403,-22.842384]],[[-47.8373,-22.844366],[-47.839495,-22.84174],[-47.842375,-22.841539]],[[-47.762242,-22.845621],[-47.762242,-22.845621]],[[-47.825611,-22.844502],[-47.825611,-22.844502]],[[-48.02065,-22.840871],[-48.020098,-22.843023],[-48.02162,-22.8413],[-48.02065,-22.840871]],[[-47.8977,-22.843101],[-47.8977,-22.843101]],[[-47.766851,-22.845397],[-47.768329,-22.845322],[-47.769191,-22.846354]],[[-47.804822,-22.844608],[-47.803893,-22.845075]],[[-47.804822,-22.844608],[-47.807358,-22.844229]],[[-47.827414,-22.844163],[-47.82741,-22.844165]],[[-47.808545,-22.844474],[-47.809477,-22.843956],[-47.808545,-22.844474]],[[-47.803455,-22.844493],[-47.803886,-22.84508],[-47.802476,-22.846503],[-47.798647,-22.84813]],[[-47.928909,-22.842232],[-47.929441,-22.84329]],[[-47.89807,-22.842693],[-47.89807,-22.842693]],[[-47.770903,-22.84495],[-47.772847,-22.846258],[-47.773768,-22.848333]],[[-47.770862,-22.844947],[-47.771607,-22.845908],[-47.770666,-22.845996]],[[-47.92822,-22.842098],[-47.928909,-22.842232]],[[-47.864081,-22.843264],[-47.863666,-22.84448]],[[-47.795919,-22.844464],[-47.795919,-22.844464]],[[-47.770875,-22.844901],[-47.770667,-22.843691]],[[-47.964819,-22.841373],[-47.963852,-22.842415]],[[-47.807358,-22.844229],[-47.807358,-22.844226]],[[-47.807358,-22.844229],[-47.808514,-22.844189]],[[-47.851814,-22.843383],[-47.853398,-22.844562]],[[-47.808169,-22.844148],[-47.807652,-22.844195]],[[-47.871198,-22.842981],[-47.868906,-22.839559],[-47.869564,-22.838679]],[[-47.942219,-22.841671],[-47.94255,-22.842789]],[[-47.864081,-22.843083],[-47.864093,-22.84312]],[[-47.927864,-22.84187],[-47.928199,-22.842067]],[[-47.901894,-22.842337],[-47.901603,-22.843867]],[[-47.990873,-22.840685],[-47.990873,-22.840685]],[[-47.77559,-22.844578],[-47.77559,-22.844578]],[[-47.809501,-22.843962],[-47.810185,-22.843817]],[[-47.863921,-22.842991],[-47.864037,-22.842987]],[[-47.929196,-22.841751],[-47.928909,-22.842232]],[[-47.833378,-22.84342],[-47.834032,-22.842021]],[[-47.810185,-22.843817],[-47.810432,-22.845386]],[[-47.810185,-22.843817],[-47.810165,-22.843809]],[[-47.801724,-22.843925],[-47.803095,-22.844445],[-47.802898,-22.845804]],[[-47.801542,-22.843922],[-47.801542,-22.843922]],[[-47.997385,-22.84023],[-47.99572,-22.844962],[-47.996898,-22.846683],[-47.998112,-22.841344],[-47.997385,-22.84023]],[[-47.922285,-22.84162],[-47.921444,-22.850334]],[[-47.899809,-22.842025],[-47.899809,-22.842025]],[[-47.831399,-22.843168],[-47.831392,-22.843168]],[[-47.831399,-22.843168],[-47.831399,-22.843168]],[[-47.864079,-22.842524],[-47.864039,-22.842576]],[[-47.792979,-22.84376],[-47.790971,-22.845034]],[[-47.793024,-22.84373],[-47.793022,-22.843733]],[[-47.793024,-22.84373],[-47.793024,-22.84373]],[[-47.939707,-22.841086],[-47.939707,-22.841086]],[[-47.81093,-22.843367],[-47.810082,-22.843541]],[[-47.81104,-22.843294],[-47.81104,-22.843294]],[[-47.81104,-22.843294],[-47.811041,-22.843293]],[[-47.850066,-22.842597],[-47.848293,-22.842415]],[[-47.831405,-22.842929],[-47.831423,-22.839696]],[[-47.79326,-22.843586],[-47.793024,-22.84373]],[[-48.019652,-22.839386],[-48.019652,-22.839386]],[[-47.899363,-22.841617],[-47.899363,-22.841617]],[[-47.948254,-22.840669],[-47.948254,-22.840669]],[[-47.864117,-22.84206],[-47.86409,-22.84219]],[[-47.770667,-22.843691],[-47.77091,-22.844903]],[[-47.770667,-22.843691],[-47.770666,-22.84369]],[[-47.942118,-22.840581],[-47.942118,-22.840581]],[[-47.934994,-22.840665],[-47.937742,-22.83783]],[[-47.772734,-22.843571],[-47.772734,-22.843571]],[[-47.89932,-22.841306],[-47.89932,-22.841306]],[[-47.864181,-22.841932],[-47.864198,-22.841918]],[[-47.864543,-22.841902],[-47.864546,-22.841892]],[[-47.864543,-22.841902],[-47.864543,-22.841902]],[[-47.89687,-22.841292],[-47.89687,-22.841292]],[[-47.864763,-22.841835],[-47.864543,-22.841902]],[[-47.782826,-22.843282],[-47.782186,-22.844313],[-47.779689,-22.844531],[-47.779851,-22.845635]],[[-47.796488,-22.843038],[-47.796488,-22.843038]],[[-47.775531,-22.843392],[-47.775531,-22.843392]],[[-47.941442,-22.840401],[-47.941442,-22.840401]],[[-47.864936,-22.841778],[-47.864882,-22.841805]],[[-47.812504,-22.842682],[-47.81104,-22.843294]],[[-47.866035,-22.841687],[-47.866024,-22.841619]],[[-47.866024,-22.841619],[-47.865913,-22.841561]],[[-47.865858,-22.841618],[-47.865858,-22.841618]],[[-47.866233,-22.841589],[-47.866233,-22.841589]],[[-47.866233,-22.841589],[-47.866243,-22.841581]],[[-47.866242,-22.841587],[-47.866233,-22.841589]],[[-47.865913,-22.841561],[-47.866024,-22.841619]],[[-47.865913,-22.841561],[-47.865858,-22.841618]],[[-47.865916,-22.841561],[-47.865913,-22.841561]],[[-47.783979,-22.843014],[-47.782826,-22.843282]],[[-47.865549,-22.84156],[-47.86547,-22.841551]],[[-47.804127,-22.842618],[-47.803271,-22.840442]],[[-47.798846,-22.84268],[-47.798846,-22.84268]],[[-47.826551,-22.842064],[-47.829388,-22.839672],[-47.830868,-22.839064],[-47.831423,-22.839696]],[[-47.820893,-22.842137],[-47.822716,-22.843514],[-47.823113,-22.846184]],[[-47.834318,-22.841897],[-47.836867,-22.83767]],[[-47.788766,-22.84269],[-47.788816,-22.843348]],[[-47.816806,-22.842133],[-47.813421,-22.844557],[-47.810185,-22.843817]],[[-47.826221,-22.841956],[-47.826221,-22.841956]],[[-47.795406,-22.842482],[-47.795406,-22.842482]],[[-47.866499,-22.841153],[-47.866499,-22.841153]],[[-47.866499,-22.841153],[-47.8665,-22.841153]],[[-47.963638,-22.839292],[-47.960561,-22.841717]],[[-47.866456,-22.840988],[-47.866499,-22.841153]],[[-47.855907,-22.841146],[-47.857886,-22.842447],[-47.860045,-22.841422],[-47.86411,-22.842014]],[[-47.848521,-22.84121],[-47.847547,-22.841586]],[[-47.798014,-22.842084],[-47.798014,-22.842084]],[[-47.777919,-22.842418],[-47.782826,-22.843282]],[[-47.866589,-22.840812],[-47.866479,-22.840926]],[[-47.964841,-22.838997],[-47.964122,-22.839177]],[[-47.866566,-22.840684],[-47.866566,-22.840684]],[[-47.866566,-22.840684],[-47.866567,-22.840683]],[[-47.961947,-22.838924],[-47.959715,-22.843988]],[[-47.961947,-22.838924],[-47.961947,-22.838927]],[[-47.817668,-22.841529],[-47.816756,-22.842113],[-47.817326,-22.842888],[-47.817668,-22.841529]],[[-47.77094,-22.842344],[-47.770667,-22.843691]],[[-47.77094,-22.842344],[-47.770922,-22.842184]],[[-47.775377,-22.842168],[-47.775377,-22.842168]],[[-47.866641,-22.840532],[-47.866566,-22.840684]],[[-47.948011,-22.839002],[-47.948011,-22.839002]],[[-47.770922,-22.842184],[-47.77094,-22.842344]],[[-47.71945,-22.843059],[-47.720553,-22.843166]],[[-47.811039,-22.841463],[-47.812017,-22.841613],[-47.811737,-22.842579]],[[-47.95476,-22.838817],[-47.952513,-22.84229]],[[-47.795128,-22.841696],[-47.795128,-22.841696]],[[-47.770881,-22.84206],[-47.77281,-22.841515]],[[-47.954414,-22.838755],[-47.95453,-22.837816],[-47.954414,-22.838755]],[[-47.866832,-22.840306],[-47.866835,-22.840309]],[[-47.806224,-22.841244],[-47.806604,-22.84169]],[[-47.94096,-22.838753],[-47.940957,-22.838762]],[[-47.94096,-22.838753],[-47.940759,-22.840435],[-47.942219,-22.841661],[-47.94078,-22.840358],[-47.94096,-22.838753]],[[-47.919263,-22.839138],[-47.919263,-22.83914]],[[-47.919263,-22.839138],[-47.916963,-22.840263]],[[-47.810919,-22.841087],[-47.810919,-22.841087]],[[-47.7707,-22.841759],[-47.770922,-22.842184]],[[-47.7707,-22.841759],[-47.7707,-22.841761]],[[-47.770605,-22.84169],[-47.7707,-22.841759]],[[-47.9205,-22.839003],[-47.919263,-22.839138]],[[-47.920516,-22.839],[-47.922161,-22.839097]],[[-48.039842,-22.83673],[-48.039842,-22.83673]],[[-47.908541,-22.839085],[-47.907058,-22.843243],[-47.90754,-22.845094]],[[-47.867329,-22.839831],[-47.867084,-22.840129]],[[-47.951474,-22.838284],[-47.949287,-22.840529],[-47.949218,-22.844244]],[[-47.922508,-22.838813],[-47.922195,-22.838876]],[[-47.796547,-22.841054],[-47.796553,-22.841057]],[[-47.796547,-22.841054],[-47.797355,-22.838108]],[[-47.808471,-22.840821],[-47.806357,-22.84023]],[[-47.78538,-22.841221],[-47.785366,-22.841207]],[[-47.812078,-22.840741],[-47.812038,-22.841619]],[[-47.812078,-22.840741],[-47.814315,-22.838806]],[[-47.812071,-22.840738],[-47.812078,-22.840741]],[[-47.785366,-22.841207],[-47.786763,-22.84256]],[[-47.785366,-22.841207],[-47.78533,-22.841138]],[[-47.893659,-22.839273],[-47.893869,-22.838492]],[[-47.822576,-22.840533],[-47.824122,-22.838901]],[[-47.78533,-22.841138],[-47.785366,-22.841207]],[[-47.78533,-22.841138],[-47.78447,-22.838263]],[[-47.916163,-22.838785],[-47.916163,-22.838786]],[[-47.916163,-22.838785],[-47.914445,-22.835651]],[[-47.851138,-22.83996],[-47.853768,-22.837028],[-47.854358,-22.828213]],[[-47.768467,-22.841337],[-47.768502,-22.841318]],[[-47.891443,-22.839136],[-47.895236,-22.83927],[-47.895374,-22.843983],[-47.899434,-22.843423],[-47.904876,-22.845841]],[[-47.948411,-22.838088],[-47.948411,-22.838088]],[[-47.768752,-22.841312],[-47.769461,-22.841249]],[[-47.802613,-22.840695],[-47.803271,-22.840442]],[[-47.76856,-22.841291],[-47.76856,-22.841291]],[[-47.794307,-22.84084],[-47.794307,-22.84084]],[[-47.769461,-22.841249],[-47.770378,-22.841627]],[[-47.769461,-22.841249],[-47.769465,-22.841248]],[[-47.802371,-22.840659],[-47.802402,-22.840657]],[[-47.802487,-22.840594],[-47.802487,-22.840594]],[[-47.81675,-22.840332],[-47.814315,-22.838806]],[[-47.934483,-22.838189],[-47.937234,-22.836832]],[[-47.960277,-22.837692],[-47.961483,-22.837006]],[[-47.76752,-22.841147],[-47.768429,-22.841348]],[[-47.76752,-22.841147],[-47.76318,-22.841461],[-47.761655,-22.839814]],[[-47.867816,-22.839319],[-47.867886,-22.839304]],[[-47.867886,-22.839304],[-47.867601,-22.839599]],[[-47.867886,-22.839304],[-47.868225,-22.838959]],[[-47.867887,-22.839303],[-47.867886,-22.839304]],[[-47.803271,-22.840442],[-47.803276,-22.840439]],[[-47.803271,-22.840442],[-47.802722,-22.83937],[-47.801785,-22.839643]],[[-47.783993,-22.840703],[-47.78533,-22.841138]],[[-47.919436,-22.838262],[-47.919263,-22.839138]],[[-47.854051,-22.839412],[-47.854806,-22.840203]],[[-47.779973,-22.840687],[-47.779815,-22.842118],[-47.781184,-22.84346]],[[-47.937742,-22.83783],[-47.937741,-22.837825]],[[-47.937742,-22.83783],[-47.939654,-22.837554],[-47.94096,-22.838753]],[[-47.929414,-22.83793],[-47.929414,-22.83793]],[[-47.831423,-22.839696],[-47.831428,-22.839697]],[[-47.831423,-22.839696],[-47.83248,-22.8349],[-47.834733,-22.833809],[-47.835269,-22.832225],[-47.837689,-22.831861]],[[-47.860649,-22.839144],[-47.861321,-22.841351]],[[-47.957186,-22.837379],[-47.959381,-22.842107]],[[-47.926235,-22.837766],[-47.934805,-22.835972]],[[-47.771238,-22.84051],[-47.771238,-22.84051]],[[-47.79506,-22.840023],[-47.796547,-22.841054]],[[-47.79506,-22.840023],[-47.795064,-22.84002]],[[-47.79394,-22.839953],[-47.79506,-22.840023]],[[-47.720172,-22.84123],[-47.72541,-22.839262]],[[-47.701148,-22.841553],[-47.70137,-22.839233]],[[-47.793836,-22.83995],[-47.793836,-22.83995]],[[-47.930975,-22.83748],[-47.930975,-22.83748]],[[-47.84433,-22.839024],[-47.84433,-22.839016]],[[-47.84433,-22.839016],[-47.842381,-22.841524],[-47.84259,-22.843472],[-47.8461,-22.846403]],[[-47.84433,-22.839016],[-47.845606,-22.834371],[-47.84772,-22.832205]],[[-47.808364,-22.839635],[-47.806589,-22.839525]],[[-47.793446,-22.839878],[-47.793446,-22.839878]],[[-47.894368,-22.837967],[-47.893906,-22.838628],[-47.894368,-22.838103]],[[-47.801585,-22.839603],[-47.801585,-22.839603]],[[-47.964315,-22.836542],[-47.965804,-22.833728]],[[-47.929297,-22.837183],[-47.929297,-22.837183]],[[-47.726209,-22.840779],[-47.726209,-22.840779]],[[-47.904264,-22.837609],[-47.90224,-22.839561],[-47.901949,-22.842301]],[[-47.964916,-22.83649],[-47.967137,-22.837871]],[[-47.790623,-22.839638],[-47.790623,-22.839638]],[[-47.943764,-22.836838],[-47.942814,-22.838834],[-47.943416,-22.841181],[-47.942558,-22.841933]],[[-47.943768,-22.836831],[-47.94492,-22.837019],[-47.945156,-22.833706],[-47.943768,-22.836831]],[[-48.048219,-22.834846],[-48.048279,-22.836303],[-48.046807,-22.835875],[-48.049318,-22.827681],[-48.05218,-22.825187],[-48.049385,-22.828844],[-48.048935,-22.831079],[-48.049647,-22.830916],[-48.048219,-22.834846]],[[-47.802724,-22.839354],[-47.803133,-22.838321]],[[-47.920059,-22.837243],[-47.919543,-22.838087]],[[-47.726023,-22.84054],[-47.726023,-22.84054]],[[-47.930476,-22.836845],[-47.930476,-22.836845]],[[-47.917754,-22.837011],[-47.916163,-22.838785]],[[-47.889026,-22.837506],[-47.89141,-22.83912]],[[-47.805239,-22.838992],[-47.805239,-22.838992]],[[-47.820414,-22.838714],[-47.819449,-22.840906]],[[-47.824081,-22.838642],[-47.825429,-22.840357]],[[-47.814315,-22.838806],[-47.814294,-22.838805]],[[-47.814315,-22.838806],[-47.815302,-22.838184],[-47.814251,-22.835173]],[[-47.862166,-22.837893],[-47.86424,-22.837516]],[[-47.781196,-22.83922],[-47.781196,-22.83922]],[[-47.81561,-22.838603],[-47.81561,-22.838603]],[[-47.720924,-22.840233],[-47.721532,-22.840691]],[[-47.869903,-22.837583],[-47.869587,-22.838663],[-47.868504,-22.838772]],[[-47.781227,-22.839146],[-47.781563,-22.838755]],[[-48.012467,-22.834922],[-48.011693,-22.835669],[-48.013163,-22.835253],[-48.012467,-22.834922]],[[-47.894569,-22.837076],[-47.894312,-22.837483]],[[-47.934646,-22.836268],[-47.934646,-22.836268]],[[-47.717361,-22.840096],[-47.717361,-22.840096]],[[-47.714365,-22.840146],[-47.714976,-22.838297],[-47.713897,-22.835632]],[[-47.786514,-22.83879],[-47.786514,-22.83879]],[[-47.790815,-22.838687],[-47.790815,-22.838687]],[[-47.955023,-22.835702],[-47.954578,-22.837833]],[[-47.723349,-22.839802],[-47.723784,-22.840138]],[[-47.781563,-22.838755],[-47.781563,-22.838749]],[[-47.781563,-22.838755],[-47.781563,-22.838755]],[[-47.934869,-22.835959],[-47.937672,-22.837178]],[[-47.836867,-22.83767],[-47.836867,-22.837671]],[[-47.836867,-22.83767],[-47.83769,-22.837357],[-47.836867,-22.83767]],[[-47.781679,-22.838636],[-47.782562,-22.837719]],[[-47.853634,-22.837346],[-47.854056,-22.839385],[-47.853145,-22.841344]],[[-47.722053,-22.839651],[-47.723349,-22.839802]],[[-47.933567,-22.835682],[-47.933567,-22.835682]],[[-47.816776,-22.837774],[-47.815262,-22.83764]],[[-47.797347,-22.83809],[-47.79635,-22.834012],[-47.794362,-22.83272]],[[-47.894841,-22.836342],[-47.894845,-22.837123],[-47.894841,-22.836342]],[[-47.93518,-22.835562],[-47.93518,-22.835562]],[[-47.78447,-22.838263],[-47.782682,-22.837558]],[[-47.78447,-22.838263],[-47.786791,-22.835266]],[[-47.72541,-22.839262],[-47.725216,-22.840796],[-47.721012,-22.842591],[-47.718903,-22.845258]],[[-47.72541,-22.839262],[-47.725412,-22.83926]],[[-47.799644,-22.837968],[-47.799644,-22.837968]],[[-47.96814,-22.834905],[-47.963347,-22.836759],[-47.961947,-22.838924]],[[-47.935277,-22.835514],[-47.935277,-22.835514]],[[-47.870141,-22.836698],[-47.869906,-22.837568],[-47.870339,-22.83688]],[[-47.794225,-22.838036],[-47.79506,-22.840023]],[[-47.717817,-22.839314],[-47.71744,-22.840049],[-47.717817,-22.839314]],[[-47.885365,-22.836328],[-47.885732,-22.835653]],[[-47.791887,-22.837994],[-47.791887,-22.837994]],[[-47.768401,-22.838396],[-47.769461,-22.841249]],[[-47.821257,-22.837438],[-47.818956,-22.839153]],[[-47.837386,-22.837103],[-47.839676,-22.834223]],[[-47.938483,-22.835253],[-47.937742,-22.83783]],[[-47.791521,-22.837888],[-47.791521,-22.837888]],[[-47.976224,-22.834505],[-47.975371,-22.833003]],[[-47.722685,-22.839033],[-47.723349,-22.839802]],[[-47.817133,-22.837306],[-47.817133,-22.837306]],[[-47.794257,-22.83769],[-47.794257,-22.837694]],[[-47.794257,-22.83769],[-47.794257,-22.83769]],[[-47.938517,-22.835077],[-47.938517,-22.835077]],[[-47.938517,-22.835077],[-47.938522,-22.835074]],[[-47.714582,-22.839046],[-47.714582,-22.839046]],[[-47.725729,-22.838854],[-47.722869,-22.838333]],[[-47.870733,-22.836279],[-47.870734,-22.836279]],[[-47.870733,-22.836279],[-47.870058,-22.836666],[-47.870733,-22.836279]],[[-47.949395,-22.834837],[-47.947174,-22.83433],[-47.945994,-22.832998]],[[-47.712985,-22.839037],[-47.71279,-22.837494]],[[-47.714451,-22.838997],[-47.714775,-22.838662]],[[-47.79887,-22.837466],[-47.800915,-22.837262]],[[-47.791292,-22.837599],[-47.791292,-22.837599]],[[-47.974081,-22.834228],[-47.976142,-22.831336]],[[-47.791556,-22.837494],[-47.791556,-22.837494]],[[-47.798536,-22.837362],[-47.798286,-22.837003]],[[-47.981819,-22.833996],[-47.982946,-22.82828]],[[-47.710361,-22.838845],[-47.710361,-22.838845]],[[-47.798647,-22.837313],[-47.798647,-22.837313]],[[-47.863123,-22.836161],[-47.863801,-22.836395]],[[-47.715499,-22.838744],[-47.714912,-22.838067]],[[-47.782682,-22.837558],[-47.782685,-22.837558]],[[-47.782682,-22.837558],[-47.782682,-22.837558]],[[-47.821238,-22.836865],[-47.821237,-22.836865]],[[-47.821237,-22.836865],[-47.82123,-22.836861]],[[-47.821237,-22.836865],[-47.823593,-22.836851],[-47.824087,-22.838633],[-47.825694,-22.836167],[-47.824505,-22.834525]],[[-47.717923,-22.838639],[-47.718136,-22.839519],[-47.717923,-22.838639]],[[-47.801033,-22.837189],[-47.801033,-22.837189]],[[-47.711596,-22.838726],[-47.711596,-22.838726]],[[-48.013789,-22.833253],[-48.016732,-22.832093]],[[-47.782498,-22.83743],[-47.780728,-22.836645]],[[-47.709416,-22.838632],[-47.709416,-22.838632]],[[-47.871221,-22.83579],[-47.870733,-22.836279]],[[-47.789274,-22.837246],[-47.790468,-22.837666]],[[-47.793996,-22.837156],[-47.794257,-22.83769]],[[-47.704382,-22.838695],[-47.703403,-22.838474],[-47.704382,-22.838695]],[[-47.71107,-22.838566],[-47.711069,-22.83618]],[[-47.793149,-22.83714],[-47.793149,-22.83714]],[[-47.804648,-22.836928],[-47.804648,-22.836928]],[[-47.710951,-22.838549],[-47.710951,-22.838549]],[[-47.818966,-22.836668],[-47.819801,-22.836381]],[[-47.871276,-22.835727],[-47.871276,-22.835727]],[[-47.871276,-22.835727],[-47.871277,-22.835726]],[[-47.710005,-22.838541],[-47.710005,-22.838541]],[[-47.711684,-22.838505],[-47.711684,-22.838505]],[[-47.871347,-22.835703],[-47.871276,-22.835727]],[[-47.789082,-22.83706],[-47.789082,-22.83706]],[[-47.871285,-22.835571],[-47.871285,-22.835569]],[[-47.871285,-22.835571],[-47.871285,-22.835571]],[[-47.871249,-22.835555],[-47.871285,-22.835571]],[[-47.942571,-22.834252],[-47.94438,-22.834929]],[[-47.867481,-22.835607],[-47.869918,-22.837351]],[[-47.768112,-22.837334],[-47.768045,-22.836381]],[[-47.765132,-22.837368],[-47.767029,-22.839217],[-47.76752,-22.841147]],[[-47.982937,-22.833389],[-47.983525,-22.834298]],[[-47.759642,-22.837404],[-47.761361,-22.838469]],[[-47.803657,-22.83663],[-47.803657,-22.83663]],[[-47.764958,-22.837247],[-47.764958,-22.837247]],[[-47.709683,-22.838186],[-47.711069,-22.83618]],[[-47.863763,-22.83548],[-47.864032,-22.837358],[-47.867374,-22.83936]],[[-47.764979,-22.837212],[-47.76485,-22.836552]],[[-47.798759,-22.836551],[-47.797351,-22.837065]],[[-47.700952,-22.838223],[-47.701358,-22.839231],[-47.700952,-22.838223]],[[-47.700952,-22.838223],[-47.70096,-22.838219]],[[-47.982823,-22.833186],[-47.982641,-22.833057]],[[-47.810092,-22.836315],[-47.812078,-22.840741]],[[-47.982877,-22.833165],[-47.982877,-22.833165]],[[-47.803164,-22.836405],[-47.803164,-22.836405]],[[-47.791194,-22.836614],[-47.78916,-22.839206],[-47.788755,-22.84264]],[[-47.928975,-22.834078],[-47.929567,-22.833667]],[[-47.791258,-22.836532],[-47.791258,-22.836532]],[[-47.791258,-22.836532],[-47.79126,-22.836532]],[[-47.701097,-22.838087],[-47.705333,-22.843222]],[[-47.772769,-22.836813],[-47.773082,-22.836195]],[[-47.798941,-22.83635],[-47.798941,-22.83635]],[[-47.803353,-22.836271],[-47.805077,-22.836148]],[[-47.982592,-22.833002],[-47.982134,-22.832569]],[[-47.943687,-22.833706],[-47.944491,-22.834264]],[[-47.799084,-22.836313],[-47.79987,-22.835178]],[[-47.726958,-22.837547],[-47.72541,-22.839262]],[[-47.80995,-22.83609],[-47.809948,-22.836091]],[[-47.80995,-22.83609],[-47.80995,-22.83609]],[[-47.728078,-22.837512],[-47.728974,-22.836897]],[[-47.724717,-22.837554],[-47.72648,-22.838129]],[[-47.811304,-22.836047],[-47.810597,-22.837099]],[[-47.759357,-22.836923],[-47.759357,-22.836923]],[[-47.819381,-22.835837],[-47.821141,-22.836975]],[[-47.792073,-22.836306],[-47.792073,-22.836306]],[[-47.923222,-22.833936],[-47.92602,-22.829293]],[[-47.768127,-22.836701],[-47.768372,-22.835961]],[[-47.907889,-22.834189],[-47.908913,-22.838434]],[[-47.923725,-22.83388],[-47.923725,-22.83388]],[[-47.700621,-22.837727],[-47.698306,-22.835161]],[[-47.700626,-22.837717],[-47.700952,-22.838223]],[[-47.725968,-22.837282],[-47.726796,-22.837689]],[[-47.725968,-22.837282],[-47.725968,-22.837282]],[[-47.709519,-22.837561],[-47.709945,-22.837329]],[[-47.71279,-22.837494],[-47.712373,-22.838889]],[[-47.71279,-22.837494],[-47.712789,-22.83749]],[[-47.911423,-22.833957],[-47.908616,-22.838905]],[[-48.01689,-22.83199],[-48.017987,-22.831624],[-48.020358,-22.833324],[-48.022434,-22.83008],[-48.025441,-22.829406]],[[-47.76485,-22.836552],[-47.76485,-22.836552]],[[-47.76485,-22.836552],[-47.764868,-22.835882]],[[-47.709367,-22.837448],[-47.709367,-22.837448]],[[-47.977886,-22.832645],[-47.977748,-22.832375]],[[-47.92979,-22.833522],[-47.930674,-22.833146]],[[-47.768045,-22.836381],[-47.768043,-22.836398]],[[-47.768045,-22.836381],[-47.766979,-22.834891]],[[-47.896434,-22.834092],[-47.896437,-22.834101]],[[-47.896434,-22.834092],[-47.894841,-22.836342]],[[-47.726734,-22.837087],[-47.726734,-22.837087]],[[-47.763792,-22.836368],[-47.764817,-22.836822]],[[-47.700418,-22.837409],[-47.700418,-22.837409]],[[-47.728509,-22.836928],[-47.726943,-22.837675],[-47.728389,-22.836968]],[[-47.720132,-22.837064],[-47.720132,-22.837064]],[[-47.719932,-22.837013],[-47.719932,-22.837013]],[[-47.758743,-22.836239],[-47.759353,-22.83691]],[[-47.930674,-22.833146],[-47.930675,-22.833146]],[[-47.930674,-22.833146],[-47.931085,-22.833011]],[[-47.899989,-22.833695],[-47.896434,-22.834092]],[[-47.77336,-22.835919],[-47.773302,-22.83556]],[[-47.773184,-22.835913],[-47.773184,-22.835913]],[[-47.882711,-22.833954],[-47.882712,-22.833955]],[[-47.882711,-22.833954],[-47.884353,-22.833708],[-47.885404,-22.835475],[-47.891286,-22.839067],[-47.895342,-22.839241],[-47.895477,-22.843879],[-47.899612,-22.843356],[-47.904944,-22.84584]],[[-47.814251,-22.835173],[-47.814246,-22.835173]],[[-47.814251,-22.835173],[-47.81344,-22.83505],[-47.814251,-22.835173]],[[-47.97773,-22.832169],[-47.97773,-22.832169]],[[-47.782316,-22.835701],[-47.782599,-22.837552]],[[-47.782316,-22.835701],[-47.782456,-22.835327]],[[-47.771887,-22.835874],[-47.772838,-22.837004],[-47.771204,-22.838793],[-47.7707,-22.841759]],[[-47.782323,-22.835691],[-47.782316,-22.835701]],[[-47.700468,-22.837077],[-47.700468,-22.837077]],[[-47.977806,-22.832126],[-47.976142,-22.831336]],[[-47.768168,-22.835838],[-47.768045,-22.836381]],[[-47.72161,-22.83663],[-47.72161,-22.83663]],[[-47.800822,-22.835255],[-47.800822,-22.835255]],[[-47.930374,-22.832919],[-47.930674,-22.833146]],[[-47.700051,-22.836972],[-47.700051,-22.836972]],[[-47.766227,-22.83582],[-47.768182,-22.838115]],[[-47.958918,-22.832349],[-47.960199,-22.834639],[-47.96118,-22.834811],[-47.961947,-22.838924]],[[-47.910697,-22.833196],[-47.910697,-22.833196]],[[-47.930418,-22.832776],[-47.930418,-22.832776]],[[-47.884002,-22.833611],[-47.878913,-22.834878],[-47.877955,-22.830462],[-47.873613,-22.831156]],[[-47.955258,-22.832295],[-47.958248,-22.831795]],[[-47.771413,-22.835595],[-47.771413,-22.835595]],[[-47.700947,-22.836805],[-47.700947,-22.836805]],[[-47.946188,-22.832452],[-47.946198,-22.832458]],[[-47.946188,-22.832452],[-47.945178,-22.833718]],[[-47.824085,-22.834656],[-47.823745,-22.835763],[-47.821237,-22.836865]],[[-47.786791,-22.835266],[-47.786793,-22.835268]],[[-47.786791,-22.835266],[-47.787843,-22.832597]],[[-47.810269,-22.834827],[-47.80995,-22.83609]],[[-47.984773,-22.831626],[-47.984547,-22.831563]],[[-47.773147,-22.835449],[-47.773147,-22.835449]],[[-47.771024,-22.835478],[-47.771379,-22.835643]],[[-47.761082,-22.835633],[-47.761654,-22.839813]],[[-47.804302,-22.834865],[-47.803489,-22.834113]],[[-47.720499,-22.836294],[-47.721096,-22.836777],[-47.720499,-22.836294]],[[-47.720936,-22.836283],[-47.722946,-22.83154]],[[-47.72267,-22.83625],[-47.72267,-22.83625]],[[-47.72267,-22.83625],[-47.722669,-22.836249]],[[-47.932162,-22.832527],[-47.932162,-22.832527]],[[-47.984473,-22.831507],[-47.984473,-22.831507]],[[-47.984451,-22.831506],[-47.983574,-22.831523]],[[-47.726593,-22.836131],[-47.727027,-22.835766]],[[-47.720082,-22.836216],[-47.720082,-22.836216]],[[-47.983438,-22.831476],[-47.983438,-22.831476]],[[-47.930642,-22.832457],[-47.930642,-22.832457]],[[-47.983332,-22.831448],[-47.982559,-22.830674]],[[-47.931854,-22.832379],[-47.930984,-22.832771]],[[-48.047029,-22.830179],[-48.044583,-22.833193],[-48.045026,-22.831958],[-48.044405,-22.832574],[-48.039941,-22.841501],[-48.035483,-22.845899],[-48.03792,-22.84454],[-48.034912,-22.847232],[-48.03803,-22.846133],[-48.03992,-22.844075],[-48.039797,-22.84548],[-48.040572,-22.842911],[-48.039757,-22.843245],[-48.04531,-22.835313],[-48.047029,-22.830179]],[[-48.047029,-22.830179],[-48.047031,-22.830171]],[[-47.710931,-22.836208],[-47.709271,-22.83664]],[[-47.973802,-22.83151],[-47.97608,-22.830998]],[[-47.958248,-22.831795],[-47.958918,-22.832349]],[[-47.958248,-22.831795],[-47.95825,-22.831799]],[[-47.711069,-22.83618],[-47.711073,-22.836173]],[[-47.711069,-22.83618],[-47.712259,-22.83339]],[[-47.915896,-22.832538],[-47.917374,-22.832025]],[[-47.988435,-22.831156],[-47.988435,-22.831156]],[[-48.047286,-22.830029],[-48.047029,-22.830179]],[[-47.784112,-22.834835],[-47.785421,-22.836756]],[[-47.726502,-22.835822],[-47.726603,-22.835623]],[[-47.792359,-22.834672],[-47.792878,-22.834984],[-47.792359,-22.834672]],[[-47.976142,-22.831336],[-47.976141,-22.831336]],[[-47.976142,-22.831336],[-47.97772,-22.828409]],[[-47.792335,-22.834658],[-47.791258,-22.836532]],[[-47.800518,-22.834465],[-47.800518,-22.834465]],[[-47.983711,-22.831108],[-47.983702,-22.831098]],[[-47.815896,-22.834125],[-47.815103,-22.836949]],[[-47.726131,-22.835676],[-47.726603,-22.835623]],[[-47.726603,-22.835623],[-47.726813,-22.835584]],[[-47.799933,-22.834328],[-47.799933,-22.834328]],[[-47.804126,-22.834246],[-47.806083,-22.837145]],[[-47.726813,-22.835584],[-47.726813,-22.835582]],[[-47.726813,-22.835584],[-47.727441,-22.835644],[-47.726813,-22.835584]],[[-47.72998,-22.835526],[-47.728982,-22.83681]],[[-47.726033,-22.835592],[-47.726033,-22.835592]],[[-47.932567,-22.831898],[-47.932567,-22.831898]],[[-47.958191,-22.831395],[-47.958248,-22.831795]],[[-47.774117,-22.834666],[-47.773318,-22.835644]],[[-47.807305,-22.834055],[-47.807843,-22.833248]],[[-47.727304,-22.835345],[-47.729895,-22.835246]],[[-47.943019,-22.831473],[-47.946188,-22.832452]],[[-47.785811,-22.834272],[-47.786791,-22.835266]],[[-47.935987,-22.831533],[-47.935992,-22.833735],[-47.938023,-22.833779],[-47.938517,-22.835077]],[[-47.873791,-22.832613],[-47.873022,-22.834475],[-47.871445,-22.835388]],[[-47.902938,-22.832083],[-47.900174,-22.83362]],[[-47.774102,-22.834359],[-47.774102,-22.834359]],[[-47.873799,-22.83251],[-47.873806,-22.832513]],[[-47.958291,-22.830951],[-47.958291,-22.830951]],[[-47.730004,-22.834996],[-47.730004,-22.834996]],[[-47.972386,-22.830608],[-47.974358,-22.829476]],[[-47.803781,-22.83365],[-47.803781,-22.83365]],[[-47.819573,-22.833312],[-47.819573,-22.833312]],[[-48.024472,-22.829537],[-48.025872,-22.829398]],[[-47.719936,-22.834952],[-47.72158,-22.834157]],[[-47.862328,-22.832455],[-47.864578,-22.829781]],[[-48.025442,-22.829418],[-48.025441,-22.829406]],[[-48.025872,-22.829398],[-48.025848,-22.829357]],[[-48.025441,-22.829406],[-48.022949,-22.828751]],[[-48.025441,-22.829406],[-48.027467,-22.828532],[-48.032698,-22.828591],[-48.032548,-22.827772],[-48.031486,-22.82785],[-48.03211,-22.82662],[-48.031206,-22.825642],[-48.02762,-22.826336],[-48.028364,-22.824834],[-48.028332,-22.825646],[-48.029619,-22.825016],[-48.02871,-22.823949],[-48.031182,-22.823997],[-48.031077,-22.822258]],[[-47.861952,-22.832429],[-47.858392,-22.836785]],[[-47.762681,-22.834158],[-47.764529,-22.83272]],[[-47.782815,-22.83376],[-47.782316,-22.835701]],[[-47.988815,-22.830003],[-47.992168,-22.825617]],[[-48.054437,-22.828719],[-48.051059,-22.831355],[-48.048698,-22.836899],[-48.049174,-22.840053],[-48.045279,-22.841219],[-48.048115,-22.843662]],[[-47.812728,-22.833138],[-47.813119,-22.832822]],[[-47.727894,-22.834598],[-47.728454,-22.834975]],[[-47.727894,-22.834598],[-47.727901,-22.834606]],[[-47.862104,-22.832214],[-47.862104,-22.832214]],[[-47.783018,-22.833614],[-47.783018,-22.833614]],[[-47.957052,-22.830442],[-47.958056,-22.830996]],[[-47.717971,-22.834696],[-47.716213,-22.832863]],[[-47.791418,-22.833415],[-47.791624,-22.835558]],[[-47.82299,-22.832852],[-47.825985,-22.835274],[-47.832473,-22.834886]],[[-48.023465,-22.829164],[-48.022231,-22.829743]],[[-47.735424,-22.834361],[-47.735279,-22.834312]],[[-47.998519,-22.829579],[-47.998751,-22.828481]],[[-47.735221,-22.834293],[-47.735016,-22.83428]],[[-47.801434,-22.833129],[-47.801434,-22.833129]],[[-47.801523,-22.833125],[-47.801741,-22.832991]],[[-47.699111,-22.834893],[-47.698573,-22.835224],[-47.699111,-22.834893]],[[-47.80261,-22.833099],[-47.800738,-22.831011]],[[-47.916492,-22.831042],[-47.917719,-22.832344],[-47.922036,-22.830907]],[[-47.806452,-22.833019],[-47.807415,-22.834448],[-47.806121,-22.837015],[-47.806198,-22.841259],[-47.804038,-22.842674],[-47.803444,-22.844307]],[[-47.734906,-22.83424],[-47.731545,-22.832149]],[[-47.736902,-22.834153],[-47.736902,-22.834153]],[[-47.813119,-22.832822],[-47.813121,-22.83282]],[[-47.813119,-22.832822],[-47.813119,-22.832822]],[[-47.93557,-22.83058],[-47.932162,-22.832527]],[[-47.845128,-22.832211],[-47.845126,-22.832222]],[[-47.845128,-22.832211],[-47.8421,-22.832978],[-47.841719,-22.834268],[-47.839855,-22.834314],[-47.837844,-22.832051]],[[-47.845128,-22.832211],[-47.844223,-22.830456]],[[-47.778099,-22.833393],[-47.779024,-22.829093]],[[-47.801773,-22.832956],[-47.801773,-22.832956]],[[-47.820456,-22.832585],[-47.820456,-22.832585]],[[-47.777875,-22.833326],[-47.777875,-22.833326]],[[-47.732952,-22.834089],[-47.7301,-22.836516],[-47.729561,-22.838078]],[[-47.802242,-22.832882],[-47.802269,-22.832846]],[[-47.809608,-22.832734],[-47.80973,-22.831946]],[[-47.795426,-22.832959],[-47.795426,-22.832959]],[[-47.958244,-22.829936],[-47.958523,-22.830916]],[[-47.806415,-22.832679],[-47.806415,-22.832679]],[[-47.813432,-22.832503],[-47.813331,-22.830638]],[[-47.891311,-22.83109],[-47.890137,-22.834063],[-47.891205,-22.837302],[-47.893882,-22.838417]],[[-47.837844,-22.832051],[-47.837858,-22.83205]],[[-47.837844,-22.832051],[-47.83794,-22.832088]],[[-47.719986,-22.834105],[-47.721595,-22.833793]],[[-47.733395,-22.833865],[-47.730165,-22.835003],[-47.731283,-22.834772]],[[-47.910714,-22.830711],[-47.910715,-22.83071]],[[-47.910715,-22.83071],[-47.910065,-22.830663],[-47.910715,-22.83071]],[[-47.910715,-22.83071],[-47.914023,-22.822675]],[[-47.974358,-22.829476],[-47.974358,-22.829483]],[[-47.974358,-22.829476],[-47.977197,-22.829523]],[[-47.725484,-22.833919],[-47.727894,-22.834598]],[[-47.891053,-22.830949],[-47.891053,-22.830949]],[[-47.891053,-22.830949],[-47.891053,-22.830947]],[[-47.923871,-22.830324],[-47.923871,-22.830324]],[[-47.924091,-22.830312],[-47.924091,-22.830312]],[[-47.941444,-22.829947],[-47.939497,-22.829179]],[[-47.873613,-22.831156],[-47.873608,-22.831157]],[[-47.873613,-22.831156],[-47.872483,-22.830909],[-47.873161,-22.828175],[-47.872555,-22.825854],[-47.871163,-22.825735]],[[-47.873623,-22.831153],[-47.873613,-22.831156]],[[-47.937748,-22.829979],[-47.935986,-22.831524],[-47.93554,-22.830858]],[[-47.782035,-22.83277],[-47.782035,-22.83277]],[[-47.923268,-22.830227],[-47.923268,-22.830227]],[[-47.76083,-22.833127],[-47.76083,-22.833127]],[[-47.736675,-22.833508],[-47.735488,-22.834266]],[[-47.732248,-22.833561],[-47.732248,-22.833561]],[[-47.805049,-22.832261],[-47.804935,-22.832555]],[[-47.811723,-22.832133],[-47.812422,-22.831534]],[[-47.817301,-22.832032],[-47.817854,-22.8319]],[[-47.805082,-22.832205],[-47.805082,-22.832205]],[[-47.805205,-22.832176],[-47.805101,-22.829852]],[[-47.817854,-22.8319],[-47.817855,-22.8319]],[[-47.817854,-22.8319],[-47.817854,-22.8319]],[[-47.818428,-22.831866],[-47.822566,-22.832393]],[[-47.962632,-22.829235],[-47.963108,-22.832311],[-47.96237,-22.835239],[-47.96137,-22.835872]],[[-47.962632,-22.829235],[-47.962622,-22.829239]],[[-47.960102,-22.82923],[-47.958918,-22.832349]],[[-47.80973,-22.831946],[-47.809731,-22.831941]],[[-47.80973,-22.831946],[-47.80973,-22.831946]],[[-47.998751,-22.828481],[-47.998751,-22.828481]],[[-47.98714,-22.828694],[-47.987588,-22.826827],[-47.987105,-22.827345]],[[-47.710982,-22.833627],[-47.710982,-22.833627]],[[-47.726761,-22.833342],[-47.727894,-22.834598]],[[-47.76105,-22.832738],[-47.762282,-22.829639]],[[-47.740967,-22.833056],[-47.740967,-22.833056]],[[-47.799606,-22.83201],[-47.799606,-22.83201]],[[-47.799693,-22.832008],[-47.800052,-22.831986]],[[-47.740907,-22.833024],[-47.740541,-22.832924]],[[-47.800042,-22.831894],[-47.800042,-22.831894]],[[-47.715279,-22.83336],[-47.714374,-22.833493],[-47.71279,-22.837494]],[[-47.712259,-22.83339],[-47.712261,-22.833382]],[[-47.712259,-22.83339],[-47.712195,-22.832363]],[[-47.821789,-22.83148],[-47.821762,-22.832332]],[[-47.800074,-22.831855],[-47.800723,-22.830804],[-47.799768,-22.829366]],[[-47.779497,-22.832212],[-47.779497,-22.832212]],[[-47.708734,-22.833384],[-47.709287,-22.83307]],[[-47.740451,-22.83284],[-47.740362,-22.832741]],[[-47.757188,-22.832545],[-47.756405,-22.833043],[-47.753487,-22.831715]],[[-47.698719,-22.833511],[-47.698719,-22.833511]],[[-47.998703,-22.828136],[-48.000117,-22.826487]],[[-47.877858,-22.830366],[-47.878926,-22.834797],[-47.882711,-22.833954]],[[-47.877858,-22.830366],[-47.877858,-22.830368]],[[-47.925212,-22.829484],[-47.925212,-22.829484]],[[-47.711375,-22.83326],[-47.708889,-22.83524]],[[-47.939345,-22.829205],[-47.938859,-22.829141]],[[-47.764729,-22.832318],[-47.764729,-22.832318]],[[-47.939497,-22.829179],[-47.939495,-22.829168]],[[-47.939497,-22.829179],[-47.939497,-22.829179]],[[-47.890938,-22.830061],[-47.891053,-22.830949]],[[-47.809625,-22.831506],[-47.812147,-22.826375]],[[-47.739645,-22.83271],[-47.739042,-22.832577]],[[-47.764739,-22.832266],[-47.765869,-22.83082],[-47.77112,-22.831245]],[[-47.741571,-22.832634],[-47.740967,-22.833056]],[[-47.741571,-22.832634],[-47.741455,-22.832783]],[[-47.740305,-22.832653],[-47.739928,-22.832574]],[[-47.982946,-22.82828],[-47.982945,-22.828283]],[[-47.982946,-22.82828],[-47.982946,-22.82828]],[[-47.972291,-22.828473],[-47.974358,-22.829476]],[[-47.925417,-22.829309],[-47.925417,-22.829309]],[[-47.92602,-22.829293],[-47.926023,-22.829288]],[[-47.92602,-22.829293],[-47.928729,-22.827562]],[[-47.737792,-22.832617],[-47.736901,-22.833124]],[[-47.738104,-22.832608],[-47.738054,-22.832623]],[[-47.821769,-22.831127],[-47.821769,-22.831127]],[[-47.738877,-22.832568],[-47.738802,-22.832478]],[[-47.728745,-22.832741],[-47.729501,-22.834858]],[[-47.983024,-22.828158],[-47.983118,-22.828048]],[[-47.983911,-22.828119],[-47.983118,-22.828048]],[[-47.983926,-22.828116],[-47.984355,-22.828219]],[[-47.925596,-22.829199],[-47.925596,-22.829199]],[[-47.891026,-22.829812],[-47.891026,-22.829812]],[[-47.925803,-22.82913],[-47.925803,-22.82913]],[[-47.738476,-22.832452],[-47.73824,-22.832484]],[[-47.983118,-22.828048],[-47.983115,-22.828045]],[[-47.983118,-22.828048],[-47.982648,-22.825429]],[[-47.821855,-22.830973],[-47.821718,-22.831248]],[[-47.802319,-22.831314],[-47.802319,-22.831314]],[[-47.723454,-22.832669],[-47.723914,-22.834232],[-47.72267,-22.83625]],[[-47.723454,-22.832669],[-47.72345,-22.832669]],[[-47.812524,-22.831113],[-47.812524,-22.831113]],[[-47.903694,-22.829464],[-47.902975,-22.831959]],[[-47.812848,-22.830946],[-47.812759,-22.831382]],[[-47.812848,-22.830946],[-47.812848,-22.830946]],[[-47.721751,-22.832503],[-47.72232,-22.831736]],[[-47.964857,-22.828149],[-47.962632,-22.829235]],[[-47.725422,-22.832403],[-47.723454,-22.832669]],[[-47.926207,-22.828768],[-47.926207,-22.828768]],[[-47.995561,-22.827456],[-47.995561,-22.827456]],[[-47.715853,-22.832457],[-47.717013,-22.835066]],[[-47.728001,-22.83219],[-47.728733,-22.831549]],[[-47.797873,-22.830959],[-47.798038,-22.830761]],[[-47.919459,-22.828764],[-47.92147,-22.830934],[-47.923885,-22.830739],[-47.92602,-22.829293]],[[-47.790814,-22.831068],[-47.790417,-22.830232]],[[-47.753487,-22.831715],[-47.754215,-22.832334],[-47.753583,-22.833571]],[[-47.753487,-22.831715],[-47.753486,-22.831715]],[[-47.932957,-22.828485],[-47.932957,-22.828485]],[[-47.864657,-22.829686],[-47.865183,-22.829008]],[[-47.82432,-22.830397],[-47.822985,-22.832829],[-47.822572,-22.832391]],[[-47.731514,-22.831969],[-47.732358,-22.831684],[-47.731644,-22.829002]],[[-47.698273,-22.832534],[-47.698273,-22.832534]],[[-47.731477,-22.831959],[-47.731477,-22.831959]],[[-47.719839,-22.832115],[-47.721981,-22.829658]],[[-47.771212,-22.831211],[-47.771276,-22.831175]],[[-47.746673,-22.831632],[-47.746504,-22.830693]],[[-48.008173,-22.826868],[-48.008173,-22.826868]],[[-47.771461,-22.831152],[-47.774814,-22.829023],[-47.773303,-22.830082]],[[-47.749959,-22.831519],[-47.753487,-22.831715]],[[-47.742066,-22.831631],[-47.742066,-22.831631]],[[-47.926736,-22.828338],[-47.926736,-22.828338]],[[-47.926949,-22.828314],[-47.926949,-22.828314]],[[-47.932032,-22.828207],[-47.934169,-22.828279],[-47.935531,-22.83086]],[[-48.00895,-22.826723],[-48.00898,-22.82096]],[[-47.742415,-22.831524],[-47.742415,-22.831524]],[[-47.961855,-22.827588],[-47.962632,-22.829235]],[[-47.931727,-22.82814],[-47.931727,-22.82814]],[[-47.771276,-22.831002],[-47.771259,-22.83098]],[[-47.730638,-22.831698],[-47.730638,-22.831699]],[[-47.730638,-22.831698],[-47.731399,-22.831966]],[[-47.771259,-22.83098],[-47.771261,-22.830981]],[[-47.771259,-22.83098],[-47.771227,-22.830943]],[[-47.696894,-22.832235],[-47.69827,-22.833371],[-47.697586,-22.833628],[-47.698276,-22.835123]],[[-47.771228,-22.830945],[-47.771227,-22.830943]],[[-47.771227,-22.830943],[-47.771259,-22.83098]],[[-47.771227,-22.830943],[-47.770496,-22.828431]],[[-47.730329,-22.831614],[-47.730638,-22.831698]],[[-48.03527,-22.826089],[-48.035268,-22.826052]],[[-47.957818,-22.827544],[-47.951771,-22.829812],[-47.949434,-22.829576],[-47.947904,-22.832138],[-47.946062,-22.832979]],[[-47.795526,-22.83047],[-47.795501,-22.830119]],[[-48.035268,-22.826052],[-48.038721,-22.827185],[-48.042343,-22.826157],[-48.044257,-22.824484],[-48.053425,-22.823614]],[[-48.035268,-22.826052],[-48.034496,-22.820836]],[[-48.005483,-22.826584],[-48.008796,-22.82654],[-48.013662,-22.833266]],[[-47.696791,-22.832109],[-47.696828,-22.83214]],[[-47.729366,-22.83153],[-47.727965,-22.830525]],[[-47.7303,-22.831506],[-47.7303,-22.831506]],[[-47.821989,-22.829904],[-47.821865,-22.831021],[-47.822154,-22.830489]],[[-47.821989,-22.829904],[-47.821995,-22.829902]],[[-47.727758,-22.831495],[-47.728221,-22.831045]],[[-47.927575,-22.827945],[-47.927575,-22.827945]],[[-47.987587,-22.826824],[-47.987673,-22.826757]],[[-47.730492,-22.831438],[-47.730638,-22.831698]],[[-47.792604,-22.830354],[-47.792604,-22.830354]],[[-47.729799,-22.831438],[-47.729799,-22.831438]],[[-47.927875,-22.827868],[-47.927875,-22.827868]],[[-47.865183,-22.829008],[-47.865181,-22.82901]],[[-47.865183,-22.829008],[-47.865183,-22.829008]],[[-47.950729,-22.827445],[-47.949324,-22.829657]],[[-47.730489,-22.831349],[-47.730489,-22.831349]],[[-47.730489,-22.831349],[-47.730489,-22.831346]],[[-47.829861,-22.829586],[-47.827453,-22.827003],[-47.828811,-22.822666]],[[-47.696383,-22.831862],[-47.69638,-22.831866]],[[-47.696383,-22.831862],[-47.696383,-22.831862]],[[-47.793527,-22.830151],[-47.793527,-22.830151]],[[-47.748778,-22.830914],[-47.748778,-22.830913]],[[-47.748778,-22.830913],[-47.749958,-22.831543],[-47.748778,-22.830913]],[[-47.748778,-22.830913],[-47.74825,-22.829786]],[[-47.98787,-22.826593],[-47.988009,-22.824841],[-47.989384,-22.823307],[-47.988144,-22.8232],[-47.988454,-22.823926]],[[-47.740282,-22.830965],[-47.741445,-22.832412]],[[-47.821045,-22.829546],[-47.821989,-22.829904]],[[-47.969417,-22.826819],[-47.971134,-22.824166]],[[-47.928791,-22.827539],[-47.931208,-22.828151]],[[-47.793368,-22.829956],[-47.793368,-22.829956]],[[-47.865569,-22.828665],[-47.865566,-22.828672]],[[-47.950946,-22.827085],[-47.950946,-22.827085]],[[-47.950946,-22.827085],[-47.951131,-22.826282],[-47.950946,-22.827085]],[[-47.79808,-22.829814],[-47.797988,-22.830714],[-47.798715,-22.83064],[-47.79808,-22.829814]],[[-47.795347,-22.829842],[-47.795028,-22.828812]],[[-47.795353,-22.829839],[-47.795353,-22.829839]],[[-47.795324,-22.829838],[-47.795322,-22.829832]],[[-47.713601,-22.831219],[-47.711347,-22.833242],[-47.708507,-22.832601]],[[-47.713601,-22.831219],[-47.717064,-22.829354]],[[-47.713602,-22.831218],[-47.713601,-22.831219]],[[-47.951755,-22.826958],[-47.951756,-22.826958]],[[-47.951755,-22.826958],[-47.951755,-22.826958]],[[-47.752006,-22.83053],[-47.752304,-22.82975],[-47.751258,-22.829118]],[[-47.746469,-22.830612],[-47.746362,-22.828552]],[[-47.951648,-22.82694],[-47.950932,-22.826848]],[[-47.865586,-22.828472],[-47.865863,-22.825557]],[[-47.963329,-22.826647],[-47.963568,-22.825213]],[[-47.819878,-22.829228],[-47.820484,-22.829433]],[[-47.708835,-22.831156],[-47.710405,-22.830423],[-47.713601,-22.831219]],[[-47.790626,-22.829614],[-47.79036,-22.830221],[-47.790626,-22.829614]],[[-47.790755,-22.829609],[-47.791045,-22.829641]],[[-47.846344,-22.828621],[-47.848382,-22.828822]],[[-47.756867,-22.830195],[-47.756867,-22.830195]],[[-47.740073,-22.830441],[-47.740073,-22.830441]],[[-47.831893,-22.828727],[-47.829829,-22.829847],[-47.830135,-22.833798],[-47.831187,-22.834714]],[[-47.72258,-22.830619],[-47.723454,-22.832669]],[[-47.791087,-22.829423],[-47.791087,-22.829423]],[[-47.743339,-22.830233],[-47.742847,-22.830603],[-47.743339,-22.830233]],[[-47.977876,-22.825995],[-47.977876,-22.825995]],[[-47.972886,-22.826076],[-47.973751,-22.822949]],[[-47.75331,-22.83],[-47.753315,-22.829998]],[[-47.753315,-22.829998],[-47.754558,-22.829803]],[[-47.753315,-22.829998],[-47.753315,-22.829998]],[[-47.791216,-22.829251],[-47.791131,-22.829412]],[[-47.734647,-22.830176],[-47.737601,-22.832675]],[[-47.754558,-22.829803],[-47.754558,-22.829804]],[[-47.754558,-22.829803],[-47.754558,-22.829803]],[[-47.762282,-22.829639],[-47.762282,-22.829639]],[[-47.762282,-22.829639],[-47.761812,-22.826165]],[[-47.730056,-22.830178],[-47.730489,-22.831349]],[[-47.753019,-22.829778],[-47.752254,-22.829712]],[[-47.921406,-22.826755],[-47.92454,-22.823231]],[[-47.906655,-22.82701],[-47.908994,-22.825369]],[[-47.729378,-22.830142],[-47.730056,-22.830178]],[[-47.92941,-22.826559],[-47.92941,-22.826559]],[[-47.992244,-22.825356],[-47.993555,-22.824517]],[[-47.787835,-22.829033],[-47.787835,-22.829033]],[[-47.748206,-22.829689],[-47.746556,-22.828998]],[[-47.964468,-22.82579],[-47.963516,-22.825156],[-47.963636,-22.823691],[-47.965714,-22.820912],[-47.963815,-22.815643]],[[-47.980774,-22.825475],[-47.980774,-22.825475]],[[-47.982648,-22.825429],[-47.977824,-22.828917]],[[-47.982648,-22.825429],[-47.982648,-22.825428]],[[-47.850452,-22.827844],[-47.848358,-22.828841],[-47.848708,-22.830674],[-47.847714,-22.832203],[-47.845128,-22.832211]],[[-47.791224,-22.828888],[-47.791224,-22.828888]],[[-47.795028,-22.828812],[-47.795028,-22.828811]],[[-47.795028,-22.828812],[-47.795028,-22.828812]],[[-47.850693,-22.827808],[-47.850693,-22.827808]],[[-47.824112,-22.828269],[-47.827512,-22.827106]],[[-47.813111,-22.828427],[-47.812848,-22.830946]],[[-47.813794,-22.828401],[-47.813111,-22.828427]],[[-47.72616,-22.829917],[-47.72616,-22.829917]],[[-47.850777,-22.827725],[-47.850777,-22.827725]],[[-47.842448,-22.827869],[-47.844217,-22.830459]],[[-47.788059,-22.82883],[-47.788059,-22.82883]],[[-47.945149,-22.825996],[-47.94675,-22.828261]],[[-47.778874,-22.828985],[-47.781307,-22.829818],[-47.78471,-22.827312]],[[-47.726118,-22.829871],[-47.726115,-22.829914]],[[-47.813839,-22.828343],[-47.813839,-22.828343]],[[-47.813839,-22.828343],[-47.813839,-22.828343]],[[-47.73726,-22.829641],[-47.73977,-22.830149]],[[-47.73308,-22.829697],[-47.732233,-22.830603]],[[-47.8083,-22.828384],[-47.80848,-22.82836]],[[-47.794868,-22.828559],[-47.794778,-22.828258]],[[-47.726256,-22.829748],[-47.726332,-22.829454]],[[-47.72623,-22.829749],[-47.72623,-22.829749]],[[-47.778355,-22.828834],[-47.778817,-22.828959]],[[-47.777775,-22.828831],[-47.77673,-22.828513]],[[-47.774599,-22.828879],[-47.776728,-22.82851]],[[-47.955566,-22.82561],[-47.951755,-22.826958]],[[-47.808529,-22.82827],[-47.808529,-22.82827]],[[-47.956668,-22.825575],[-47.955651,-22.825452]],[[-47.788094,-22.828553],[-47.788094,-22.828553]],[[-47.722176,-22.829673],[-47.722466,-22.830526]],[[-47.719983,-22.829707],[-47.721641,-22.828892]],[[-47.787876,-22.828532],[-47.787876,-22.828532]],[[-47.955651,-22.825452],[-47.955647,-22.825453]],[[-47.955651,-22.825452],[-47.955651,-22.825452]],[[-47.735976,-22.829373],[-47.735703,-22.83058]],[[-47.969071,-22.825194],[-47.973332,-22.82305]],[[-47.729332,-22.829478],[-47.730056,-22.830178]],[[-47.804769,-22.828151],[-47.804769,-22.828151]],[[-47.80374,-22.828167],[-47.805109,-22.829857],[-47.80642,-22.829532]],[[-47.778024,-22.828608],[-47.778024,-22.828608]],[[-47.815488,-22.827928],[-47.817051,-22.829036]],[[-47.883864,-22.826702],[-47.882711,-22.833954]],[[-47.722227,-22.82954],[-47.722232,-22.829543]],[[-47.722227,-22.82954],[-47.722227,-22.82954]],[[-47.895646,-22.826464],[-47.896593,-22.82929]],[[-47.928887,-22.825826],[-47.930624,-22.825363],[-47.931341,-22.828105]],[[-47.803489,-22.828045],[-47.803489,-22.828045]],[[-47.85668,-22.827078],[-47.855806,-22.826791],[-47.854592,-22.828238],[-47.850893,-22.827733]],[[-47.929615,-22.825746],[-47.929615,-22.825746]],[[-47.943305,-22.825487],[-47.937762,-22.829969]],[[-47.948118,-22.825396],[-47.946209,-22.829617],[-47.946188,-22.832452]],[[-47.821705,-22.827669],[-47.821989,-22.829904]],[[-47.751097,-22.828899],[-47.751097,-22.828899]],[[-47.751091,-22.828895],[-47.749367,-22.825839]],[[-47.958674,-22.825152],[-47.959841,-22.821892]],[[-47.726256,-22.829284],[-47.725571,-22.827992]],[[-47.770352,-22.828517],[-47.770229,-22.828138]],[[-47.995094,-22.824397],[-47.996203,-22.825755],[-47.998449,-22.82535],[-48.001833,-22.827235],[-48.003126,-22.826319],[-48.00538,-22.826569]],[[-47.995094,-22.824397],[-47.995095,-22.824413]],[[-47.748967,-22.828836],[-47.748967,-22.828836]],[[-47.770496,-22.828431],[-47.770496,-22.828431]],[[-47.89921,-22.826125],[-47.896668,-22.828865],[-47.896434,-22.834092]],[[-48.023095,-22.823817],[-48.02373,-22.823893],[-48.023095,-22.823817]],[[-47.75295,-22.828715],[-47.751099,-22.828845]],[[-47.929959,-22.825549],[-47.929959,-22.825549]],[[-47.709112,-22.829438],[-47.711211,-22.828304]],[[-47.814834,-22.827604],[-47.817162,-22.826988]],[[-47.726398,-22.829141],[-47.726398,-22.829141]],[[-47.939504,-22.825335],[-47.93986,-22.828215]],[[-47.738529,-22.828874],[-47.740095,-22.830411]],[[-47.752993,-22.828598],[-47.752993,-22.828598]],[[-47.869718,-22.826529],[-47.869608,-22.827316],[-47.869718,-22.826529]],[[-47.814732,-22.827495],[-47.814325,-22.82812],[-47.814732,-22.827495]],[[-47.856086,-22.826752],[-47.85714,-22.826541]],[[-47.794593,-22.827842],[-47.794593,-22.827842]],[[-47.833449,-22.827124],[-47.831926,-22.828727],[-47.832532,-22.828168]],[[-47.76709,-22.828282],[-47.766859,-22.831007]],[[-47.842022,-22.826921],[-47.842376,-22.827578]],[[-47.730214,-22.828844],[-47.730751,-22.830976]],[[-47.78668,-22.827864],[-47.786113,-22.827581]],[[-47.922991,-22.825373],[-47.922991,-22.825372]],[[-47.922991,-22.825372],[-47.922989,-22.82537]],[[-47.922991,-22.825372],[-47.922991,-22.825372]],[[-47.746378,-22.828511],[-47.741586,-22.83141],[-47.741554,-22.832595],[-47.74152,-22.83149]],[[-47.845067,-22.826719],[-47.846203,-22.826106]],[[-47.794589,-22.827611],[-47.794589,-22.827611]],[[-47.740187,-22.828546],[-47.739818,-22.8302]],[[-47.794574,-22.827587],[-47.794435,-22.82698]],[[-47.801722,-22.827461],[-47.801722,-22.827461]],[[-47.966321,-22.824457],[-47.965681,-22.821299]],[[-47.787091,-22.827686],[-47.787066,-22.827687]],[[-47.857167,-22.826441],[-47.858937,-22.824588],[-47.860687,-22.824895],[-47.860907,-22.82353]],[[-47.810943,-22.827244],[-47.808605,-22.828278]],[[-47.800837,-22.827371],[-47.800837,-22.827371]],[[-47.74641,-22.82831],[-47.74641,-22.82831]],[[-47.74641,-22.82831],[-47.746412,-22.828309]],[[-47.757508,-22.828107],[-47.756427,-22.829354]],[[-47.694525,-22.829183],[-47.694525,-22.829183]],[[-47.759816,-22.828025],[-47.760361,-22.829032]],[[-47.759816,-22.828025],[-47.759665,-22.829259]],[[-47.759815,-22.828024],[-47.759816,-22.828025]],[[-47.786069,-22.827513],[-47.785935,-22.827375]],[[-47.998472,-22.823627],[-47.997467,-22.8258]],[[-47.811136,-22.826987],[-47.811136,-22.826987]],[[-47.811333,-22.826961],[-47.811747,-22.827155]],[[-47.742681,-22.828127],[-47.744835,-22.825768]],[[-48.034269,-22.822808],[-48.032355,-22.820097],[-48.033583,-22.816464],[-48.032794,-22.813595]],[[-47.785848,-22.827298],[-47.785397,-22.826626]],[[-47.909443,-22.825069],[-47.910899,-22.820827]],[[-47.80263,-22.826984],[-47.80263,-22.826984]],[[-47.870977,-22.825746],[-47.872626,-22.825902],[-47.872649,-22.831166],[-47.877858,-22.830366]],[[-47.869855,-22.825734],[-47.871157,-22.825734]],[[-47.869855,-22.825734],[-47.869857,-22.825733]],[[-47.869855,-22.825733],[-47.869855,-22.825734]],[[-47.746327,-22.827894],[-47.746327,-22.827894]],[[-47.824183,-22.826478],[-47.825301,-22.827493]],[[-47.937043,-22.824419],[-47.93331,-22.826449],[-47.933441,-22.828216]],[[-48.04013,-22.822469],[-48.03944,-22.822971],[-48.040422,-22.823346],[-48.04013,-22.822469]],[[-47.926583,-22.824588],[-47.925344,-22.822892],[-47.926076,-22.820098],[-47.924565,-22.817985],[-47.925131,-22.816591]],[[-47.802327,-22.826804],[-47.802327,-22.826804]],[[-47.96233,-22.8239],[-47.963603,-22.823787]],[[-47.719917,-22.828201],[-47.721224,-22.827945]],[[-47.796588,-22.826827],[-47.796583,-22.826439]],[[-47.913923,-22.824715],[-47.913923,-22.824715]],[[-47.800752,-22.826695],[-47.798823,-22.830527]],[[-47.725571,-22.827992],[-47.725573,-22.827997]],[[-47.725571,-22.827992],[-47.724245,-22.826106],[-47.724169,-22.820579],[-47.722441,-22.820384],[-47.721707,-22.81892]],[[-47.7343,-22.827842],[-47.73183,-22.827661]],[[-47.903603,-22.824831],[-47.904801,-22.823826],[-47.904538,-22.821791],[-47.905943,-22.818995]],[[-47.796839,-22.826728],[-47.796839,-22.826728]],[[-47.794314,-22.826748],[-47.794498,-22.824442]],[[-47.794394,-22.826726],[-47.794394,-22.826726]],[[-47.988158,-22.823191],[-47.990091,-22.821769]],[[-47.727768,-22.82785],[-47.727768,-22.82785]],[[-47.865913,-22.825416],[-47.865913,-22.825416]],[[-47.734653,-22.8277],[-47.733379,-22.828672]],[[-47.837861,-22.825887],[-47.838733,-22.830576],[-47.837844,-22.832051]],[[-47.791827,-22.826673],[-47.791827,-22.826673]],[[-47.867298,-22.825322],[-47.869855,-22.825734]],[[-47.867298,-22.825322],[-47.867298,-22.825322]],[[-47.796807,-22.826568],[-47.796807,-22.826568]],[[-47.752515,-22.827333],[-47.750878,-22.828516]],[[-48.031077,-22.822258],[-48.031848,-22.822139],[-48.032527,-22.823637],[-48.033236,-22.822648],[-48.032465,-22.823986],[-48.034356,-22.824344],[-48.034466,-22.820805]],[[-47.709112,-22.828061],[-47.710712,-22.828578],[-47.71422,-22.827178]],[[-47.693502,-22.828322],[-47.694837,-22.831198],[-47.696383,-22.831862]],[[-47.793509,-22.826574],[-47.793509,-22.826574]],[[-47.739861,-22.827501],[-47.740005,-22.827266]],[[-47.734768,-22.827579],[-47.734522,-22.828762]],[[-47.845646,-22.825607],[-47.847669,-22.826707]],[[-48.025153,-22.82228],[-48.02598,-22.822241]],[[-47.865967,-22.825214],[-47.865969,-22.825312]],[[-47.785397,-22.826626],[-47.785398,-22.826627]],[[-47.785397,-22.826626],[-47.784741,-22.827298]],[[-47.69348,-22.828182],[-47.693521,-22.82826]],[[-47.960554,-22.823425],[-47.959649,-22.820662]],[[-47.996041,-22.822707],[-47.995094,-22.824397]],[[-48.024838,-22.822162],[-48.02484,-22.822165]],[[-48.024838,-22.822162],[-48.024838,-22.822162]],[[-47.865939,-22.825094],[-47.867229,-22.824863]],[[-47.951952,-22.823519],[-47.951134,-22.826281]],[[-47.86599,-22.825089],[-47.86599,-22.825089]],[[-47.82135,-22.82584],[-47.821012,-22.826324]],[[-47.796754,-22.826263],[-47.796327,-22.825414]],[[-47.919432,-22.824049],[-47.921896,-22.822628]],[[-47.983634,-22.822723],[-47.982542,-22.823841],[-47.982648,-22.825429]],[[-47.769962,-22.826522],[-47.770231,-22.828135]],[[-47.794333,-22.826095],[-47.794333,-22.826095]],[[-47.735668,-22.827063],[-47.734832,-22.827477]],[[-47.73261,-22.8271],[-47.73261,-22.8271]],[[-47.955095,-22.823121],[-47.953105,-22.822142]],[[-47.926888,-22.823625],[-47.926087,-22.823159]],[[-47.693477,-22.82773],[-47.6935,-22.827865]],[[-47.848051,-22.825005],[-47.847672,-22.826709],[-47.848897,-22.82835]],[[-47.740257,-22.826879],[-47.742324,-22.825579],[-47.746043,-22.825773]],[[-47.790526,-22.826002],[-47.790201,-22.828222],[-47.791226,-22.828877]],[[-47.941812,-22.82327],[-47.937579,-22.819634]],[[-47.740091,-22.826846],[-47.740091,-22.826846]],[[-47.762243,-22.826447],[-47.763953,-22.827493]],[[-47.694286,-22.827606],[-47.694286,-22.827606]],[[-47.694286,-22.827606],[-47.694286,-22.827606]],[[-47.834665,-22.825162],[-47.83367,-22.826854]],[[-48.02943,-22.821541],[-48.031077,-22.822258]],[[-48.02943,-22.821541],[-48.02943,-22.821541]],[[-47.729631,-22.826951],[-47.729955,-22.827704]],[[-47.799943,-22.825724],[-47.799943,-22.825724]],[[-47.831831,-22.825158],[-47.83252,-22.826857],[-47.833618,-22.82688]],[[-47.71422,-22.827178],[-47.71422,-22.827178]],[[-47.71422,-22.827178],[-47.71645,-22.823732]],[[-47.765116,-22.826192],[-47.763351,-22.82429]],[[-47.717669,-22.826983],[-47.717607,-22.828912],[-47.715219,-22.833229],[-47.716132,-22.837284]],[[-47.765245,-22.826149],[-47.765245,-22.826149]],[[-47.754917,-22.826284],[-47.754874,-22.827822]],[[-47.997006,-22.821887],[-47.996047,-22.8227]],[[-47.92454,-22.823231],[-47.92454,-22.823228]],[[-47.92454,-22.823231],[-47.92539,-22.823073]],[[-47.885182,-22.823913],[-47.883836,-22.826621]],[[-47.926087,-22.823159],[-47.9261,-22.82316]],[[-47.926087,-22.823159],[-47.926087,-22.823159]],[[-47.9972,-22.821822],[-47.9972,-22.821822]],[[-47.9972,-22.821822],[-47.9972,-22.821821]],[[-47.996134,-22.821833],[-47.996134,-22.821833]],[[-47.750998,-22.826225],[-47.750998,-22.826225]],[[-47.800854,-22.825338],[-47.800854,-22.825338]],[[-47.925628,-22.823074],[-47.925569,-22.82309]],[[-47.925392,-22.82307],[-47.92941,-22.826559]],[[-47.984103,-22.821979],[-47.983835,-22.82264]],[[-48.020694,-22.821273],[-48.024838,-22.822162]],[[-47.831719,-22.824742],[-47.831722,-22.824919]],[[-47.885277,-22.823776],[-47.885277,-22.823776]],[[-47.860579,-22.824181],[-47.860579,-22.824181]],[[-47.892103,-22.823593],[-47.888919,-22.821711],[-47.887218,-22.822155]],[[-47.990091,-22.821769],[-47.990091,-22.821776]],[[-47.990091,-22.821769],[-47.990092,-22.821769]],[[-47.747216,-22.826142],[-47.747216,-22.826142]],[[-47.732357,-22.826397],[-47.735717,-22.826358]],[[-47.99017,-22.821749],[-47.993616,-22.824519],[-47.995094,-22.824397]],[[-47.990166,-22.821748],[-47.990136,-22.821529]],[[-47.984288,-22.821813],[-47.984288,-22.821813]],[[-47.984355,-22.821799],[-47.985943,-22.820258],[-47.988644,-22.81951]],[[-47.743719,-22.826124],[-47.743719,-22.826124]],[[-47.952636,-22.822383],[-47.952461,-22.823775],[-47.952636,-22.822383]],[[-47.970911,-22.822024],[-47.973411,-22.823049],[-47.975688,-22.8215]],[[-47.812039,-22.824875],[-47.813111,-22.828427]],[[-47.732322,-22.826186],[-47.732322,-22.826186]],[[-47.729655,-22.826203],[-47.72972,-22.826536]],[[-47.694599,-22.826792],[-47.694314,-22.827321]],[[-47.694357,-22.82679],[-47.694531,-22.826943]],[[-47.963421,-22.822006],[-47.964706,-22.822444]],[[-47.772401,-22.825443],[-47.774642,-22.825921]],[[-47.749365,-22.825842],[-47.749367,-22.825839]],[[-47.749367,-22.825839],[-47.750661,-22.826489]],[[-47.749367,-22.825839],[-47.748808,-22.824506]],[[-47.987487,-22.821542],[-47.986937,-22.822098],[-47.987487,-22.821542]],[[-47.929652,-22.822546],[-47.928592,-22.824513],[-47.92741,-22.823765]],[[-47.796098,-22.824945],[-47.796311,-22.823851]],[[-47.817981,-22.824555],[-47.818673,-22.823888]],[[-47.796162,-22.824936],[-47.796162,-22.824936]],[[-47.790713,-22.825021],[-47.790511,-22.825777]],[[-47.946929,-22.82219],[-47.946826,-22.821153]],[[-47.813401,-22.8246],[-47.813403,-22.824598]],[[-47.813403,-22.824598],[-47.813506,-22.824509]],[[-47.813403,-22.824598],[-47.812889,-22.824194],[-47.813403,-22.824598]],[[-47.746136,-22.82576],[-47.746136,-22.82576]],[[-47.746136,-22.82576],[-47.74755,-22.825838]],[[-47.746133,-22.825759],[-47.746136,-22.82576]],[[-47.921896,-22.822628],[-47.921896,-22.822627]],[[-47.921896,-22.822628],[-47.921896,-22.822628]],[[-47.922066,-22.822622],[-47.922519,-22.822255]],[[-47.953101,-22.822045],[-47.952895,-22.822379]],[[-47.953101,-22.822045],[-47.953093,-22.822053]],[[-47.744323,-22.825758],[-47.744323,-22.825758]],[[-47.813506,-22.824509],[-47.814333,-22.824992]],[[-47.813506,-22.824509],[-47.81382,-22.824305]],[[-47.8135,-22.824506],[-47.813506,-22.824509]],[[-47.929707,-22.822398],[-47.929707,-22.822398]],[[-47.929707,-22.822398],[-47.929709,-22.822397]],[[-47.790947,-22.824869],[-47.787611,-22.826628],[-47.787142,-22.827758]],[[-47.744076,-22.825666],[-47.744076,-22.825666]],[[-47.758037,-22.825399],[-47.758037,-22.832313]],[[-47.839458,-22.823964],[-47.837861,-22.825873],[-47.838556,-22.825291]],[[-47.86073,-22.823527],[-47.860532,-22.819951],[-47.860661,-22.82302]],[[-47.727943,-22.825848],[-47.728686,-22.824325]],[[-47.767605,-22.825158],[-47.767763,-22.826124]],[[-47.791598,-22.82473],[-47.791119,-22.824772]],[[-47.792603,-22.82471],[-47.792681,-22.824672]],[[-47.866106,-22.8234],[-47.866106,-22.8234]],[[-47.79257,-22.824707],[-47.79257,-22.824707]],[[-47.725698,-22.825847],[-47.724321,-22.825679]],[[-47.813842,-22.824298],[-47.814386,-22.823882]],[[-47.791655,-22.824686],[-47.791655,-22.824686]],[[-47.791655,-22.824686],[-47.791809,-22.824676]],[[-47.778169,-22.824921],[-47.779337,-22.829161]],[[-47.865946,-22.823356],[-47.865946,-22.823356]],[[-47.79244,-22.824652],[-47.792418,-22.824565]],[[-47.828691,-22.82401],[-47.830709,-22.823661]],[[-47.792678,-22.82463],[-47.792678,-22.82463]],[[-47.768159,-22.825051],[-47.767349,-22.82495]],[[-48.025936,-22.820359],[-48.025622,-22.82054]],[[-47.79186,-22.824628],[-47.791655,-22.824686]],[[-47.922783,-22.822261],[-47.92454,-22.823231]],[[-47.968472,-22.821406],[-47.96892,-22.814033]],[[-47.792771,-22.824585],[-47.793861,-22.824214]],[[-47.914066,-22.822406],[-47.914205,-22.820432]],[[-47.812875,-22.824184],[-47.811861,-22.824231]],[[-47.729433,-22.825629],[-47.729695,-22.826181],[-47.729433,-22.825629]],[[-47.712517,-22.82591],[-47.714762,-22.82651]],[[-47.767349,-22.82495],[-47.767546,-22.825082]],[[-47.767349,-22.82495],[-47.767341,-22.824938]],[[-47.990038,-22.820902],[-47.990091,-22.821769]],[[-47.810512,-22.824156],[-47.811186,-22.824457],[-47.811656,-22.823465]],[[-47.710125,-22.825885],[-47.710488,-22.825363]],[[-47.755059,-22.8251],[-47.755027,-22.826106]],[[-47.910987,-22.822291],[-47.910987,-22.822291]],[[-47.825835,-22.823794],[-47.828029,-22.824614]],[[-47.762565,-22.824879],[-47.761552,-22.823615]],[[-47.818673,-22.823888],[-47.818676,-22.823883]],[[-47.818673,-22.823888],[-47.818695,-22.823656]],[[-47.754964,-22.824997],[-47.754964,-22.824997]],[[-47.956856,-22.821371],[-47.957253,-22.821271]],[[-47.73287,-22.825363],[-47.73377,-22.826031]],[[-47.76653,-22.824773],[-47.767349,-22.82495]],[[-47.753575,-22.824991],[-47.754877,-22.824373],[-47.754867,-22.82343]],[[-47.844382,-22.823388],[-47.847792,-22.821383]],[[-47.809989,-22.823978],[-47.807809,-22.824952]],[[-47.738613,-22.825212],[-47.738769,-22.826589]],[[-47.74057,-22.825168],[-47.74041,-22.823119]],[[-47.73286,-22.825284],[-47.73286,-22.825284]],[[-47.947991,-22.821437],[-47.945659,-22.819131]],[[-47.793905,-22.824197],[-47.793903,-22.824198]],[[-47.793905,-22.824197],[-47.793905,-22.824197]],[[-48.007374,-22.820289],[-48.009206,-22.82028]],[[-47.760303,-22.824764],[-47.762243,-22.826447]],[[-47.929896,-22.821731],[-47.929707,-22.822398]],[[-47.795822,-22.824115],[-47.795812,-22.824113]],[[-47.795812,-22.824113],[-47.793905,-22.824197]],[[-47.795812,-22.824113],[-47.793369,-22.822347]],[[-47.762741,-22.82469],[-47.762741,-22.82469]],[[-47.758099,-22.824757],[-47.758115,-22.825467],[-47.758099,-22.824757]],[[-47.997227,-22.820432],[-47.9972,-22.821822]],[[-47.957281,-22.821155],[-47.957281,-22.821155]],[[-47.818695,-22.823656],[-47.818696,-22.823659]],[[-47.818695,-22.823656],[-47.818673,-22.823888]],[[-47.692549,-22.825811],[-47.692088,-22.824497]],[[-47.957423,-22.821095],[-47.959608,-22.820714],[-47.960644,-22.818932]],[[-47.953591,-22.821073],[-47.953101,-22.822045]],[[-47.953591,-22.821073],[-47.95359,-22.821073]],[[-47.748505,-22.824723],[-47.74641,-22.82831]],[[-47.900102,-22.822003],[-47.899874,-22.819933]],[[-47.866016,-22.822618],[-47.867298,-22.825322]],[[-47.796311,-22.823851],[-47.796312,-22.823848]],[[-47.796311,-22.823851],[-47.795812,-22.824113]],[[-47.866054,-22.822586],[-47.867372,-22.825322],[-47.869852,-22.82569]],[[-47.833127,-22.823172],[-47.831858,-22.819965]],[[-47.754671,-22.824546],[-47.754844,-22.825083]],[[-47.865926,-22.822572],[-47.862696,-22.82254],[-47.86089,-22.82354]],[[-47.810207,-22.823564],[-47.810494,-22.824162],[-47.810207,-22.823564]],[[-47.729345,-22.824969],[-47.729442,-22.825634]],[[-47.878718,-22.822319],[-47.876737,-22.826649],[-47.877858,-22.830366]],[[-47.693361,-22.825562],[-47.692572,-22.825855],[-47.693399,-22.827473]],[[-47.865951,-22.822526],[-47.862769,-22.822467],[-47.860896,-22.823525]],[[-47.730256,-22.82489],[-47.730813,-22.82511]],[[-47.953815,-22.820874],[-47.953591,-22.821073]],[[-47.953815,-22.820874],[-47.953661,-22.820827]],[[-47.796725,-22.823702],[-47.796311,-22.823851]],[[-47.748712,-22.824538],[-47.748712,-22.824535]],[[-47.748712,-22.824538],[-47.748712,-22.824538]],[[-47.693334,-22.825454],[-47.693334,-22.825454]],[[-47.953661,-22.820827],[-47.953591,-22.821073]],[[-47.953661,-22.820827],[-47.953657,-22.820827]],[[-47.693524,-22.825436],[-47.693524,-22.825436]],[[-47.730184,-22.824811],[-47.730184,-22.824811]],[[-47.840564,-22.822867],[-47.840844,-22.821711]],[[-47.738253,-22.824655],[-47.738789,-22.824722]],[[-47.738253,-22.824655],[-47.736565,-22.823498]],[[-47.763243,-22.824214],[-47.760959,-22.822438],[-47.758927,-22.822136]],[[-47.696011,-22.825361],[-47.695374,-22.825472]],[[-47.72955,-22.824782],[-47.729913,-22.8248]],[[-47.796809,-22.823573],[-47.796809,-22.823574]],[[-47.796809,-22.823573],[-47.796809,-22.823573]],[[-47.889565,-22.821906],[-47.891472,-22.81905],[-47.891685,-22.814271]],[[-47.758196,-22.824229],[-47.758196,-22.824229]],[[-47.734349,-22.824603],[-47.737235,-22.826232]],[[-47.796826,-22.823512],[-47.796809,-22.823573]],[[-47.896463,-22.821728],[-47.897644,-22.821745],[-47.901686,-22.81862]],[[-47.946856,-22.820792],[-47.94667,-22.820405]],[[-47.866688,-22.822215],[-47.866638,-22.822935]],[[-47.753436,-22.824181],[-47.753436,-22.824181]],[[-47.739482,-22.82442],[-47.736716,-22.826715],[-47.73559,-22.826194],[-47.735753,-22.827127],[-47.736555,-22.826746]],[[-47.739482,-22.82442],[-47.738253,-22.824655]],[[-47.708414,-22.824935],[-47.712468,-22.82583]],[[-47.694831,-22.825132],[-47.694831,-22.825132]],[[-47.749489,-22.824151],[-47.748712,-22.824538]],[[-47.757983,-22.823994],[-47.757983,-22.823994]],[[-47.823947,-22.822835],[-47.823949,-22.822832]],[[-47.823947,-22.822835],[-47.823947,-22.822835]],[[-47.693701,-22.825048],[-47.69433,-22.826758]],[[-47.930052,-22.820813],[-47.929978,-22.821239]],[[-47.836087,-22.822487],[-47.838006,-22.825676]],[[-47.803534,-22.823057],[-47.80708,-22.826685]],[[-47.803534,-22.823057],[-47.802661,-22.822292],[-47.803534,-22.823057]],[[-47.694876,-22.824931],[-47.693481,-22.825219],[-47.694876,-22.824931]],[[-47.803532,-22.823054],[-47.803534,-22.823057]],[[-47.745335,-22.824065],[-47.745335,-22.824065]],[[-47.696631,-22.824867],[-47.696077,-22.825318]],[[-47.75342,-22.82387],[-47.755522,-22.822324]],[[-47.736161,-22.824165],[-47.736982,-22.824102]],[[-47.991441,-22.819562],[-47.990026,-22.820881]],[[-47.930139,-22.820702],[-47.930139,-22.820702]],[[-47.872429,-22.821739],[-47.870851,-22.823256],[-47.870949,-22.825747],[-47.869851,-22.825687]],[[-47.838784,-22.82234],[-47.839354,-22.821476]],[[-47.765762,-22.823597],[-47.766377,-22.826082]],[[-47.773626,-22.823445],[-47.776271,-22.828407]],[[-47.954702,-22.820174],[-47.953815,-22.820874]],[[-47.985784,-22.819551],[-47.985784,-22.819551]],[[-47.93057,-22.820569],[-47.930255,-22.820671]],[[-47.93057,-22.820569],[-47.930569,-22.820569]],[[-47.765741,-22.823471],[-47.765741,-22.823471]],[[-47.765738,-22.823465],[-47.764316,-22.821898],[-47.76028,-22.821524]],[[-47.79771,-22.822882],[-47.796737,-22.823464],[-47.79771,-22.822882]],[[-47.797864,-22.822858],[-47.797747,-22.823084]],[[-47.910899,-22.820827],[-47.910899,-22.820824]],[[-47.910899,-22.820827],[-47.908658,-22.818656]],[[-48.000505,-22.819163],[-48.000505,-22.819163]],[[-47.749538,-22.823642],[-47.749131,-22.822785],[-47.749538,-22.823642]],[[-47.802589,-22.822686],[-47.802191,-22.822561]],[[-47.999712,-22.819084],[-47.99768,-22.821266]],[[-47.776532,-22.823125],[-47.774718,-22.826261]],[[-47.743128,-22.823701],[-47.746228,-22.822908]],[[-47.741415,-22.823656],[-47.740761,-22.823038]],[[-47.692083,-22.824467],[-47.689803,-22.821942],[-47.687854,-22.821583],[-47.685907,-22.818633]],[[-47.802191,-22.822561],[-47.802192,-22.822561]],[[-47.802191,-22.822561],[-47.802191,-22.822561]],[[-47.696433,-22.824365],[-47.696433,-22.824365]],[[-47.976963,-22.81935],[-47.975456,-22.821121],[-47.975869,-22.821669],[-47.977772,-22.820193],[-47.976963,-22.81935]],[[-47.976965,-22.819343],[-47.979567,-22.817904],[-47.981128,-22.814421]],[[-47.754905,-22.823304],[-47.755522,-22.819565]],[[-47.800534,-22.822502],[-47.800657,-22.826469],[-47.803467,-22.828071]],[[-48.000106,-22.818833],[-48.000106,-22.818833]],[[-47.801937,-22.822443],[-47.802,-22.821636]],[[-47.800687,-22.822349],[-47.801553,-22.822049]],[[-47.697502,-22.82407],[-47.694618,-22.826756]],[[-47.95038,-22.819583],[-47.953101,-22.822045]],[[-47.781351,-22.822623],[-47.785397,-22.826626]],[[-47.953113,-22.819491],[-47.953661,-22.820827]],[[-47.765452,-22.822853],[-47.767622,-22.823525]],[[-47.847792,-22.821383],[-47.847792,-22.821383]],[[-47.847792,-22.821383],[-47.853306,-22.817704]],[[-47.821308,-22.821847],[-47.822005,-22.824629],[-47.821376,-22.82562]],[[-47.776884,-22.822624],[-47.776319,-22.817495],[-47.778238,-22.813458]],[[-47.839354,-22.821476],[-47.839366,-22.821475]],[[-47.839354,-22.821476],[-47.841183,-22.821694],[-47.842568,-22.820129]],[[-47.838194,-22.821438],[-47.839354,-22.821476]],[[-47.74041,-22.823119],[-47.739482,-22.82442]],[[-47.74041,-22.823119],[-47.740411,-22.823118]],[[-47.692525,-22.823921],[-47.692525,-22.823921]],[[-47.796487,-22.822118],[-47.796487,-22.822118]],[[-47.800108,-22.822051],[-47.798177,-22.822707]],[[-47.821335,-22.821676],[-47.818695,-22.823656]],[[-47.747886,-22.822947],[-47.747886,-22.822947]],[[-47.801615,-22.822003],[-47.801555,-22.822041]],[[-47.925655,-22.819766],[-47.925395,-22.823073]],[[-47.716224,-22.823472],[-47.71286,-22.824011]],[[-47.748325,-22.822918],[-47.749334,-22.823836]],[[-47.821393,-22.821636],[-47.823947,-22.822835]],[[-47.83592,-22.821368],[-47.835417,-22.819755],[-47.835873,-22.820608]],[[-47.740599,-22.823012],[-47.74041,-22.823119]],[[-47.740599,-22.823012],[-47.742289,-22.821121],[-47.741103,-22.82148],[-47.740599,-22.823012]],[[-47.746226,-22.822909],[-47.746228,-22.822908]],[[-47.746228,-22.822908],[-47.745496,-22.823048]],[[-47.746228,-22.822908],[-47.746512,-22.822555]],[[-47.800286,-22.821937],[-47.800286,-22.821937]],[[-47.985003,-22.818572],[-47.985003,-22.818572]],[[-47.990486,-22.818463],[-47.988157,-22.818442],[-47.990036,-22.820905]],[[-47.827882,-22.821432],[-47.827676,-22.821031]],[[-47.800532,-22.821896],[-47.801615,-22.822003]],[[-47.74911,-22.822787],[-47.748216,-22.822404]],[[-47.71679,-22.823295],[-47.71679,-22.823295]],[[-47.79318,-22.821973],[-47.792868,-22.821274]],[[-47.793206,-22.821971],[-47.793206,-22.821971]],[[-47.716839,-22.82329],[-47.716944,-22.822254]],[[-48.021588,-22.817775],[-48.023514,-22.819285],[-48.025215,-22.819271],[-48.025996,-22.822226],[-48.026928,-22.822711],[-48.02943,-22.821541]],[[-47.785686,-22.822054],[-47.78769,-22.822834],[-47.789955,-22.825373]],[[-47.775489,-22.822151],[-47.776384,-22.819732]],[[-47.972075,-22.818601],[-47.971263,-22.817147],[-47.972819,-22.814268]],[[-47.802,-22.821636],[-47.801615,-22.822003]],[[-47.802,-22.821636],[-47.802002,-22.821631]],[[-47.985497,-22.818292],[-47.98574,-22.818892],[-47.985497,-22.818292]],[[-48.000996,-22.817993],[-48.000226,-22.818867]],[[-48.026646,-22.817503],[-48.027309,-22.818427],[-48.026237,-22.820526],[-48.025794,-22.818576],[-48.026646,-22.817503]],[[-47.740408,-22.822662],[-47.737213,-22.822193]],[[-47.746518,-22.822547],[-47.747969,-22.821717]],[[-47.770783,-22.822126],[-47.773086,-22.818079]],[[-47.754203,-22.822361],[-47.755384,-22.822433]],[[-48.001119,-22.817883],[-48.001119,-22.817883]],[[-47.785637,-22.821782],[-47.785637,-22.821782]],[[-47.827676,-22.821031],[-47.827674,-22.821026]],[[-47.827676,-22.821031],[-47.827676,-22.821031]],[[-48.026284,-22.817373],[-48.02264,-22.816434]],[[-47.748216,-22.822404],[-47.748216,-22.822403]],[[-47.748216,-22.822404],[-47.748063,-22.822188]],[[-47.879202,-22.820058],[-47.879193,-22.820073]],[[-47.879202,-22.820058],[-47.878842,-22.82208],[-47.88071,-22.818827],[-47.879202,-22.820058]],[[-47.815396,-22.821128],[-47.81573,-22.821896]],[[-47.827477,-22.820911],[-47.827467,-22.8184]],[[-47.764503,-22.821988],[-47.765034,-22.821332]],[[-47.821263,-22.82096],[-47.821358,-22.82165],[-47.821263,-22.82096]],[[-47.691849,-22.823153],[-47.691849,-22.823153]],[[-48.001544,-22.817605],[-48.001199,-22.817902]],[[-47.795711,-22.821346],[-47.795711,-22.821346]],[[-47.797063,-22.821297],[-47.797063,-22.821297]],[[-47.747798,-22.822095],[-47.748216,-22.822404]],[[-47.985576,-22.81779],[-47.987266,-22.817771]],[[-48.035438,-22.816841],[-48.036241,-22.820246],[-48.034493,-22.820824]],[[-47.799912,-22.821156],[-47.8004,-22.821866]],[[-48.027675,-22.816981],[-48.028209,-22.817756],[-48.028575,-22.817175],[-48.027675,-22.816981]],[[-47.799778,-22.821128],[-47.799778,-22.821128]],[[-47.747629,-22.822015],[-47.747629,-22.822015]],[[-48.02367,-22.817001],[-48.02367,-22.817001]],[[-47.730563,-22.82229],[-47.728562,-22.821353],[-47.727261,-22.821894]],[[-47.732328,-22.822255],[-47.732337,-22.821805]],[[-47.710204,-22.822623],[-47.710204,-22.822623]],[[-47.710214,-22.822611],[-47.711996,-22.821157]],[[-47.860546,-22.819943],[-47.860109,-22.81816],[-47.862924,-22.815806]],[[-47.815111,-22.82064],[-47.815111,-22.82064]],[[-47.974281,-22.817734],[-47.978343,-22.814713]],[[-47.814966,-22.820623],[-47.811256,-22.819501],[-47.810362,-22.817864]],[[-47.760192,-22.821576],[-47.758005,-22.821146]],[[-47.895202,-22.819138],[-47.897652,-22.817047]],[[-47.957232,-22.817986],[-47.959829,-22.818109]],[[-47.991814,-22.817332],[-47.991054,-22.816228]],[[-47.827813,-22.820327],[-47.827681,-22.821026]],[[-47.7972,-22.820806],[-47.7972,-22.820806]],[[-47.947679,-22.818077],[-47.947679,-22.818078]],[[-47.947679,-22.818077],[-47.947679,-22.818077]],[[-47.957055,-22.817886],[-47.957055,-22.817886]],[[-47.842691,-22.819967],[-47.842693,-22.819968]],[[-47.842691,-22.819967],[-47.842691,-22.819967]],[[-47.94766,-22.818031],[-47.945582,-22.819198],[-47.9442,-22.818817]],[[-47.758098,-22.821425],[-47.760511,-22.825097],[-47.759816,-22.828025]],[[-47.747936,-22.821596],[-47.747991,-22.82173]],[[-47.942307,-22.818097],[-47.944489,-22.819181],[-47.944385,-22.823128]],[[-47.960704,-22.817747],[-47.959805,-22.818127],[-47.96064,-22.81894],[-47.960704,-22.817747]],[[-47.727261,-22.821894],[-47.727256,-22.821899]],[[-47.727261,-22.821894],[-47.72952,-22.824957],[-47.72885,-22.823968]],[[-47.732337,-22.821805],[-47.732337,-22.821805]],[[-47.732337,-22.821805],[-47.733097,-22.819941],[-47.735391,-22.818618]],[[-47.908658,-22.818656],[-47.908657,-22.818657]],[[-47.908658,-22.818656],[-47.902044,-22.818953],[-47.899488,-22.816913],[-47.897652,-22.817047]],[[-47.960798,-22.817668],[-47.961821,-22.816074]],[[-47.717678,-22.821978],[-47.716996,-22.822226]],[[-47.797024,-22.820581],[-47.797024,-22.820581]],[[-47.831858,-22.819965],[-47.831861,-22.819964]],[[-47.831858,-22.819965],[-47.83137,-22.819502],[-47.831858,-22.819965]],[[-47.995675,-22.816965],[-47.997237,-22.820356]],[[-47.987834,-22.817076],[-47.987263,-22.817747],[-47.988153,-22.818433]],[[-47.758005,-22.821146],[-47.758805,-22.823527],[-47.75822,-22.824128],[-47.758572,-22.823326]],[[-47.828019,-22.819895],[-47.828019,-22.819895]],[[-47.78737,-22.820591],[-47.787657,-22.822808]],[[-47.74461,-22.82131],[-47.744604,-22.820442]],[[-47.835511,-22.819713],[-47.831991,-22.814514],[-47.833168,-22.815741]],[[-47.691746,-22.822204],[-47.69124,-22.822566],[-47.691746,-22.822204]],[[-47.753443,-22.821139],[-47.754,-22.820043]],[[-47.787128,-22.820472],[-47.787128,-22.820472]],[[-47.859897,-22.819154],[-47.857997,-22.817434],[-47.857504,-22.818302],[-47.854861,-22.818424],[-47.856276,-22.815187],[-47.855235,-22.814989]],[[-47.941241,-22.81767],[-47.939724,-22.817669]],[[-47.778855,-22.820585],[-47.777896,-22.817595]],[[-47.770275,-22.82071],[-47.772114,-22.819145]],[[-47.939724,-22.817669],[-47.936423,-22.820103],[-47.933184,-22.819611],[-47.93057,-22.820569]],[[-47.939724,-22.817669],[-47.939719,-22.81767]],[[-47.797086,-22.820192],[-47.797086,-22.820192]],[[-47.797086,-22.820192],[-47.797086,-22.820192]],[[-47.984031,-22.816781],[-47.985576,-22.818199]],[[-47.880551,-22.818676],[-47.881915,-22.817519],[-47.882181,-22.815163]],[[-47.875419,-22.818761],[-47.878239,-22.818989],[-47.879202,-22.820058]],[[-47.83133,-22.819519],[-47.831004,-22.817756]],[[-47.941547,-22.817518],[-47.942297,-22.818091],[-47.941547,-22.817518]],[[-47.727234,-22.821326],[-47.727261,-22.821894]],[[-47.727234,-22.821326],[-47.727222,-22.821325]],[[-47.838145,-22.819387],[-47.839903,-22.818539],[-47.842691,-22.819967]],[[-47.924596,-22.817779],[-47.924036,-22.816748],[-47.919005,-22.816028]],[[-47.834259,-22.819402],[-47.834259,-22.819402]],[[-47.715481,-22.821442],[-47.715481,-22.821442]],[[-47.992923,-22.816438],[-47.987755,-22.816103]],[[-47.728201,-22.821174],[-47.727234,-22.821326]],[[-47.728201,-22.821174],[-47.728201,-22.821174]],[[-48.009265,-22.816072],[-48.008986,-22.820952]],[[-47.747464,-22.820768],[-47.747975,-22.8216],[-47.747464,-22.820768]],[[-47.747464,-22.820768],[-47.747464,-22.820767]],[[-47.954316,-22.817013],[-47.954944,-22.815692]],[[-47.719987,-22.821179],[-47.720035,-22.824203],[-47.718322,-22.82519],[-47.717683,-22.826841]],[[-47.954213,-22.816993],[-47.954213,-22.816993]],[[-47.802696,-22.81969],[-47.802,-22.821636]],[[-47.742727,-22.820727],[-47.738547,-22.819184]],[[-47.953064,-22.816935],[-47.953788,-22.815646]],[[-47.805962,-22.819585],[-47.806741,-22.821326]],[[-47.737974,-22.820726],[-47.739589,-22.820146]],[[-47.711996,-22.821159],[-47.711996,-22.821157]],[[-47.711996,-22.821157],[-47.71093,-22.820698]],[[-47.711996,-22.821157],[-47.713444,-22.819993]],[[-47.796748,-22.819632],[-47.796748,-22.819632]],[[-47.987755,-22.816103],[-47.987878,-22.816758]],[[-47.767683,-22.819938],[-47.767594,-22.817368],[-47.769206,-22.815061],[-47.771968,-22.81238],[-47.773281,-22.812361]],[[-47.9253,-22.81705],[-47.924855,-22.818295]],[[-47.724181,-22.820618],[-47.727234,-22.821326]],[[-47.746025,-22.820242],[-47.746025,-22.820242]],[[-48.0224,-22.815233],[-48.0224,-22.815233]],[[-47.747222,-22.820184],[-47.747464,-22.820768]],[[-47.780159,-22.819608],[-47.777896,-22.817595]],[[-47.744423,-22.820179],[-47.744423,-22.820178]],[[-47.744423,-22.820178],[-47.744423,-22.820178]],[[-47.744423,-22.820178],[-47.744495,-22.81997]],[[-47.917912,-22.817072],[-47.914797,-22.820283],[-47.910899,-22.820827]],[[-47.805778,-22.819076],[-47.805822,-22.81986],[-47.805778,-22.819076]],[[-47.949966,-22.81647],[-47.947679,-22.818077]],[[-47.719638,-22.820543],[-47.717718,-22.821912]],[[-47.805775,-22.819034],[-47.805315,-22.817805]],[[-47.780833,-22.819471],[-47.779709,-22.81675],[-47.777728,-22.815154]],[[-48.010554,-22.815278],[-48.009404,-22.817109]],[[-47.754156,-22.819906],[-47.754156,-22.819906]],[[-47.754161,-22.819904],[-47.755375,-22.819319],[-47.754516,-22.818675]],[[-48.004093,-22.815373],[-48.009265,-22.816072]],[[-47.802557,-22.819044],[-47.802744,-22.819695],[-47.802557,-22.819044]],[[-47.802697,-22.819032],[-47.803171,-22.817371]],[[-47.798309,-22.819096],[-47.798309,-22.819096]],[[-47.939044,-22.816545],[-47.939444,-22.817763]],[[-48.022941,-22.814968],[-48.022941,-22.814968]],[[-47.747054,-22.819964],[-47.747082,-22.819982]],[[-47.747054,-22.819964],[-47.747111,-22.81951]],[[-47.747052,-22.819962],[-47.747054,-22.819964]],[[-47.826594,-22.818555],[-47.826594,-22.818555]],[[-47.745799,-22.819955],[-47.74383,-22.819724],[-47.742477,-22.821405]],[[-47.961821,-22.816074],[-47.961823,-22.816067]],[[-47.961821,-22.816074],[-47.96315,-22.815653]],[[-47.826715,-22.818523],[-47.827467,-22.8184]],[[-47.823309,-22.818521],[-47.823309,-22.818521]],[[-47.763985,-22.819562],[-47.760238,-22.821461]],[[-47.823425,-22.818504],[-47.824102,-22.818732]],[[-47.827467,-22.8184],[-47.831085,-22.814432]],[[-47.741819,-22.81989],[-47.742749,-22.820589]],[[-47.925131,-22.816582],[-47.924648,-22.814191],[-47.925413,-22.813127],[-47.930833,-22.811644]],[[-47.897652,-22.817047],[-47.897657,-22.817048]],[[-47.897652,-22.817047],[-47.894934,-22.815839],[-47.893978,-22.812471]],[[-47.945098,-22.816121],[-47.939946,-22.814956]],[[-47.755569,-22.819509],[-47.755777,-22.819172]],[[-47.822986,-22.818295],[-47.820867,-22.818551]],[[-47.853306,-22.817704],[-47.853298,-22.817705]],[[-47.853306,-22.817704],[-47.853306,-22.817704]],[[-47.757195,-22.819386],[-47.756088,-22.819338]],[[-47.96315,-22.815653],[-47.963168,-22.815664]],[[-47.96315,-22.815653],[-47.964096,-22.81529]],[[-47.85348,-22.817647],[-47.854788,-22.81721]],[[-47.756141,-22.819342],[-47.758005,-22.821146]],[[-47.747073,-22.819469],[-47.747054,-22.819964]],[[-47.72918,-22.819748],[-47.728201,-22.821174]],[[-47.868933,-22.817289],[-47.866709,-22.822094]],[[-47.713444,-22.819993],[-47.714581,-22.818809]],[[-47.945169,-22.815846],[-47.945169,-22.815846]],[[-47.757703,-22.819179],[-47.757258,-22.819321]],[[-47.953788,-22.815646],[-47.956005,-22.814706]],[[-47.755807,-22.819092],[-47.755184,-22.817964]],[[-47.752489,-22.819122],[-47.754143,-22.818498]],[[-47.741692,-22.819288],[-47.742007,-22.819819],[-47.741692,-22.819288]],[[-47.964214,-22.8153],[-47.964427,-22.815325]],[[-47.758541,-22.818976],[-47.757712,-22.819179],[-47.758541,-22.818976]],[[-47.830979,-22.817648],[-47.830723,-22.815479],[-47.829984,-22.816729],[-47.830706,-22.817142]],[[-47.919005,-22.816028],[-47.918194,-22.816751]],[[-47.919005,-22.816028],[-47.91901,-22.816023]],[[-47.790696,-22.81828],[-47.790696,-22.81828]],[[-47.769588,-22.818635],[-47.772585,-22.814055]],[[-47.958999,-22.81522],[-47.961821,-22.816074]],[[-47.958999,-22.81522],[-47.959,-22.815222]],[[-47.96448,-22.815108],[-47.966747,-22.813314]],[[-47.810362,-22.817864],[-47.812025,-22.824837]],[[-47.810362,-22.817864],[-47.811248,-22.812973]],[[-47.707976,-22.819627],[-47.708544,-22.818815]],[[-47.712767,-22.819546],[-47.713444,-22.819993]],[[-47.810372,-22.817838],[-47.810362,-22.817864]],[[-47.805062,-22.817863],[-47.805187,-22.817795]],[[-47.746588,-22.818878],[-47.745861,-22.819974]],[[-47.951526,-22.8152],[-47.953788,-22.815646]],[[-47.754516,-22.818675],[-47.754516,-22.818676]],[[-47.754516,-22.818675],[-47.754516,-22.818675]],[[-47.81567,-22.817606],[-47.81571,-22.817832]],[[-47.997581,-22.81427],[-47.997692,-22.813458]],[[-47.999503,-22.814111],[-47.999316,-22.812485]],[[-47.782106,-22.818024],[-47.77996,-22.817204]],[[-47.795232,-22.817774],[-47.795232,-22.817774]],[[-47.763073,-22.818317],[-47.762035,-22.820295]],[[-47.985547,-22.814284],[-47.984,-22.816109]],[[-47.815556,-22.817375],[-47.815556,-22.817375]],[[-47.773104,-22.818086],[-47.774004,-22.819839],[-47.773539,-22.821695]],[[-47.751899,-22.818445],[-47.752833,-22.817623],[-47.754104,-22.818124]],[[-47.876727,-22.816208],[-47.877891,-22.817401],[-47.87774,-22.818915]],[[-47.795402,-22.817645],[-47.795402,-22.817645]],[[-47.735391,-22.818618],[-47.735577,-22.818504]],[[-47.983181,-22.814162],[-47.984237,-22.815853]],[[-47.939946,-22.814956],[-47.939724,-22.817669]],[[-47.939946,-22.814956],[-47.939945,-22.814956]],[[-47.803171,-22.817371],[-47.80317,-22.817371]],[[-47.805415,-22.817317],[-47.805415,-22.817317]],[[-47.916512,-22.815309],[-47.919005,-22.816028]],[[-47.972819,-22.814268],[-47.972822,-22.814261]],[[-47.972819,-22.814268],[-47.978354,-22.814708],[-47.978751,-22.813865]],[[-47.739951,-22.818442],[-47.741648,-22.819314]],[[-47.760948,-22.818072],[-47.761916,-22.817603]],[[-47.735571,-22.818507],[-47.735577,-22.818504]],[[-47.735577,-22.818504],[-47.735391,-22.818618]],[[-47.735577,-22.818504],[-47.735631,-22.818444]],[[-47.722207,-22.818718],[-47.722294,-22.818622]],[[-47.714664,-22.818812],[-47.715136,-22.818377]],[[-47.714587,-22.818785],[-47.714587,-22.818785]],[[-47.722294,-22.818622],[-47.719572,-22.820261],[-47.721113,-22.822273],[-47.720451,-22.825395],[-47.722227,-22.82954]],[[-47.722294,-22.818622],[-47.722429,-22.818553]],[[-47.740671,-22.81829],[-47.74125,-22.819026]],[[-47.838111,-22.816573],[-47.838111,-22.816573]],[[-47.838128,-22.816553],[-47.84157,-22.812336]],[[-47.949221,-22.814534],[-47.946685,-22.810289]],[[-47.750738,-22.818075],[-47.750738,-22.818075]],[[-47.777896,-22.817595],[-47.77789,-22.817587]],[[-47.777896,-22.817595],[-47.777184,-22.816379]],[[-47.722429,-22.818553],[-47.722294,-22.818622]],[[-47.722429,-22.818553],[-47.723277,-22.817887]],[[-47.750522,-22.818063],[-47.749279,-22.818686],[-47.748102,-22.81749]],[[-47.73134,-22.818383],[-47.731553,-22.817616]],[[-47.735736,-22.818238],[-47.735802,-22.818067]],[[-47.978877,-22.813827],[-47.97947,-22.813596]],[[-47.755151,-22.817835],[-47.753785,-22.817382],[-47.754156,-22.816312]],[[-47.670251,-22.819272],[-47.67124,-22.818097],[-47.669872,-22.817968],[-47.669583,-22.819271]],[[-47.706702,-22.818628],[-47.707199,-22.818684]],[[-47.903239,-22.815165],[-47.902497,-22.817201],[-47.903439,-22.818414]],[[-47.903239,-22.815165],[-47.903237,-22.815167]],[[-48.002629,-22.813319],[-48.003425,-22.811231]],[[-47.958264,-22.814128],[-47.958999,-22.81522]],[[-47.958264,-22.814128],[-47.958264,-22.814131]],[[-47.980487,-22.813708],[-47.982396,-22.815673],[-47.983732,-22.815554],[-47.983961,-22.816717]],[[-47.980487,-22.813708],[-47.980482,-22.813709]],[[-47.706654,-22.818577],[-47.706654,-22.818577]],[[-47.708699,-22.818531],[-47.709545,-22.815989]],[[-47.804158,-22.81682],[-47.803171,-22.817371]],[[-48.009161,-22.813062],[-48.009265,-22.816072]],[[-47.945821,-22.814243],[-47.942787,-22.812716]],[[-47.994194,-22.813296],[-47.992114,-22.812304]],[[-47.735896,-22.817942],[-47.736262,-22.817504]],[[-47.950467,-22.814099],[-47.949817,-22.81088]],[[-47.756546,-22.817568],[-47.756546,-22.817568]],[[-47.73093,-22.817992],[-47.731553,-22.817616]],[[-47.996819,-22.813196],[-47.999316,-22.812485]],[[-47.715454,-22.818239],[-47.716506,-22.814294],[-47.718087,-22.812416]],[[-47.715398,-22.818233],[-47.715398,-22.818233]],[[-47.824137,-22.816337],[-47.821356,-22.816041],[-47.820429,-22.81503]],[[-47.754198,-22.817553],[-47.754198,-22.817553]],[[-47.824204,-22.816279],[-47.824204,-22.816279]],[[-47.795236,-22.81676],[-47.795236,-22.81676]],[[-47.685899,-22.818638],[-47.68373,-22.812622],[-47.678814,-22.808186]],[[-47.685907,-22.818637],[-47.685907,-22.818633]],[[-47.685907,-22.818633],[-47.685911,-22.818625]],[[-47.685907,-22.818633],[-47.683747,-22.81262],[-47.67883,-22.808173]],[[-47.708122,-22.818253],[-47.707199,-22.818683]],[[-47.86045,-22.815523],[-47.860145,-22.818094]],[[-47.686472,-22.818551],[-47.685923,-22.818783]],[[-47.753805,-22.8174],[-47.753971,-22.818522]],[[-47.774757,-22.817034],[-47.774089,-22.817216]],[[-47.686474,-22.818532],[-47.687983,-22.817141]],[[-47.686488,-22.81853],[-47.687985,-22.817159]],[[-47.723277,-22.817887],[-47.722429,-22.818553]],[[-47.723277,-22.817887],[-47.723404,-22.817799]],[[-47.708576,-22.818081],[-47.708437,-22.817964]],[[-47.968024,-22.81345],[-47.972819,-22.814268]],[[-47.968024,-22.81345],[-47.968023,-22.813458]],[[-47.723404,-22.817799],[-47.723277,-22.817887]],[[-47.723404,-22.817799],[-47.723535,-22.817634]],[[-47.882207,-22.815],[-47.882181,-22.811958],[-47.883232,-22.80994],[-47.886996,-22.809326],[-47.890698,-22.812129]],[[-47.952692,-22.813702],[-47.954749,-22.813216],[-47.95622,-22.815136],[-47.958999,-22.81522]],[[-47.794695,-22.816549],[-47.794695,-22.816549]],[[-47.787116,-22.816681],[-47.787143,-22.81707]],[[-47.731553,-22.817616],[-47.733704,-22.813036]],[[-48.013008,-22.812489],[-48.013004,-22.812486]],[[-48.013004,-22.812486],[-48.013004,-22.812486]],[[-48.013004,-22.812486],[-48.011106,-22.812911]],[[-47.967797,-22.813327],[-47.968024,-22.81345]],[[-47.803653,-22.81628],[-47.804236,-22.816311]],[[-47.967089,-22.813309],[-47.967091,-22.813323]],[[-47.967089,-22.813309],[-47.967505,-22.813204]],[[-47.967036,-22.813305],[-47.967089,-22.813309]],[[-47.724169,-22.817627],[-47.725775,-22.817279]],[[-47.723535,-22.817634],[-47.723404,-22.817799]],[[-47.723535,-22.817634],[-47.72358,-22.817563]],[[-47.798403,-22.816298],[-47.798081,-22.816712]],[[-47.833242,-22.815664],[-47.836028,-22.81563]],[[-47.842162,-22.815502],[-47.844573,-22.814889]],[[-47.757619,-22.816981],[-47.757619,-22.816981]],[[-47.72358,-22.817563],[-47.723535,-22.817634]],[[-47.72358,-22.817563],[-47.723674,-22.817473]],[[-47.967505,-22.813204],[-47.967505,-22.813204]],[[-47.792536,-22.816356],[-47.791263,-22.818208]],[[-47.773552,-22.816659],[-47.774183,-22.817396]],[[-47.798639,-22.816215],[-47.798639,-22.816215]],[[-47.742863,-22.817132],[-47.742863,-22.817132]],[[-47.787213,-22.816349],[-47.787213,-22.816349]],[[-47.999316,-22.812485],[-47.999317,-22.812484]],[[-47.999316,-22.812485],[-48.002876,-22.811326]],[[-47.847147,-22.815276],[-47.845066,-22.818753],[-47.843175,-22.820029]],[[-47.741615,-22.817074],[-47.741615,-22.817074]],[[-47.855619,-22.815039],[-47.855184,-22.815073]],[[-47.961174,-22.8131],[-47.96315,-22.815653]],[[-47.723386,-22.817325],[-47.72358,-22.817563]],[[-47.830706,-22.815451],[-47.830525,-22.815029]],[[-47.761598,-22.816622],[-47.760702,-22.817737],[-47.761076,-22.820587]],[[-47.855221,-22.814952],[-47.854515,-22.814639],[-47.855086,-22.813166],[-47.858137,-22.81007]],[[-47.689663,-22.817817],[-47.689667,-22.817813]],[[-47.689663,-22.817817],[-47.690819,-22.816673]],[[-48.031214,-22.81167],[-48.031683,-22.813462],[-48.033496,-22.813645],[-48.034349,-22.816382],[-48.035436,-22.816838],[-48.034368,-22.815982]],[[-48.031214,-22.81167],[-48.031977,-22.80959],[-48.03083,-22.80787]],[[-47.845293,-22.815071],[-47.848387,-22.814423]],[[-47.79261,-22.815943],[-47.79261,-22.815943]],[[-47.78631,-22.81604],[-47.787101,-22.816621]],[[-47.992116,-22.812304],[-47.992114,-22.812304]],[[-47.992114,-22.812304],[-47.992348,-22.81243]],[[-47.992114,-22.812304],[-47.99184,-22.812241]],[[-47.739857,-22.816843],[-47.740844,-22.816729]],[[-47.751946,-22.816617],[-47.753818,-22.81629]],[[-47.801315,-22.815756],[-47.798719,-22.816263]],[[-47.741204,-22.816794],[-47.741204,-22.816795]],[[-47.741204,-22.816794],[-47.741204,-22.816794]],[[-47.802984,-22.815692],[-47.803654,-22.81628]],[[-47.76164,-22.816381],[-47.76164,-22.816381]],[[-47.844573,-22.814889],[-47.844576,-22.814889]],[[-47.844573,-22.814889],[-47.84545,-22.814468],[-47.844573,-22.814889]],[[-47.821659,-22.815228],[-47.821659,-22.815228]],[[-47.887213,-22.814002],[-47.88722,-22.822141],[-47.885289,-22.823666]],[[-47.820311,-22.815191],[-47.820929,-22.821298]],[[-47.864884,-22.814359],[-47.869084,-22.817279],[-47.872076,-22.81105],[-47.873713,-22.810767]],[[-47.787696,-22.815724],[-47.787388,-22.816402],[-47.787696,-22.815724]],[[-47.754235,-22.816236],[-47.754271,-22.816189]],[[-47.795455,-22.815474],[-47.796615,-22.814352]],[[-47.738034,-22.816449],[-47.736223,-22.816116]],[[-47.754422,-22.816165],[-47.754951,-22.814408]],[[-47.750475,-22.816153],[-47.750475,-22.816153]],[[-47.688594,-22.817205],[-47.689663,-22.817817]],[[-47.832091,-22.814717],[-47.830958,-22.814316],[-47.830407,-22.811938]],[[-47.794741,-22.815373],[-47.794741,-22.815373]],[[-47.934294,-22.812845],[-47.932936,-22.812887]],[[-47.688043,-22.817167],[-47.688517,-22.817191]],[[-47.89706,-22.813497],[-47.898841,-22.814352],[-47.899327,-22.816848]],[[-47.688046,-22.817149],[-47.688043,-22.81715]],[[-47.994041,-22.811684],[-47.988981,-22.813]],[[-47.918301,-22.813088],[-47.923353,-22.811423],[-47.924714,-22.812461],[-47.924673,-22.813998]],[[-47.794809,-22.815295],[-47.794809,-22.815295]],[[-48.007167,-22.811402],[-48.009168,-22.813057]],[[-47.820157,-22.814819],[-47.820148,-22.81487]],[[-47.896834,-22.813384],[-47.896834,-22.813384]],[[-47.758781,-22.815787],[-47.759489,-22.81586]],[[-47.758689,-22.81573],[-47.758689,-22.81573]],[[-47.75868,-22.815725],[-47.756455,-22.814958]],[[-47.755178,-22.815776],[-47.755178,-22.815776]],[[-48.00294,-22.811296],[-48.003425,-22.811231]],[[-48.003425,-22.811231],[-48.003425,-22.811229]],[[-48.003425,-22.811231],[-48.005035,-22.810539]],[[-47.799578,-22.814886],[-47.802987,-22.815694]],[[-48.006652,-22.811063],[-48.006652,-22.811065]],[[-48.006652,-22.811063],[-48.006652,-22.811063]],[[-47.735983,-22.815926],[-47.735983,-22.815926]],[[-47.690819,-22.816673],[-47.690815,-22.816674]],[[-47.690819,-22.816673],[-47.689418,-22.816209],[-47.689663,-22.817817]],[[-47.814668,-22.814503],[-47.815556,-22.817375]],[[-47.743378,-22.815733],[-47.74199,-22.81574],[-47.741204,-22.816794]],[[-47.793213,-22.81486],[-47.792548,-22.815936]],[[-47.764859,-22.815134],[-47.77017,-22.814125]],[[-47.958899,-22.811646],[-47.958264,-22.814128]],[[-47.967356,-22.811399],[-47.967089,-22.813309]],[[-47.709545,-22.815989],[-47.707371,-22.816436],[-47.705928,-22.818226]],[[-47.775747,-22.814832],[-47.777765,-22.812308]],[[-47.996443,-22.810826],[-47.996157,-22.80998]],[[-47.710485,-22.815907],[-47.709545,-22.815989]],[[-47.796736,-22.814411],[-47.79804,-22.813928]],[[-47.757418,-22.815074],[-47.757926,-22.814677]],[[-48.006133,-22.810566],[-48.006133,-22.810572]],[[-48.006133,-22.810566],[-48.006652,-22.811063]],[[-47.961043,-22.811395],[-47.963606,-22.811126]],[[-47.836442,-22.813633],[-47.83643,-22.813489]],[[-47.75588,-22.814992],[-47.75588,-22.814992]],[[-48.005127,-22.810479],[-48.006133,-22.810566]],[[-47.762746,-22.814847],[-47.764462,-22.815137]],[[-47.756327,-22.814952],[-47.754957,-22.814405],[-47.754938,-22.813385]],[[-47.853579,-22.813218],[-47.853579,-22.813218]],[[-47.85352,-22.813204],[-47.852181,-22.812413]],[[-47.937513,-22.811644],[-47.939946,-22.814956]],[[-47.937513,-22.811644],[-47.937512,-22.81165]],[[-47.968973,-22.81103],[-47.968024,-22.81345]],[[-47.956995,-22.81124],[-47.958264,-22.814128]],[[-47.814593,-22.813815],[-47.813962,-22.814116],[-47.814671,-22.814505],[-47.814593,-22.813815]],[[-47.787022,-22.814244],[-47.786073,-22.81436],[-47.787022,-22.814244]],[[-47.735378,-22.815128],[-47.736314,-22.817244],[-47.734627,-22.822303]],[[-47.74042,-22.815029],[-47.73907,-22.815129]],[[-47.836586,-22.813342],[-47.836487,-22.812473]],[[-47.85529,-22.812989],[-47.854715,-22.812946]],[[-47.855286,-22.812989],[-47.854454,-22.81453],[-47.855181,-22.81507]],[[-47.795171,-22.814042],[-47.795171,-22.814042]],[[-47.854684,-22.81297],[-47.853673,-22.813248]],[[-47.691837,-22.815794],[-47.690819,-22.816673]],[[-47.798216,-22.813956],[-47.79958,-22.814891]],[[-47.897997,-22.81217],[-47.898575,-22.814015]],[[-47.855335,-22.812933],[-47.85469,-22.812946]],[[-47.931897,-22.811525],[-47.931897,-22.811525]],[[-47.740623,-22.814909],[-47.7456,-22.81593],[-47.748619,-22.815109]],[[-47.691904,-22.815726],[-47.691904,-22.815726]],[[-47.740558,-22.814893],[-47.740558,-22.814893]],[[-47.954189,-22.811065],[-47.954887,-22.813289]],[[-47.790487,-22.81401],[-47.78774,-22.815743]],[[-47.994936,-22.810273],[-47.996149,-22.809979],[-47.997419,-22.807762]],[[-47.994871,-22.81027],[-47.994871,-22.81027]],[[-47.774202,-22.81426],[-47.774232,-22.811581]],[[-47.738659,-22.814871],[-47.738659,-22.814871]],[[-47.691977,-22.815649],[-47.691904,-22.815726]],[[-47.691977,-22.815649],[-47.692033,-22.815576]],[[-47.729132,-22.815004],[-47.72856,-22.814078]],[[-47.809967,-22.813585],[-47.804628,-22.815787],[-47.804219,-22.817715],[-47.805038,-22.817852]],[[-47.820521,-22.813363],[-47.819606,-22.813397],[-47.820127,-22.814797],[-47.820521,-22.813363]],[[-47.692033,-22.815576],[-47.691977,-22.815649]],[[-47.790433,-22.813881],[-47.79068,-22.812761]],[[-48.029996,-22.809472],[-48.029996,-22.809472]],[[-47.863983,-22.812543],[-47.863138,-22.811307]],[[-47.864032,-22.812539],[-47.864032,-22.812539]],[[-47.98532,-22.810266],[-47.985903,-22.810238]],[[-47.8103,-22.813449],[-47.810106,-22.813508]],[[-47.998821,-22.809988],[-47.999437,-22.808754]],[[-47.814604,-22.81334],[-47.814133,-22.812501],[-47.815995,-22.809986],[-47.818617,-22.809781]],[[-47.923347,-22.811371],[-47.920452,-22.807354],[-47.920624,-22.805935]],[[-47.792835,-22.81371],[-47.792835,-22.81371]],[[-47.985067,-22.810222],[-47.983886,-22.809827]],[[-47.906999,-22.811637],[-47.908563,-22.814676],[-47.908658,-22.818656]],[[-47.692196,-22.815406],[-47.692033,-22.815576]],[[-47.692196,-22.815406],[-47.6924,-22.815204]],[[-47.793821,-22.813624],[-47.793213,-22.814757]],[[-47.985206,-22.810151],[-47.985206,-22.810151]],[[-47.932189,-22.811132],[-47.932189,-22.811132]],[[-47.742628,-22.814486],[-47.742628,-22.814486]],[[-47.820626,-22.813087],[-47.819961,-22.809846],[-47.818621,-22.809781]],[[-47.780579,-22.813777],[-47.780685,-22.812994]],[[-48.030194,-22.809177],[-48.030194,-22.809177]],[[-47.813074,-22.813145],[-47.814088,-22.812781]],[[-47.811646,-22.813169],[-47.811248,-22.812973]],[[-47.785441,-22.813628],[-47.785441,-22.813628]],[[-47.847,-22.812533],[-47.848601,-22.814448],[-47.852181,-22.812413]],[[-47.703901,-22.81501],[-47.705111,-22.813555]],[[-47.933488,-22.81094],[-47.931747,-22.816178],[-47.931738,-22.819598],[-47.93057,-22.820569]],[[-47.820359,-22.812981],[-47.820359,-22.812981]],[[-47.852181,-22.812413],[-47.852309,-22.812491]],[[-47.852181,-22.812413],[-47.852192,-22.812405]],[[-47.692391,-22.815193],[-47.692196,-22.815406]],[[-47.851952,-22.812415],[-47.853785,-22.809933],[-47.851934,-22.807469],[-47.852209,-22.805916],[-47.849293,-22.807387],[-47.848241,-22.80448],[-47.846131,-22.804342]],[[-47.900258,-22.811542],[-47.900731,-22.813273],[-47.903239,-22.815165]],[[-47.727966,-22.81456],[-47.72856,-22.814078]],[[-48.008746,-22.809483],[-48.007369,-22.809808],[-48.006796,-22.811128]],[[-47.860489,-22.812205],[-47.858835,-22.80956]],[[-47.824684,-22.81282],[-47.824319,-22.811261]],[[-47.86993,-22.811993],[-47.870632,-22.813409],[-47.871347,-22.813052]],[[-47.86993,-22.811993],[-47.869928,-22.811994]],[[-47.86993,-22.811993],[-47.872081,-22.805279]],[[-47.952325,-22.810469],[-47.948875,-22.810957],[-47.946769,-22.810254]],[[-47.749094,-22.814096],[-47.746936,-22.819377]],[[-47.812473,-22.812963],[-47.811597,-22.813203],[-47.813096,-22.813134],[-47.812473,-22.812963]],[[-47.973291,-22.810038],[-47.97384,-22.809934]],[[-47.811248,-22.812973],[-47.810462,-22.813418]],[[-47.734532,-22.814298],[-47.735211,-22.814895]],[[-47.734532,-22.814298],[-47.73453,-22.814301]],[[-48.008976,-22.809347],[-48.008976,-22.809346]],[[-48.008976,-22.809347],[-48.008976,-22.809347]],[[-47.793117,-22.81325],[-47.796601,-22.814347]],[[-47.863385,-22.811966],[-47.863385,-22.811966]],[[-47.753869,-22.813889],[-47.753869,-22.813889]],[[-47.841567,-22.812338],[-47.84157,-22.812336]],[[-47.84157,-22.812336],[-47.84113,-22.812796]],[[-47.84157,-22.812336],[-47.841754,-22.81183]],[[-47.781757,-22.813378],[-47.782833,-22.814097]],[[-47.781757,-22.813378],[-47.782974,-22.816418],[-47.78424,-22.816941]],[[-47.781743,-22.81337],[-47.781757,-22.813378]],[[-47.734771,-22.814128],[-47.734532,-22.814298]],[[-47.974013,-22.809829],[-47.976771,-22.809011]],[[-48.024849,-22.808856],[-48.02485,-22.808855]],[[-48.024849,-22.808856],[-48.025225,-22.808278],[-48.024849,-22.808856]],[[-47.905071,-22.811062],[-47.903239,-22.815165]],[[-47.95872,-22.810044],[-47.958796,-22.809063]],[[-47.991898,-22.809403],[-47.990672,-22.809639]],[[-47.961472,-22.809928],[-47.962738,-22.809819]],[[-47.72856,-22.814078],[-47.728558,-22.814067]],[[-47.72856,-22.814078],[-47.731004,-22.81002]],[[-48.013461,-22.808934],[-48.011185,-22.811528],[-48.010711,-22.815031]],[[-47.863716,-22.811694],[-47.863716,-22.811694]],[[-47.795689,-22.812902],[-47.795689,-22.812902]],[[-47.843843,-22.812027],[-47.843103,-22.810304]],[[-47.93484,-22.810352],[-47.937513,-22.811644]],[[-47.955224,-22.809968],[-47.958796,-22.809063]],[[-47.790067,-22.812911],[-47.792608,-22.812563]],[[-48.004826,-22.808996],[-48.006133,-22.810566]],[[-47.829094,-22.812213],[-47.830407,-22.811938]],[[-47.827941,-22.812195],[-47.828632,-22.812054]],[[-47.783858,-22.81295],[-47.783676,-22.812404]],[[-47.836766,-22.812013],[-47.836118,-22.810135],[-47.83706,-22.805567]],[[-47.780685,-22.812994],[-47.780685,-22.812989]],[[-47.780685,-22.812994],[-47.781757,-22.813378]],[[-47.833672,-22.812047],[-47.831907,-22.811623]],[[-47.671727,-22.814837],[-47.670222,-22.814627],[-47.670376,-22.817867],[-47.672041,-22.817161],[-47.671727,-22.814837]],[[-47.841419,-22.811884],[-47.841419,-22.811884]],[[-47.841498,-22.811868],[-47.841754,-22.81183]],[[-47.754938,-22.813385],[-47.754939,-22.813384]],[[-47.754938,-22.813385],[-47.754938,-22.813385]],[[-48.025741,-22.808467],[-48.028684,-22.808032],[-48.03156,-22.809358]],[[-47.841754,-22.81183],[-47.841759,-22.811834]],[[-47.841754,-22.81183],[-47.844064,-22.809009]],[[-47.758302,-22.813292],[-47.757964,-22.813935],[-47.758302,-22.813292]],[[-47.735156,-22.813646],[-47.734594,-22.81394],[-47.735156,-22.813646]],[[-47.711687,-22.814024],[-47.710252,-22.817773]],[[-47.830407,-22.811938],[-47.830979,-22.811579],[-47.83033,-22.812838]],[[-47.929022,-22.810105],[-47.927413,-22.812144]],[[-47.790037,-22.812586],[-47.790037,-22.812586]],[[-47.784041,-22.812675],[-47.783866,-22.812366]],[[-47.754804,-22.813181],[-47.754648,-22.810035],[-47.753242,-22.806892]],[[-47.786188,-22.81263],[-47.786188,-22.81263]],[[-48.025197,-22.808269],[-48.02539,-22.808303]],[[-47.743122,-22.813376],[-47.748548,-22.812189]],[[-47.784428,-22.812653],[-47.784315,-22.812585]],[[-47.831436,-22.811819],[-47.831019,-22.811813]],[[-47.756931,-22.813104],[-47.757653,-22.812783]],[[-47.991746,-22.808857],[-47.98887,-22.80976],[-47.988948,-22.810878]],[[-47.937517,-22.809864],[-47.937513,-22.811644]],[[-47.839171,-22.81163],[-47.841285,-22.811946]],[[-47.781495,-22.812647],[-47.77978,-22.811785]],[[-47.863089,-22.811194],[-47.863089,-22.811194]],[[-47.863054,-22.811188],[-47.862987,-22.811081]],[[-47.828785,-22.811774],[-47.828785,-22.811774]],[[-47.969069,-22.809219],[-47.969069,-22.809219]],[[-47.788666,-22.812469],[-47.789466,-22.812648]],[[-47.754763,-22.813058],[-47.757974,-22.813405]],[[-47.963555,-22.809296],[-47.963383,-22.810369]],[[-47.969033,-22.809193],[-47.97106,-22.805657]],[[-47.787836,-22.812461],[-47.787179,-22.812282]],[[-47.927809,-22.809949],[-47.928278,-22.810879]],[[-47.787847,-22.812455],[-47.78862,-22.812274],[-47.787847,-22.812455]],[[-48.011958,-22.808336],[-48.009782,-22.808433]],[[-47.966372,-22.80914],[-47.965003,-22.812081],[-47.966706,-22.813241]],[[-47.963709,-22.809182],[-47.963709,-22.809182]],[[-47.831,-22.811582],[-47.830085,-22.808755],[-47.831159,-22.80483],[-47.830581,-22.803739]],[[-47.786791,-22.812341],[-47.786947,-22.812332]],[[-47.784235,-22.812385],[-47.784235,-22.812385]],[[-47.907953,-22.810172],[-47.908971,-22.809547]],[[-47.999529,-22.808431],[-48.000843,-22.806404],[-48.004476,-22.807987],[-48.004114,-22.805512],[-48.004229,-22.807309]],[[-47.962307,-22.809127],[-47.965008,-22.812068]],[[-47.862949,-22.810939],[-47.862949,-22.810939]],[[-47.873702,-22.810719],[-47.876333,-22.809168],[-47.880106,-22.802604],[-47.878517,-22.800361]],[[-47.73659,-22.813086],[-47.736206,-22.813237]],[[-47.749309,-22.812867],[-47.749086,-22.814092],[-47.749201,-22.813494]],[[-47.706248,-22.813592],[-47.701918,-22.812958]],[[-47.958796,-22.809063],[-47.958797,-22.809064]],[[-47.958796,-22.809063],[-47.958862,-22.809504]],[[-48.019992,-22.807863],[-48.02161,-22.808934],[-48.024849,-22.808856]],[[-47.896022,-22.810152],[-47.895715,-22.810997]],[[-47.958945,-22.808981],[-47.959605,-22.807734]],[[-47.685903,-22.813786],[-47.68602,-22.813644]],[[-47.953343,-22.809033],[-47.952201,-22.808004]],[[-47.783805,-22.812078],[-47.783805,-22.812078]],[[-47.685811,-22.813742],[-47.68558,-22.814299],[-47.685811,-22.813742]],[[-48.004491,-22.80803],[-48.004742,-22.808927]],[[-47.862907,-22.810626],[-47.862907,-22.810626]],[[-47.739421,-22.812768],[-47.739421,-22.812768]],[[-47.739881,-22.812687],[-47.739881,-22.812687]],[[-47.993645,-22.808085],[-47.995207,-22.806291]],[[-47.741282,-22.81261],[-47.740616,-22.813435]],[[-48.019275,-22.807477],[-48.019657,-22.807836]],[[-47.696537,-22.81325],[-47.692455,-22.815133]],[[-47.792241,-22.811592],[-47.793128,-22.81315]],[[-47.77978,-22.811785],[-47.780685,-22.812994]],[[-47.77978,-22.811785],[-47.778461,-22.809558],[-47.780164,-22.806844],[-47.778611,-22.805182]],[[-47.747111,-22.812346],[-47.745488,-22.811242],[-47.743487,-22.811638]],[[-47.770733,-22.811906],[-47.770734,-22.8119]],[[-47.770733,-22.811906],[-47.770733,-22.811906]],[[-47.982756,-22.80807],[-47.982278,-22.810078]],[[-47.770825,-22.811887],[-47.771856,-22.812648]],[[-47.823862,-22.810937],[-47.823385,-22.808839],[-47.821847,-22.807344]],[[-47.997497,-22.807751],[-47.998305,-22.806169],[-48.000635,-22.806652]],[[-47.883202,-22.809855],[-47.882728,-22.807952],[-47.883456,-22.806607]],[[-48.004865,-22.807603],[-48.006553,-22.806001]],[[-47.939933,-22.808776],[-47.943266,-22.812049]],[[-47.740581,-22.812305],[-47.739882,-22.812828]],[[-47.82432,-22.810825],[-47.82432,-22.810825]],[[-47.753871,-22.812058],[-47.753871,-22.812058]],[[-47.770258,-22.811766],[-47.770733,-22.811906]],[[-47.745715,-22.81218],[-47.745715,-22.81218]],[[-47.748614,-22.812112],[-47.748614,-22.812112]],[[-47.741376,-22.812204],[-47.742141,-22.811688]],[[-47.803738,-22.811109],[-47.80669,-22.814398]],[[-47.907367,-22.80923],[-47.911549,-22.809598],[-47.914834,-22.806171],[-47.91943,-22.804227],[-47.920611,-22.805916]],[[-47.721032,-22.812495],[-47.721032,-22.812495]],[[-47.858137,-22.81007],[-47.858129,-22.810086]],[[-47.858137,-22.81007],[-47.863242,-22.807106]],[[-48.00477,-22.807357],[-48.00477,-22.807357]],[[-48.00477,-22.807357],[-48.004771,-22.807357]],[[-47.741188,-22.812105],[-47.741296,-22.812365]],[[-47.748739,-22.811956],[-47.749237,-22.811705]],[[-47.721807,-22.812386],[-47.721162,-22.815513],[-47.725522,-22.81797]],[[-47.705666,-22.81265],[-47.706248,-22.813592]],[[-47.718087,-22.812416],[-47.718089,-22.812413]],[[-47.718087,-22.812416],[-47.714995,-22.812578],[-47.711853,-22.814069],[-47.708745,-22.813662],[-47.708025,-22.814414],[-47.706248,-22.813592]],[[-47.741276,-22.812015],[-47.741276,-22.812015]],[[-47.914826,-22.80886],[-47.913791,-22.807474]],[[-47.78894,-22.811111],[-47.78894,-22.811111]],[[-47.705687,-22.812535],[-47.705687,-22.812535]],[[-47.742704,-22.811895],[-47.742286,-22.812946]],[[-47.887008,-22.809332],[-47.887131,-22.809243]],[[-48.004303,-22.807144],[-48.00477,-22.807357]],[[-47.721966,-22.812217],[-47.72197,-22.812203]],[[-47.721966,-22.812217],[-47.721682,-22.811699]],[[-47.72197,-22.812203],[-47.721966,-22.812217]],[[-47.72197,-22.812203],[-47.721962,-22.812134]],[[-47.784085,-22.811112],[-47.782791,-22.810919]],[[-47.918552,-22.808677],[-47.920557,-22.807381]],[[-47.887131,-22.809243],[-47.887126,-22.809243]],[[-47.887131,-22.809243],[-47.887131,-22.809243]],[[-47.797302,-22.810833],[-47.79657,-22.813065],[-47.798206,-22.813954]],[[-47.721962,-22.812134],[-47.72197,-22.812203]],[[-47.721962,-22.812134],[-47.721795,-22.811799]],[[-48.020069,-22.806733],[-48.025702,-22.804542]],[[-47.930125,-22.808408],[-47.930119,-22.808405]],[[-47.930119,-22.808405],[-47.930119,-22.808405]],[[-47.930119,-22.808405],[-47.928919,-22.806063],[-47.928299,-22.806352],[-47.928954,-22.806457]],[[-47.887325,-22.809111],[-47.888398,-22.806493]],[[-47.742148,-22.811663],[-47.740475,-22.811934]],[[-47.782791,-22.810919],[-47.78368,-22.812105]],[[-47.782791,-22.810919],[-47.782789,-22.81092]],[[-47.732853,-22.811783],[-47.733863,-22.811549]],[[-47.753976,-22.811416],[-47.753976,-22.811416]],[[-47.976274,-22.807326],[-47.97673,-22.809004],[-47.978176,-22.809238],[-47.979313,-22.813579],[-47.980487,-22.813708]],[[-47.976274,-22.807326],[-47.976493,-22.806498],[-47.978858,-22.806172]],[[-47.957937,-22.807648],[-47.955269,-22.809273]],[[-47.989837,-22.806995],[-47.988293,-22.809516],[-47.988983,-22.812954],[-47.987787,-22.814085],[-47.987755,-22.816103]],[[-47.721795,-22.811799],[-47.721962,-22.812134]],[[-47.721795,-22.811799],[-47.721721,-22.811657]],[[-47.757353,-22.811185],[-47.757352,-22.810171]],[[-47.721418,-22.811787],[-47.721418,-22.811787]],[[-47.783445,-22.810689],[-47.782983,-22.810833]],[[-47.745698,-22.811343],[-47.743559,-22.810219]],[[-47.742993,-22.811352],[-47.742125,-22.811607],[-47.74339,-22.811934],[-47.742993,-22.811352]],[[-47.933568,-22.807953],[-47.933568,-22.807953]],[[-47.759498,-22.811044],[-47.760872,-22.811624]],[[-47.957893,-22.807451],[-47.957429,-22.806894]],[[-47.723354,-22.811632],[-47.723354,-22.811632]],[[-47.721721,-22.811657],[-47.721723,-22.811662]],[[-47.721721,-22.811657],[-47.721966,-22.812217]],[[-47.933656,-22.807892],[-47.934923,-22.806143]],[[-48.028012,-22.80607],[-48.030817,-22.80559]],[[-47.937902,-22.807722],[-47.934923,-22.806143]],[[-47.78712,-22.810419],[-47.78712,-22.810419]],[[-47.819961,-22.809832],[-47.821847,-22.807344]],[[-47.722905,-22.811465],[-47.722905,-22.811465]],[[-47.759336,-22.810836],[-47.753752,-22.808595]],[[-47.759481,-22.810806],[-47.759481,-22.810806]],[[-48.013481,-22.806197],[-48.011433,-22.806477]],[[-47.860706,-22.808996],[-47.862952,-22.810929]],[[-47.75523,-22.810819],[-47.75523,-22.810819]],[[-48.011579,-22.806179],[-48.013157,-22.805014]],[[-47.982134,-22.806717],[-47.982535,-22.807679]],[[-47.790277,-22.810168],[-47.790277,-22.810168]],[[-47.775015,-22.810429],[-47.7737,-22.809691]],[[-47.797341,-22.81003],[-47.796721,-22.810632],[-47.797387,-22.810829],[-47.797341,-22.81003]],[[-48.007138,-22.806204],[-48.00835,-22.805595]],[[-47.958222,-22.807101],[-47.959404,-22.807773]],[[-47.79741,-22.810004],[-47.7984,-22.808959]],[[-47.785894,-22.810186],[-47.785672,-22.809444]],[[-47.953276,-22.807101],[-47.951393,-22.80808]],[[-47.976245,-22.806658],[-47.976274,-22.807326]],[[-47.976245,-22.806658],[-47.976246,-22.806658]],[[-48.030807,-22.805611],[-48.030399,-22.806781],[-48.032093,-22.809718],[-48.031214,-22.81167]],[[-48.030817,-22.80559],[-48.030827,-22.8056]],[[-48.030817,-22.80559],[-48.030816,-22.805593]],[[-47.744398,-22.810763],[-47.744398,-22.810763]],[[-47.844064,-22.809009],[-47.844064,-22.809018]],[[-47.844064,-22.809009],[-47.845073,-22.807872]],[[-47.985585,-22.806416],[-47.985656,-22.807774]],[[-47.800254,-22.809781],[-47.800851,-22.810708],[-47.799574,-22.81489]],[[-47.987689,-22.806352],[-47.985131,-22.808967],[-47.982066,-22.810232],[-47.980487,-22.813708]],[[-48.006618,-22.805992],[-48.007064,-22.806457],[-48.006618,-22.805992]],[[-47.867845,-22.808509],[-47.86993,-22.811993]],[[-47.957247,-22.806812],[-47.955218,-22.806008]],[[-47.972697,-22.806496],[-47.972921,-22.806577]],[[-47.973088,-22.806481],[-47.976245,-22.806658]],[[-47.731968,-22.810782],[-47.734532,-22.814298]],[[-47.740268,-22.810633],[-47.743307,-22.810144]],[[-47.993679,-22.80606],[-47.993679,-22.806062]],[[-47.993679,-22.80606],[-47.993679,-22.80606]],[[-47.994271,-22.806021],[-47.996711,-22.805849]],[[-47.992405,-22.80603],[-47.993679,-22.80606]],[[-47.721512,-22.810874],[-47.721795,-22.811799]],[[-47.721512,-22.810874],[-47.718087,-22.812416]],[[-47.941539,-22.80695],[-47.94154,-22.80695]],[[-47.941539,-22.80695],[-47.941539,-22.80695]],[[-47.786501,-22.80967],[-47.785898,-22.809273]],[[-47.751399,-22.810246],[-47.749564,-22.810774],[-47.749435,-22.812776],[-47.749506,-22.811184]],[[-47.996798,-22.805807],[-47.998111,-22.80636]],[[-47.737895,-22.810452],[-47.738581,-22.811189]],[[-47.7753,-22.809805],[-47.77469,-22.811468],[-47.772717,-22.812737],[-47.77309,-22.817897]],[[-47.7753,-22.809805],[-47.775325,-22.809664]],[[-47.7753,-22.809804],[-47.7753,-22.809805]],[[-47.721454,-22.810727],[-47.721512,-22.810874]],[[-47.965266,-22.806375],[-47.967341,-22.803889],[-47.968388,-22.803877]],[[-47.771417,-22.809859],[-47.771417,-22.809859]],[[-47.721503,-22.810707],[-47.721721,-22.811657]],[[-47.721503,-22.810707],[-47.721506,-22.810656]],[[-47.971806,-22.806232],[-47.972474,-22.806467]],[[-47.77145,-22.809815],[-47.771443,-22.809811]],[[-47.771462,-22.80981],[-47.772527,-22.809775]],[[-47.721506,-22.810656],[-47.721503,-22.810707]],[[-47.721506,-22.810656],[-47.721691,-22.810608]],[[-47.941693,-22.806723],[-47.94443,-22.806839]],[[-47.965067,-22.806277],[-47.965067,-22.806277]],[[-48.003112,-22.805563],[-48.003112,-22.805563]],[[-47.940515,-22.806721],[-47.941539,-22.80695]],[[-47.721691,-22.810608],[-47.721506,-22.810656]],[[-47.721691,-22.810608],[-47.721757,-22.810448]],[[-47.721763,-22.810605],[-47.721503,-22.810707]],[[-47.721763,-22.810605],[-47.721691,-22.810608]],[[-47.773709,-22.809697],[-47.773709,-22.809697]],[[-48.004133,-22.805506],[-48.00334,-22.804006],[-48.003902,-22.800721]],[[-47.77368,-22.80968],[-47.773058,-22.809694]],[[-47.898576,-22.807453],[-47.897369,-22.809744],[-47.893995,-22.810183]],[[-47.772596,-22.809672],[-47.772596,-22.809672]],[[-47.772635,-22.809662],[-47.773024,-22.80964]],[[-48.008672,-22.805376],[-48.008672,-22.805376]],[[-47.721777,-22.810528],[-47.721763,-22.810605]],[[-47.721777,-22.810528],[-47.721763,-22.810605]],[[-48.008777,-22.805363],[-48.008884,-22.805159]],[[-47.742478,-22.810167],[-47.74244,-22.810192]],[[-47.721775,-22.810494],[-47.721777,-22.810528]],[[-47.721775,-22.810494],[-47.721777,-22.810528]],[[-47.737534,-22.810209],[-47.737474,-22.809682]],[[-47.781724,-22.809442],[-47.782791,-22.810919]],[[-47.775605,-22.809525],[-47.7753,-22.809805]],[[-47.721757,-22.810448],[-47.721775,-22.810494]],[[-47.721757,-22.810448],[-47.721758,-22.810448]],[[-47.962315,-22.806134],[-47.958199,-22.807955]],[[-47.743456,-22.810023],[-47.743456,-22.810023]],[[-47.778458,-22.809416],[-47.777763,-22.812299],[-47.77985,-22.814545]],[[-47.737883,-22.810115],[-47.737883,-22.810115]],[[-47.888453,-22.807406],[-47.891154,-22.807264]],[[-47.907595,-22.807052],[-47.910396,-22.802599],[-47.915932,-22.79916],[-47.917724,-22.799719],[-47.915698,-22.799613]],[[-47.785585,-22.809217],[-47.785584,-22.809216]],[[-47.785584,-22.809216],[-47.785584,-22.809216]],[[-47.785584,-22.809216],[-47.784824,-22.808276]],[[-47.7071,-22.810483],[-47.709304,-22.811663],[-47.714551,-22.811128],[-47.71723,-22.808296]],[[-48.009333,-22.805043],[-48.010765,-22.804084]],[[-47.721778,-22.810177],[-47.721757,-22.810448]],[[-47.955218,-22.806008],[-47.955218,-22.806008]],[[-47.781007,-22.809142],[-47.781721,-22.8095],[-47.781007,-22.809142]],[[-48.009184,-22.804989],[-48.009184,-22.804989]],[[-47.911014,-22.806809],[-47.91362,-22.807555]],[[-47.747232,-22.809716],[-47.749223,-22.811733]],[[-47.894716,-22.807054],[-47.893705,-22.806708]],[[-48.012162,-22.804823],[-48.008976,-22.809347]],[[-47.952821,-22.805919],[-47.951255,-22.80825],[-47.948138,-22.808491]],[[-47.845067,-22.807877],[-47.845073,-22.807872]],[[-47.845073,-22.807872],[-47.844064,-22.809009]],[[-47.845073,-22.807872],[-47.846679,-22.804463]],[[-47.721777,-22.809977],[-47.721775,-22.810494]],[[-47.721777,-22.809977],[-47.721862,-22.809738]],[[-47.746997,-22.809512],[-47.746997,-22.809512]],[[-47.934923,-22.806143],[-47.934926,-22.806142]],[[-47.934923,-22.806143],[-47.934603,-22.804945]],[[-47.791884,-22.808708],[-47.791884,-22.808708]],[[-47.928382,-22.806195],[-47.928154,-22.805861]],[[-47.792047,-22.808641],[-47.79236,-22.811529]],[[-47.74275,-22.809456],[-47.74275,-22.809456]],[[-47.724484,-22.809763],[-47.724484,-22.809763]],[[-47.937852,-22.805946],[-47.937134,-22.804789],[-47.934352,-22.804992],[-47.932752,-22.803593]],[[-47.942478,-22.805845],[-47.943258,-22.806653]],[[-47.942368,-22.805844],[-47.942368,-22.805844]],[[-48.027625,-22.804237],[-48.025785,-22.804063],[-48.025659,-22.804916],[-48.027876,-22.806073],[-48.028871,-22.804506],[-48.027625,-22.804237]],[[-48.025737,-22.804262],[-48.024995,-22.804238]],[[-47.721862,-22.809738],[-47.721777,-22.809977]],[[-47.721862,-22.809738],[-47.721777,-22.809977]],[[-47.721862,-22.809738],[-47.721864,-22.809737]],[[-47.99734,-22.804775],[-47.996551,-22.803991]],[[-47.737397,-22.809454],[-47.737288,-22.809119]],[[-47.801115,-22.808337],[-47.805664,-22.808154],[-47.809878,-22.813484]],[[-48.019272,-22.804299],[-48.021305,-22.803396]],[[-47.721871,-22.809655],[-47.721862,-22.809738]],[[-48.024801,-22.804174],[-48.024754,-22.804118]],[[-48.024754,-22.804118],[-48.024754,-22.804119]],[[-48.024754,-22.804118],[-48.019532,-22.802706]],[[-47.786118,-22.808445],[-47.785356,-22.808559]],[[-47.805589,-22.808083],[-47.804299,-22.805459],[-47.802179,-22.805369]],[[-47.722869,-22.809508],[-47.722869,-22.809508]],[[-47.721894,-22.809502],[-47.721862,-22.809738]],[[-47.965877,-22.805137],[-47.963205,-22.805563],[-47.96225,-22.806791]],[[-47.721887,-22.809474],[-47.721882,-22.809538]],[[-47.721887,-22.809474],[-47.721891,-22.809446]],[[-47.721891,-22.809446],[-47.721887,-22.809474]],[[-47.721891,-22.809446],[-47.721906,-22.809433]],[[-47.863314,-22.806914],[-47.865725,-22.804704],[-47.866119,-22.801704]],[[-48.030913,-22.80381],[-48.030817,-22.80559]],[[-47.888398,-22.806455],[-47.88823,-22.805496]],[[-47.972847,-22.804802],[-47.972847,-22.804802]],[[-47.990252,-22.804459],[-47.993058,-22.802937],[-47.995298,-22.803496]],[[-47.721943,-22.80926],[-47.721891,-22.809446]],[[-47.742509,-22.808905],[-47.743358,-22.81006]],[[-47.784751,-22.808172],[-47.782887,-22.804912],[-47.77966,-22.802924]],[[-47.96027,-22.804992],[-47.962058,-22.806255]],[[-47.757659,-22.808516],[-47.755354,-22.808921],[-47.753932,-22.808047],[-47.753793,-22.806529]],[[-47.788875,-22.807971],[-47.790449,-22.807477]],[[-47.779727,-22.808086],[-47.780948,-22.809194]],[[-47.821847,-22.807344],[-47.821846,-22.807339]],[[-47.821847,-22.807344],[-47.826371,-22.804741],[-47.829962,-22.803996]],[[-47.928234,-22.805359],[-47.926209,-22.804186]],[[-47.988437,-22.804201],[-47.985499,-22.803964]],[[-47.721803,-22.808973],[-47.721887,-22.809474]],[[-47.721803,-22.808973],[-47.721859,-22.809134]],[[-47.960042,-22.804713],[-47.960042,-22.804713]],[[-47.721827,-22.808955],[-47.721803,-22.808973]],[[-47.721827,-22.808955],[-47.721803,-22.808973]],[[-47.996551,-22.803991],[-47.996552,-22.803995]],[[-47.996551,-22.803991],[-47.99575,-22.803872]],[[-47.721686,-22.808873],[-47.721827,-22.808955]],[[-48.019031,-22.803514],[-48.020527,-22.803277]],[[-47.745369,-22.808447],[-47.745147,-22.80727]],[[-47.997175,-22.803907],[-47.997175,-22.803907]],[[-47.721737,-22.808826],[-47.721827,-22.808955]],[[-47.721737,-22.808826],[-47.721865,-22.808703]],[[-47.984832,-22.804063],[-47.982112,-22.802073],[-47.980177,-22.802159]],[[-47.993933,-22.803877],[-47.993933,-22.803877]],[[-47.956696,-22.804557],[-47.958668,-22.802846]],[[-47.901293,-22.805572],[-47.902065,-22.809798]],[[-47.790603,-22.807533],[-47.791803,-22.80871]],[[-47.941332,-22.804818],[-47.942362,-22.805846]],[[-47.995781,-22.803789],[-47.995781,-22.803789]],[[-47.721865,-22.808703],[-47.721737,-22.808826]],[[-47.721865,-22.808703],[-47.721883,-22.808699]],[[-47.985499,-22.803964],[-47.985499,-22.803964]],[[-47.790704,-22.807494],[-47.790704,-22.807494]],[[-47.790449,-22.807477],[-47.790451,-22.807478]],[[-47.790449,-22.807477],[-47.790583,-22.807555]],[[-47.996821,-22.803698],[-47.996821,-22.803698]],[[-47.941342,-22.804646],[-47.941348,-22.804649]],[[-47.941342,-22.804646],[-47.941342,-22.804646]],[[-47.73656,-22.808292],[-47.73656,-22.808292]],[[-47.999867,-22.803536],[-47.999867,-22.803536]],[[-47.722002,-22.808497],[-47.721737,-22.808826]],[[-47.722002,-22.808497],[-47.721865,-22.808703]],[[-47.941198,-22.804584],[-47.941342,-22.804646]],[[-47.969047,-22.803952],[-47.971566,-22.805986]],[[-47.969047,-22.803952],[-47.969049,-22.80396]],[[-47.952302,-22.804241],[-47.950031,-22.803751]],[[-47.71229,-22.808491],[-47.71229,-22.808491]],[[-47.71229,-22.808491],[-47.71723,-22.808296]],[[-47.712279,-22.808491],[-47.71229,-22.808491]],[[-47.897223,-22.80523],[-47.898496,-22.807334]],[[-47.736834,-22.80805],[-47.740037,-22.805757]],[[-47.681276,-22.808977],[-47.681113,-22.809591],[-47.681276,-22.808977]],[[-47.923143,-22.804698],[-47.920507,-22.805428]],[[-47.722051,-22.808232],[-47.722002,-22.808497]],[[-47.722051,-22.808232],[-47.722002,-22.808497]],[[-47.71723,-22.808296],[-47.717238,-22.808296]],[[-47.71723,-22.808296],[-47.719628,-22.807193],[-47.720816,-22.804577]],[[-47.722139,-22.808184],[-47.722051,-22.808232]],[[-47.722139,-22.808184],[-47.722051,-22.808232]],[[-47.997267,-22.803219],[-47.997267,-22.803219]],[[-47.771725,-22.807212],[-47.773938,-22.807797],[-47.776483,-22.806433]],[[-47.79023,-22.806857],[-47.790449,-22.807477]],[[-47.954885,-22.803886],[-47.955556,-22.802892]],[[-48.009655,-22.802852],[-48.007171,-22.804258],[-48.003821,-22.804661]],[[-47.998247,-22.803032],[-47.997472,-22.805903]],[[-48.013704,-22.802738],[-48.014438,-22.800833]],[[-47.808828,-22.806468],[-47.811018,-22.804666],[-47.812194,-22.805884]],[[-48.023871,-22.802524],[-48.024754,-22.804118]],[[-47.937226,-22.804113],[-47.937226,-22.804113]],[[-47.998367,-22.80297],[-47.998367,-22.80297]],[[-47.721238,-22.807904],[-47.721355,-22.807754]],[[-47.721238,-22.807904],[-47.721355,-22.807754]],[[-47.942396,-22.803936],[-47.944738,-22.805442],[-47.945651,-22.80978],[-47.944572,-22.810776]],[[-48.015491,-22.802544],[-48.015465,-22.801559]],[[-47.949472,-22.803777],[-47.949204,-22.80457]],[[-48.015972,-22.80252],[-48.015972,-22.80252]],[[-48.023661,-22.802365],[-48.023661,-22.802365]],[[-47.743284,-22.807436],[-47.743284,-22.807436]],[[-48.003252,-22.802735],[-48.003802,-22.80311]],[[-48.01605,-22.802468],[-48.014672,-22.800748],[-48.015382,-22.79876]],[[-47.721355,-22.807754],[-47.721458,-22.807732]],[[-47.721355,-22.807754],[-47.721458,-22.807732]],[[-47.949195,-22.803683],[-47.949198,-22.803683]],[[-47.949195,-22.803683],[-47.949195,-22.803683]],[[-47.721458,-22.807732],[-47.721499,-22.807689]],[[-47.721458,-22.807732],[-47.721499,-22.807689]],[[-47.78607,-22.806599],[-47.78607,-22.806599]],[[-47.942211,-22.803782],[-47.942211,-22.803782]],[[-47.721499,-22.807689],[-47.722139,-22.808184]],[[-47.721499,-22.807689],[-47.722139,-22.808184]],[[-47.786106,-22.806564],[-47.786412,-22.806598]],[[-47.757087,-22.807045],[-47.75764,-22.807085]],[[-48.001132,-22.802615],[-48.003097,-22.802737]],[[-47.812903,-22.806049],[-47.815278,-22.809086],[-47.815288,-22.810906]],[[-47.891173,-22.804625],[-47.891595,-22.802047],[-47.893297,-22.802201]],[[-47.784705,-22.806519],[-47.783208,-22.805641]],[[-47.717966,-22.807658],[-47.718682,-22.807496]],[[-47.785824,-22.806466],[-47.785004,-22.806322]],[[-47.812833,-22.805984],[-47.812833,-22.805984]],[[-47.757051,-22.806953],[-47.757051,-22.806953]],[[-47.753003,-22.807019],[-47.753002,-22.807019]],[[-47.753002,-22.807019],[-47.75192,-22.807307],[-47.751474,-22.810154]],[[-47.753002,-22.807019],[-47.753242,-22.806892]],[[-48.001016,-22.802523],[-48.001016,-22.802523]],[[-47.790237,-22.806353],[-47.790237,-22.806353]],[[-47.748492,-22.80705],[-47.748371,-22.804919]],[[-48.012512,-22.802253],[-48.014684,-22.800772]],[[-47.753242,-22.806892],[-47.75324,-22.806889]],[[-47.753242,-22.806892],[-47.753239,-22.806876]],[[-48.024508,-22.801956],[-48.024578,-22.803906]],[[-47.784997,-22.80632],[-47.784997,-22.80632]],[[-48.024483,-22.80195],[-48.024483,-22.80195]],[[-47.969314,-22.802977],[-47.969047,-22.803952]],[[-47.941906,-22.803485],[-47.942199,-22.803797]],[[-47.892854,-22.804328],[-47.893436,-22.801276],[-47.897567,-22.800084],[-47.898612,-22.800979],[-47.899931,-22.799779]],[[-47.776699,-22.806388],[-47.776962,-22.80677]],[[-47.720864,-22.807338],[-47.721238,-22.807904]],[[-47.73277,-22.807094],[-47.736498,-22.807835],[-47.737287,-22.809116]],[[-47.977674,-22.80269],[-47.976414,-22.803117]],[[-47.96958,-22.802821],[-47.96958,-22.802821]],[[-47.753141,-22.806656],[-47.753002,-22.807019]],[[-47.795048,-22.805916],[-47.798138,-22.804604]],[[-47.754701,-22.8066],[-47.754701,-22.8066]],[[-47.956931,-22.802966],[-47.95919,-22.802684]],[[-47.972984,-22.802663],[-47.973495,-22.799648]],[[-47.742659,-22.806753],[-47.744637,-22.807482],[-47.746338,-22.805376]],[[-48.005907,-22.801995],[-48.003878,-22.802471]],[[-47.738421,-22.80681],[-47.74094,-22.808396]],[[-47.753793,-22.806529],[-47.753793,-22.806529]],[[-47.955556,-22.802892],[-47.956682,-22.802945]],[[-47.955556,-22.802892],[-47.955563,-22.80289]],[[-47.844335,-22.804903],[-47.84436,-22.80496]],[[-47.793117,-22.805787],[-47.793117,-22.805787]],[[-47.706096,-22.807268],[-47.707465,-22.80335]],[[-47.936109,-22.803153],[-47.935062,-22.802726]],[[-47.709263,-22.807158],[-47.714074,-22.805971],[-47.717833,-22.80757]],[[-47.960577,-22.802677],[-47.959965,-22.803336]],[[-47.72073,-22.806914],[-47.720752,-22.806907]],[[-47.844765,-22.804745],[-47.846125,-22.804348],[-47.844967,-22.804644]],[[-48.00616,-22.801777],[-48.008635,-22.801764]],[[-47.730115,-22.806746],[-47.729744,-22.808936],[-47.731725,-22.810668]],[[-47.730115,-22.806746],[-47.732717,-22.807254],[-47.733527,-22.805668]],[[-47.730113,-22.806745],[-47.730115,-22.806746]],[[-48.006006,-22.801776],[-48.006006,-22.801776]],[[-47.753795,-22.806325],[-47.754269,-22.805825]],[[-47.956804,-22.802644],[-47.956804,-22.802644]],[[-47.720776,-22.806837],[-47.721238,-22.807904]],[[-47.720736,-22.806835],[-47.72074,-22.806786]],[[-47.720736,-22.806835],[-47.720641,-22.806722]],[[-47.789743,-22.80562],[-47.790181,-22.806359]],[[-47.960671,-22.802528],[-47.960671,-22.802528]],[[-48.018091,-22.801442],[-48.018422,-22.798732]],[[-47.72074,-22.806786],[-47.720736,-22.806835]],[[-47.72074,-22.806786],[-47.720764,-22.806772]],[[-47.796486,-22.805453],[-47.797463,-22.803613]],[[-47.969648,-22.802318],[-47.969701,-22.802812]],[[-47.934699,-22.802942],[-47.932966,-22.803266]],[[-47.720641,-22.806722],[-47.72074,-22.806786]],[[-47.720641,-22.806722],[-47.720641,-22.80672]],[[-47.931826,-22.802963],[-47.930294,-22.801505]],[[-47.869938,-22.804061],[-47.867483,-22.805634],[-47.865479,-22.804999]],[[-48.02261,-22.801224],[-48.023666,-22.802352]],[[-47.789812,-22.805462],[-47.789812,-22.805462]],[[-47.980485,-22.802007],[-47.977777,-22.802681]],[[-47.802237,-22.80524],[-47.800879,-22.803906]],[[-47.848367,-22.804422],[-47.848409,-22.804353]],[[-47.869964,-22.804015],[-47.869964,-22.804015]],[[-47.940767,-22.802708],[-47.940767,-22.802708]],[[-47.869773,-22.803979],[-47.869773,-22.803979]],[[-47.844023,-22.804434],[-47.844255,-22.804511]],[[-47.848409,-22.804353],[-47.848406,-22.804356]],[[-47.848409,-22.804353],[-47.848409,-22.804353]],[[-47.81549,-22.804919],[-47.813963,-22.806605]],[[-47.794259,-22.805279],[-47.79491,-22.805939]],[[-47.721129,-22.806524],[-47.721129,-22.806524]],[[-47.846273,-22.804333],[-47.848434,-22.804487],[-47.849337,-22.807337],[-47.852016,-22.805577],[-47.852019,-22.807533],[-47.853841,-22.809681],[-47.851985,-22.812415]],[[-47.919963,-22.802988],[-47.917576,-22.799788]],[[-47.782714,-22.805441],[-47.782714,-22.805441]],[[-47.846113,-22.804317],[-47.846163,-22.804336]],[[-47.954724,-22.802334],[-47.955556,-22.802892]],[[-47.932297,-22.802709],[-47.93285,-22.803586],[-47.932297,-22.802709]],[[-47.934799,-22.802656],[-47.934799,-22.802656]],[[-47.807324,-22.804943],[-47.808628,-22.804243]],[[-47.889814,-22.803436],[-47.89027,-22.802582]],[[-47.759259,-22.805719],[-47.759737,-22.805442]],[[-47.848412,-22.804139],[-47.850815,-22.801796]],[[-48.019446,-22.800986],[-48.01873,-22.799923]],[[-47.976118,-22.801774],[-47.976116,-22.80178]],[[-47.976118,-22.801774],[-47.976759,-22.802125],[-47.976245,-22.806658]],[[-47.96412,-22.801982],[-47.964601,-22.801819]],[[-47.966576,-22.801928],[-47.966726,-22.801906]],[[-47.870804,-22.803672],[-47.870804,-22.803672]],[[-47.988216,-22.801491],[-47.987694,-22.800609],[-47.984966,-22.800181]],[[-47.794113,-22.805006],[-47.791915,-22.8087]],[[-47.712131,-22.806395],[-47.711273,-22.805609]],[[-47.803264,-22.804808],[-47.803879,-22.805493]],[[-47.839015,-22.804173],[-47.84186,-22.803466],[-47.843782,-22.804136]],[[-47.783904,-22.805132],[-47.783904,-22.805132]],[[-47.771908,-22.805341],[-47.77551,-22.805465],[-47.776644,-22.806362]],[[-47.720733,-22.8062],[-47.720736,-22.806835]],[[-47.720733,-22.8062],[-47.720641,-22.806722]],[[-47.720912,-22.806178],[-47.720883,-22.806036]],[[-47.75389,-22.805603],[-47.75387,-22.805587]],[[-47.749968,-22.805666],[-47.749968,-22.805666]],[[-47.720794,-22.806153],[-47.720733,-22.8062]],[[-47.720794,-22.806153],[-47.720733,-22.8062]],[[-47.721026,-22.806119],[-47.721025,-22.806119]],[[-47.721025,-22.806119],[-47.720954,-22.806111]],[[-47.721025,-22.806119],[-47.720954,-22.806111]],[[-47.721027,-22.806119],[-47.721026,-22.806119]],[[-47.721027,-22.806119],[-47.721025,-22.806119]],[[-47.720954,-22.806111],[-47.721026,-22.806119]],[[-47.720954,-22.806111],[-47.720883,-22.806036]],[[-47.720853,-22.806112],[-47.720874,-22.80612]],[[-47.720853,-22.806112],[-47.720794,-22.806153]],[[-47.778616,-22.805114],[-47.775624,-22.809539],[-47.775797,-22.808939]],[[-47.997606,-22.801144],[-47.998614,-22.799889]],[[-47.720803,-22.8061],[-47.720794,-22.806153]],[[-47.747204,-22.805636],[-47.746941,-22.807982]],[[-47.920918,-22.802535],[-47.919998,-22.802994],[-47.920083,-22.804333]],[[-47.720883,-22.806036],[-47.720853,-22.806112]],[[-47.720883,-22.806036],[-47.720853,-22.806112]],[[-47.789709,-22.804829],[-47.789709,-22.804829]],[[-47.782528,-22.804938],[-47.782528,-22.804938]],[[-47.753724,-22.805429],[-47.753701,-22.805398]],[[-47.754565,-22.805402],[-47.756625,-22.807003]],[[-48.024706,-22.800497],[-48.024485,-22.801874]],[[-47.721083,-22.805965],[-47.721027,-22.806119]],[[-47.721125,-22.805957],[-47.721027,-22.806119]],[[-47.721125,-22.805957],[-47.721133,-22.805926]],[[-47.746376,-22.805516],[-47.746915,-22.806165],[-47.746376,-22.805516]],[[-47.746379,-22.805512],[-47.743411,-22.805434]],[[-47.782361,-22.804875],[-47.782361,-22.804875]],[[-47.721133,-22.805926],[-47.721125,-22.805957]],[[-47.721133,-22.805926],[-47.721116,-22.805865]],[[-47.754388,-22.805331],[-47.754552,-22.806669]],[[-47.746938,-22.805459],[-47.748688,-22.804842]],[[-47.971147,-22.801436],[-47.973979,-22.799236]],[[-47.753551,-22.80534],[-47.75313,-22.806674],[-47.753253,-22.805993]],[[-47.733527,-22.805668],[-47.733529,-22.80567]],[[-47.733527,-22.805668],[-47.734282,-22.805386],[-47.733527,-22.805668]],[[-47.830042,-22.803969],[-47.830398,-22.803841]],[[-47.803215,-22.804425],[-47.803215,-22.804425]],[[-47.964911,-22.801488],[-47.96621,-22.80191]],[[-47.795924,-22.804541],[-47.795924,-22.804541]],[[-47.948821,-22.801774],[-47.949195,-22.803683]],[[-47.995813,-22.800889],[-47.995211,-22.801871],[-47.996551,-22.803991]],[[-47.803211,-22.80439],[-47.803112,-22.804092]],[[-48.003902,-22.800721],[-48.003903,-22.800721]],[[-48.003902,-22.800721],[-48.003848,-22.800418]],[[-47.786069,-22.804677],[-47.783148,-22.805392]],[[-47.787065,-22.804645],[-47.78688,-22.804602]],[[-47.789664,-22.804591],[-47.789664,-22.804591]],[[-47.938644,-22.801908],[-47.938177,-22.801481]],[[-47.754346,-22.805196],[-47.753957,-22.805467]],[[-47.93994,-22.801876],[-47.93994,-22.801876]],[[-47.808639,-22.804244],[-47.811017,-22.804666]],[[-47.991746,-22.800908],[-47.995209,-22.80188]],[[-48.009602,-22.800562],[-48.008831,-22.798588]],[[-47.786627,-22.804576],[-47.78628,-22.804544]],[[-47.793864,-22.804444],[-47.793864,-22.804444]],[[-47.734254,-22.805472],[-47.735439,-22.804621]],[[-47.760883,-22.805004],[-47.760092,-22.805473]],[[-47.782723,-22.804616],[-47.782723,-22.804616]],[[-47.980224,-22.801025],[-47.980501,-22.802004]],[[-47.79393,-22.804385],[-47.794073,-22.803462]],[[-47.830559,-22.803727],[-47.833151,-22.803102],[-47.833243,-22.804221],[-47.835457,-22.805526],[-47.839018,-22.804195]],[[-47.921814,-22.802079],[-47.921694,-22.802137]],[[-47.786144,-22.804509],[-47.786144,-22.804509]],[[-47.782198,-22.804577],[-47.782198,-22.804577]],[[-47.786684,-22.80448],[-47.786684,-22.80448]],[[-47.782003,-22.804558],[-47.782003,-22.804558]],[[-47.938676,-22.801744],[-47.938676,-22.801744]],[[-47.816879,-22.803909],[-47.821475,-22.805381],[-47.822743,-22.806766]],[[-47.890272,-22.802584],[-47.89027,-22.802582]],[[-47.89027,-22.802582],[-47.888522,-22.80268]],[[-47.89027,-22.802582],[-47.891244,-22.802638]],[[-47.761045,-22.804853],[-47.7624,-22.809831]],[[-47.92182,-22.801982],[-47.92182,-22.801982]],[[-47.749598,-22.805022],[-47.749601,-22.805022]],[[-47.749598,-22.805022],[-47.751703,-22.803913]],[[-47.780888,-22.804468],[-47.780888,-22.804468]],[[-47.945443,-22.80151],[-47.944474,-22.80485]],[[-48.003848,-22.800418],[-48.003848,-22.800419]],[[-48.003848,-22.800418],[-48.003902,-22.800721]],[[-47.756719,-22.804885],[-47.756719,-22.804885]],[[-47.921327,-22.801951],[-47.920837,-22.802291]],[[-47.733592,-22.805276],[-47.733622,-22.804575]],[[-48.003848,-22.800406],[-48.003849,-22.800405]],[[-48.003849,-22.800405],[-48.003848,-22.800418]],[[-48.003849,-22.800405],[-48.003833,-22.800373]],[[-47.962395,-22.801179],[-47.963805,-22.799938]],[[-47.761093,-22.804789],[-47.761173,-22.804815]],[[-47.756309,-22.804862],[-47.754998,-22.803602]],[[-48.003833,-22.800373],[-48.003849,-22.800405]],[[-47.782481,-22.80439],[-47.782481,-22.80439]],[[-47.781286,-22.804384],[-47.781286,-22.804384]],[[-48.010723,-22.800176],[-48.008831,-22.798588]],[[-47.813808,-22.803761],[-47.813804,-22.803761]],[[-47.813808,-22.803761],[-47.813808,-22.803761]],[[-47.814344,-22.803748],[-47.813808,-22.803761]],[[-47.938126,-22.801504],[-47.936291,-22.800167],[-47.936661,-22.800849]],[[-47.938177,-22.801481],[-47.93818,-22.801481]],[[-47.938177,-22.801481],[-47.938177,-22.801481]],[[-47.748898,-22.804856],[-47.749598,-22.805022]],[[-47.720777,-22.805327],[-47.721133,-22.805926]],[[-47.720777,-22.805327],[-47.721125,-22.805957]],[[-47.872561,-22.802662],[-47.87598,-22.803364],[-47.877049,-22.804277],[-47.877144,-22.80602],[-47.877942,-22.805983]],[[-47.782299,-22.80425],[-47.782376,-22.804607]],[[-47.950828,-22.801202],[-47.948328,-22.808267],[-47.946768,-22.810266],[-47.94417,-22.810867],[-47.940065,-22.814611]],[[-47.754976,-22.804705],[-47.754414,-22.805342]],[[-47.748801,-22.804804],[-47.748801,-22.804804]],[[-48.00392,-22.800179],[-48.002819,-22.796857],[-48.003978,-22.795332]],[[-47.720838,-22.80525],[-47.720777,-22.805327]],[[-47.720838,-22.80525],[-47.720777,-22.805327]],[[-47.81438,-22.803618],[-47.81438,-22.803618]],[[-47.980231,-22.800566],[-47.980231,-22.800566]],[[-47.980231,-22.800566],[-47.980231,-22.800562]],[[-47.763417,-22.804474],[-47.763417,-22.804474]],[[-47.813633,-22.803534],[-47.812075,-22.803988]],[[-47.957427,-22.800901],[-47.959959,-22.803317],[-47.960145,-22.804661]],[[-47.930159,-22.801404],[-47.930123,-22.801387]],[[-47.713914,-22.805202],[-47.713914,-22.805202]],[[-47.960004,-22.800788],[-47.958986,-22.802476]],[[-47.954438,-22.800888],[-47.954268,-22.798973]],[[-47.754958,-22.80446],[-47.754958,-22.80446]],[[-47.831508,-22.803059],[-47.830054,-22.802069]],[[-47.753844,-22.804407],[-47.753844,-22.804407]],[[-47.782183,-22.803914],[-47.782183,-22.803914]],[[-48.004071,-22.799883],[-48.007429,-22.797544]],[[-47.826137,-22.803119],[-47.826431,-22.804723]],[[-47.720686,-22.804948],[-47.720838,-22.80525]],[[-47.706442,-22.805164],[-47.704243,-22.806061]],[[-47.807789,-22.803374],[-47.806644,-22.802228],[-47.806342,-22.798992]],[[-47.742667,-22.80447],[-47.743537,-22.802057]],[[-47.750756,-22.804328],[-47.750756,-22.804328]],[[-47.755007,-22.804229],[-47.754992,-22.804408]],[[-47.733622,-22.804575],[-47.733622,-22.804575]],[[-47.73552,-22.804535],[-47.736109,-22.803871]],[[-47.99859,-22.799795],[-47.99859,-22.799795]],[[-48.012626,-22.799505],[-48.014217,-22.799264]],[[-47.998636,-22.799764],[-48.00091,-22.799558]],[[-47.858705,-22.802331],[-47.860122,-22.801437]],[[-47.754921,-22.80414],[-47.754995,-22.804152]],[[-47.741016,-22.804364],[-47.741111,-22.803442]],[[-47.993051,-22.799814],[-47.993811,-22.799085]],[[-47.76202,-22.803973],[-47.76202,-22.803973]],[[-47.812385,-22.803057],[-47.811939,-22.803801]],[[-47.821361,-22.802891],[-47.821383,-22.801193]],[[-47.787179,-22.803488],[-47.785577,-22.803164]],[[-47.764267,-22.803878],[-47.763687,-22.803814]],[[-47.826031,-22.802794],[-47.826031,-22.802794]],[[-47.748933,-22.804111],[-47.749598,-22.805022]],[[-48.00091,-22.799558],[-48.000913,-22.799564]],[[-48.00091,-22.799558],[-48.001526,-22.7991],[-48.00091,-22.799558]],[[-47.720816,-22.804577],[-47.720838,-22.80525]],[[-47.720816,-22.804577],[-47.72097,-22.80451]],[[-47.812464,-22.80298],[-47.812463,-22.802981]],[[-47.812464,-22.80298],[-47.812464,-22.80298]],[[-47.720915,-22.804553],[-47.720875,-22.804592]],[[-47.720915,-22.804553],[-47.720816,-22.804577]],[[-48.001781,-22.799507],[-48.003833,-22.800373]],[[-47.763687,-22.803814],[-47.763687,-22.803815]],[[-47.763687,-22.803814],[-47.762219,-22.803737]],[[-47.739172,-22.804207],[-47.739172,-22.804207]],[[-48.001759,-22.799476],[-48.001759,-22.799476]],[[-47.72097,-22.80451],[-47.720915,-22.804553]],[[-47.72097,-22.80451],[-47.720933,-22.804446]],[[-47.763688,-22.803767],[-47.763687,-22.803814]],[[-47.856126,-22.802135],[-47.852259,-22.80595]],[[-47.720933,-22.804446],[-47.720915,-22.804553]],[[-47.720933,-22.804446],[-47.724122,-22.802404]],[[-47.806666,-22.802959],[-47.808488,-22.80418]],[[-47.733423,-22.804227],[-47.733326,-22.803783]],[[-47.728562,-22.804306],[-47.727147,-22.804449]],[[-47.79167,-22.803205],[-47.79167,-22.803205]],[[-48.01434,-22.799136],[-48.014852,-22.799294]],[[-47.998721,-22.799423],[-47.997883,-22.798905]],[[-47.728908,-22.804255],[-47.728761,-22.804243]],[[-47.820825,-22.802652],[-47.822396,-22.806151]],[[-47.826211,-22.802545],[-47.826189,-22.802703]],[[-47.806561,-22.802882],[-47.806561,-22.802882]],[[-47.805542,-22.802895],[-47.806561,-22.802882]],[[-47.763617,-22.803618],[-47.763617,-22.803618]],[[-47.748989,-22.803808],[-47.748989,-22.803808]],[[-47.748989,-22.803808],[-47.748989,-22.803808]],[[-47.935224,-22.800476],[-47.931353,-22.800234]],[[-47.762013,-22.803568],[-47.764186,-22.804762],[-47.764229,-22.806511]],[[-47.789022,-22.803081],[-47.789157,-22.801425]],[[-47.866119,-22.801704],[-47.865966,-22.801769]],[[-47.866119,-22.801704],[-47.869739,-22.801157]],[[-47.866116,-22.801704],[-47.866119,-22.801704]],[[-47.773943,-22.803325],[-47.77508,-22.801888]],[[-47.980319,-22.799595],[-47.980231,-22.800566]],[[-47.785343,-22.803121],[-47.783119,-22.802962],[-47.782245,-22.803901]],[[-47.72719,-22.804125],[-47.730115,-22.806746]],[[-47.72719,-22.804125],[-47.727183,-22.804129]],[[-47.794248,-22.802958],[-47.794248,-22.802958]],[[-47.763383,-22.803495],[-47.763653,-22.803851]],[[-47.992265,-22.799357],[-47.993811,-22.799085]],[[-47.717526,-22.804276],[-47.717526,-22.804276]],[[-47.717526,-22.804276],[-47.72077,-22.804019]],[[-47.717508,-22.804276],[-47.717526,-22.804276]],[[-47.785387,-22.803054],[-47.785387,-22.803054]],[[-47.89458,-22.801106],[-47.89322,-22.799382],[-47.892227,-22.799672],[-47.892296,-22.798557],[-47.88989,-22.799025]],[[-47.763314,-22.803431],[-47.763314,-22.803431]],[[-47.865922,-22.801596],[-47.866287,-22.799722],[-47.864856,-22.798264],[-47.862775,-22.799385]],[[-47.795553,-22.802846],[-47.795553,-22.802846]],[[-47.761772,-22.80343],[-47.761096,-22.80479]],[[-47.825888,-22.802305],[-47.825888,-22.802305]],[[-47.761825,-22.803406],[-47.762021,-22.803955]],[[-47.726605,-22.804011],[-47.72719,-22.804125]],[[-47.720733,-22.804101],[-47.72097,-22.80451]],[[-48.018422,-22.798732],[-48.018423,-22.798732]],[[-48.018422,-22.798732],[-48.018422,-22.798732]],[[-47.751275,-22.803562],[-47.750606,-22.802818]],[[-47.726024,-22.803996],[-47.726529,-22.804024]],[[-47.729457,-22.803924],[-47.728969,-22.804115]],[[-47.725911,-22.803982],[-47.72591,-22.803981]],[[-47.725911,-22.803982],[-47.725911,-22.803982]],[[-47.825862,-22.80224],[-47.824461,-22.800781]],[[-47.965304,-22.799669],[-47.965542,-22.800707]],[[-47.79053,-22.802825],[-47.79053,-22.802825]],[[-47.74876,-22.80354],[-47.749029,-22.803778]],[[-47.826384,-22.802171],[-47.825939,-22.799132]],[[-47.736135,-22.803744],[-47.736135,-22.803744]],[[-48.018441,-22.798642],[-48.018157,-22.796301]],[[-47.936279,-22.800169],[-47.935299,-22.800446]],[[-47.99001,-22.799166],[-47.986387,-22.799187],[-47.980482,-22.802008]],[[-47.980358,-22.799342],[-47.980358,-22.799342]],[[-47.980358,-22.799342],[-47.980357,-22.799331]],[[-47.993811,-22.799085],[-47.993814,-22.799084]],[[-47.993811,-22.799085],[-47.9948,-22.798509]],[[-47.931353,-22.800234],[-47.930046,-22.801444],[-47.927489,-22.80186],[-47.926018,-22.80321],[-47.92616,-22.804217],[-47.923329,-22.804726]],[[-47.931353,-22.800234],[-47.931352,-22.800234]],[[-47.886452,-22.80105],[-47.884958,-22.800725]],[[-48.015597,-22.798643],[-48.015785,-22.798707]],[[-47.982991,-22.799246],[-47.982342,-22.797214]],[[-47.794766,-22.802598],[-47.794766,-22.802598]],[[-47.997883,-22.798905],[-47.997883,-22.798906]],[[-47.997883,-22.798905],[-47.997883,-22.798905]],[[-47.997697,-22.798881],[-47.9948,-22.798509]],[[-47.952541,-22.799718],[-47.954268,-22.798973]],[[-47.718773,-22.803871],[-47.715221,-22.802748]],[[-47.943081,-22.799867],[-47.939914,-22.797828],[-47.939267,-22.79644]],[[-47.861771,-22.801329],[-47.863235,-22.807098]],[[-47.976977,-22.799215],[-47.976118,-22.801774]],[[-47.986966,-22.799024],[-47.988166,-22.796688]],[[-48.008831,-22.798588],[-48.008832,-22.798586]],[[-48.008831,-22.798588],[-48.008363,-22.798418]],[[-47.93937,-22.799865],[-47.939712,-22.79862]],[[-47.858802,-22.801327],[-47.858205,-22.805473],[-47.858972,-22.807367],[-47.858137,-22.81007]],[[-48.010607,-22.798529],[-48.008363,-22.798418]],[[-47.902551,-22.800534],[-47.903115,-22.801162],[-47.902154,-22.803646]],[[-47.830106,-22.801829],[-47.830692,-22.80127]],[[-47.852875,-22.801403],[-47.852034,-22.80563]],[[-47.813826,-22.802096],[-47.813826,-22.802096]],[[-47.794408,-22.802425],[-47.794316,-22.802878]],[[-47.838053,-22.801647],[-47.838053,-22.801647]],[[-47.967973,-22.799254],[-47.968345,-22.797752]],[[-47.977419,-22.799057],[-47.977419,-22.799057]],[[-48.015844,-22.798297],[-48.017321,-22.797104],[-48.018913,-22.793005],[-48.018703,-22.793609]],[[-47.75376,-22.803033],[-47.75157,-22.803672]],[[-48.008363,-22.798418],[-48.00836,-22.798419]],[[-48.008363,-22.798418],[-48.007694,-22.798412]],[[-47.740969,-22.803223],[-47.740969,-22.803223]],[[-47.730576,-22.803395],[-47.730205,-22.803341]],[[-47.980597,-22.798901],[-47.980358,-22.799342]],[[-47.740999,-22.803179],[-47.742234,-22.802069]],[[-47.786425,-22.802378],[-47.785455,-22.803037]],[[-47.730072,-22.803347],[-47.72974,-22.803472]],[[-48.007613,-22.79834],[-48.007429,-22.797544]],[[-47.676366,-22.804246],[-47.676613,-22.806671],[-47.678788,-22.808163]],[[-47.794407,-22.802218],[-47.794407,-22.802218]],[[-47.957989,-22.799262],[-47.957267,-22.797545]],[[-47.676377,-22.804239],[-47.67663,-22.806653],[-47.678805,-22.808148]],[[-47.940151,-22.799576],[-47.939752,-22.797678]],[[-47.806143,-22.80199],[-47.806628,-22.802627]],[[-47.93998,-22.799575],[-47.93998,-22.799575]],[[-47.93998,-22.799575],[-47.93998,-22.799575]],[[-47.753978,-22.802872],[-47.754552,-22.802335]],[[-47.7538,-22.802873],[-47.7538,-22.802873]],[[-47.96331,-22.7991],[-47.969047,-22.803952]],[[-47.9948,-22.798509],[-47.994801,-22.798509]],[[-47.9948,-22.798509],[-47.995148,-22.798397]],[[-47.75752,-22.802775],[-47.757553,-22.803506]],[[-47.956775,-22.799148],[-47.957267,-22.797545]],[[-47.738325,-22.803048],[-47.737989,-22.802799]],[[-47.794286,-22.802067],[-47.794427,-22.802215]],[[-47.884832,-22.800392],[-47.884832,-22.800392]],[[-47.730474,-22.803107],[-47.730474,-22.803107]],[[-47.613666,-22.805051],[-47.609666,-22.804932]],[[-47.884852,-22.800356],[-47.880776,-22.799776]],[[-47.707789,-22.803435],[-47.707465,-22.80335]],[[-47.766694,-22.802384],[-47.766348,-22.801528]],[[-47.771482,-22.802293],[-47.771688,-22.801441]],[[-47.931543,-22.799412],[-47.931353,-22.800234]],[[-47.878517,-22.800361],[-47.878515,-22.800366]],[[-47.954268,-22.798973],[-47.954269,-22.798973]],[[-47.954268,-22.798973],[-47.954636,-22.797687]],[[-47.707465,-22.80335],[-47.707466,-22.803349]],[[-47.707465,-22.80335],[-47.703625,-22.803651]],[[-47.685381,-22.803707],[-47.685584,-22.804014]],[[-47.685381,-22.803707],[-47.685368,-22.804017]],[[-47.886344,-22.800174],[-47.886344,-22.800174]],[[-47.609666,-22.804932],[-47.609666,-22.804932]],[[-47.757242,-22.802423],[-47.758522,-22.803582]],[[-47.739705,-22.802687],[-47.740537,-22.802602]],[[-47.787003,-22.801847],[-47.787863,-22.80118]],[[-47.830689,-22.801077],[-47.830546,-22.80046]],[[-47.899366,-22.799819],[-47.89579,-22.798108],[-47.896461,-22.794929],[-47.895049,-22.795071],[-47.894122,-22.793721]],[[-47.740764,-22.802604],[-47.741137,-22.803034]],[[-47.740537,-22.802602],[-47.740541,-22.802603]],[[-47.740537,-22.802602],[-47.740537,-22.802602]],[[-47.783448,-22.801854],[-47.78283,-22.803087]],[[-47.959809,-22.798669],[-47.960119,-22.7968]],[[-47.756969,-22.8023],[-47.756969,-22.8023]],[[-47.779407,-22.801898],[-47.778829,-22.804721]],[[-47.830134,-22.800994],[-47.830706,-22.801242],[-47.830134,-22.800994]],[[-47.984131,-22.798184],[-47.983057,-22.798994],[-47.983238,-22.801041]],[[-47.738161,-22.802578],[-47.737808,-22.802272]],[[-47.810598,-22.801305],[-47.811969,-22.802193],[-47.812087,-22.805597],[-47.812781,-22.80592]],[[-47.810598,-22.801305],[-47.809248,-22.801053]],[[-47.823941,-22.801065],[-47.824635,-22.801452]],[[-47.756953,-22.802199],[-47.755655,-22.800892]],[[-47.757294,-22.802175],[-47.758285,-22.802077]],[[-47.831197,-22.800829],[-47.831197,-22.800829]],[[-47.727738,-22.802627],[-47.72719,-22.804125]],[[-47.81878,-22.801013],[-47.820741,-22.802558]],[[-47.961402,-22.798415],[-47.960119,-22.7968]],[[-48.007429,-22.797544],[-48.007438,-22.797526]],[[-48.007429,-22.797544],[-48.007603,-22.796984]],[[-47.712669,-22.802829],[-47.711572,-22.801162],[-47.713066,-22.798721]],[[-47.830767,-22.800713],[-47.831193,-22.800829]],[[-47.711101,-22.80278],[-47.711594,-22.801382]],[[-47.712542,-22.802751],[-47.712542,-22.802751]],[[-47.789157,-22.801425],[-47.789155,-22.801418]],[[-47.789157,-22.801425],[-47.791101,-22.802284]],[[-47.880776,-22.799776],[-47.880776,-22.799776]],[[-47.880776,-22.799776],[-47.879813,-22.799308]],[[-47.824461,-22.800781],[-47.82446,-22.800783]],[[-47.824461,-22.800781],[-47.824461,-22.800781]],[[-47.737808,-22.802272],[-47.737805,-22.802275]],[[-47.737808,-22.802272],[-47.737808,-22.802272]],[[-47.946497,-22.798481],[-47.945572,-22.79691]],[[-48.002463,-22.797426],[-48.003099,-22.79761]],[[-47.759919,-22.801804],[-47.75992,-22.801804]],[[-47.759919,-22.801804],[-47.759919,-22.801804]],[[-47.921731,-22.798909],[-47.921731,-22.798909]],[[-47.824422,-22.80066],[-47.823386,-22.799993]],[[-47.724122,-22.802404],[-47.724126,-22.802404]],[[-47.724122,-22.802404],[-47.725911,-22.803982]],[[-47.683968,-22.803067],[-47.683295,-22.803981],[-47.684261,-22.80378],[-47.683968,-22.803067]],[[-47.684679,-22.803035],[-47.685381,-22.803707]],[[-47.775592,-22.801465],[-47.775594,-22.801467]],[[-47.775592,-22.801465],[-47.777641,-22.800401]],[[-47.792389,-22.801157],[-47.792849,-22.802096]],[[-48.002477,-22.797281],[-48.002508,-22.797337]],[[-47.787863,-22.80118],[-47.787867,-22.801178]],[[-47.787863,-22.80118],[-47.788128,-22.801095]],[[-47.766348,-22.801528],[-47.766364,-22.801528]],[[-47.766348,-22.801528],[-47.766429,-22.80151]],[[-47.856516,-22.799929],[-47.853439,-22.798935]],[[-47.684117,-22.802923],[-47.681072,-22.802857]],[[-47.684141,-22.80292],[-47.684655,-22.803011]],[[-47.766429,-22.80151],[-47.766427,-22.801512]],[[-47.766429,-22.80151],[-47.766719,-22.80143]],[[-48.011688,-22.797036],[-48.012049,-22.794165]],[[-47.795169,-22.800976],[-47.795169,-22.800976]],[[-47.788128,-22.801095],[-47.787863,-22.80118]],[[-47.788128,-22.801095],[-47.788664,-22.800679]],[[-47.788124,-22.801095],[-47.788128,-22.801095]],[[-47.731307,-22.802074],[-47.731399,-22.801771]],[[-47.742267,-22.801882],[-47.742267,-22.801882]],[[-47.742331,-22.80188],[-47.743024,-22.801865]],[[-47.771044,-22.801364],[-47.775592,-22.801465]],[[-47.966528,-22.797843],[-47.969405,-22.798197],[-47.971314,-22.796832]],[[-47.966357,-22.797841],[-47.966357,-22.797841]],[[-47.737532,-22.801936],[-47.736443,-22.799948]],[[-47.752492,-22.801678],[-47.752762,-22.802296],[-47.752492,-22.801678]],[[-47.766719,-22.80143],[-47.766946,-22.801702]],[[-47.766719,-22.80143],[-47.766429,-22.80151]],[[-47.766718,-22.801428],[-47.766719,-22.80143]],[[-47.727844,-22.802096],[-47.727874,-22.802245]],[[-47.993943,-22.797318],[-47.99496,-22.798238]],[[-47.770895,-22.80134],[-47.770895,-22.80134]],[[-47.830526,-22.800291],[-47.830526,-22.800291]],[[-47.974183,-22.797666],[-47.974477,-22.799359]],[[-47.965729,-22.797788],[-47.966349,-22.797914]],[[-48.007603,-22.796984],[-48.007111,-22.797712]],[[-48.007603,-22.796984],[-48.007587,-22.795015]],[[-47.675551,-22.802889],[-47.680271,-22.802487]],[[-47.744219,-22.801691],[-47.743869,-22.803971]],[[-47.765077,-22.801328],[-47.764872,-22.802495]],[[-47.93105,-22.798359],[-47.93104,-22.798354]],[[-47.93105,-22.798359],[-47.931562,-22.799376],[-47.93105,-22.798359]],[[-47.765156,-22.801294],[-47.766701,-22.801167]],[[-47.820473,-22.80029],[-47.821201,-22.801495]],[[-47.760448,-22.801288],[-47.761762,-22.803338]],[[-47.731399,-22.801771],[-47.7314,-22.801771]],[[-47.731399,-22.801771],[-47.731399,-22.801771]],[[-47.974267,-22.797394],[-47.974267,-22.797394]],[[-47.740004,-22.801593],[-47.74195,-22.802128]],[[-47.842413,-22.799781],[-47.844509,-22.799664],[-47.844888,-22.798046],[-47.84875,-22.79589]],[[-47.809134,-22.800362],[-47.810598,-22.801305]],[[-47.7314,-22.801709],[-47.731463,-22.801457]],[[-47.814056,-22.800255],[-47.812464,-22.80298]],[[-47.743629,-22.80148],[-47.743614,-22.801469]],[[-47.74373,-22.801472],[-47.743064,-22.801889],[-47.74373,-22.801472]],[[-47.743614,-22.801469],[-47.743579,-22.801444]],[[-47.743614,-22.801469],[-47.743614,-22.801469]],[[-47.788664,-22.800679],[-47.789157,-22.801425]],[[-47.788664,-22.800679],[-47.788663,-22.800673]],[[-47.954636,-22.797687],[-47.95466,-22.797678]],[[-47.954636,-22.797687],[-47.954855,-22.797037]],[[-47.807808,-22.800333],[-47.807808,-22.800333]],[[-47.860256,-22.799396],[-47.857175,-22.79617],[-47.855895,-22.793375],[-47.852175,-22.793724]],[[-47.94735,-22.797789],[-47.945558,-22.796898],[-47.945356,-22.795574]],[[-47.680271,-22.802487],[-47.680977,-22.802798]],[[-47.744252,-22.801389],[-47.744252,-22.801389]],[[-47.755583,-22.801184],[-47.755107,-22.801226]],[[-47.918409,-22.798273],[-47.917067,-22.799391]],[[-47.957267,-22.797545],[-47.957253,-22.797536]],[[-47.957267,-22.797545],[-47.956961,-22.79678]],[[-47.979997,-22.79707],[-47.977075,-22.796351]],[[-47.773024,-22.800805],[-47.775592,-22.801465]],[[-47.872527,-22.799035],[-47.874576,-22.79777]],[[-47.924684,-22.798086],[-47.927413,-22.801391],[-47.927064,-22.802522]],[[-48.018157,-22.796301],[-48.018157,-22.796301]],[[-47.731328,-22.801434],[-47.73138,-22.801319]],[[-48.018179,-22.796229],[-48.01809,-22.795799]],[[-47.938376,-22.797712],[-47.938376,-22.797712]],[[-47.929308,-22.797848],[-47.929308,-22.797848]],[[-48.001837,-22.796495],[-48.002338,-22.797176]],[[-47.755648,-22.80092],[-47.755648,-22.80092]],[[-47.73138,-22.801319],[-47.73138,-22.801319]],[[-47.703606,-22.80177],[-47.70578,-22.800709]],[[-47.810131,-22.799882],[-47.810131,-22.799882]],[[-47.611379,-22.803247],[-47.609445,-22.803838],[-47.606866,-22.801877],[-47.604645,-22.801692],[-47.603172,-22.802722],[-47.602498,-22.801993],[-47.598853,-22.803143]],[[-47.731448,-22.801218],[-47.731477,-22.800928]],[[-47.742436,-22.801022],[-47.742806,-22.800946]],[[-47.703914,-22.801668],[-47.703914,-22.801667]],[[-47.703914,-22.801667],[-47.703914,-22.801667]],[[-47.703914,-22.801667],[-47.70426,-22.801398]],[[-47.701373,-22.801696],[-47.703029,-22.800561]],[[-47.724287,-22.801302],[-47.724122,-22.802404]],[[-47.742806,-22.800946],[-47.742806,-22.800946]],[[-47.742806,-22.800946],[-47.742808,-22.800945]],[[-47.674759,-22.802066],[-47.676308,-22.804207]],[[-47.674785,-22.802052],[-47.676316,-22.804201]],[[-47.785299,-22.800147],[-47.785412,-22.799817]],[[-47.777773,-22.800277],[-47.777777,-22.800281]],[[-47.678015,-22.80198],[-47.67813,-22.802207]],[[-47.971794,-22.796752],[-47.974543,-22.794399]],[[-47.954855,-22.797037],[-47.954865,-22.797038]],[[-47.954855,-22.797037],[-47.956627,-22.797056],[-47.959871,-22.794825]],[[-47.777878,-22.800219],[-47.778074,-22.79931]],[[-47.674734,-22.801968],[-47.673323,-22.800871]],[[-47.749256,-22.800681],[-47.748148,-22.800384]],[[-47.591287,-22.803325],[-47.590283,-22.80157],[-47.58928,-22.801462],[-47.589525,-22.804945],[-47.591213,-22.803354]],[[-47.731175,-22.800975],[-47.731386,-22.800816]],[[-47.731129,-22.800972],[-47.731129,-22.800972]],[[-47.792827,-22.799871],[-47.793556,-22.800666]],[[-47.598853,-22.803143],[-47.595084,-22.802492]],[[-47.612453,-22.802918],[-47.612224,-22.802769]],[[-47.679976,-22.801786],[-47.678304,-22.802376]],[[-47.810892,-22.799531],[-47.811605,-22.801714]],[[-47.612461,-22.802902],[-47.613434,-22.802602]],[[-47.951809,-22.796955],[-47.954636,-22.797687]],[[-47.960119,-22.7968],[-47.960116,-22.7968]],[[-47.960119,-22.7968],[-47.959871,-22.794825]],[[-47.731434,-22.800877],[-47.731879,-22.798869]],[[-47.742054,-22.800694],[-47.740894,-22.800301]],[[-47.943713,-22.797095],[-47.943713,-22.797095]],[[-47.830908,-22.799086],[-47.83542,-22.797132]],[[-47.836421,-22.798983],[-47.838786,-22.801867],[-47.838939,-22.804067]],[[-47.74235,-22.80062],[-47.74235,-22.80062]],[[-47.930852,-22.797252],[-47.926844,-22.793438]],[[-47.795311,-22.799661],[-47.795207,-22.800977]],[[-47.977075,-22.796351],[-47.977074,-22.796347]],[[-47.977075,-22.796351],[-47.977075,-22.796351]],[[-47.678339,-22.801632],[-47.678114,-22.801848]],[[-47.748034,-22.800443],[-47.7467,-22.802493]],[[-47.795402,-22.799618],[-47.795402,-22.799618]],[[-47.795797,-22.79957],[-47.796822,-22.801268]],[[-47.795794,-22.799567],[-47.795763,-22.799521]],[[-47.914914,-22.797422],[-47.912678,-22.793991],[-47.909068,-22.793761],[-47.908063,-22.79564]],[[-47.853342,-22.798536],[-47.851447,-22.796271],[-47.849444,-22.795541]],[[-47.748148,-22.800384],[-47.748148,-22.800384]],[[-47.748148,-22.800384],[-47.746698,-22.80005]],[[-47.612049,-22.802642],[-47.612049,-22.802688]],[[-47.612049,-22.802642],[-47.612049,-22.802642]],[[-47.923401,-22.797232],[-47.921738,-22.797893]],[[-47.795763,-22.799521],[-47.795191,-22.799037],[-47.795763,-22.799521]],[[-47.792354,-22.799557],[-47.790706,-22.799127]],[[-47.614426,-22.802564],[-47.614103,-22.802519]],[[-47.61443,-22.802562],[-47.614583,-22.802508]],[[-47.836177,-22.798763],[-47.838173,-22.796445]],[[-47.976768,-22.796185],[-47.975853,-22.796161]],[[-47.795389,-22.799468],[-47.795456,-22.799602]],[[-47.864837,-22.798225],[-47.865513,-22.795243]],[[-47.97573,-22.796188],[-47.974267,-22.797394]],[[-47.739964,-22.800394],[-47.739964,-22.800394]],[[-47.613788,-22.802493],[-47.614103,-22.802518]],[[-47.746355,-22.800207],[-47.744299,-22.80157]],[[-47.792559,-22.799368],[-47.792371,-22.79994],[-47.792559,-22.799368]],[[-47.71081,-22.800773],[-47.708133,-22.802242],[-47.707845,-22.803299]],[[-47.761153,-22.799902],[-47.759919,-22.801804]],[[-47.760918,-22.799904],[-47.760871,-22.799851]],[[-47.995109,-22.79565],[-47.998471,-22.793837]],[[-47.785347,-22.799446],[-47.78529,-22.799384]],[[-47.887416,-22.797604],[-47.884244,-22.795207]],[[-47.761423,-22.79982],[-47.761384,-22.799854]],[[-47.785475,-22.799401],[-47.785475,-22.799401]],[[-47.762168,-22.799795],[-47.764196,-22.801435],[-47.766348,-22.801528]],[[-47.762168,-22.799795],[-47.761132,-22.799526]],[[-47.762167,-22.799795],[-47.762168,-22.799795]],[[-47.679925,-22.801163],[-47.68009,-22.8015]],[[-47.921788,-22.796911],[-47.921788,-22.796911]],[[-47.998883,-22.795479],[-47.999059,-22.795143]],[[-47.70578,-22.800709],[-47.705781,-22.800707]],[[-47.70578,-22.800709],[-47.706198,-22.800526]],[[-47.867803,-22.797874],[-47.870229,-22.796978],[-47.870503,-22.795271]],[[-47.595084,-22.802492],[-47.595115,-22.802525]],[[-47.595084,-22.802492],[-47.592053,-22.803595]],[[-47.746604,-22.799945],[-47.745717,-22.799356],[-47.746604,-22.799945]],[[-48.000717,-22.795359],[-48.001807,-22.796469]],[[-47.707564,-22.800592],[-47.706047,-22.800544]],[[-47.78475,-22.799192],[-47.783524,-22.797987]],[[-47.706048,-22.800544],[-47.706047,-22.800544]],[[-47.706047,-22.800544],[-47.70578,-22.800709]],[[-47.706047,-22.800544],[-47.701956,-22.80017]],[[-47.615232,-22.802055],[-47.615232,-22.802055]],[[-47.921468,-22.796701],[-47.921468,-22.796701]],[[-47.727729,-22.800115],[-47.726761,-22.797583]],[[-47.710909,-22.800398],[-47.710909,-22.800398]],[[-47.761132,-22.799526],[-47.76113,-22.799526]],[[-47.761132,-22.799526],[-47.761104,-22.799491]],[[-47.736444,-22.79995],[-47.736443,-22.799948]],[[-47.736443,-22.799948],[-47.736459,-22.800656]],[[-47.736443,-22.799948],[-47.735977,-22.799393]],[[-47.751166,-22.799687],[-47.751166,-22.799687]],[[-48.01027,-22.794991],[-48.012049,-22.794165]],[[-47.793039,-22.798935],[-47.791872,-22.797074]],[[-47.916014,-22.796691],[-47.914854,-22.797888],[-47.915931,-22.79916]],[[-47.916014,-22.796691],[-47.916608,-22.795958],[-47.916014,-22.796691]],[[-47.929169,-22.796448],[-47.929169,-22.796448]],[[-47.999059,-22.795143],[-47.99906,-22.795142]],[[-47.999059,-22.795143],[-47.999059,-22.795143]],[[-48.0193,-22.794739],[-48.019838,-22.791389],[-48.021213,-22.789988]],[[-47.715681,-22.8002],[-47.714251,-22.798249]],[[-47.999232,-22.795096],[-47.999633,-22.794527]],[[-47.673307,-22.800882],[-47.674712,-22.801978]],[[-47.758411,-22.79941],[-47.758581,-22.799507]],[[-47.982154,-22.795378],[-47.982306,-22.792993]],[[-47.673268,-22.800837],[-47.671941,-22.799906]],[[-47.67329,-22.800821],[-47.671941,-22.799906]],[[-47.785234,-22.798901],[-47.785234,-22.798901]],[[-47.673234,-22.800764],[-47.673234,-22.800764]],[[-47.758144,-22.799303],[-47.757595,-22.797525]],[[-47.962514,-22.795632],[-47.962088,-22.793134]],[[-47.710045,-22.80012],[-47.706401,-22.800967],[-47.707016,-22.800694]],[[-47.965342,-22.795561],[-47.967199,-22.794395]],[[-48.000204,-22.794893],[-48.000767,-22.795286],[-48.000204,-22.794893]],[[-48.000204,-22.794893],[-48.000204,-22.794884]],[[-48.030058,-22.794319],[-48.031731,-22.796206],[-48.030984,-22.803678]],[[-47.763568,-22.799152],[-47.763188,-22.798965]],[[-47.758326,-22.79921],[-47.758326,-22.79921]],[[-47.827632,-22.797993],[-47.830274,-22.79466]],[[-47.768199,-22.798987],[-47.768173,-22.797715]],[[-47.6158,-22.80155],[-47.614576,-22.802536]],[[-47.794588,-22.798509],[-47.79574,-22.797388]],[[-47.679713,-22.800477],[-47.679854,-22.801107]],[[-47.733762,-22.799558],[-47.725821,-22.797719]],[[-47.710144,-22.799946],[-47.710144,-22.799946]],[[-47.744761,-22.799321],[-47.745709,-22.799395]],[[-48.014593,-22.794428],[-48.013895,-22.793703]],[[-47.783236,-22.798617],[-47.783236,-22.798617]],[[-47.74234,-22.799318],[-47.742795,-22.79889]],[[-47.710622,-22.799829],[-47.710623,-22.799827]],[[-47.710622,-22.799829],[-47.710622,-22.799829]],[[-47.735977,-22.799393],[-47.735974,-22.799393]],[[-47.735977,-22.799393],[-47.736408,-22.798739]],[[-47.762841,-22.798916],[-47.762168,-22.799795]],[[-47.683557,-22.800228],[-47.680271,-22.802487]],[[-47.598758,-22.801596],[-47.598853,-22.803143]],[[-47.945511,-22.795554],[-47.94551,-22.795552]],[[-47.945511,-22.795554],[-47.942089,-22.795404],[-47.940602,-22.796593],[-47.938459,-22.796597],[-47.933714,-22.794271]],[[-48.004947,-22.794437],[-48.004232,-22.795098]],[[-47.999633,-22.794527],[-48.000204,-22.794893]],[[-47.999633,-22.794527],[-47.999636,-22.794522]],[[-47.952844,-22.795396],[-47.954855,-22.797037]],[[-47.988386,-22.794725],[-47.982633,-22.793251],[-47.979919,-22.791087]],[[-47.948289,-22.79547],[-47.945511,-22.795554]],[[-47.970784,-22.79504],[-47.97226,-22.79817],[-47.974465,-22.799349],[-47.974986,-22.801183],[-47.976118,-22.801774]],[[-47.684075,-22.8001],[-47.683736,-22.800167]],[[-47.992653,-22.794589],[-47.993443,-22.792476],[-47.996274,-22.791207]],[[-47.916655,-22.795977],[-47.918369,-22.795109],[-47.919805,-22.792259]],[[-48.010157,-22.794219],[-48.010157,-22.794219]],[[-48.012049,-22.794165],[-48.012048,-22.794159]],[[-48.012049,-22.794165],[-48.013016,-22.792699]],[[-47.957414,-22.795177],[-47.958899,-22.795509]],[[-47.810586,-22.79783],[-47.810588,-22.797832]],[[-47.810586,-22.79783],[-47.810586,-22.79783]],[[-47.824084,-22.79757],[-47.824282,-22.798499]],[[-47.82408,-22.797564],[-47.824198,-22.796512]],[[-47.795782,-22.798059],[-47.796294,-22.798949]],[[-48.010352,-22.794144],[-48.010962,-22.79443]],[[-47.731554,-22.799165],[-47.731554,-22.799165]],[[-47.922701,-22.795772],[-47.919415,-22.801747]],[[-48.009963,-22.794129],[-48.010132,-22.794176]],[[-47.759261,-22.798645],[-47.759261,-22.798645]],[[-47.778145,-22.798314],[-47.778376,-22.800897],[-47.779405,-22.801832]],[[-47.810159,-22.797748],[-47.807779,-22.79818]],[[-47.744053,-22.798897],[-47.741959,-22.798293]],[[-47.955606,-22.795065],[-47.957179,-22.794922]],[[-48.004313,-22.79412],[-48.004313,-22.79412]],[[-47.735087,-22.798967],[-47.734038,-22.799589]],[[-48.029769,-22.79363],[-48.029945,-22.793807]],[[-47.8232,-22.797388],[-47.824198,-22.796512]],[[-47.735181,-22.798915],[-47.735181,-22.798915]],[[-47.79601,-22.797843],[-47.796535,-22.798578]],[[-47.79601,-22.797843],[-47.79601,-22.797843]],[[-47.957179,-22.794922],[-47.957186,-22.794922]],[[-47.957179,-22.794922],[-47.957222,-22.794995]],[[-47.795823,-22.797799],[-47.795823,-22.797799]],[[-47.6713,-22.799932],[-47.670438,-22.79996]],[[-47.959871,-22.794825],[-47.95987,-22.794823]],[[-47.959871,-22.794825],[-47.960475,-22.794369]],[[-47.671941,-22.799906],[-47.671912,-22.799904]],[[-47.795854,-22.797751],[-47.795822,-22.797794]],[[-47.735554,-22.798788],[-47.735131,-22.79893]],[[-47.783487,-22.797941],[-47.782478,-22.797407]],[[-47.908045,-22.795692],[-47.907281,-22.798226],[-47.903533,-22.800867],[-47.900658,-22.806535],[-47.897918,-22.807464],[-47.897762,-22.806666],[-47.896043,-22.806534],[-47.892963,-22.808574]],[[-48.013895,-22.793703],[-48.013895,-22.793703]],[[-47.898959,-22.795809],[-47.899683,-22.799416],[-47.902396,-22.800509]],[[-47.795872,-22.79765],[-47.795988,-22.796938]],[[-48.004785,-22.793836],[-48.005016,-22.794398],[-48.004785,-22.793836]],[[-47.788163,-22.79777],[-47.788664,-22.800679]],[[-47.712394,-22.799075],[-47.712392,-22.799073]],[[-47.733252,-22.798717],[-47.733252,-22.798717]],[[-47.712392,-22.799073],[-47.710622,-22.799829]],[[-47.712392,-22.799073],[-47.71066,-22.797841]],[[-47.772375,-22.798038],[-47.771477,-22.79937]],[[-47.974647,-22.794341],[-47.975085,-22.792821],[-47.97688,-22.791592]],[[-47.756806,-22.798239],[-47.756413,-22.79895],[-47.752589,-22.798823],[-47.749214,-22.800589]],[[-47.671343,-22.799658],[-47.670246,-22.799765]],[[-47.998471,-22.793837],[-47.999633,-22.794527]],[[-47.998471,-22.793837],[-47.998475,-22.79384]],[[-48.013748,-22.793536],[-48.013544,-22.792448]],[[-47.668057,-22.799686],[-47.669374,-22.803393],[-47.667106,-22.801144],[-47.666922,-22.79922]],[[-47.74421,-22.798387],[-47.743569,-22.797309]],[[-47.812111,-22.797197],[-47.810519,-22.796056]],[[-47.744247,-22.798371],[-47.74477,-22.799321],[-47.744247,-22.798371]],[[-48.000696,-22.793748],[-48.000696,-22.793748]],[[-47.96728,-22.794356],[-47.969385,-22.792451]],[[-47.795699,-22.797412],[-47.795229,-22.799038]],[[-47.678199,-22.799391],[-47.678199,-22.799391]],[[-47.772808,-22.797756],[-47.772919,-22.797582]],[[-47.960475,-22.794369],[-47.96048,-22.794373]],[[-47.960475,-22.794369],[-47.961391,-22.793814]],[[-47.772636,-22.797737],[-47.773216,-22.79813],[-47.772636,-22.797737]],[[-47.781978,-22.797553],[-47.781978,-22.797553]],[[-47.73887,-22.798265],[-47.735428,-22.798797],[-47.735977,-22.799393]],[[-47.719602,-22.798528],[-47.720969,-22.797123]],[[-48.004907,-22.793399],[-48.004907,-22.793399]],[[-47.687172,-22.799066],[-47.68455,-22.799937]],[[-47.773014,-22.797584],[-47.776581,-22.794733]],[[-47.782361,-22.797368],[-47.777983,-22.797263],[-47.777407,-22.796106]],[[-47.918468,-22.794878],[-47.920383,-22.795145]],[[-48.01892,-22.793002],[-48.019838,-22.791412]],[[-47.739404,-22.798016],[-47.739404,-22.798016]],[[-47.688359,-22.798876],[-47.688359,-22.798876]],[[-47.792828,-22.797075],[-47.791872,-22.797074]],[[-47.824198,-22.796512],[-47.824197,-22.796508]],[[-47.824198,-22.796512],[-47.824976,-22.792322],[-47.826308,-22.790489],[-47.830053,-22.790407]],[[-47.791872,-22.797074],[-47.791871,-22.797072]],[[-47.791872,-22.797074],[-47.790483,-22.797094]],[[-47.790483,-22.797094],[-47.790472,-22.797101]],[[-47.790483,-22.797094],[-47.789897,-22.797404]],[[-47.819837,-22.796547],[-47.818745,-22.794699]],[[-47.703768,-22.798528],[-47.707284,-22.796026],[-47.709314,-22.793277]],[[-47.795989,-22.796935],[-47.79625,-22.79665]],[[-48.005137,-22.793018],[-48.005137,-22.793018]],[[-47.961391,-22.793814],[-47.961402,-22.793813]],[[-47.961391,-22.793814],[-47.964758,-22.79127],[-47.969098,-22.792048]],[[-47.679513,-22.798739],[-47.679513,-22.798739]],[[-47.796746,-22.796717],[-47.797137,-22.79703]],[[-47.787908,-22.796841],[-47.788336,-22.797613]],[[-47.787908,-22.796841],[-47.787897,-22.796839]],[[-47.788282,-22.79681],[-47.789941,-22.797435],[-47.791933,-22.800936]],[[-47.788282,-22.79681],[-47.787908,-22.796841]],[[-47.788281,-22.796809],[-47.788282,-22.79681]],[[-47.679417,-22.798672],[-47.679417,-22.798672]],[[-48.013016,-22.792699],[-48.013534,-22.792403]],[[-47.752076,-22.797403],[-47.753788,-22.798686]],[[-47.752076,-22.797403],[-47.752077,-22.797407]],[[-47.679481,-22.798599],[-47.679481,-22.798599]],[[-47.783096,-22.796805],[-47.783096,-22.796805]],[[-48.027692,-22.792345],[-48.027692,-22.792345]],[[-48.027692,-22.792345],[-48.029758,-22.793625],[-48.027612,-22.791535],[-48.027692,-22.792345]],[[-47.679626,-22.798548],[-47.679626,-22.798548]],[[-47.923104,-22.794245],[-47.923253,-22.793636]],[[-47.725559,-22.797743],[-47.723677,-22.798821]],[[-47.760392,-22.797125],[-47.761132,-22.799526]],[[-47.725617,-22.797718],[-47.725617,-22.797718]],[[-47.849444,-22.795541],[-47.848843,-22.795931]],[[-47.849444,-22.795541],[-47.849443,-22.795541]],[[-47.796433,-22.796472],[-47.796433,-22.796472]],[[-47.654087,-22.798892],[-47.656156,-22.797006],[-47.658091,-22.799797],[-47.659581,-22.798566]],[[-47.783252,-22.796673],[-47.783252,-22.796673]],[[-47.679289,-22.798448],[-47.679289,-22.798448]],[[-47.970683,-22.79328],[-47.970673,-22.79506]],[[-47.744068,-22.797332],[-47.743816,-22.797728]],[[-47.796407,-22.796403],[-47.796433,-22.796472]],[[-47.679338,-22.798409],[-47.679338,-22.798409]],[[-48.028092,-22.79212],[-48.02691,-22.790885],[-48.026986,-22.788248]],[[-47.701339,-22.79799],[-47.702338,-22.795493],[-47.706392,-22.792715]],[[-47.701228,-22.797973],[-47.701228,-22.797973]],[[-47.71482,-22.797733],[-47.71482,-22.797733]],[[-47.88439,-22.794716],[-47.884388,-22.794725]],[[-47.88439,-22.794716],[-47.883574,-22.796262],[-47.881625,-22.796854]],[[-47.740986,-22.797227],[-47.741585,-22.796478]],[[-47.653235,-22.798703],[-47.653235,-22.798703]],[[-47.653235,-22.798703],[-47.654031,-22.798868]],[[-47.659581,-22.798565],[-47.659761,-22.798454]],[[-48.011278,-22.792305],[-48.013016,-22.792699]],[[-47.848388,-22.79529],[-47.850034,-22.791932],[-47.84813,-22.788831],[-47.848027,-22.786834]],[[-47.659798,-22.798539],[-47.65962,-22.798646]],[[-48.013569,-22.792239],[-48.016049,-22.789421]],[[-48.007956,-22.792324],[-48.012713,-22.786854]],[[-47.789491,-22.796294],[-47.788282,-22.79681]],[[-47.741851,-22.79712],[-47.741714,-22.796516]],[[-48.011089,-22.792252],[-48.011089,-22.792252]],[[-47.954719,-22.793303],[-47.957179,-22.794922]],[[-47.992574,-22.792577],[-47.992574,-22.792577]],[[-47.990585,-22.792612],[-47.992548,-22.792584]],[[-47.992885,-22.792556],[-47.993225,-22.792698]],[[-47.914823,-22.793975],[-47.913708,-22.79518]],[[-47.948294,-22.793357],[-47.945511,-22.795554]],[[-47.759398,-22.796701],[-47.759398,-22.796701]],[[-47.659897,-22.798381],[-47.659874,-22.798431]],[[-47.704422,-22.797604],[-47.704422,-22.797604]],[[-47.75056,-22.796813],[-47.752076,-22.797403]],[[-47.659835,-22.798343],[-47.659865,-22.798308]],[[-47.881834,-22.794427],[-47.882415,-22.796109],[-47.879995,-22.798803]],[[-47.943787,-22.793275],[-47.943263,-22.795602]],[[-47.986959,-22.79246],[-47.986959,-22.79246]],[[-47.65996,-22.798242],[-47.661281,-22.797306],[-47.661988,-22.798013]],[[-47.970176,-22.792717],[-47.970174,-22.792715]],[[-47.970174,-22.792715],[-47.970683,-22.793277]],[[-47.970174,-22.792715],[-47.96819,-22.789971],[-47.967739,-22.783586]],[[-47.681753,-22.797812],[-47.681904,-22.798047]],[[-47.888423,-22.794166],[-47.886477,-22.793646],[-47.88439,-22.794716]],[[-47.742666,-22.79673],[-47.741775,-22.794934],[-47.742475,-22.792867],[-47.743638,-22.792487]],[[-47.780096,-22.796075],[-47.780096,-22.796075]],[[-47.926844,-22.793438],[-47.926847,-22.793435]],[[-47.926844,-22.793438],[-47.925426,-22.790057],[-47.923518,-22.788434],[-47.924163,-22.785387]],[[-47.940891,-22.793174],[-47.939887,-22.79598],[-47.9379,-22.7962]],[[-47.735046,-22.796838],[-47.732023,-22.798971]],[[-48.0276,-22.791539],[-48.027373,-22.791515]],[[-47.662069,-22.798047],[-47.662037,-22.79802]],[[-47.81795,-22.795337],[-47.817957,-22.798662]],[[-47.679369,-22.797708],[-47.679369,-22.797708]],[[-47.715538,-22.797093],[-47.712392,-22.799073]],[[-47.791708,-22.795757],[-47.790483,-22.797094]],[[-47.821587,-22.795218],[-47.821189,-22.792868]],[[-47.871447,-22.794322],[-47.872903,-22.794305],[-47.874586,-22.797819],[-47.877276,-22.798643],[-47.878517,-22.800361]],[[-47.915017,-22.793524],[-47.915214,-22.794223],[-47.915017,-22.793524]],[[-47.915166,-22.793502],[-47.917591,-22.791098]],[[-47.611357,-22.798767],[-47.609626,-22.79916]],[[-47.662128,-22.797903],[-47.662084,-22.797899]],[[-47.662034,-22.797902],[-47.662241,-22.797302]],[[-47.923217,-22.79332],[-47.924717,-22.792549]],[[-47.752294,-22.796351],[-47.752076,-22.797403]],[[-47.969385,-22.792451],[-47.970174,-22.792715]],[[-47.969385,-22.792451],[-47.969385,-22.79245]],[[-47.741714,-22.796516],[-47.741719,-22.796512]],[[-47.741714,-22.796516],[-47.741714,-22.796516]],[[-47.986902,-22.792091],[-47.986902,-22.792091]],[[-47.796538,-22.79554],[-47.796255,-22.796648]],[[-47.867826,-22.794267],[-47.867803,-22.797856],[-47.866261,-22.79965]],[[-47.617041,-22.798575],[-47.613633,-22.805293]],[[-47.99707,-22.791853],[-47.998471,-22.793837]],[[-47.750312,-22.7963],[-47.750889,-22.794934]],[[-47.750503,-22.796297],[-47.749926,-22.796069],[-47.750503,-22.796297]],[[-47.846896,-22.794593],[-47.848708,-22.795891]],[[-47.735034,-22.796549],[-47.735034,-22.796549]],[[-47.779468,-22.795747],[-47.779468,-22.795747]],[[-47.727768,-22.796631],[-47.727352,-22.797794]],[[-47.796668,-22.795434],[-47.796668,-22.795434]],[[-47.740634,-22.796392],[-47.741829,-22.795563]],[[-47.741892,-22.79633],[-47.741649,-22.795893]],[[-47.62843,-22.79822],[-47.626378,-22.800116]],[[-47.795456,-22.795372],[-47.795456,-22.795372]],[[-48.024104,-22.791175],[-48.025708,-22.790866]],[[-47.735329,-22.796373],[-47.735329,-22.796373]],[[-47.739598,-22.7963],[-47.739633,-22.796765]],[[-47.718151,-22.796664],[-47.718151,-22.796664]],[[-47.721367,-22.796543],[-47.721367,-22.796543]],[[-47.749891,-22.796045],[-47.745404,-22.795329]],[[-47.779144,-22.795538],[-47.779144,-22.795538]],[[-47.763789,-22.795742],[-47.765383,-22.79802]],[[-48.003947,-22.791385],[-48.003995,-22.790667]],[[-47.982149,-22.791777],[-47.982149,-22.791777]],[[-47.996807,-22.791474],[-47.996809,-22.79148]],[[-47.996807,-22.791474],[-47.996844,-22.791499]],[[-48.025781,-22.790894],[-48.027382,-22.791516]],[[-48.025708,-22.790866],[-48.024198,-22.795758]],[[-48.025708,-22.790866],[-48.025702,-22.790861]],[[-48.02571,-22.790864],[-48.025708,-22.790866]],[[-47.839138,-22.794262],[-47.840776,-22.793428],[-47.842136,-22.794719],[-47.842756,-22.803755]],[[-47.739659,-22.796001],[-47.739659,-22.796001]],[[-47.739674,-22.795998],[-47.739377,-22.794556],[-47.739583,-22.795132]],[[-47.996486,-22.791351],[-47.996807,-22.791474]],[[-47.66225,-22.797277],[-47.659917,-22.79814]],[[-47.830455,-22.794361],[-47.830284,-22.794667]],[[-47.757556,-22.795611],[-47.757556,-22.795612]],[[-47.757556,-22.795611],[-47.757748,-22.797549],[-47.754453,-22.80193],[-47.755254,-22.802692],[-47.754898,-22.804007]],[[-47.792358,-22.794961],[-47.792509,-22.793721]],[[-47.764711,-22.795436],[-47.764711,-22.795436]],[[-47.731801,-22.796001],[-47.730593,-22.79835]],[[-47.97688,-22.791592],[-47.976878,-22.791596]],[[-47.97688,-22.791592],[-47.980029,-22.791021],[-47.982003,-22.788465]],[[-47.768051,-22.79528],[-47.768796,-22.799444]],[[-47.731988,-22.795894],[-47.732686,-22.794787]],[[-47.718131,-22.796117],[-47.718131,-22.796117]],[[-47.739455,-22.795747],[-47.738983,-22.796168]],[[-47.654912,-22.797175],[-47.654912,-22.797175]],[[-47.993892,-22.79115],[-47.993892,-22.79115]],[[-47.956346,-22.791843],[-47.959166,-22.794851],[-47.960475,-22.794369]],[[-47.65431,-22.797138],[-47.65431,-22.797138]],[[-47.997487,-22.791023],[-47.997487,-22.791023]],[[-47.797331,-22.79465],[-47.796668,-22.795434]],[[-47.731928,-22.795777],[-47.731928,-22.795777]],[[-47.728215,-22.795793],[-47.72788,-22.796512]],[[-47.754895,-22.795299],[-47.754895,-22.795299]],[[-47.655315,-22.796969],[-47.655315,-22.796969]],[[-47.767991,-22.795042],[-47.767991,-22.795041]],[[-47.767991,-22.795042],[-47.767991,-22.795042]],[[-47.754231,-22.795278],[-47.755689,-22.796217],[-47.757556,-22.795611]],[[-47.735442,-22.795571],[-47.734811,-22.796059],[-47.735442,-22.795571]],[[-47.61331,-22.797615],[-47.611579,-22.798709]],[[-47.860247,-22.793374],[-47.863858,-22.793811]],[[-47.613243,-22.797609],[-47.610994,-22.797668]],[[-47.793438,-22.794543],[-47.793895,-22.794676]],[[-47.769899,-22.794941],[-47.771452,-22.793247]],[[-47.701837,-22.796103],[-47.699925,-22.796412]],[[-48.003995,-22.790667],[-48.003995,-22.790664]],[[-48.003995,-22.790667],[-48.003995,-22.790667]],[[-47.767922,-22.794932],[-47.767991,-22.795042]],[[-48.017998,-22.790393],[-48.019458,-22.789757]],[[-47.798834,-22.794329],[-47.799191,-22.794788]],[[-47.7272,-22.795558],[-47.727437,-22.796841]],[[-47.859918,-22.793203],[-47.862711,-22.791926]],[[-47.951326,-22.791533],[-47.950317,-22.789245]],[[-47.79339,-22.794378],[-47.79339,-22.794378]],[[-47.7829,-22.79454],[-47.782005,-22.794737]],[[-47.855636,-22.79325],[-47.856285,-22.792899]],[[-47.810221,-22.794054],[-47.812586,-22.792765],[-47.815429,-22.789089],[-47.818755,-22.787734],[-47.82033,-22.7884]],[[-47.719909,-22.79562],[-47.720928,-22.797116],[-47.722486,-22.797192],[-47.722591,-22.798582],[-47.724954,-22.800458],[-47.724408,-22.801256]],[[-47.727212,-22.795491],[-47.727212,-22.795491]],[[-47.766139,-22.794818],[-47.766139,-22.794818]],[[-48.017765,-22.79025],[-48.017868,-22.790316]],[[-48.017765,-22.79025],[-48.017092,-22.79008]],[[-48.017731,-22.790236],[-48.017765,-22.79025]],[[-47.764423,-22.794796],[-47.764423,-22.794796]],[[-47.719798,-22.795532],[-47.719788,-22.795529]],[[-48.00373,-22.790403],[-48.004215,-22.786628]],[[-47.798378,-22.794102],[-47.798378,-22.794102]],[[-47.719672,-22.795446],[-47.719672,-22.795446]],[[-47.719672,-22.795446],[-47.719672,-22.795444]],[[-48.017769,-22.790075],[-48.018417,-22.789774]],[[-47.95797,-22.791195],[-47.961391,-22.793814]],[[-47.785033,-22.794287],[-47.785033,-22.794287]],[[-47.923252,-22.7918],[-47.921377,-22.791251]],[[-48.021367,-22.789948],[-48.023435,-22.789859]],[[-47.654676,-22.796453],[-47.654453,-22.797305],[-47.654676,-22.796453]],[[-47.716082,-22.795416],[-47.716082,-22.795416]],[[-47.785246,-22.794202],[-47.785246,-22.794202]],[[-47.741275,-22.794964],[-47.741827,-22.794807]],[[-48.023435,-22.789859],[-48.023435,-22.789864]],[[-48.023435,-22.789859],[-48.024023,-22.791359],[-48.023435,-22.789859]],[[-47.786983,-22.794161],[-47.786983,-22.794161]],[[-47.719534,-22.795326],[-47.719672,-22.795446]],[[-48.000053,-22.790272],[-48.000121,-22.78974]],[[-48.021061,-22.789866],[-48.021061,-22.789867]],[[-48.021061,-22.789866],[-48.021061,-22.789866]],[[-47.872049,-22.792612],[-47.872013,-22.791884]],[[-47.727174,-22.795127],[-47.727203,-22.795488]],[[-47.924013,-22.791636],[-47.926844,-22.793438]],[[-47.935194,-22.791428],[-47.939386,-22.792402]],[[-47.800172,-22.793842],[-47.800172,-22.793842]],[[-48.020315,-22.789814],[-48.020315,-22.789814]],[[-47.856384,-22.792827],[-47.858879,-22.791728]],[[-47.800188,-22.793817],[-47.799451,-22.792931]],[[-48.006338,-22.79004],[-48.007268,-22.788761]],[[-47.879374,-22.792382],[-47.878173,-22.793528]],[[-47.982215,-22.790481],[-47.980941,-22.790013]],[[-47.76358,-22.7944],[-47.763851,-22.795734],[-47.76358,-22.7944]],[[-47.92388,-22.791536],[-47.92322,-22.791698],[-47.92388,-22.791536]],[[-47.682868,-22.79574],[-47.68223,-22.797354]],[[-47.759943,-22.79441],[-47.76038,-22.797012]],[[-47.682882,-22.795722],[-47.683292,-22.794765]],[[-47.948569,-22.79102],[-47.949849,-22.789698]],[[-47.719243,-22.795089],[-47.719459,-22.795323]],[[-47.719243,-22.795089],[-47.719243,-22.795089]],[[-47.710976,-22.79523],[-47.710117,-22.79489]],[[-47.711076,-22.795198],[-47.711076,-22.795198]],[[-48.018352,-22.78966],[-48.018381,-22.789698]],[[-48.018352,-22.78966],[-48.018352,-22.78966]],[[-48.01835,-22.789657],[-48.018352,-22.78966]],[[-48.018076,-22.789662],[-48.017217,-22.78943],[-48.01799,-22.785742]],[[-47.717594,-22.795058],[-47.717594,-22.795058]],[[-47.717594,-22.795058],[-47.715597,-22.796937]],[[-48.019567,-22.789607],[-48.019953,-22.789642]],[[-47.792509,-22.793721],[-47.79339,-22.794378]],[[-47.792509,-22.793721],[-47.792119,-22.79319]],[[-47.792505,-22.79372],[-47.792509,-22.793721]],[[-47.727248,-22.794849],[-47.727189,-22.794991]],[[-47.877921,-22.7922],[-47.878551,-22.796439],[-47.879992,-22.79884],[-47.878517,-22.800361]],[[-47.858466,-22.792525],[-47.862055,-22.795897]],[[-47.930598,-22.791211],[-47.933287,-22.794577]],[[-47.760019,-22.794223],[-47.757556,-22.795611]],[[-47.906529,-22.791618],[-47.896895,-22.791512]],[[-47.799502,-22.793531],[-47.798823,-22.792556]],[[-47.665083,-22.795809],[-47.66509,-22.795801]],[[-47.995739,-22.789916],[-47.996807,-22.791474]],[[-47.739681,-22.794517],[-47.74055,-22.792627],[-47.743129,-22.791486]],[[-47.665139,-22.795755],[-47.668367,-22.792919]],[[-48.021448,-22.789396],[-48.021061,-22.789866]],[[-47.727259,-22.794691],[-47.727238,-22.794759]],[[-47.995683,-22.789859],[-47.992595,-22.786434]],[[-47.835505,-22.792785],[-47.834888,-22.794845],[-47.835622,-22.796516]],[[-48.019419,-22.789406],[-48.019686,-22.790195],[-48.019419,-22.789406]],[[-48.000121,-22.78974],[-48.000121,-22.789739]],[[-48.000121,-22.78974],[-48.000121,-22.78974]],[[-48.021646,-22.78929],[-48.021646,-22.789288]],[[-48.021646,-22.78929],[-48.021646,-22.78929]],[[-47.710122,-22.794887],[-47.709793,-22.793276]],[[-47.782057,-22.793633],[-47.780943,-22.796534],[-47.77957,-22.797011]],[[-48.026306,-22.789177],[-48.026595,-22.789916],[-48.026306,-22.789177]],[[-47.925468,-22.791057],[-47.926968,-22.788212],[-47.925964,-22.785651]],[[-47.735889,-22.794399],[-47.735889,-22.794399]],[[-47.676448,-22.795387],[-47.676448,-22.795387]],[[-47.789299,-22.793451],[-47.789299,-22.793451]],[[-47.812111,-22.793028],[-47.812381,-22.794696]],[[-47.821189,-22.792868],[-47.818055,-22.795289],[-47.810586,-22.79783]],[[-47.821189,-22.792868],[-47.821184,-22.79286]],[[-47.86193,-22.792138],[-47.862569,-22.79216]],[[-47.92292,-22.790952],[-47.923329,-22.791431]],[[-47.613112,-22.796276],[-47.613372,-22.797237]],[[-48.000267,-22.789457],[-48.002018,-22.786332],[-48.004343,-22.786055]],[[-47.781681,-22.79341],[-47.781681,-22.79341]],[[-47.815211,-22.792821],[-47.813778,-22.791054]],[[-47.647469,-22.795677],[-47.647469,-22.795677]],[[-47.814523,-22.792795],[-47.814523,-22.792795]],[[-47.735994,-22.794151],[-47.737119,-22.794156]],[[-47.982495,-22.789725],[-47.982495,-22.789725]],[[-48.016298,-22.789082],[-48.016298,-22.789082]],[[-47.737326,-22.794113],[-47.739937,-22.793502]],[[-47.73593,-22.794121],[-47.73593,-22.794121]],[[-48.015954,-22.789042],[-48.015954,-22.789042]],[[-47.647791,-22.795524],[-47.647791,-22.795524]],[[-47.737876,-22.793993],[-47.736914,-22.79565]],[[-47.984428,-22.789563],[-47.983825,-22.78966],[-47.984428,-22.789563]],[[-47.77559,-22.793324],[-47.77559,-22.793324]],[[-47.983808,-22.789536],[-47.98231,-22.790484]],[[-47.973289,-22.789706],[-47.972317,-22.789717]],[[-47.972317,-22.789717],[-47.970587,-22.792435],[-47.969607,-22.792575]],[[-47.972317,-22.789717],[-47.972317,-22.789716]],[[-48.016209,-22.788874],[-48.016209,-22.788874]],[[-47.884849,-22.791303],[-47.88439,-22.794716]],[[-47.771446,-22.793249],[-47.771452,-22.793247]],[[-47.771452,-22.793247],[-47.771243,-22.793432]],[[-47.771452,-22.793247],[-47.773608,-22.79139]],[[-47.744978,-22.793692],[-47.743635,-22.792559]],[[-47.858889,-22.791682],[-47.859788,-22.789368],[-47.861547,-22.78795]],[[-47.697923,-22.79448],[-47.697606,-22.793622]],[[-47.79776,-22.792757],[-47.799929,-22.792134]],[[-47.718406,-22.794091],[-47.719243,-22.795089]],[[-47.718406,-22.794091],[-47.717594,-22.795058]],[[-47.718406,-22.794086],[-47.718406,-22.794091]],[[-47.79925,-22.792647],[-47.79925,-22.792647]],[[-47.737402,-22.793717],[-47.737731,-22.793993]],[[-47.799246,-22.792629],[-47.798823,-22.792556]],[[-47.781873,-22.792911],[-47.782007,-22.79313]],[[-47.745102,-22.793545],[-47.745102,-22.793545]],[[-47.998826,-22.78897],[-48.000339,-22.788863]],[[-47.931442,-22.790194],[-47.934752,-22.79164]],[[-47.798823,-22.792556],[-47.798818,-22.792554]],[[-47.798823,-22.792556],[-47.798646,-22.792435]],[[-47.747988,-22.793432],[-47.747837,-22.793559]],[[-47.747335,-22.793428],[-47.747335,-22.793428]],[[-47.776833,-22.792904],[-47.776833,-22.792904]],[[-47.737256,-22.79356],[-47.737256,-22.79356]],[[-47.943885,-22.789847],[-47.939705,-22.787629]],[[-47.987629,-22.789032],[-47.984507,-22.789589]],[[-47.676439,-22.794546],[-47.675518,-22.795586],[-47.676439,-22.794546]],[[-47.969931,-22.789326],[-47.968884,-22.790149],[-47.968992,-22.791779]],[[-47.949849,-22.789698],[-47.94986,-22.789693]],[[-47.949849,-22.789698],[-47.950317,-22.789245]],[[-48.031592,-22.788153],[-48.027816,-22.787531],[-48.026986,-22.788248]],[[-47.765495,-22.79299],[-47.765495,-22.79299]],[[-47.797311,-22.792426],[-47.797342,-22.794406]],[[-47.773222,-22.792842],[-47.773222,-22.792842]],[[-47.646897,-22.79499],[-47.646897,-22.79499]],[[-47.762806,-22.793012],[-47.763198,-22.794694]],[[-47.948473,-22.789685],[-47.949849,-22.789698]],[[-47.908209,-22.790422],[-47.906621,-22.791595]],[[-48.016074,-22.788417],[-48.016074,-22.788417]],[[-47.913228,-22.790314],[-47.909304,-22.793689]],[[-47.748143,-22.793243],[-47.748469,-22.791549]],[[-47.744148,-22.7933],[-47.743796,-22.795698]],[[-47.648834,-22.79491],[-47.650371,-22.79542],[-47.650493,-22.797933],[-47.652788,-22.797925],[-47.653235,-22.798703]],[[-47.982417,-22.789006],[-47.982417,-22.789006]],[[-47.792474,-22.792446],[-47.79206,-22.793139]],[[-47.792479,-22.792438],[-47.793884,-22.790846]],[[-47.748244,-22.793193],[-47.748244,-22.793193]],[[-47.991121,-22.788815],[-47.991121,-22.788815]],[[-47.762749,-22.792935],[-47.761662,-22.792046]],[[-47.968552,-22.789211],[-47.968552,-22.789215]],[[-47.968552,-22.789211],[-47.969006,-22.790737]],[[-47.794304,-22.792354],[-47.793884,-22.790846]],[[-47.936176,-22.789802],[-47.936174,-22.789804]],[[-47.936176,-22.789802],[-47.936176,-22.789802]],[[-47.7511,-22.793101],[-47.751225,-22.792713]],[[-47.936057,-22.789774],[-47.936176,-22.789802]],[[-47.776603,-22.792606],[-47.776122,-22.792324]],[[-47.697378,-22.793962],[-47.697261,-22.794758]],[[-47.936273,-22.789738],[-47.938054,-22.789594],[-47.939685,-22.791087]],[[-47.822361,-22.791791],[-47.821189,-22.792868]],[[-47.836236,-22.791505],[-47.832486,-22.790044]],[[-47.762256,-22.792776],[-47.762256,-22.792776]],[[-48.007553,-22.78829],[-48.009007,-22.784631]],[[-47.776824,-22.792467],[-47.776592,-22.793275],[-47.776824,-22.792467]],[[-47.736302,-22.79314],[-47.737173,-22.793607]],[[-47.935842,-22.789588],[-47.934491,-22.787229]],[[-47.96154,-22.789097],[-47.96154,-22.789097]],[[-47.935905,-22.78956],[-47.93395,-22.793929],[-47.930726,-22.797371],[-47.93105,-22.798359]],[[-47.961627,-22.789053],[-47.962378,-22.78834]],[[-47.950317,-22.789245],[-47.950317,-22.789241]],[[-47.950317,-22.789245],[-47.950726,-22.78857]],[[-47.699411,-22.793684],[-47.699335,-22.793021]],[[-47.908243,-22.790006],[-47.90824,-22.792642],[-47.909301,-22.79303]],[[-47.653255,-22.794396],[-47.653128,-22.794999]],[[-48.032437,-22.787629],[-48.032437,-22.787629]],[[-47.786741,-22.792097],[-47.78658,-22.79541],[-47.787908,-22.796841]],[[-47.751225,-22.792713],[-47.751225,-22.792713]],[[-47.777486,-22.792252],[-47.777106,-22.792524]],[[-47.697606,-22.793622],[-47.696712,-22.794372]],[[-47.697606,-22.793622],[-47.697606,-22.79362]],[[-47.78985,-22.791974],[-47.788968,-22.791352]],[[-47.697687,-22.793554],[-47.697606,-22.793622]],[[-47.733286,-22.792938],[-47.733289,-22.792937]],[[-47.733289,-22.792937],[-47.733289,-22.792937]],[[-47.733289,-22.792937],[-47.733752,-22.792811]],[[-47.7901,-22.791952],[-47.790367,-22.792001]],[[-47.761498,-22.792444],[-47.76037,-22.793903]],[[-47.77781,-22.792134],[-47.77781,-22.792141]],[[-47.77781,-22.792134],[-47.77781,-22.792134]],[[-47.783963,-22.792007],[-47.783963,-22.792007]],[[-47.709314,-22.793277],[-47.709316,-22.793275]],[[-47.709314,-22.793277],[-47.711205,-22.791922],[-47.711995,-22.790422],[-47.711489,-22.788814],[-47.71396,-22.787765],[-47.715075,-22.784684]],[[-47.733059,-22.792869],[-47.729971,-22.793036],[-47.724842,-22.791373]],[[-47.981052,-22.788405],[-47.982461,-22.788242],[-47.982911,-22.786509],[-47.981504,-22.787383],[-47.980486,-22.786759],[-47.981052,-22.788405]],[[-47.926418,-22.78941],[-47.928551,-22.788528]],[[-48.015189,-22.787751],[-48.015877,-22.788343],[-48.015315,-22.789035],[-48.015189,-22.787751]],[[-48.015189,-22.787751],[-48.015188,-22.787747]],[[-47.716272,-22.793122],[-47.71722,-22.793248],[-47.718199,-22.791833]],[[-48.015188,-22.787747],[-48.015189,-22.787751]],[[-48.015188,-22.787747],[-48.015188,-22.787747]],[[-47.989941,-22.788207],[-47.99022,-22.787122]],[[-47.701227,-22.793346],[-47.701227,-22.793346]],[[-47.707979,-22.793228],[-47.709314,-22.793277]],[[-47.701336,-22.793338],[-47.705185,-22.792478],[-47.70796,-22.79319],[-47.707135,-22.792983]],[[-47.72824,-22.792874],[-47.72824,-22.792874]],[[-47.75114,-22.79247],[-47.753771,-22.791338]],[[-47.789973,-22.791795],[-47.789973,-22.791795]],[[-47.779991,-22.791952],[-47.77781,-22.792134]],[[-47.969434,-22.788525],[-47.968552,-22.789211]],[[-47.921322,-22.789414],[-47.92364,-22.788736]],[[-47.743635,-22.792559],[-47.743654,-22.792569]],[[-48.026642,-22.787383],[-48.026986,-22.788248]],[[-47.936257,-22.789071],[-47.936995,-22.786779],[-47.938248,-22.786444]],[[-47.766219,-22.792112],[-47.767823,-22.794852]],[[-47.743638,-22.792487],[-47.743635,-22.792559]],[[-47.743638,-22.792487],[-47.744866,-22.791612]],[[-47.743637,-22.792483],[-47.743638,-22.792487]],[[-47.97263,-22.788371],[-47.972317,-22.789717]],[[-47.976894,-22.788271],[-47.97688,-22.791592]],[[-47.976894,-22.788271],[-47.976895,-22.788274]],[[-47.761651,-22.792133],[-47.761609,-22.792328]],[[-47.819084,-22.791116],[-47.821559,-22.788887]],[[-47.780157,-22.79179],[-47.780157,-22.79179]],[[-47.761526,-22.79209],[-47.760556,-22.791994]],[[-47.772709,-22.791884],[-47.772709,-22.791884]],[[-47.761659,-22.792071],[-47.761659,-22.792071]],[[-47.766194,-22.791981],[-47.766234,-22.79204]],[[-47.761662,-22.792046],[-47.761659,-22.792071]],[[-47.761662,-22.792046],[-47.761653,-22.79205]],[[-47.795294,-22.791439],[-47.794831,-22.790319]],[[-47.950726,-22.78857],[-47.950732,-22.78857]],[[-47.950726,-22.78857],[-47.95211,-22.787026]],[[-47.772928,-22.791761],[-47.772928,-22.791761]],[[-47.962845,-22.788326],[-47.962915,-22.786764]],[[-47.853392,-22.790321],[-47.852991,-22.792983],[-47.849444,-22.795541]],[[-47.853392,-22.790321],[-47.853237,-22.790211]],[[-47.853392,-22.79032],[-47.853392,-22.790321]],[[-47.918946,-22.789123],[-47.917262,-22.787375]],[[-47.760499,-22.791924],[-47.75855,-22.791366]],[[-47.716117,-22.792685],[-47.716117,-22.792685]],[[-47.898946,-22.789457],[-47.898946,-22.789457]],[[-48.032727,-22.786923],[-48.032727,-22.786923]],[[-47.853237,-22.790211],[-47.853392,-22.790321]],[[-47.853237,-22.790211],[-47.853238,-22.790209]],[[-47.989067,-22.787706],[-47.992595,-22.786434]],[[-47.977215,-22.787918],[-47.977217,-22.78792]],[[-47.977215,-22.787918],[-47.976894,-22.788271]],[[-47.800692,-22.791106],[-47.799478,-22.789709]],[[-47.740348,-22.792136],[-47.741482,-22.792162]],[[-47.763124,-22.791737],[-47.763124,-22.791737]],[[-47.766347,-22.791669],[-47.76504,-22.789121]],[[-48.026573,-22.786936],[-48.026862,-22.786747]],[[-47.766292,-22.791666],[-47.766292,-22.791666]],[[-47.724531,-22.792364],[-47.724531,-22.792364]],[[-47.94904,-22.78835],[-47.950726,-22.78857]],[[-47.740249,-22.792056],[-47.738234,-22.791552],[-47.736709,-22.792351]],[[-47.74155,-22.792025],[-47.742662,-22.792043]],[[-47.712177,-22.792527],[-47.71121,-22.791895]],[[-47.788773,-22.791194],[-47.788773,-22.791194]],[[-47.788615,-22.791185],[-47.786712,-22.791151]],[[-47.959497,-22.788075],[-47.961771,-22.786379]],[[-47.830081,-22.790407],[-47.829968,-22.794138],[-47.83315,-22.794509],[-47.835745,-22.796584],[-47.835535,-22.798315],[-47.836434,-22.798979]],[[-47.773608,-22.79139],[-47.776159,-22.792394],[-47.776129,-22.794027],[-47.779756,-22.800237],[-47.782366,-22.800833]],[[-47.773608,-22.79139],[-47.773608,-22.791382]],[[-47.645761,-22.793519],[-47.644634,-22.79401],[-47.645761,-22.793519]],[[-47.974933,-22.787696],[-47.975453,-22.787788]],[[-48.01379,-22.786938],[-48.013644,-22.787112]],[[-47.853151,-22.789886],[-47.853237,-22.790211]],[[-47.753157,-22.791634],[-47.753157,-22.791634]],[[-47.976985,-22.787602],[-47.977233,-22.78762]],[[-48.022109,-22.786745],[-48.021646,-22.78929]],[[-47.736492,-22.791904],[-47.736492,-22.791904]],[[-47.93075,-22.78845],[-47.934491,-22.787229]],[[-47.781213,-22.791127],[-47.780208,-22.791779]],[[-47.740337,-22.791782],[-47.740337,-22.791782]],[[-47.986294,-22.787362],[-47.985265,-22.786844]],[[-47.793884,-22.790846],[-47.793885,-22.790845]],[[-47.793884,-22.790846],[-47.796759,-22.789109]],[[-47.971643,-22.787627],[-47.970041,-22.787025]],[[-48.012605,-22.786855],[-48.017765,-22.79025]],[[-48.024089,-22.786602],[-48.026551,-22.786937]],[[-47.802269,-22.790642],[-47.802269,-22.790642]],[[-47.668367,-22.792919],[-47.66886,-22.792013]],[[-47.644682,-22.793306],[-47.642326,-22.792918],[-47.641137,-22.790913],[-47.638922,-22.791225],[-47.638154,-22.792271],[-47.637052,-22.791795]],[[-47.75855,-22.791366],[-47.756107,-22.791289]],[[-47.75855,-22.791366],[-47.758145,-22.790474]],[[-47.742004,-22.791636],[-47.742004,-22.791636]],[[-47.832486,-22.790044],[-47.832486,-22.790046]],[[-47.832486,-22.790044],[-47.830566,-22.791172]],[[-47.644756,-22.793265],[-47.646088,-22.793402],[-47.647238,-22.795437],[-47.648663,-22.794909],[-47.647204,-22.795528],[-47.64602,-22.793467],[-47.644741,-22.793339]],[[-47.698738,-22.792358],[-47.697728,-22.793588],[-47.698037,-22.792986]],[[-48.014106,-22.786694],[-48.014106,-22.786694]],[[-47.757703,-22.791334],[-47.757703,-22.791334]],[[-47.837327,-22.789932],[-47.835127,-22.788689],[-47.832796,-22.789797]],[[-48.015284,-22.786662],[-48.014533,-22.786827]],[[-48.02703,-22.78642],[-48.027185,-22.785175]],[[-47.824292,-22.790129],[-47.822823,-22.790229],[-47.822549,-22.791722]],[[-47.824292,-22.790129],[-47.825679,-22.790089]],[[-47.824286,-22.790128],[-47.824292,-22.790129]],[[-47.825679,-22.790089],[-47.826304,-22.790458]],[[-47.825679,-22.790089],[-47.825676,-22.790097]],[[-47.753771,-22.791338],[-47.753782,-22.791337]],[[-47.753771,-22.791338],[-47.756091,-22.791286]],[[-47.77443,-22.790931],[-47.77443,-22.790931]],[[-47.743654,-22.791403],[-47.743144,-22.791483]],[[-47.753641,-22.79122],[-47.753771,-22.791338]],[[-47.745476,-22.791335],[-47.744869,-22.791614]],[[-47.887933,-22.788797],[-47.886457,-22.786516]],[[-47.726155,-22.791617],[-47.726013,-22.791945]],[[-47.726155,-22.791617],[-47.726155,-22.791617]],[[-47.915369,-22.78826],[-47.915367,-22.788262]],[[-47.915369,-22.78826],[-47.91334,-22.790268]],[[-47.645433,-22.792951],[-47.645433,-22.792951]],[[-47.998316,-22.786697],[-48.000142,-22.7855],[-48.002003,-22.786353]],[[-47.74817,-22.791183],[-47.74854,-22.79039]],[[-47.987174,-22.786883],[-47.985265,-22.786844]],[[-47.97488,-22.787069],[-47.976894,-22.788271]],[[-47.644073,-22.792899],[-47.644073,-22.792899]],[[-48.004164,-22.786507],[-48.004342,-22.786061]],[[-47.902986,-22.788382],[-47.899464,-22.78795]],[[-47.985265,-22.786844],[-47.985264,-22.786843]],[[-47.985265,-22.786844],[-47.982921,-22.786835]],[[-47.745412,-22.791135],[-47.749367,-22.790438]],[[-47.903086,-22.788311],[-47.903086,-22.788311]],[[-47.939705,-22.787629],[-47.939704,-22.78763]],[[-47.939705,-22.787629],[-47.937005,-22.787415]],[[-47.745265,-22.791083],[-47.743654,-22.791403]],[[-47.724763,-22.791403],[-47.722356,-22.789572],[-47.718535,-22.78949]],[[-47.745381,-22.791047],[-47.745381,-22.791047]],[[-47.699479,-22.791819],[-47.698776,-22.792326]],[[-47.977941,-22.786852],[-47.977215,-22.787918]],[[-47.812396,-22.789856],[-47.812396,-22.789856]],[[-47.709176,-22.791612],[-47.709176,-22.791611]],[[-47.709176,-22.791612],[-47.709176,-22.791612]],[[-48.031663,-22.785799],[-48.032026,-22.786856]],[[-47.782631,-22.790332],[-47.782634,-22.790332]],[[-47.782631,-22.790332],[-47.782631,-22.790332]],[[-47.737069,-22.791121],[-47.737069,-22.791121]],[[-47.709038,-22.791594],[-47.708654,-22.791414]],[[-47.969747,-22.786939],[-47.968501,-22.786661],[-47.968552,-22.789211]],[[-47.726977,-22.791277],[-47.726155,-22.791617]],[[-47.886001,-22.788473],[-47.886457,-22.786516]],[[-47.769957,-22.790528],[-47.769957,-22.790528]],[[-47.769992,-22.790517],[-47.76991,-22.790071]],[[-47.75314,-22.790806],[-47.75323,-22.791159]],[[-47.759195,-22.7907],[-47.759195,-22.7907]],[[-47.696144,-22.791746],[-47.696492,-22.790659]],[[-47.727097,-22.791212],[-47.728102,-22.790713]],[[-47.727093,-22.791212],[-47.727093,-22.791212]],[[-47.668168,-22.792195],[-47.668367,-22.792919]],[[-47.992595,-22.786434],[-47.992602,-22.786433]],[[-47.992595,-22.786434],[-47.99065,-22.784304]],[[-47.716517,-22.7913],[-47.716517,-22.7913]],[[-47.753207,-22.790638],[-47.754874,-22.787464]],[[-47.753129,-22.790602],[-47.753129,-22.790602]],[[-48.004343,-22.786055],[-48.004343,-22.786056]],[[-48.004343,-22.786055],[-48.004343,-22.786055]],[[-47.95211,-22.787026],[-47.95211,-22.78704]],[[-47.95211,-22.787026],[-47.954817,-22.784973],[-47.956815,-22.784841]],[[-47.790802,-22.789928],[-47.789137,-22.789492]],[[-47.735343,-22.790868],[-47.735343,-22.790868]],[[-47.773893,-22.790184],[-47.772855,-22.790158]],[[-47.695344,-22.791519],[-47.695975,-22.790952]],[[-47.962915,-22.786764],[-47.962915,-22.786763]],[[-47.962915,-22.786764],[-47.965537,-22.788444],[-47.967681,-22.787665]],[[-47.757833,-22.790429],[-47.757342,-22.788857]],[[-47.760742,-22.790349],[-47.760742,-22.790349]],[[-48.004574,-22.785939],[-48.007723,-22.783789],[-48.012486,-22.786885]],[[-47.907806,-22.787728],[-47.906055,-22.786061]],[[-47.934491,-22.787229],[-47.934496,-22.787229]],[[-47.934491,-22.787229],[-47.93163,-22.785837]],[[-47.799368,-22.789656],[-47.798161,-22.789551]],[[-48.01796,-22.785634],[-48.01796,-22.785634]],[[-47.812721,-22.789381],[-47.812721,-22.789381]],[[-47.69852,-22.791355],[-47.69852,-22.791355]],[[-47.95567,-22.786777],[-47.955628,-22.785148],[-47.956815,-22.784841]],[[-47.799563,-22.78956],[-47.802309,-22.790653]],[[-47.749492,-22.790416],[-47.753189,-22.79122]],[[-47.749541,-22.79037],[-47.749487,-22.787452]],[[-47.728102,-22.790715],[-47.728102,-22.790713]],[[-47.728102,-22.790713],[-47.727928,-22.790842]],[[-47.728102,-22.790713],[-47.728438,-22.790372]],[[-47.799395,-22.78946],[-47.799395,-22.78946]],[[-47.774705,-22.789868],[-47.77403,-22.790653],[-47.774705,-22.789868]],[[-47.775906,-22.789841],[-47.774884,-22.790016]],[[-47.863528,-22.788219],[-47.864314,-22.788346]],[[-47.631566,-22.792207],[-47.630031,-22.793492],[-47.630442,-22.79539],[-47.628412,-22.797751],[-47.630548,-22.799877],[-47.630526,-22.80113]],[[-48.027185,-22.785175],[-48.027185,-22.785175]],[[-47.973013,-22.786192],[-47.973065,-22.784982]],[[-47.686704,-22.791266],[-47.684847,-22.792269],[-47.683314,-22.794726]],[[-47.789053,-22.789497],[-47.786587,-22.789487]],[[-47.934164,-22.786852],[-47.934769,-22.785594]],[[-47.786587,-22.789487],[-47.786746,-22.792027]],[[-47.786587,-22.789487],[-47.786582,-22.789486]],[[-47.770114,-22.789727],[-47.770114,-22.789727]],[[-47.863382,-22.788079],[-47.863382,-22.788079]],[[-47.766804,-22.789782],[-47.766804,-22.789782]],[[-47.766655,-22.789784],[-47.766411,-22.788436]],[[-47.778473,-22.789565],[-47.776597,-22.789316]],[[-47.906711,-22.787278],[-47.903152,-22.78829]],[[-47.766835,-22.78976],[-47.768201,-22.789922]],[[-47.863392,-22.788045],[-47.862205,-22.787459]],[[-47.961596,-22.786249],[-47.962915,-22.786764]],[[-47.961596,-22.786249],[-47.961599,-22.786252]],[[-48.000091,-22.78551],[-47.997654,-22.784582],[-47.996489,-22.786664]],[[-47.797489,-22.789141],[-47.797839,-22.789187]],[[-47.951397,-22.786364],[-47.95211,-22.787026]],[[-47.951397,-22.786364],[-47.951397,-22.786364]],[[-47.941307,-22.786508],[-47.939705,-22.787629]],[[-47.861547,-22.78795],[-47.861547,-22.78795]],[[-47.624605,-22.791993],[-47.621963,-22.79536],[-47.617654,-22.798232],[-47.614619,-22.797767]],[[-47.796999,-22.789041],[-47.797365,-22.789153]],[[-47.938248,-22.786444],[-47.938262,-22.786444]],[[-47.938248,-22.786444],[-47.937068,-22.786817],[-47.93592,-22.789559]],[[-48.01542,-22.785002],[-48.015368,-22.786625]],[[-47.95365,-22.786144],[-47.954342,-22.78862]],[[-47.918584,-22.786789],[-47.920375,-22.787851]],[[-48.027443,-22.784758],[-48.027612,-22.783107]],[[-47.637964,-22.791676],[-47.641141,-22.790895],[-47.642343,-22.792888],[-47.644683,-22.793238]],[[-47.776601,-22.789315],[-47.776597,-22.789316]],[[-47.776601,-22.789315],[-47.776602,-22.789315]],[[-47.776597,-22.789316],[-47.776601,-22.789315]],[[-47.776597,-22.789316],[-47.775731,-22.789413],[-47.776601,-22.789315]],[[-47.796891,-22.788957],[-47.796891,-22.788957]],[[-48.017139,-22.784924],[-48.017139,-22.784924]],[[-47.696492,-22.790659],[-47.694936,-22.790993]],[[-47.696492,-22.790659],[-47.696495,-22.790654]],[[-47.810425,-22.78869],[-47.810425,-22.78869]],[[-47.861672,-22.787776],[-47.863107,-22.786256]],[[-47.789075,-22.789054],[-47.789075,-22.789054]],[[-47.715551,-22.790302],[-47.717193,-22.788409]],[[-47.704847,-22.790484],[-47.706123,-22.7888]],[[-47.970058,-22.785723],[-47.969888,-22.785551]],[[-47.987857,-22.78539],[-47.987206,-22.784658]],[[-47.697291,-22.790565],[-47.697743,-22.79016]],[[-48.03104,-22.784562],[-48.034394,-22.784523]],[[-47.696729,-22.790524],[-47.696492,-22.790659]],[[-47.933423,-22.786302],[-47.933997,-22.784505]],[[-47.726278,-22.789957],[-47.725116,-22.791445]],[[-47.814911,-22.788396],[-47.814911,-22.788396]],[[-47.797761,-22.788686],[-47.797245,-22.791949],[-47.798378,-22.794102]],[[-47.969888,-22.785551],[-47.969884,-22.78555]],[[-47.969888,-22.785551],[-47.969888,-22.785551]],[[-47.969712,-22.785547],[-47.969621,-22.785502]],[[-47.761727,-22.789281],[-47.762422,-22.789818]],[[-47.771886,-22.789095],[-47.770261,-22.789994]],[[-47.922462,-22.786381],[-47.923504,-22.788496]],[[-47.969474,-22.785491],[-47.968548,-22.785284],[-47.968499,-22.786658]],[[-47.949878,-22.785845],[-47.951397,-22.786364]],[[-47.97464,-22.785376],[-47.973504,-22.784184]],[[-47.976242,-22.785327],[-47.977073,-22.785961]],[[-47.929436,-22.786184],[-47.931106,-22.785782]],[[-47.736055,-22.789578],[-47.735224,-22.788523],[-47.735694,-22.788984]],[[-48.015404,-22.784534],[-48.015404,-22.784534]],[[-47.898264,-22.786705],[-47.898264,-22.786705]],[[-47.73895,-22.789509],[-47.73895,-22.789509]],[[-47.89697,-22.786705],[-47.897548,-22.783747]],[[-47.969563,-22.785353],[-47.969563,-22.785353]],[[-47.758346,-22.789138],[-47.758346,-22.789138]],[[-48.02152,-22.784358],[-48.017844,-22.786179]],[[-47.711521,-22.789922],[-47.71027,-22.79182],[-47.709176,-22.791612]],[[-48.024098,-22.784292],[-48.027484,-22.782958]],[[-47.982797,-22.785061],[-47.983302,-22.782857],[-47.984931,-22.781157],[-47.987285,-22.78174]],[[-48.015398,-22.784442],[-48.015205,-22.782192]],[[-47.631516,-22.791239],[-47.631572,-22.792208],[-47.631729,-22.791357]],[[-47.977319,-22.785144],[-47.977215,-22.787918]],[[-47.932805,-22.78595],[-47.932941,-22.784023]],[[-47.771743,-22.788815],[-47.773608,-22.79139]],[[-47.961274,-22.785385],[-47.961596,-22.786249]],[[-47.961274,-22.785385],[-47.961272,-22.785386]],[[-47.806763,-22.78815],[-47.804489,-22.785697]],[[-47.77037,-22.788765],[-47.77037,-22.788765]],[[-47.777105,-22.78864],[-47.776677,-22.789248]],[[-47.93163,-22.785837],[-47.931632,-22.785842]],[[-47.93163,-22.785837],[-47.930736,-22.785495]],[[-47.997638,-22.784573],[-47.995243,-22.785251],[-47.99331,-22.783943]],[[-47.70018,-22.789833],[-47.698978,-22.793653]],[[-47.886457,-22.786516],[-47.886456,-22.786509]],[[-47.886457,-22.786516],[-47.885733,-22.782943],[-47.886415,-22.78075]],[[-47.881857,-22.786584],[-47.881319,-22.783023],[-47.882034,-22.781752],[-47.884812,-22.780347],[-47.887797,-22.780449],[-47.890297,-22.777803]],[[-47.790406,-22.788195],[-47.789445,-22.789181]],[[-48.027587,-22.783865],[-48.030956,-22.78449],[-48.031783,-22.785604]],[[-47.78594,-22.788267],[-47.786587,-22.789487]],[[-47.78594,-22.788267],[-47.785937,-22.78827]],[[-47.777129,-22.788371],[-47.777129,-22.788371]],[[-47.906055,-22.786061],[-47.906063,-22.786061]],[[-47.906055,-22.786061],[-47.906865,-22.784518]],[[-47.742458,-22.788913],[-47.743654,-22.791403]],[[-47.800332,-22.787893],[-47.80077,-22.787921]],[[-47.973241,-22.78476],[-47.972343,-22.783485]],[[-47.75607,-22.788617],[-47.755435,-22.790396],[-47.756093,-22.791283]],[[-47.930736,-22.785495],[-47.930736,-22.785496]],[[-47.930736,-22.785495],[-47.92915,-22.785114],[-47.927984,-22.783131]],[[-47.800254,-22.787832],[-47.800254,-22.787832]],[[-48.013618,-22.78394],[-48.012844,-22.786421]],[[-47.757469,-22.788569],[-47.757469,-22.788569]],[[-47.770082,-22.788322],[-47.770616,-22.78804]],[[-47.717497,-22.789183],[-47.717497,-22.789183]],[[-47.717497,-22.789183],[-47.718558,-22.789538],[-47.718406,-22.794091]],[[-47.739332,-22.788764],[-47.742884,-22.791628]],[[-47.929875,-22.785361],[-47.927505,-22.785351]],[[-47.914786,-22.78563],[-47.915518,-22.78642]],[[-47.739089,-22.788737],[-47.739088,-22.788737]],[[-47.739088,-22.788737],[-47.739088,-22.788737]],[[-47.739088,-22.788737],[-47.738717,-22.788635]],[[-47.956815,-22.784841],[-47.956817,-22.784837]],[[-47.956815,-22.784841],[-47.957566,-22.784606]],[[-47.804268,-22.787595],[-47.804238,-22.785091]],[[-47.785754,-22.787892],[-47.782631,-22.790332]],[[-47.735087,-22.788747],[-47.732893,-22.787404],[-47.734357,-22.788099]],[[-47.799157,-22.78762],[-47.799157,-22.78762]],[[-47.799303,-22.787615],[-47.79995,-22.787849]],[[-47.797798,-22.787619],[-47.799118,-22.788169]],[[-48.007725,-22.783788],[-48.00568,-22.781304]],[[-47.958335,-22.784709],[-47.961596,-22.786249]],[[-47.791879,-22.787701],[-47.791904,-22.786594],[-47.796189,-22.78343]],[[-47.902765,-22.785718],[-47.905643,-22.785339],[-47.906055,-22.786061]],[[-47.80373,-22.787469],[-47.80373,-22.787469]],[[-47.770661,-22.788044],[-47.771648,-22.788125]],[[-47.739938,-22.788568],[-47.739938,-22.788568]],[[-47.957566,-22.784606],[-47.957568,-22.784615]],[[-47.957566,-22.784606],[-47.958335,-22.784709]],[[-47.744153,-22.788412],[-47.745327,-22.791039]],[[-47.777792,-22.78782],[-47.777193,-22.788377]],[[-47.988195,-22.783995],[-47.982799,-22.785063],[-47.982663,-22.786442]],[[-47.721999,-22.788758],[-47.722042,-22.789628]],[[-47.962837,-22.784442],[-47.961274,-22.785385]],[[-47.723861,-22.788691],[-47.722569,-22.788585]],[[-47.964549,-22.784395],[-47.966995,-22.783787]],[[-47.894103,-22.785669],[-47.894203,-22.784701],[-47.897548,-22.783747]],[[-47.810375,-22.787148],[-47.80847,-22.784223],[-47.805078,-22.783774]],[[-47.973504,-22.784184],[-47.973504,-22.784183]],[[-47.973504,-22.784184],[-47.972799,-22.783596]],[[-47.788202,-22.787529],[-47.78594,-22.788267]],[[-47.724491,-22.788607],[-47.723929,-22.788676]],[[-47.942332,-22.784723],[-47.941658,-22.784263]],[[-47.85382,-22.786327],[-47.85373,-22.787248],[-47.85382,-22.786327]],[[-47.854692,-22.786305],[-47.852871,-22.789191],[-47.854577,-22.79027],[-47.855737,-22.787455],[-47.854692,-22.786305]],[[-48.027612,-22.783107],[-48.027539,-22.782922]],[[-47.849852,-22.786313],[-47.850806,-22.784927]],[[-47.706123,-22.7888],[-47.706129,-22.7888]],[[-47.706123,-22.7888],[-47.706473,-22.788565]],[[-47.72207,-22.788509],[-47.72207,-22.788509]],[[-47.704703,-22.788775],[-47.70293,-22.790734]],[[-47.704703,-22.788775],[-47.704752,-22.788724]],[[-47.704703,-22.788774],[-47.704703,-22.788775]],[[-47.724637,-22.788425],[-47.724637,-22.788425]],[[-47.95367,-22.784331],[-47.95368,-22.784334]],[[-47.95367,-22.784331],[-47.955376,-22.784891]],[[-47.695956,-22.788883],[-47.698206,-22.788174]],[[-47.975924,-22.783901],[-47.973504,-22.784184]],[[-48.027539,-22.782922],[-48.02754,-22.782923]],[[-48.027539,-22.782922],[-48.027612,-22.783107]],[[-47.722193,-22.788427],[-47.722193,-22.788427]],[[-47.688881,-22.788992],[-47.688654,-22.789397]],[[-47.915325,-22.785007],[-47.915369,-22.78826]],[[-47.705506,-22.78869],[-47.704703,-22.788775]],[[-47.855152,-22.786026],[-47.855534,-22.785025],[-47.855152,-22.786026]],[[-47.631124,-22.789877],[-47.631379,-22.791043]],[[-47.967465,-22.783959],[-47.967474,-22.783962]],[[-47.967465,-22.783959],[-47.967762,-22.788341],[-47.969385,-22.792451]],[[-47.974313,-22.783821],[-47.974313,-22.783821]],[[-47.775167,-22.787399],[-47.775163,-22.787398]],[[-47.775163,-22.787398],[-47.775163,-22.787398]],[[-47.775163,-22.787398],[-47.772406,-22.787037]],[[-48.02751,-22.782802],[-48.027539,-22.782922]],[[-48.02751,-22.782802],[-48.027556,-22.78252]],[[-47.796649,-22.787016],[-47.797691,-22.78762]],[[-47.706473,-22.788565],[-47.706469,-22.788563]],[[-47.706473,-22.788565],[-47.706123,-22.7888]],[[-47.973413,-22.783808],[-47.973413,-22.783808]],[[-47.745639,-22.787885],[-47.74898,-22.787025]],[[-47.912859,-22.784907],[-47.907509,-22.786993],[-47.908276,-22.789928]],[[-47.973273,-22.783776],[-47.973273,-22.783776]],[[-47.630912,-22.789748],[-47.630912,-22.789748]],[[-47.705163,-22.788503],[-47.702177,-22.787902]],[[-47.876647,-22.785489],[-47.873961,-22.788453],[-47.873335,-22.790969],[-47.870757,-22.792377],[-47.868509,-22.792208]],[[-47.691472,-22.788712],[-47.691472,-22.788712]],[[-47.852124,-22.785897],[-47.853816,-22.786326]],[[-47.803574,-22.786741],[-47.803574,-22.786741]],[[-47.691277,-22.788674],[-47.692057,-22.784275]],[[-47.591615,-22.790265],[-47.591463,-22.790112]],[[-47.689282,-22.788642],[-47.689282,-22.788642]],[[-47.972799,-22.783596],[-47.972798,-22.783594]],[[-47.972799,-22.783596],[-47.972343,-22.783485]],[[-48.027586,-22.782533],[-48.027586,-22.782533]],[[-47.972922,-22.783552],[-47.972799,-22.783596]],[[-48.027556,-22.78252],[-48.027586,-22.782533]],[[-48.027556,-22.78252],[-48.02751,-22.782802]],[[-47.852029,-22.785754],[-47.852029,-22.785754]],[[-47.852029,-22.785754],[-47.852027,-22.785753]],[[-47.742907,-22.787653],[-47.744143,-22.785685],[-47.746705,-22.784913]],[[-47.775491,-22.787083],[-47.775754,-22.786991]],[[-47.793981,-22.786741],[-47.793981,-22.786741]],[[-47.972343,-22.783485],[-47.971571,-22.782985]],[[-47.876386,-22.785242],[-47.87572,-22.784783]],[[-48.027773,-22.78243],[-48.030224,-22.778166],[-48.028711,-22.77537],[-48.028988,-22.776301]],[[-47.791413,-22.786729],[-47.791413,-22.786729]],[[-47.749487,-22.787452],[-47.751364,-22.785297],[-47.752772,-22.785396]],[[-47.591441,-22.790075],[-47.588911,-22.787996]],[[-47.973045,-22.783377],[-47.973045,-22.783377]],[[-48.018969,-22.782491],[-48.018022,-22.785514]],[[-47.917469,-22.784375],[-47.917821,-22.787001]],[[-47.967747,-22.783388],[-47.967465,-22.783959]],[[-47.794514,-22.786518],[-47.796016,-22.78634]],[[-47.698206,-22.788174],[-47.697901,-22.788042]],[[-47.698206,-22.788174],[-47.699344,-22.787648]],[[-47.698204,-22.788174],[-47.698206,-22.788174]],[[-47.822117,-22.786008],[-47.821162,-22.782618],[-47.82225,-22.779459],[-47.823479,-22.779078],[-47.822548,-22.775624]],[[-47.938877,-22.783898],[-47.938248,-22.786444]],[[-47.938877,-22.783898],[-47.938875,-22.783898]],[[-47.920231,-22.784238],[-47.921946,-22.783501]],[[-47.978218,-22.783134],[-47.978216,-22.782103]],[[-47.632453,-22.789178],[-47.636414,-22.792606],[-47.637958,-22.791673]],[[-48.018991,-22.782317],[-48.018991,-22.782317]],[[-47.877326,-22.784918],[-47.87733,-22.784915]],[[-47.877326,-22.784918],[-47.876441,-22.785355],[-47.877326,-22.784918]],[[-47.942223,-22.783691],[-47.938877,-22.783898]],[[-47.973032,-22.783118],[-47.97309,-22.783344]],[[-47.702177,-22.787902],[-47.70087,-22.789662],[-47.697053,-22.79031]],[[-47.702177,-22.787902],[-47.700864,-22.787198]],[[-47.702178,-22.7879],[-47.702177,-22.787902]],[[-47.973008,-22.783053],[-47.973008,-22.783053]],[[-48.003024,-22.78249],[-48.005688,-22.781543]],[[-47.967692,-22.783147],[-47.967692,-22.783147]],[[-47.967692,-22.783147],[-47.967696,-22.783144]],[[-47.875386,-22.784836],[-47.873675,-22.784703],[-47.871285,-22.786243]],[[-47.783495,-22.786444],[-47.780358,-22.787725]],[[-47.906534,-22.78424],[-47.907426,-22.781413]],[[-48.012508,-22.782263],[-48.011067,-22.784014]],[[-47.973467,-22.782992],[-47.973979,-22.782883]],[[-47.630172,-22.789011],[-47.630544,-22.789281]],[[-48.02544,-22.781988],[-48.027389,-22.782978]],[[-48.02544,-22.781988],[-48.025437,-22.78199]],[[-47.727748,-22.787352],[-47.727637,-22.785385]],[[-47.876374,-22.784728],[-47.873824,-22.783274]],[[-47.827269,-22.785603],[-47.825568,-22.787217],[-47.825679,-22.790089]],[[-47.733048,-22.787223],[-47.727637,-22.785385]],[[-47.855535,-22.785026],[-47.855572,-22.784922]],[[-47.9714,-22.782893],[-47.969735,-22.782739]],[[-47.632168,-22.788832],[-47.632168,-22.788816]],[[-47.778237,-22.786344],[-47.777766,-22.784845],[-47.776034,-22.783936]],[[-47.632168,-22.788816],[-47.632363,-22.789095]],[[-47.953501,-22.783177],[-47.95367,-22.784331]],[[-47.935798,-22.783499],[-47.937642,-22.785147],[-47.936985,-22.786769]],[[-47.949776,-22.78323],[-47.951331,-22.782922],[-47.95367,-22.784331]],[[-47.783752,-22.78621],[-47.783752,-22.78621]],[[-47.699344,-22.787648],[-47.699344,-22.787648]],[[-47.964474,-22.782936],[-47.966111,-22.782253],[-47.967465,-22.783959]],[[-47.97671,-22.782708],[-47.976308,-22.779971]],[[-48.022251,-22.781843],[-48.02544,-22.781988]],[[-47.783823,-22.786175],[-47.784415,-22.786066]],[[-47.961374,-22.782966],[-47.961274,-22.785385]],[[-48.021471,-22.781827],[-48.021918,-22.781832]],[[-47.778596,-22.786244],[-47.778596,-22.786244]],[[-47.802806,-22.785818],[-47.802806,-22.785818]],[[-47.969717,-22.782781],[-47.968573,-22.78527]],[[-47.699496,-22.787579],[-47.700864,-22.787198]],[[-47.850806,-22.784927],[-47.852029,-22.785754]],[[-47.850806,-22.784927],[-47.850807,-22.784926]],[[-47.99797,-22.782224],[-48.002866,-22.782487]],[[-47.815254,-22.785541],[-47.815254,-22.785541]],[[-47.716804,-22.787247],[-47.717497,-22.789183]],[[-47.982609,-22.782482],[-47.983267,-22.783043]],[[-47.982609,-22.782482],[-47.98243,-22.782514]],[[-47.784415,-22.786066],[-47.78594,-22.788267]],[[-47.784415,-22.786066],[-47.784415,-22.786065]],[[-47.982609,-22.782481],[-47.982609,-22.782482]],[[-48.022045,-22.781736],[-48.022045,-22.781736]],[[-47.815316,-22.785517],[-47.818038,-22.785927],[-47.820629,-22.788762],[-47.824292,-22.790129]],[[-47.994975,-22.782233],[-47.996073,-22.781531],[-47.996188,-22.78]],[[-47.725973,-22.78704],[-47.726014,-22.785116]],[[-47.95112,-22.78301],[-47.950835,-22.781741]],[[-47.855657,-22.784743],[-47.855728,-22.784725]],[[-47.855728,-22.784725],[-47.855728,-22.784729]],[[-47.855728,-22.784725],[-47.855728,-22.784725]],[[-47.737776,-22.786768],[-47.737776,-22.786768]],[[-47.855818,-22.784662],[-47.856012,-22.784328]],[[-47.784422,-22.78588],[-47.786769,-22.785636]],[[-47.829638,-22.785075],[-47.834061,-22.784384]],[[-47.81779,-22.785239],[-47.818119,-22.785971]],[[-47.690077,-22.787434],[-47.690076,-22.787434]],[[-47.690076,-22.787434],[-47.689282,-22.788642]],[[-47.690076,-22.787434],[-47.690487,-22.786897]],[[-47.897548,-22.783747],[-47.897552,-22.783738]],[[-47.897548,-22.783747],[-47.903636,-22.78112],[-47.905299,-22.779141],[-47.906292,-22.779568]],[[-47.700864,-22.787198],[-47.700869,-22.787198]],[[-47.700864,-22.787198],[-47.700064,-22.785906]],[[-47.787151,-22.785703],[-47.789368,-22.785736]],[[-47.787151,-22.785703],[-47.787151,-22.785703]],[[-47.78715,-22.785703],[-47.787151,-22.785703]],[[-47.850071,-22.784589],[-47.849729,-22.783201]],[[-47.753518,-22.786271],[-47.750848,-22.78913],[-47.753154,-22.790605]],[[-47.729944,-22.786662],[-47.73004,-22.786648]],[[-47.968308,-22.782401],[-47.967692,-22.783147]],[[-47.817737,-22.785119],[-47.817737,-22.785119]],[[-47.63116,-22.788289],[-47.632168,-22.788816]],[[-47.992177,-22.781917],[-47.992177,-22.781917]],[[-47.708924,-22.786963],[-47.706473,-22.788565]],[[-47.981818,-22.782087],[-47.981941,-22.780615]],[[-47.743518,-22.786332],[-47.742368,-22.786151],[-47.741365,-22.787531]],[[-47.956464,-22.782502],[-47.957566,-22.784606]],[[-47.956464,-22.782502],[-47.956464,-22.782505]],[[-47.801287,-22.785302],[-47.800176,-22.783984]],[[-47.856012,-22.784328],[-47.856009,-22.78433]],[[-47.856012,-22.784328],[-47.856253,-22.782756]],[[-47.756561,-22.785998],[-47.756206,-22.786098]],[[-47.756563,-22.785997],[-47.75712,-22.785748],[-47.756563,-22.785997]],[[-47.630395,-22.788119],[-47.63002,-22.788809]],[[-47.993609,-22.781688],[-47.993609,-22.781688]],[[-47.672513,-22.787369],[-47.672488,-22.78832],[-47.672513,-22.787369]],[[-48.011172,-22.781319],[-48.01112,-22.785913]],[[-47.804238,-22.785091],[-47.803749,-22.784842]],[[-47.911418,-22.783164],[-47.909662,-22.781722],[-47.907426,-22.781413]],[[-47.978092,-22.781931],[-47.977769,-22.781402]],[[-48.034481,-22.780863],[-48.032219,-22.779676]],[[-47.672647,-22.787326],[-47.672484,-22.78672]],[[-47.776126,-22.785543],[-47.776539,-22.784389]],[[-47.931648,-22.782759],[-47.93163,-22.785837]],[[-47.780032,-22.785471],[-47.78034,-22.784443]],[[-47.960045,-22.782228],[-47.958335,-22.784709]],[[-47.738855,-22.786168],[-47.738855,-22.786168]],[[-47.771729,-22.785592],[-47.771874,-22.786556],[-47.771729,-22.785592]],[[-47.958249,-22.782226],[-47.957232,-22.784004]],[[-47.771293,-22.785552],[-47.771293,-22.785552]],[[-48.00568,-22.781304],[-48.005685,-22.781305]],[[-48.00568,-22.781304],[-48.005489,-22.780614],[-48.00568,-22.781304]],[[-47.740267,-22.786085],[-47.740245,-22.78647]],[[-47.73922,-22.786071],[-47.73922,-22.786071]],[[-47.757135,-22.785757],[-47.758743,-22.785535]],[[-47.834061,-22.784384],[-47.834059,-22.784391]],[[-47.834061,-22.784384],[-47.834726,-22.78463]],[[-47.864618,-22.783807],[-47.858714,-22.78324]],[[-47.716806,-22.786391],[-47.716891,-22.786486]],[[-47.759268,-22.785643],[-47.761665,-22.789225]],[[-47.968741,-22.781864],[-47.968632,-22.781977]],[[-47.631412,-22.78778],[-47.630683,-22.788028]],[[-47.979275,-22.781647],[-47.977419,-22.780814]],[[-47.802271,-22.784851],[-47.80257,-22.783447]],[[-47.76292,-22.78553],[-47.766315,-22.788166]],[[-47.690576,-22.786754],[-47.690076,-22.787434]],[[-47.987621,-22.781454],[-47.987621,-22.781454]],[[-47.758743,-22.785535],[-47.758749,-22.785534]],[[-47.758743,-22.785535],[-47.758743,-22.785535]],[[-47.630795,-22.787696],[-47.630795,-22.787696]],[[-47.92984,-22.782424],[-47.930736,-22.785495]],[[-48.025357,-22.780632],[-48.02544,-22.781988]],[[-47.691996,-22.786593],[-47.692772,-22.788719]],[[-47.701261,-22.786423],[-47.701082,-22.787299]],[[-47.75959,-22.785414],[-47.760146,-22.786169]],[[-47.814214,-22.784459],[-47.81312,-22.784592]],[[-47.759585,-22.785405],[-47.759581,-22.785406]],[[-47.783564,-22.784962],[-47.784265,-22.785057]],[[-47.631433,-22.787538],[-47.631433,-22.787538]],[[-47.817912,-22.784344],[-47.817737,-22.785119]],[[-47.759615,-22.785351],[-47.759547,-22.784851]],[[-48.014086,-22.78073],[-48.012536,-22.782282],[-48.01308,-22.781803]],[[-47.711383,-22.786158],[-47.712402,-22.785753]],[[-47.783438,-22.784913],[-47.783438,-22.784913]],[[-47.71703,-22.786053],[-47.717031,-22.786049]],[[-47.71703,-22.786053],[-47.717335,-22.785468]],[[-47.71701,-22.786031],[-47.716797,-22.787153]],[[-47.815445,-22.784303],[-47.815448,-22.784315]],[[-47.815445,-22.784303],[-47.817912,-22.784344]],[[-47.715173,-22.785989],[-47.715173,-22.785989]],[[-47.710001,-22.786074],[-47.709067,-22.787656],[-47.709073,-22.786801]],[[-47.672391,-22.7867],[-47.672125,-22.786673]],[[-48.016331,-22.780547],[-48.018194,-22.783301]],[[-47.63033,-22.787363],[-47.62974,-22.787837],[-47.63033,-22.787363]],[[-47.8813,-22.783006],[-47.877326,-22.784918]],[[-47.858488,-22.783348],[-47.856012,-22.784328]],[[-48.005501,-22.780641],[-48.006608,-22.780424]],[[-48.005479,-22.780612],[-48.00548,-22.780571]],[[-47.588858,-22.787921],[-47.587153,-22.786214],[-47.58615,-22.786406]],[[-47.703143,-22.786013],[-47.703275,-22.787794]],[[-47.740139,-22.785346],[-47.74014,-22.785346]],[[-47.740139,-22.785346],[-47.740275,-22.786064],[-47.740139,-22.785346]],[[-47.999702,-22.780662],[-48.001998,-22.780009]],[[-47.969468,-22.781227],[-47.968923,-22.781626]],[[-47.858714,-22.78324],[-47.858713,-22.783241]],[[-47.858714,-22.78324],[-47.858738,-22.783238]],[[-47.672325,-22.786455],[-47.668911,-22.789432],[-47.668836,-22.791889]],[[-47.712402,-22.785762],[-47.712402,-22.785753]],[[-47.791109,-22.784397],[-47.792007,-22.783438]],[[-47.712402,-22.785753],[-47.711383,-22.786158]],[[-47.712402,-22.785753],[-47.714342,-22.783014]],[[-47.980921,-22.780955],[-47.982609,-22.782482]],[[-48.029229,-22.780042],[-48.032682,-22.77964],[-48.034125,-22.777583],[-48.03558,-22.777389]],[[-47.784476,-22.784499],[-47.788997,-22.784607]],[[-47.747395,-22.785137],[-47.746988,-22.784895]],[[-47.672396,-22.78641],[-47.672382,-22.786431]],[[-47.798648,-22.784222],[-47.799473,-22.78411]],[[-48.006608,-22.780424],[-48.006597,-22.78043]],[[-48.006608,-22.780424],[-48.006608,-22.780424]],[[-47.813335,-22.783899],[-47.815445,-22.784303]],[[-48.006695,-22.780367],[-48.007321,-22.78044]],[[-47.727637,-22.785385],[-47.727636,-22.78538]],[[-47.727637,-22.785385],[-47.728341,-22.785576]],[[-47.799244,-22.784126],[-47.800027,-22.782216]],[[-47.799473,-22.78411],[-47.799472,-22.784112]],[[-47.799473,-22.78411],[-47.800307,-22.783881]],[[-47.849725,-22.783204],[-47.849729,-22.783201]],[[-47.849729,-22.783201],[-47.850451,-22.782333]],[[-47.849729,-22.783201],[-47.849562,-22.781805]],[[-47.672358,-22.786264],[-47.672396,-22.78641]],[[-47.672773,-22.786245],[-47.672396,-22.78641]],[[-47.717335,-22.785468],[-47.71703,-22.786053]],[[-47.717335,-22.785468],[-47.715111,-22.784419]],[[-47.723828,-22.785334],[-47.722919,-22.785296]],[[-47.722824,-22.785324],[-47.721156,-22.786279],[-47.71703,-22.786053]],[[-48.00543,-22.780238],[-48.005421,-22.780198]],[[-47.727399,-22.785214],[-47.723757,-22.785242]],[[-47.746789,-22.784878],[-47.746789,-22.784878]],[[-47.70587,-22.785563],[-47.707688,-22.786519],[-47.711383,-22.786158]],[[-48.007567,-22.780129],[-48.008947,-22.778945]],[[-48.007527,-22.780121],[-48.007527,-22.780121]],[[-47.800306,-22.783881],[-47.800307,-22.783881]],[[-47.800307,-22.783881],[-47.799473,-22.78411]],[[-47.800307,-22.783881],[-47.802437,-22.783395],[-47.804238,-22.785091]],[[-47.940019,-22.781361],[-47.944292,-22.77974]],[[-47.631139,-22.786744],[-47.631433,-22.787538]],[[-47.780631,-22.784177],[-47.782766,-22.782806],[-47.783901,-22.783229]],[[-47.634256,-22.786649],[-47.631933,-22.785672]],[[-47.795854,-22.783897],[-47.795854,-22.783897]],[[-47.978563,-22.780578],[-47.977,-22.780657],[-47.975714,-22.779143],[-47.971465,-22.77862]],[[-47.780471,-22.784146],[-47.780471,-22.784146]],[[-47.810871,-22.78359],[-47.810871,-22.78359]],[[-47.939828,-22.781261],[-47.936246,-22.779299],[-47.932957,-22.78051]],[[-47.964379,-22.780783],[-47.967558,-22.779156],[-47.96934,-22.781339]],[[-47.881788,-22.782277],[-47.88024,-22.782876],[-47.879261,-22.78095]],[[-47.768577,-22.784264],[-47.768583,-22.784266]],[[-47.768577,-22.784264],[-47.766413,-22.788428],[-47.76242,-22.789822],[-47.761662,-22.792046]],[[-47.752433,-22.784514],[-47.754006,-22.783265]],[[-48.001998,-22.780009],[-48.001997,-22.780009]],[[-48.001998,-22.780009],[-48.001998,-22.780009]],[[-47.75379,-22.78446],[-47.751378,-22.785297]],[[-48.005419,-22.779894],[-48.005345,-22.779769]],[[-47.705749,-22.785253],[-47.705749,-22.785253]],[[-47.631576,-22.786447],[-47.631576,-22.786447]],[[-47.847648,-22.782699],[-47.850806,-22.784927]],[[-47.582478,-22.787211],[-47.58066,-22.786886]],[[-48.002283,-22.779857],[-48.00531,-22.78072]],[[-47.767827,-22.784099],[-47.768577,-22.784264]],[[-47.776055,-22.783941],[-47.776809,-22.78309]],[[-47.582796,-22.787189],[-47.584682,-22.786638]],[[-48.005345,-22.779769],[-48.005343,-22.779772]],[[-48.005345,-22.779769],[-48.005168,-22.779192],[-48.005345,-22.779769]],[[-47.767791,-22.784068],[-47.767777,-22.784071]],[[-47.767791,-22.784068],[-47.767791,-22.784072]],[[-47.672165,-22.785689],[-47.672352,-22.786247]],[[-47.63159,-22.786359],[-47.63159,-22.786359]],[[-47.63159,-22.786359],[-47.631593,-22.786353]],[[-47.944081,-22.780893],[-47.943025,-22.780379]],[[-47.955701,-22.780677],[-47.956464,-22.782502]],[[-47.955701,-22.780677],[-47.955699,-22.780678]],[[-47.735214,-22.784608],[-47.735768,-22.785471]],[[-48.019318,-22.779462],[-48.018832,-22.782099]],[[-47.998064,-22.779858],[-47.998064,-22.779858]],[[-47.775756,-22.783881],[-47.773379,-22.782258]],[[-47.953386,-22.780686],[-47.954651,-22.780036]],[[-47.972961,-22.780282],[-47.971465,-22.77862]],[[-47.964019,-22.780445],[-47.964019,-22.780445]],[[-47.762292,-22.784066],[-47.763795,-22.78351]],[[-47.984823,-22.780048],[-47.986341,-22.779458]],[[-47.856173,-22.782367],[-47.855478,-22.78006]],[[-47.796189,-22.78343],[-47.796035,-22.786505],[-47.79768,-22.788578]],[[-47.796189,-22.78343],[-47.79619,-22.783429]],[[-47.7962,-22.783428],[-47.798552,-22.784207]],[[-47.958626,-22.780476],[-47.956464,-22.782502]],[[-47.907426,-22.781413],[-47.907406,-22.781414]],[[-47.907426,-22.781413],[-47.90742,-22.78139]],[[-47.90742,-22.78139],[-47.90742,-22.78139]],[[-47.792007,-22.783438],[-47.792011,-22.783438]],[[-47.792007,-22.783438],[-47.792581,-22.783302]],[[-47.906762,-22.781371],[-47.906292,-22.779568]],[[-47.794566,-22.783376],[-47.794566,-22.783376]],[[-47.740271,-22.784318],[-47.740271,-22.784318]],[[-47.969486,-22.780195],[-47.969463,-22.781218],[-47.96949,-22.780215]],[[-47.969486,-22.780195],[-47.969486,-22.7802]],[[-47.91315,-22.781204],[-47.912569,-22.77973]],[[-47.631501,-22.786097],[-47.63159,-22.786359]],[[-47.631501,-22.786097],[-47.631553,-22.785979]],[[-47.759023,-22.783926],[-47.759648,-22.782927]],[[-47.907327,-22.781282],[-47.906915,-22.781362]],[[-47.58066,-22.786886],[-47.580659,-22.78689]],[[-47.58066,-22.786886],[-47.580421,-22.786705]],[[-47.792581,-22.783302],[-47.79258,-22.783302]],[[-47.792581,-22.783302],[-47.792007,-22.783438]],[[-47.969487,-22.780098],[-47.969486,-22.780195]],[[-47.969487,-22.780098],[-47.969476,-22.780106]],[[-47.993184,-22.779647],[-47.996438,-22.777644]],[[-48.014946,-22.779231],[-48.014946,-22.779231]],[[-47.96939,-22.780072],[-47.969486,-22.780195]],[[-47.744427,-22.78408],[-47.744806,-22.783588]],[[-47.631553,-22.785979],[-47.631501,-22.786097]],[[-47.681606,-22.785138],[-47.680627,-22.785351]],[[-47.683081,-22.785112],[-47.683079,-22.785111]],[[-47.683079,-22.785111],[-47.682973,-22.787814]],[[-47.683079,-22.785111],[-47.681137,-22.787072]],[[-47.789967,-22.783276],[-47.789339,-22.780567]],[[-47.743122,-22.783991],[-47.742797,-22.784231]],[[-47.580421,-22.786705],[-47.58066,-22.786886]],[[-47.580421,-22.786705],[-47.578465,-22.784712]],[[-47.715066,-22.784451],[-47.717335,-22.785468]],[[-47.969212,-22.779916],[-47.969212,-22.779916]],[[-47.969212,-22.779916],[-47.969206,-22.779915]],[[-47.826194,-22.782498],[-47.824833,-22.782784]],[[-47.744232,-22.783922],[-47.744232,-22.783922]],[[-47.74566,-22.783897],[-47.746245,-22.783674]],[[-47.979162,-22.779696],[-47.978181,-22.778578]],[[-48.005171,-22.779179],[-48.003989,-22.777914]],[[-47.969072,-22.779809],[-47.969212,-22.779916]],[[-47.746286,-22.783739],[-47.746789,-22.784878]],[[-47.683211,-22.784805],[-47.683079,-22.785111]],[[-47.682094,-22.784824],[-47.682099,-22.784822]],[[-47.682099,-22.784822],[-47.683211,-22.784805]],[[-47.682099,-22.784822],[-47.682099,-22.784822]],[[-47.746245,-22.783674],[-47.746245,-22.783674]],[[-47.742577,-22.783698],[-47.743998,-22.783948]],[[-47.671923,-22.784895],[-47.672165,-22.785689]],[[-47.799383,-22.782708],[-47.799383,-22.782708]],[[-47.737837,-22.78377],[-47.737493,-22.784332]],[[-47.625472,-22.785649],[-47.625472,-22.785649]],[[-47.625472,-22.785649],[-47.624622,-22.791831]],[[-47.671901,-22.784877],[-47.672548,-22.783642]],[[-48.00921,-22.778825],[-48.009265,-22.778837]],[[-47.715316,-22.784094],[-47.715316,-22.784094]],[[-47.744806,-22.783588],[-47.744806,-22.783588]],[[-47.744806,-22.783588],[-47.745161,-22.78353]],[[-47.671685,-22.784815],[-47.671685,-22.784815]],[[-47.737973,-22.783688],[-47.737973,-22.783688]],[[-47.724141,-22.783919],[-47.724141,-22.783919]],[[-47.915103,-22.780538],[-47.913084,-22.779679]],[[-47.724003,-22.783917],[-47.723673,-22.785181]],[[-47.737998,-22.783663],[-47.738741,-22.782944]],[[-47.895502,-22.780878],[-47.895583,-22.779028],[-47.897018,-22.777651]],[[-48.009502,-22.778705],[-48.009507,-22.778671]],[[-47.742532,-22.78352],[-47.742532,-22.78352]],[[-47.758055,-22.783247],[-47.756377,-22.784076]],[[-47.937167,-22.780023],[-47.935628,-22.781101]],[[-47.714939,-22.783939],[-47.715064,-22.784389]],[[-47.714966,-22.783928],[-47.715094,-22.784395]],[[-47.76209,-22.783116],[-47.76209,-22.783116]],[[-47.97443,-22.779285],[-47.977966,-22.77686]],[[-47.692057,-22.784275],[-47.690961,-22.786509]],[[-47.692057,-22.784275],[-47.692055,-22.784269]],[[-47.762819,-22.783052],[-47.767791,-22.784068]],[[-47.689765,-22.784284],[-47.689765,-22.784284]],[[-47.67403,-22.784541],[-47.672817,-22.786216]],[[-47.812926,-22.782145],[-47.814799,-22.782372],[-47.815445,-22.784303]],[[-48.009534,-22.778538],[-48.009553,-22.778466]],[[-47.747138,-22.783269],[-47.747374,-22.78518],[-47.749487,-22.787452]],[[-47.944292,-22.77974],[-47.944291,-22.779758]],[[-47.944292,-22.77974],[-47.94527,-22.779878]],[[-47.825554,-22.781835],[-47.822057,-22.786203],[-47.821707,-22.788914]],[[-48.009553,-22.778466],[-48.009537,-22.77854]],[[-48.009553,-22.778466],[-48.009553,-22.778466]],[[-47.997185,-22.778693],[-47.997185,-22.778693]],[[-47.879161,-22.78086],[-47.878316,-22.780073],[-47.878409,-22.775632]],[[-47.859764,-22.781166],[-47.859722,-22.778205]],[[-47.62552,-22.785172],[-47.625472,-22.785649]],[[-47.62552,-22.785172],[-47.627335,-22.78393],[-47.629513,-22.783991],[-47.631553,-22.785979]],[[-47.625516,-22.785172],[-47.62552,-22.785172]],[[-47.762573,-22.782849],[-47.762573,-22.782849]],[[-47.799975,-22.78216],[-47.805201,-22.776922]],[[-48.029692,-22.77794],[-48.031242,-22.77799]],[[-47.835492,-22.781512],[-47.834829,-22.785735],[-47.832486,-22.790044]],[[-47.752338,-22.782957],[-47.751573,-22.784912]],[[-47.752338,-22.782957],[-47.752337,-22.782958]],[[-47.673132,-22.784269],[-47.672165,-22.785689]],[[-47.794781,-22.782179],[-47.792581,-22.783302]],[[-47.733998,-22.783214],[-47.733522,-22.783933]],[[-48.009778,-22.778219],[-48.012981,-22.777556],[-48.015809,-22.778852]],[[-48.025182,-22.777891],[-48.026079,-22.776618]],[[-47.72624,-22.783259],[-47.725982,-22.78511]],[[-47.979207,-22.778719],[-47.976331,-22.777578]],[[-47.952997,-22.779188],[-47.954393,-22.779891]],[[-47.801523,-22.781903],[-47.801523,-22.781903]],[[-47.71542,-22.783389],[-47.71542,-22.783389]],[[-47.731444,-22.783115],[-47.731905,-22.77862],[-47.729649,-22.778492]],[[-47.968112,-22.778853],[-47.965923,-22.776705],[-47.963018,-22.776722]],[[-47.767667,-22.782457],[-47.767667,-22.782457]],[[-47.968103,-22.778846],[-47.968492,-22.779509]],[[-47.915096,-22.779807],[-47.913084,-22.779679]],[[-47.762427,-22.782517],[-47.762427,-22.782517]],[[-47.734603,-22.782992],[-47.735275,-22.784224]],[[-47.994782,-22.778286],[-47.99695,-22.777959]],[[-47.92066,-22.779649],[-47.91993,-22.785503],[-47.915369,-22.78826]],[[-47.737362,-22.782895],[-47.738121,-22.782354]],[[-47.75079,-22.782647],[-47.751701,-22.784248]],[[-47.744982,-22.782747],[-47.745072,-22.783827],[-47.745989,-22.783639],[-47.744982,-22.782747]],[[-47.60183,-22.785147],[-47.59841,-22.786282]],[[-47.601821,-22.785143],[-47.604209,-22.784673],[-47.606594,-22.779407]],[[-47.802467,-22.781731],[-47.804072,-22.782276],[-47.802467,-22.781731]],[[-47.747563,-22.78268],[-47.747171,-22.783296],[-47.747563,-22.78268]],[[-47.786913,-22.781994],[-47.787343,-22.782169]],[[-47.971171,-22.778658],[-47.969487,-22.780098]],[[-47.971465,-22.77862],[-47.971464,-22.778618]],[[-47.971465,-22.77862],[-47.971371,-22.778581]],[[-47.913084,-22.779679],[-47.913079,-22.779675]],[[-47.913084,-22.779679],[-47.909579,-22.778307],[-47.906595,-22.779163]],[[-47.78677,-22.781933],[-47.786772,-22.781934]],[[-47.78677,-22.781933],[-47.78677,-22.781933]],[[-47.984185,-22.778358],[-47.984578,-22.781506]],[[-47.765767,-22.782276],[-47.767791,-22.784068]],[[-47.971186,-22.77856],[-47.971186,-22.77856]],[[-47.954595,-22.778847],[-47.954916,-22.780573],[-47.955701,-22.780677]],[[-48.00399,-22.777915],[-48.003989,-22.777914]],[[-48.003989,-22.777914],[-48.004781,-22.778519]],[[-48.003989,-22.777914],[-48.00357,-22.777545]],[[-47.956435,-22.778775],[-47.955701,-22.780677]],[[-47.716432,-22.782981],[-47.716432,-22.782981]],[[-47.786045,-22.781765],[-47.78677,-22.781933]],[[-47.714377,-22.782989],[-47.714957,-22.783727]],[[-47.785964,-22.781737],[-47.785964,-22.781737]],[[-47.906292,-22.779568],[-47.906301,-22.779567]],[[-47.906292,-22.779568],[-47.906402,-22.776062],[-47.912975,-22.771082],[-47.911497,-22.767482]],[[-47.706334,-22.783081],[-47.706334,-22.783081]],[[-47.83036,-22.780916],[-47.83036,-22.780916]],[[-47.83036,-22.780916],[-47.832003,-22.779703]],[[-47.830351,-22.780915],[-47.83036,-22.780916]],[[-47.692594,-22.783279],[-47.692057,-22.784275]],[[-47.8783,-22.780033],[-47.877443,-22.779976]],[[-47.94452,-22.778794],[-47.944292,-22.77974]],[[-47.87744,-22.78],[-47.877443,-22.779976]],[[-47.707163,-22.782963],[-47.707145,-22.782927]],[[-47.877443,-22.779976],[-47.874651,-22.780528]],[[-47.877443,-22.779976],[-47.877595,-22.779164],[-47.874199,-22.778488]],[[-47.70711,-22.782948],[-47.707145,-22.782927]],[[-47.98409,-22.777997],[-47.98409,-22.777997]],[[-47.979932,-22.77807],[-47.978561,-22.776555]],[[-47.707145,-22.782927],[-47.707132,-22.782899]],[[-47.707145,-22.782927],[-47.710036,-22.781963]],[[-47.757872,-22.782049],[-47.759545,-22.784848]],[[-47.706879,-22.782911],[-47.706879,-22.782911]],[[-47.755901,-22.782067],[-47.757885,-22.783277]],[[-47.800566,-22.781268],[-47.800668,-22.779399]],[[-47.706731,-22.782887],[-47.706879,-22.782911]],[[-47.765214,-22.781829],[-47.765768,-22.78227]],[[-48.006838,-22.777437],[-48.00543,-22.779315]],[[-47.778231,-22.781529],[-47.778066,-22.781997]],[[-47.975662,-22.77795],[-47.974859,-22.776729]],[[-47.734554,-22.782242],[-47.733999,-22.783211],[-47.734554,-22.782242]],[[-47.701167,-22.782796],[-47.701147,-22.783301]],[[-47.744124,-22.782043],[-47.744155,-22.780706]],[[-48.003598,-22.777363],[-48.003552,-22.776143],[-48.003575,-22.777313]],[[-47.855478,-22.78006],[-47.855476,-22.780062]],[[-47.855478,-22.78006],[-47.855238,-22.779857]],[[-47.855478,-22.78006],[-47.85544,-22.778865],[-47.857657,-22.777224],[-47.856625,-22.776771],[-47.856261,-22.774674]],[[-47.784254,-22.781314],[-47.785693,-22.782091]],[[-47.99295,-22.777522],[-47.99295,-22.777522]],[[-47.954109,-22.778218],[-47.954109,-22.778218]],[[-47.99302,-22.77749],[-47.994518,-22.775565]],[[-47.752894,-22.781806],[-47.752338,-22.782957]],[[-47.778303,-22.781342],[-47.778302,-22.78134]],[[-47.778302,-22.78134],[-47.778302,-22.78134]],[[-47.778302,-22.78134],[-47.778364,-22.780327]],[[-48.022596,-22.776889],[-48.026079,-22.776618]],[[-47.969838,-22.777863],[-47.969765,-22.776829]],[[-47.757937,-22.781648],[-47.757937,-22.781648]],[[-47.75159,-22.781758],[-47.752338,-22.782957]],[[-47.578545,-22.784646],[-47.578545,-22.784646]],[[-47.578327,-22.784634],[-47.57743,-22.783825],[-47.577786,-22.784347]],[[-47.742327,-22.781897],[-47.743434,-22.781789]],[[-47.988924,-22.777416],[-47.989215,-22.776016]],[[-47.866794,-22.779655],[-47.865108,-22.780634],[-47.859646,-22.781179],[-47.858714,-22.78324]],[[-47.855238,-22.779857],[-47.855242,-22.779855]],[[-47.855238,-22.779857],[-47.855238,-22.779857]],[[-47.805912,-22.780687],[-47.804983,-22.78389],[-47.803104,-22.783968]],[[-47.765093,-22.781391],[-47.765094,-22.781391]],[[-47.765093,-22.781391],[-47.765093,-22.781391]],[[-47.761194,-22.781426],[-47.761254,-22.779833]],[[-48.026079,-22.776618],[-48.02608,-22.776612]],[[-48.026079,-22.776618],[-48.026733,-22.7764]],[[-47.85518,-22.779763],[-47.854677,-22.779221]],[[-47.990392,-22.777264],[-47.990392,-22.777264]],[[-47.683023,-22.782712],[-47.683022,-22.782712]],[[-47.683022,-22.782712],[-47.680182,-22.783509]],[[-47.683022,-22.782712],[-47.681632,-22.781998]],[[-47.687559,-22.782603],[-47.687559,-22.782603]],[[-47.684305,-22.782588],[-47.683022,-22.782712]],[[-47.701378,-22.782279],[-47.701378,-22.782279]],[[-47.701378,-22.782279],[-47.701388,-22.782141]],[[-47.701374,-22.782278],[-47.701378,-22.782279]],[[-47.6946,-22.782377],[-47.69796,-22.784434]],[[-47.734365,-22.781696],[-47.733947,-22.779754]],[[-48.026729,-22.776404],[-48.026733,-22.7764]],[[-48.026733,-22.7764],[-48.026341,-22.77657]],[[-48.026733,-22.7764],[-48.028988,-22.776301]],[[-47.737523,-22.781593],[-47.740139,-22.785346]],[[-47.992253,-22.777007],[-47.994162,-22.776268]],[[-47.832697,-22.77992],[-47.833528,-22.77916]],[[-48.028988,-22.776301],[-48.028996,-22.776328]],[[-47.764916,-22.781068],[-47.765093,-22.781391]],[[-47.970808,-22.777358],[-47.969866,-22.777855],[-47.969487,-22.780098]],[[-47.687562,-22.782377],[-47.686864,-22.786331]],[[-47.710036,-22.781963],[-47.710038,-22.781968]],[[-47.710036,-22.781963],[-47.710872,-22.781858]],[[-47.792529,-22.780537],[-47.792529,-22.780537]],[[-47.841585,-22.779642],[-47.844627,-22.780524],[-47.846078,-22.783728],[-47.845046,-22.787588],[-47.842973,-22.790695],[-47.840895,-22.79194],[-47.840831,-22.793445]],[[-47.792052,-22.780511],[-47.792052,-22.780511]],[[-47.940005,-22.777836],[-47.93683,-22.776366]],[[-47.694574,-22.782172],[-47.694574,-22.782172]],[[-47.694574,-22.782172],[-47.694572,-22.78217]],[[-47.715535,-22.781788],[-47.715535,-22.781788]],[[-47.710872,-22.781858],[-47.710876,-22.781859]],[[-47.710872,-22.781858],[-47.710872,-22.781858]],[[-47.747345,-22.78121],[-47.747489,-22.780265]],[[-47.991379,-22.776818],[-47.991379,-22.776818]],[[-47.757459,-22.780994],[-47.757991,-22.781644]],[[-47.762486,-22.780876],[-47.762333,-22.780064]],[[-47.709629,-22.781782],[-47.710036,-22.781963]],[[-47.816772,-22.779919],[-47.817912,-22.784344]],[[-47.694453,-22.782023],[-47.694574,-22.782172]],[[-47.577302,-22.783941],[-47.577302,-22.783941]],[[-47.697931,-22.781937],[-47.697931,-22.781937]],[[-47.99858,-22.776565],[-47.997629,-22.776037]],[[-48.001045,-22.776517],[-48.001045,-22.776517]],[[-47.764887,-22.780756],[-47.764887,-22.780756]],[[-47.981304,-22.776823],[-47.978829,-22.776754]],[[-47.726648,-22.781372],[-47.726654,-22.781371]],[[-47.726605,-22.781364],[-47.727695,-22.778072]],[[-47.701446,-22.781788],[-47.70163,-22.781405]],[[-47.577071,-22.783846],[-47.577029,-22.783727]],[[-47.754462,-22.780878],[-47.75421,-22.781339]],[[-47.854618,-22.779113],[-47.852538,-22.77779],[-47.850905,-22.778326],[-47.847253,-22.777442],[-47.84519,-22.77417]],[[-47.760197,-22.780774],[-47.760197,-22.780774]],[[-47.978232,-22.776839],[-47.980457,-22.774868]],[[-47.849844,-22.779182],[-47.849844,-22.779182]],[[-47.709408,-22.78162],[-47.709408,-22.78162]],[[-47.825976,-22.779595],[-47.823459,-22.778617]],[[-47.684856,-22.782023],[-47.685812,-22.784333],[-47.685203,-22.786546]],[[-47.79198,-22.78016],[-47.79198,-22.78016]],[[-47.714238,-22.781493],[-47.714238,-22.781502]],[[-47.714238,-22.781493],[-47.714374,-22.78303]],[[-47.711205,-22.781544],[-47.712567,-22.780885]],[[-47.577027,-22.783727],[-47.576343,-22.783318],[-47.577027,-22.783727]],[[-47.647014,-22.782573],[-47.646954,-22.781863]],[[-47.778364,-22.780327],[-47.778364,-22.780334]],[[-47.778364,-22.780327],[-47.778364,-22.780327]],[[-47.698459,-22.781693],[-47.698459,-22.781693]],[[-47.687689,-22.78186],[-47.687689,-22.78186]],[[-47.973125,-22.776786],[-47.97089,-22.777288]],[[-48.032225,-22.77567],[-48.029579,-22.777553]],[[-47.760002,-22.780601],[-47.761349,-22.779786]],[[-47.903874,-22.778033],[-47.903874,-22.778033]],[[-47.903874,-22.778033],[-47.904174,-22.776002]],[[-47.845783,-22.77908],[-47.847619,-22.777548]],[[-47.792776,-22.780017],[-47.792776,-22.780017]],[[-47.990857,-22.776405],[-47.990991,-22.775692]],[[-47.730151,-22.78107],[-47.730151,-22.78107]],[[-47.789456,-22.780042],[-47.789446,-22.780014]],[[-48.003554,-22.776146],[-48.003565,-22.776093]],[[-47.902252,-22.777994],[-47.903874,-22.778033]],[[-47.743042,-22.780798],[-47.745008,-22.782717]],[[-47.78946,-22.779964],[-47.789285,-22.778142],[-47.78963,-22.77869]],[[-47.833528,-22.77916],[-47.833527,-22.779161]],[[-47.833528,-22.77916],[-47.833311,-22.776985]],[[-47.713949,-22.781224],[-47.714238,-22.781493]],[[-47.782685,-22.780033],[-47.780681,-22.781364]],[[-47.742919,-22.780716],[-47.742919,-22.780716]],[[-47.745901,-22.780658],[-47.747328,-22.781214],[-47.747579,-22.782667]],[[-47.709253,-22.781268],[-47.709442,-22.781614]],[[-48.001084,-22.776043],[-47.998681,-22.77637],[-47.996156,-22.780066],[-47.993767,-22.780756]],[[-47.794355,-22.779797],[-47.793145,-22.780224]],[[-48.001174,-22.776028],[-48.001174,-22.776028]],[[-47.969769,-22.776614],[-47.970243,-22.773654],[-47.969202,-22.772979]],[[-47.728515,-22.780913],[-47.728515,-22.780913]],[[-47.728534,-22.78089],[-47.729517,-22.7784]],[[-47.754534,-22.780441],[-47.754534,-22.780441]],[[-47.576255,-22.783417],[-47.573294,-22.781386]],[[-47.997556,-22.776053],[-47.994518,-22.775565]],[[-47.754671,-22.780428],[-47.755742,-22.778252]],[[-48.003369,-22.775936],[-48.003274,-22.775894]],[[-47.997629,-22.776037],[-47.997635,-22.776034]],[[-47.997629,-22.776037],[-47.997629,-22.776037]],[[-47.745833,-22.780569],[-47.745833,-22.780569]],[[-47.777963,-22.780011],[-47.777749,-22.778862]],[[-47.752557,-22.78043],[-47.753671,-22.778757],[-47.755742,-22.778252]],[[-47.942043,-22.777046],[-47.940105,-22.77762]],[[-48.028622,-22.775402],[-48.028379,-22.773281],[-48.028232,-22.774157]],[[-47.755898,-22.780344],[-47.755257,-22.779314]],[[-47.783258,-22.779861],[-47.780877,-22.780069]],[[-47.981173,-22.776273],[-47.979279,-22.775714]],[[-47.709074,-22.781122],[-47.709074,-22.781122]],[[-48.003254,-22.775797],[-48.003322,-22.775747]],[[-48.006728,-22.775712],[-48.003548,-22.776196]],[[-48.001592,-22.775796],[-48.001174,-22.776028]],[[-48.001592,-22.775796],[-48.001711,-22.775723]],[[-48.001593,-22.775795],[-48.001592,-22.775796]],[[-47.701775,-22.781145],[-47.701757,-22.779479],[-47.701776,-22.780104]],[[-47.775191,-22.779867],[-47.775191,-22.779867]],[[-47.890297,-22.777803],[-47.890296,-22.777807]],[[-47.890297,-22.777803],[-47.895822,-22.776188],[-47.897018,-22.777651]],[[-47.829221,-22.778882],[-47.829221,-22.778882]],[[-47.897018,-22.777651],[-47.897031,-22.777647]],[[-47.897018,-22.777651],[-47.902187,-22.777941]],[[-47.829578,-22.778855],[-47.831494,-22.779448]],[[-47.712567,-22.780885],[-47.712568,-22.780885]],[[-47.712567,-22.780885],[-47.713202,-22.780814]],[[-48.003349,-22.77567],[-48.003329,-22.775612]],[[-47.747489,-22.780265],[-47.747492,-22.780267]],[[-47.747489,-22.780265],[-47.747952,-22.779091]],[[-48.003346,-22.77564],[-48.003346,-22.775586]],[[-47.713212,-22.780812],[-47.713931,-22.78124],[-47.713212,-22.780812]],[[-48.014231,-22.775379],[-48.013197,-22.777688]],[[-47.712254,-22.780783],[-47.712567,-22.780885]],[[-47.859722,-22.778205],[-47.859729,-22.778198]],[[-47.859722,-22.778205],[-47.859729,-22.778198]],[[-47.877067,-22.777889],[-47.877027,-22.77789]],[[-47.877027,-22.77789],[-47.878346,-22.777689]],[[-47.859729,-22.778198],[-47.861919,-22.775428]],[[-48.003368,-22.775514],[-48.003277,-22.775413]],[[-47.662631,-22.781562],[-47.658897,-22.779082],[-47.65795,-22.776108]],[[-47.71177,-22.780731],[-47.710539,-22.779755]],[[-47.659105,-22.781615],[-47.658654,-22.782218],[-47.659105,-22.781615]],[[-47.712159,-22.780672],[-47.712159,-22.780672]],[[-47.697521,-22.780905],[-47.697904,-22.781361]],[[-48.003243,-22.775411],[-48.001592,-22.775796]],[[-47.994518,-22.775565],[-47.99452,-22.775563]],[[-47.994518,-22.775565],[-47.993719,-22.77507]],[[-47.657806,-22.781516],[-47.658547,-22.781793]],[[-47.687336,-22.781014],[-47.684736,-22.782113],[-47.683211,-22.784805]],[[-47.763607,-22.779699],[-47.76358,-22.779535]],[[-47.697401,-22.7808],[-47.697571,-22.779982],[-47.697401,-22.7808]],[[-47.966168,-22.775986],[-47.969066,-22.779807],[-47.968734,-22.7793]],[[-47.657532,-22.781426],[-47.657674,-22.78147]],[[-47.760011,-22.77967],[-47.760011,-22.77967]],[[-48.003278,-22.77527],[-48.003205,-22.775061]],[[-47.714992,-22.780433],[-47.714387,-22.782987]],[[-47.762354,-22.779603],[-47.762355,-22.779602]],[[-47.762355,-22.779602],[-47.761337,-22.779784],[-47.762355,-22.779602]],[[-47.762355,-22.779602],[-47.764039,-22.776709],[-47.763739,-22.774918],[-47.767119,-22.773376],[-47.768307,-22.771608],[-47.770755,-22.770928],[-47.77296,-22.768669]],[[-47.735328,-22.780067],[-47.736042,-22.780213],[-47.73536,-22.780071]],[[-47.735328,-22.780067],[-47.734827,-22.780042]],[[-47.714922,-22.78041],[-47.714238,-22.781493]],[[-47.763855,-22.779553],[-47.763855,-22.779553]],[[-47.812494,-22.778698],[-47.80967,-22.778154]],[[-47.849129,-22.777963],[-47.849874,-22.775563]],[[-48.003065,-22.775118],[-48.002832,-22.774901]],[[-47.774428,-22.779256],[-47.774428,-22.779256]],[[-47.741569,-22.779817],[-47.738788,-22.778327],[-47.737787,-22.779006]],[[-47.745977,-22.779702],[-47.747489,-22.780265]],[[-48.003205,-22.775061],[-48.003206,-22.775063]],[[-48.003205,-22.775061],[-48.003205,-22.775061]],[[-47.985812,-22.775349],[-47.987473,-22.774212]],[[-47.688787,-22.78062],[-47.688787,-22.78062]],[[-47.773104,-22.77917],[-47.771038,-22.779528],[-47.768577,-22.784264]],[[-47.875573,-22.777346],[-47.877027,-22.77789]],[[-47.794412,-22.77878],[-47.794875,-22.778796]],[[-47.692511,-22.780504],[-47.694385,-22.781998]],[[-47.763234,-22.779294],[-47.762932,-22.778993]],[[-47.756994,-22.779376],[-47.75674,-22.77751]],[[-47.631044,-22.781486],[-47.62948,-22.781081]],[[-47.794204,-22.778708],[-47.793848,-22.778783]],[[-47.657394,-22.781043],[-47.657394,-22.781043]],[[-47.795125,-22.778678],[-47.794968,-22.778789]],[[-48.002832,-22.774901],[-48.002857,-22.774931]],[[-48.002832,-22.774901],[-48.002817,-22.774881]],[[-47.757235,-22.779334],[-47.757235,-22.779334]],[[-47.745835,-22.779517],[-47.745835,-22.779517]],[[-48.002817,-22.774881],[-48.002832,-22.774901]],[[-48.002817,-22.774881],[-48.002817,-22.774881]],[[-47.763456,-22.779184],[-47.763456,-22.779184]],[[-48.002787,-22.774854],[-48.002801,-22.774871]],[[-48.021813,-22.774493],[-48.022162,-22.771699]],[[-47.795199,-22.778614],[-47.796523,-22.778323]],[[-47.741709,-22.779519],[-47.741709,-22.779519]],[[-47.794284,-22.778605],[-47.794284,-22.778605]],[[-47.813544,-22.778249],[-47.815691,-22.778485],[-47.817204,-22.779854]],[[-47.647096,-22.781092],[-47.647303,-22.781959]],[[-47.777749,-22.778862],[-47.777753,-22.778801]],[[-47.747441,-22.779382],[-47.747079,-22.778949]],[[-47.912614,-22.776438],[-47.912614,-22.776438]],[[-47.658877,-22.780836],[-47.658877,-22.780836]],[[-47.81337,-22.778178],[-47.813522,-22.778191]],[[-47.813338,-22.778176],[-47.812466,-22.778668],[-47.813338,-22.778176]],[[-47.777771,-22.778744],[-47.777086,-22.776642],[-47.776257,-22.776886],[-47.777029,-22.777613]],[[-47.779099,-22.778701],[-47.777749,-22.778862]],[[-47.658934,-22.780743],[-47.658934,-22.780743]],[[-47.773097,-22.778718],[-47.773483,-22.781948],[-47.771705,-22.788735]],[[-47.697284,-22.780013],[-47.698476,-22.777653],[-47.698039,-22.778215]],[[-48.024395,-22.774119],[-48.025119,-22.772361]],[[-48.002533,-22.774518],[-48.00264,-22.774393]],[[-48.002524,-22.774511],[-48.000221,-22.773348]],[[-47.7791,-22.778558],[-47.7791,-22.778558]],[[-47.890071,-22.776567],[-47.890297,-22.777803]],[[-47.890071,-22.776567],[-47.889604,-22.774106]],[[-47.698967,-22.779902],[-47.697798,-22.778501]],[[-47.844765,-22.777341],[-47.845738,-22.776607]],[[-47.629443,-22.781022],[-47.625172,-22.778986]],[[-47.977154,-22.774902],[-47.974427,-22.772905],[-47.972433,-22.773324]],[[-48.00266,-22.774395],[-48.002866,-22.773675],[-48.00264,-22.774393]],[[-48.00264,-22.774393],[-48.002607,-22.774395]],[[-48.00264,-22.774393],[-48.002639,-22.774393]],[[-47.917344,-22.775951],[-47.916079,-22.775057]],[[-47.906324,-22.776148],[-47.904174,-22.776002]],[[-47.78376,-22.77833],[-47.781462,-22.778406]],[[-47.913566,-22.77599],[-47.913566,-22.77599]],[[-47.973398,-22.774832],[-47.971896,-22.773895],[-47.969877,-22.775171]],[[-47.863501,-22.776818],[-47.859923,-22.777955]],[[-47.789494,-22.77811],[-47.789491,-22.776028],[-47.787156,-22.774297]],[[-47.737781,-22.779005],[-47.736104,-22.780075],[-47.737525,-22.781583],[-47.736773,-22.780067],[-47.737781,-22.779005]],[[-47.682595,-22.779941],[-47.68739,-22.779386]],[[-48.028148,-22.773727],[-48.028091,-22.773645]],[[-47.853339,-22.77694],[-47.852544,-22.777789]],[[-47.818497,-22.777543],[-47.817217,-22.779847]],[[-47.904174,-22.776002],[-47.904174,-22.776001]],[[-47.904174,-22.776002],[-47.903345,-22.773165]],[[-47.978273,-22.774609],[-47.978273,-22.774609]],[[-47.758475,-22.77853],[-47.756866,-22.777297]],[[-47.792796,-22.777932],[-47.792796,-22.777932]],[[-47.792918,-22.777903],[-47.792918,-22.777903]],[[-47.767794,-22.778335],[-47.770557,-22.780342]],[[-47.783705,-22.778057],[-47.786812,-22.779265]],[[-47.989146,-22.774335],[-47.988244,-22.773949]],[[-47.70175,-22.77946],[-47.701443,-22.778851]],[[-47.660028,-22.780089],[-47.660028,-22.780089]],[[-48.016703,-22.773699],[-48.020227,-22.771628]],[[-47.767742,-22.778151],[-47.767742,-22.778151]],[[-47.5733,-22.781388],[-47.573294,-22.781386]],[[-47.573294,-22.781386],[-47.57317,-22.781147]],[[-47.73194,-22.778724],[-47.735328,-22.780067]],[[-47.704308,-22.779166],[-47.704134,-22.780257]],[[-48.027743,-22.773322],[-48.027643,-22.773231]],[[-47.755742,-22.778252],[-47.75674,-22.77751]],[[-47.789961,-22.777643],[-47.789961,-22.777643]],[[-48.009262,-22.773654],[-48.009648,-22.778015]],[[-48.028376,-22.773284],[-48.028388,-22.773254]],[[-47.706724,-22.779045],[-47.706654,-22.779279]],[[-48.028388,-22.773254],[-48.028387,-22.773255]],[[-48.028388,-22.773254],[-48.028319,-22.772634],[-48.028388,-22.773254]],[[-47.68771,-22.779349],[-47.68771,-22.779349]],[[-47.662279,-22.77977],[-47.662279,-22.77977]],[[-47.747837,-22.778309],[-47.748055,-22.776234]],[[-48.027643,-22.773231],[-48.027639,-22.773238]],[[-48.027643,-22.773231],[-48.027643,-22.773231]],[[-47.735517,-22.778499],[-47.735517,-22.778499]],[[-47.988256,-22.773957],[-47.988244,-22.773949]],[[-47.988244,-22.773949],[-47.985855,-22.773699]],[[-47.988244,-22.773949],[-47.98712,-22.77262]],[[-47.687708,-22.779275],[-47.689389,-22.778572]],[[-47.831271,-22.776789],[-47.831167,-22.779171],[-47.83273,-22.780043],[-47.831988,-22.781623],[-47.834061,-22.784384]],[[-47.940399,-22.774798],[-47.937929,-22.773465],[-47.936029,-22.77021],[-47.933871,-22.769858]],[[-48.002832,-22.773613],[-48.002815,-22.772955]],[[-47.573121,-22.781107],[-47.571926,-22.78004],[-47.570685,-22.774604]],[[-47.846204,-22.776454],[-47.843981,-22.776201]],[[-47.765175,-22.777871],[-47.763825,-22.777145]],[[-47.706756,-22.778873],[-47.706753,-22.778954]],[[-47.738828,-22.778321],[-47.73908,-22.778206]],[[-47.645613,-22.779889],[-47.645725,-22.77994]],[[-48.00654,-22.773474],[-48.004774,-22.773636],[-48.00332,-22.775043]],[[-48.027582,-22.773068],[-48.027478,-22.772729]],[[-47.642547,-22.779862],[-47.643101,-22.778778]],[[-47.722823,-22.778502],[-47.723361,-22.775947]],[[-47.916079,-22.775057],[-47.916023,-22.7767]],[[-47.708977,-22.778662],[-47.709144,-22.77837]],[[-47.720396,-22.77843],[-47.72051,-22.776616],[-47.718433,-22.775604]],[[-47.737836,-22.778114],[-47.737836,-22.778114]],[[-47.878409,-22.775632],[-47.878415,-22.775628]],[[-47.878409,-22.775632],[-47.878636,-22.773399]],[[-47.704646,-22.778638],[-47.704646,-22.778637]],[[-47.704646,-22.778637],[-47.704263,-22.779138],[-47.704646,-22.778637]],[[-47.704646,-22.778637],[-47.706003,-22.777728]],[[-47.971904,-22.773875],[-47.972692,-22.771651]],[[-47.943577,-22.774367],[-47.9409,-22.775464],[-47.939911,-22.776903]],[[-47.771794,-22.777428],[-47.771794,-22.777428]],[[-47.805157,-22.776834],[-47.806773,-22.771189]],[[-47.729033,-22.778145],[-47.729646,-22.778496]],[[-47.729033,-22.778145],[-47.729028,-22.778146]],[[-48.000025,-22.773254],[-47.99988,-22.773066]],[[-47.97879,-22.773623],[-47.9762,-22.771148]],[[-48.028317,-22.772633],[-48.027761,-22.766256],[-48.028077,-22.767119]],[[-47.709144,-22.77837],[-47.709143,-22.77837]],[[-47.709144,-22.77837],[-47.709144,-22.77837]],[[-47.770087,-22.777317],[-47.770087,-22.777317]],[[-47.840777,-22.77606],[-47.837603,-22.778259],[-47.833528,-22.77916]],[[-48.027426,-22.772611],[-48.023881,-22.771972]],[[-47.75674,-22.77751],[-47.75674,-22.777509]],[[-47.75674,-22.77751],[-47.756866,-22.777297]],[[-47.833346,-22.776113],[-47.833307,-22.776984]],[[-47.887845,-22.775125],[-47.88909,-22.775049],[-47.890071,-22.776567]],[[-47.990151,-22.773176],[-47.989076,-22.774519],[-47.989821,-22.776814]],[[-47.999812,-22.772962],[-47.999806,-22.771519],[-47.997203,-22.770355],[-47.995119,-22.767422],[-47.995447,-22.763465],[-47.997182,-22.762662]],[[-47.965145,-22.773608],[-47.96604,-22.775677]],[[-47.789443,-22.776768],[-47.789443,-22.776768]],[[-47.756866,-22.777297],[-47.756858,-22.777289]],[[-47.756866,-22.777297],[-47.759925,-22.77526]],[[-47.714025,-22.77803],[-47.714633,-22.778529],[-47.714025,-22.77803]],[[-48.002781,-22.772852],[-48.002408,-22.771178]],[[-47.70939,-22.778093],[-47.710419,-22.777539]],[[-47.781098,-22.776855],[-47.783612,-22.777145]],[[-47.743662,-22.777491],[-47.743857,-22.777783]],[[-47.706605,-22.778079],[-47.706647,-22.77889],[-47.706599,-22.778211]],[[-47.845875,-22.775651],[-47.847724,-22.774207]],[[-48.007589,-22.772671],[-48.002751,-22.771774]],[[-47.773988,-22.776881],[-47.773164,-22.778614]],[[-47.773988,-22.776881],[-47.773994,-22.77688]],[[-47.833099,-22.77584],[-47.833099,-22.77584]],[[-47.99519,-22.772874],[-47.997176,-22.770369]],[[-47.965902,-22.773416],[-47.965902,-22.773416]],[[-47.644535,-22.779057],[-47.645172,-22.779351]],[[-47.875001,-22.775064],[-47.877694,-22.776386],[-47.878409,-22.775632]],[[-47.87502,-22.775058],[-47.873643,-22.77351],[-47.872159,-22.773899],[-47.8724,-22.772666],[-47.872073,-22.77372]],[[-47.645003,-22.779035],[-47.644535,-22.779057]],[[-47.824576,-22.77594],[-47.824451,-22.777083]],[[-47.739898,-22.77741],[-47.74041,-22.776975]],[[-47.739854,-22.777385],[-47.738925,-22.777995],[-47.739854,-22.777385]],[[-47.961923,-22.773401],[-47.964783,-22.772934]],[[-47.727309,-22.777552],[-47.728721,-22.775541]],[[-47.772672,-22.776744],[-47.77263,-22.776755]],[[-47.772672,-22.776744],[-47.772904,-22.776749]],[[-47.772666,-22.776744],[-47.772672,-22.776744]],[[-47.847429,-22.775423],[-47.847896,-22.777389]],[[-47.689568,-22.77814],[-47.689568,-22.77814]],[[-47.737531,-22.777322],[-47.737531,-22.777322]],[[-47.97254,-22.773099],[-47.977822,-22.770565]],[[-47.730277,-22.777414],[-47.729033,-22.778145]],[[-47.99702,-22.772584],[-47.99702,-22.772584]],[[-47.777053,-22.776561],[-47.776114,-22.775555],[-47.774562,-22.776075]],[[-47.997101,-22.772565],[-47.998856,-22.771518],[-47.99973,-22.771939]],[[-47.824589,-22.77571],[-47.824589,-22.77571]],[[-47.751738,-22.776974],[-47.750734,-22.777165]],[[-47.916971,-22.774016],[-47.915259,-22.774128]],[[-47.706,-22.777729],[-47.706003,-22.777728]],[[-47.706003,-22.777728],[-47.705257,-22.778389]],[[-47.706003,-22.777728],[-47.706559,-22.777106]],[[-47.836484,-22.77545],[-47.836478,-22.775458]],[[-47.836484,-22.77545],[-47.835546,-22.778088],[-47.834192,-22.778653]],[[-47.771408,-22.776587],[-47.772672,-22.776744]],[[-48.023881,-22.771972],[-48.023909,-22.771994]],[[-48.023881,-22.771972],[-48.022162,-22.771699]],[[-47.743512,-22.777027],[-47.743512,-22.777027]],[[-47.701527,-22.777743],[-47.701263,-22.778335],[-47.701527,-22.777743]],[[-47.713707,-22.777528],[-47.713707,-22.777528]],[[-47.789776,-22.776201],[-47.789776,-22.776201]],[[-47.625172,-22.778986],[-47.624129,-22.780746],[-47.624996,-22.781082],[-47.624515,-22.784342],[-47.62552,-22.785172]],[[-47.625172,-22.778986],[-47.625173,-22.778985]],[[-47.74041,-22.776975],[-47.740409,-22.776975]],[[-47.74041,-22.776975],[-47.74041,-22.776975]],[[-47.71057,-22.777475],[-47.710616,-22.777411]],[[-47.69838,-22.777622],[-47.698651,-22.776891]],[[-47.846154,-22.775045],[-47.84644,-22.773629]],[[-47.701472,-22.777561],[-47.700341,-22.777554],[-47.701472,-22.777561]],[[-47.711065,-22.777396],[-47.711694,-22.776881]],[[-47.964745,-22.772871],[-47.965058,-22.771166],[-47.963699,-22.768608]],[[-47.824657,-22.775387],[-47.825677,-22.773771]],[[-47.657855,-22.778209],[-47.659707,-22.779793],[-47.658992,-22.780694],[-47.659284,-22.779444],[-47.657855,-22.778209]],[[-47.657855,-22.778209],[-47.657855,-22.778209]],[[-48.022162,-22.771699],[-48.01627,-22.769807]],[[-47.678284,-22.777825],[-47.677814,-22.778664]],[[-47.787844,-22.775913],[-47.787844,-22.775913]],[[-47.710447,-22.777237],[-47.710447,-22.777237]],[[-47.679174,-22.777758],[-47.678864,-22.779532]],[[-47.816311,-22.775387],[-47.818704,-22.776861]],[[-47.678153,-22.777763],[-47.677829,-22.778443]],[[-47.742432,-22.776661],[-47.741898,-22.776159]],[[-47.710694,-22.777199],[-47.710694,-22.777199]],[[-47.710688,-22.777197],[-47.710776,-22.777197]],[[-47.914442,-22.773599],[-47.916079,-22.775057]],[[-47.774562,-22.776075],[-47.773988,-22.776881]],[[-47.774562,-22.776075],[-47.77456,-22.776069]],[[-47.768822,-22.776171],[-47.767574,-22.772851]],[[-47.643746,-22.778257],[-47.644535,-22.779057]],[[-47.706564,-22.777119],[-47.7065,-22.777775]],[[-47.780146,-22.775847],[-47.778767,-22.775752],[-47.779394,-22.775529]],[[-47.706559,-22.777109],[-47.706559,-22.777106]],[[-47.706559,-22.777106],[-47.707278,-22.776372],[-47.706575,-22.777065]],[[-47.706559,-22.777106],[-47.706766,-22.776184]],[[-47.700482,-22.777177],[-47.700644,-22.776171]],[[-47.678023,-22.777545],[-47.677176,-22.777778]],[[-47.965811,-22.772453],[-47.965811,-22.772453]],[[-47.830092,-22.774869],[-47.827844,-22.775178],[-47.827038,-22.776359],[-47.82343,-22.777792]],[[-47.679111,-22.777471],[-47.679116,-22.777472]],[[-47.679111,-22.777471],[-47.679738,-22.777402],[-47.679111,-22.777471]],[[-47.742772,-22.776378],[-47.743249,-22.777066],[-47.742772,-22.776378]],[[-47.758377,-22.7761],[-47.754355,-22.775361]],[[-47.678899,-22.777415],[-47.679111,-22.777471]],[[-47.711766,-22.776852],[-47.712748,-22.775673]],[[-47.679737,-22.77739],[-47.681648,-22.776144]],[[-47.678454,-22.777409],[-47.678089,-22.777452]],[[-47.913657,-22.773265],[-47.911849,-22.772186]],[[-47.838336,-22.774623],[-47.836484,-22.77545]],[[-47.69669,-22.77703],[-47.698144,-22.776874]],[[-47.84011,-22.77451],[-47.839437,-22.770783]],[[-47.707293,-22.776807],[-47.707293,-22.776807]],[[-47.816243,-22.77492],[-47.816243,-22.774921]],[[-47.816243,-22.77492],[-47.816243,-22.77492]],[[-47.805861,-22.775096],[-47.805861,-22.775096]],[[-47.772019,-22.775653],[-47.773988,-22.776881]],[[-47.788271,-22.775358],[-47.788271,-22.775358]],[[-47.741898,-22.776159],[-47.741898,-22.77616]],[[-47.741898,-22.776159],[-47.740483,-22.776908]],[[-47.698651,-22.776891],[-47.698645,-22.776892]],[[-47.698651,-22.776891],[-47.698872,-22.776053],[-47.698651,-22.776891]],[[-47.698238,-22.776893],[-47.698685,-22.776381]],[[-47.678668,-22.77722],[-47.678668,-22.77722]],[[-47.77605,-22.775543],[-47.778831,-22.775787]],[[-47.841663,-22.774372],[-47.841447,-22.773215]],[[-47.815199,-22.774794],[-47.815202,-22.774789]],[[-47.815199,-22.774794],[-47.815711,-22.775147],[-47.815199,-22.774794]],[[-47.820238,-22.774665],[-47.818514,-22.777529]],[[-47.903345,-22.773165],[-47.90334,-22.773171]],[[-47.903345,-22.773165],[-47.903345,-22.773165]],[[-47.713317,-22.776503],[-47.713487,-22.777417],[-47.713317,-22.776503]],[[-47.91406,-22.772957],[-47.914618,-22.77349],[-47.91406,-22.772957]],[[-47.698251,-22.776741],[-47.698251,-22.776741]],[[-47.601132,-22.778342],[-47.603805,-22.779537],[-47.607119,-22.7793],[-47.609282,-22.776156]],[[-47.758858,-22.775679],[-47.75584,-22.772877]],[[-47.734018,-22.776069],[-47.731934,-22.778696]],[[-47.815584,-22.774635],[-47.816243,-22.77492]],[[-48.002408,-22.771178],[-48.002411,-22.771179]],[[-48.002408,-22.771178],[-48.002408,-22.771178]],[[-47.820466,-22.774499],[-47.820467,-22.774499]],[[-47.820467,-22.774499],[-47.820467,-22.774499]],[[-47.820467,-22.774499],[-47.821925,-22.773345]],[[-47.961641,-22.771916],[-47.964622,-22.770712]],[[-47.724343,-22.776113],[-47.729033,-22.778145]],[[-47.972692,-22.771651],[-47.972693,-22.771653]],[[-47.972692,-22.771651],[-47.972692,-22.771651]],[[-47.98179,-22.771458],[-47.98105,-22.770659]],[[-48.002371,-22.771063],[-48.003404,-22.768058]],[[-47.720494,-22.7761],[-47.720859,-22.775453]],[[-47.713248,-22.776217],[-47.713248,-22.776217]],[[-47.942791,-22.772138],[-47.941013,-22.772348]],[[-47.723901,-22.776022],[-47.724022,-22.776016]],[[-47.902293,-22.772835],[-47.903192,-22.772675],[-47.902471,-22.771248],[-47.902293,-22.772835]],[[-48.008829,-22.770851],[-48.00871,-22.769804]],[[-48.033233,-22.770344],[-48.032841,-22.769761]],[[-47.836797,-22.773958],[-47.836484,-22.77545]],[[-47.723395,-22.775932],[-47.72364,-22.77599]],[[-47.714681,-22.77608],[-47.716406,-22.775306]],[[-47.812169,-22.774386],[-47.812168,-22.774388]],[[-47.812169,-22.774386],[-47.812169,-22.774386]],[[-47.81217,-22.774382],[-47.812169,-22.774386]],[[-47.642466,-22.777277],[-47.64307,-22.778699]],[[-47.713452,-22.77606],[-47.713452,-22.77606]],[[-47.707412,-22.776161],[-47.70739,-22.776187]],[[-47.759925,-22.77526],[-47.759925,-22.77526]],[[-47.759925,-22.77526],[-47.764353,-22.774654]],[[-47.788348,-22.774764],[-47.792855,-22.776207],[-47.794546,-22.78179],[-47.796189,-22.78343]],[[-47.788348,-22.774764],[-47.788335,-22.774777]],[[-47.642646,-22.777218],[-47.643219,-22.77698]],[[-47.967001,-22.771501],[-47.967001,-22.771501]],[[-47.732941,-22.775674],[-47.732941,-22.775674]],[[-47.972855,-22.771377],[-47.973571,-22.770119],[-47.972633,-22.767742]],[[-47.740152,-22.775539],[-47.740015,-22.777202]],[[-47.713298,-22.775991],[-47.713298,-22.775991]],[[-48.016064,-22.770534],[-48.01727,-22.770478]],[[-47.693422,-22.776301],[-47.692806,-22.777647]],[[-47.700644,-22.776171],[-47.700644,-22.77617]],[[-47.700644,-22.776171],[-47.700579,-22.775548],[-47.700644,-22.776171]],[[-47.763022,-22.775088],[-47.761717,-22.774811],[-47.759511,-22.771511]],[[-47.677145,-22.776491],[-47.676842,-22.776808]],[[-48.030014,-22.77017],[-48.030014,-22.77017]],[[-47.919048,-22.772237],[-47.916615,-22.76907]],[[-47.698964,-22.7761],[-47.699669,-22.775995]],[[-47.700045,-22.776046],[-47.700045,-22.776046]],[[-47.643219,-22.77698],[-47.643695,-22.778174]],[[-48.009574,-22.770483],[-48.007933,-22.767922]],[[-47.707186,-22.775873],[-47.707186,-22.775873]],[[-47.955648,-22.771459],[-47.95622,-22.768502]],[[-47.699669,-22.775995],[-47.699691,-22.775993]],[[-47.699669,-22.775995],[-47.699669,-22.775995]],[[-47.828866,-22.773755],[-47.826771,-22.774816],[-47.826294,-22.776506]],[[-47.677016,-22.776373],[-47.678668,-22.77722]],[[-47.813323,-22.774013],[-47.813323,-22.774013]],[[-47.818528,-22.773897],[-47.818913,-22.776103]],[[-47.812322,-22.773993],[-47.812349,-22.773883]],[[-47.750004,-22.775031],[-47.746568,-22.776906],[-47.745613,-22.77852]],[[-47.902299,-22.772318],[-47.902177,-22.77037],[-47.899623,-22.768609],[-47.896595,-22.771794]],[[-47.729152,-22.775339],[-47.729433,-22.775201]],[[-47.681648,-22.776144],[-47.681656,-22.776145]],[[-47.681648,-22.776144],[-47.684104,-22.775944],[-47.685879,-22.774611]],[[-47.81856,-22.773777],[-47.81856,-22.773777]],[[-47.812349,-22.773883],[-47.812349,-22.773883]],[[-47.818639,-22.773766],[-47.822047,-22.771038]],[[-47.988326,-22.770676],[-47.991559,-22.767409]],[[-47.699696,-22.775809],[-47.700159,-22.77551]],[[-47.949705,-22.771376],[-47.953431,-22.768853],[-47.95622,-22.768502]],[[-47.787156,-22.774297],[-47.787156,-22.774292]],[[-47.787156,-22.774297],[-47.788348,-22.774764]],[[-47.770719,-22.774581],[-47.770662,-22.770991]],[[-47.71772,-22.775491],[-47.718492,-22.77554],[-47.71772,-22.775491]],[[-47.831603,-22.773417],[-47.833462,-22.771303]],[[-47.98105,-22.770659],[-47.981793,-22.770066]],[[-47.973445,-22.770783],[-47.977,-22.767152]],[[-48.023496,-22.769841],[-48.023881,-22.771972]],[[-47.788006,-22.77412],[-47.788006,-22.77412]],[[-47.718015,-22.775328],[-47.717819,-22.775063]],[[-47.743375,-22.774877],[-47.741898,-22.776159]],[[-47.700511,-22.775603],[-47.703966,-22.76528]],[[-47.736526,-22.774965],[-47.734135,-22.776243],[-47.734699,-22.775661]],[[-47.707376,-22.775453],[-47.705292,-22.775513]],[[-48.028377,-22.769655],[-48.032718,-22.768872]],[[-47.99273,-22.770327],[-47.990164,-22.773099],[-47.991295,-22.77634]],[[-47.73668,-22.774902],[-47.73668,-22.774902]],[[-48.031838,-22.769561],[-48.033706,-22.769711]],[[-47.806511,-22.773683],[-47.806511,-22.773683]],[[-47.700148,-22.775504],[-47.700151,-22.775507]],[[-47.793657,-22.773877],[-47.793657,-22.773877]],[[-47.978414,-22.770521],[-47.98105,-22.770659]],[[-48.01627,-22.769807],[-48.01627,-22.769807]],[[-47.739986,-22.774791],[-47.739984,-22.774796]],[[-47.739986,-22.774791],[-47.740482,-22.775501],[-47.739986,-22.774791]],[[-47.833283,-22.773136],[-47.833724,-22.768395]],[[-47.718562,-22.775132],[-47.720514,-22.776132],[-47.722919,-22.775747]],[[-47.78772,-22.77392],[-47.78772,-22.77392]],[[-47.996915,-22.770125],[-47.995581,-22.768771]],[[-47.721156,-22.77506],[-47.721879,-22.772632]],[[-47.835915,-22.773042],[-47.835317,-22.771036]],[[-47.657779,-22.776107],[-47.657706,-22.776069]],[[-47.71651,-22.775081],[-47.717804,-22.775057]],[[-47.718427,-22.775046],[-47.718427,-22.775042]],[[-47.718427,-22.775046],[-47.718041,-22.775012]],[[-47.71843,-22.775044],[-47.718427,-22.775046]],[[-47.71843,-22.775044],[-47.718427,-22.775046]],[[-47.718427,-22.775042],[-47.71843,-22.775044]],[[-47.718427,-22.775042],[-47.718427,-22.775041]],[[-47.718422,-22.775041],[-47.718427,-22.775042]],[[-47.812383,-22.773408],[-47.812369,-22.77335]],[[-47.657497,-22.776062],[-47.65747,-22.77598]],[[-47.8632,-22.77249],[-47.860468,-22.771884],[-47.859017,-22.768151]],[[-47.752341,-22.774438],[-47.750203,-22.773269]],[[-47.71794,-22.775027],[-47.71843,-22.775044]],[[-48.016161,-22.769625],[-48.016143,-22.769809]],[[-47.793929,-22.773672],[-47.793929,-22.773672]],[[-47.778708,-22.773916],[-47.77618,-22.773005]],[[-47.681588,-22.775576],[-47.681588,-22.775576]],[[-47.700074,-22.775249],[-47.700241,-22.775246]],[[-47.657421,-22.775953],[-47.65733,-22.775915]],[[-47.829397,-22.772988],[-47.826312,-22.771092],[-47.825599,-22.768848],[-47.826353,-22.765851]],[[-47.812321,-22.773266],[-47.812321,-22.773266]],[[-47.978034,-22.770251],[-47.978034,-22.770251]],[[-47.812314,-22.773251],[-47.812628,-22.771384]],[[-47.986961,-22.770074],[-47.986796,-22.768101]],[[-47.681455,-22.775493],[-47.681648,-22.776144]],[[-47.923977,-22.771224],[-47.924862,-22.76994]],[[-47.681339,-22.775487],[-47.68134,-22.77549]],[[-47.681339,-22.775487],[-47.681339,-22.775487]],[[-47.734307,-22.774546],[-47.734307,-22.774546]],[[-48.011293,-22.769554],[-48.010142,-22.768146]],[[-47.978289,-22.770149],[-47.980682,-22.767724]],[[-47.824111,-22.772949],[-47.824596,-22.775698]],[[-47.744135,-22.774294],[-47.743526,-22.775184],[-47.743907,-22.774615]],[[-47.780114,-22.773639],[-47.781349,-22.772735]],[[-47.680928,-22.775323],[-47.681339,-22.775487]],[[-47.680928,-22.775323],[-47.680928,-22.775323]],[[-47.680923,-22.775322],[-47.680928,-22.775323]],[[-47.783763,-22.773547],[-47.783149,-22.773724]],[[-47.912878,-22.771222],[-47.913825,-22.771374],[-47.916255,-22.769235]],[[-47.941039,-22.770682],[-47.939736,-22.776592],[-47.940151,-22.781697],[-47.938877,-22.783898]],[[-47.680442,-22.77525],[-47.680578,-22.775285]],[[-47.656764,-22.77562],[-47.65668,-22.775407]],[[-47.843344,-22.7724],[-47.840345,-22.772992]],[[-47.909688,-22.77117],[-47.910231,-22.772831],[-47.909545,-22.773683]],[[-47.745919,-22.774068],[-47.746845,-22.7726]],[[-47.668013,-22.775363],[-47.66756,-22.77444]],[[-47.680432,-22.775146],[-47.680432,-22.775146]],[[-47.902466,-22.771228],[-47.902552,-22.769019],[-47.905619,-22.763758]],[[-47.708081,-22.77463],[-47.705547,-22.774077]],[[-47.656416,-22.77548],[-47.656375,-22.775389]],[[-47.860661,-22.771941],[-47.858197,-22.773887]],[[-47.719038,-22.7744],[-47.71836,-22.774845]],[[-47.678737,-22.77506],[-47.680385,-22.775224]],[[-47.656523,-22.775427],[-47.656456,-22.775466]],[[-47.784231,-22.773244],[-47.784231,-22.773244]],[[-47.739143,-22.773994],[-47.739143,-22.773994]],[[-47.837111,-22.772271],[-47.835317,-22.771036]],[[-47.739686,-22.773959],[-47.739986,-22.774791]],[[-47.655206,-22.775368],[-47.654958,-22.775203]],[[-47.655206,-22.775368],[-47.654603,-22.775082]],[[-47.65544,-22.775359],[-47.655206,-22.775368]],[[-47.71223,-22.774385],[-47.715582,-22.777781],[-47.715146,-22.778837],[-47.715926,-22.779672],[-47.715045,-22.780352]],[[-47.739997,-22.773904],[-47.739997,-22.773904]],[[-47.739997,-22.773904],[-47.739997,-22.773904]],[[-47.64352,-22.775527],[-47.643219,-22.77698]],[[-47.655566,-22.775297],[-47.656,-22.775346]],[[-47.712048,-22.77434],[-47.71552,-22.777806],[-47.715064,-22.778786],[-47.715873,-22.779583],[-47.714954,-22.780315]],[[-47.643527,-22.775483],[-47.643628,-22.77498]],[[-48.018383,-22.768775],[-48.019916,-22.77155]],[[-47.941335,-22.770205],[-47.941335,-22.770205]],[[-47.791333,-22.772887],[-47.790801,-22.773538]],[[-47.654958,-22.775203],[-47.654958,-22.775203]],[[-47.654958,-22.775203],[-47.654607,-22.775074]],[[-47.825166,-22.772266],[-47.825963,-22.769947]],[[-47.719193,-22.774105],[-47.719148,-22.774191]],[[-47.968045,-22.769633],[-47.964609,-22.771811]],[[-47.748361,-22.773553],[-47.750171,-22.773354]],[[-47.790727,-22.772795],[-47.790618,-22.774225],[-47.788348,-22.774764]],[[-47.718602,-22.774008],[-47.71898,-22.774283]],[[-47.654577,-22.775069],[-47.654432,-22.774999]],[[-47.65458,-22.775062],[-47.654432,-22.774999]],[[-47.719302,-22.773928],[-47.719315,-22.773927]],[[-47.719315,-22.773927],[-47.719315,-22.773927]],[[-47.719315,-22.773927],[-47.719716,-22.773477]],[[-47.978173,-22.7693],[-47.97821,-22.770328]],[[-47.654432,-22.774999],[-47.654289,-22.774985]],[[-47.654281,-22.774982],[-47.652871,-22.77389]],[[-47.979903,-22.769231],[-47.9812,-22.768095]],[[-47.58887,-22.776012],[-47.589651,-22.776326]],[[-47.856063,-22.771448],[-47.856019,-22.76878]],[[-47.718659,-22.773828],[-47.718659,-22.773828]],[[-47.791986,-22.77255],[-47.791915,-22.772541]],[[-47.791915,-22.772541],[-47.791914,-22.772541]],[[-47.791915,-22.772541],[-47.7913,-22.772854],[-47.791915,-22.772541]],[[-47.902257,-22.770567],[-47.902085,-22.768232],[-47.898787,-22.76473],[-47.898624,-22.763431],[-47.897378,-22.763244],[-47.896985,-22.758295]],[[-47.763363,-22.77302],[-47.763765,-22.773355]],[[-47.789328,-22.772557],[-47.789328,-22.772557]],[[-47.691269,-22.774238],[-47.694378,-22.776412]],[[-47.981551,-22.76906],[-47.980192,-22.769204]],[[-47.792103,-22.772469],[-47.792103,-22.772469]],[[-47.995581,-22.768771],[-47.995584,-22.768771]],[[-47.995581,-22.768771],[-47.995003,-22.768597],[-47.995581,-22.768771]],[[-47.588375,-22.775847],[-47.588461,-22.775839]],[[-47.784266,-22.772533],[-47.784231,-22.773244]],[[-47.784266,-22.772533],[-47.785068,-22.772113],[-47.784266,-22.772533]],[[-48.011311,-22.768407],[-48.009415,-22.767818]],[[-47.784267,-22.772531],[-47.784266,-22.772533]],[[-47.985626,-22.768865],[-47.986796,-22.768101]],[[-47.830491,-22.771692],[-47.832237,-22.769162]],[[-47.790631,-22.772357],[-47.790631,-22.772357]],[[-47.994999,-22.768628],[-47.992778,-22.77028],[-47.99301,-22.773769]],[[-47.781297,-22.772465],[-47.783592,-22.775735],[-47.783262,-22.779924],[-47.784398,-22.781786],[-47.784415,-22.786066]],[[-47.736117,-22.773237],[-47.733366,-22.770651]],[[-47.763756,-22.772751],[-47.764787,-22.774519]],[[-48.026135,-22.767978],[-48.027689,-22.767851],[-48.027889,-22.76699]],[[-47.776907,-22.772491],[-47.776907,-22.772491]],[[-47.878936,-22.770681],[-47.881677,-22.77141],[-47.882257,-22.769715]],[[-47.926693,-22.769803],[-47.925178,-22.770375]],[[-47.587393,-22.775639],[-47.587393,-22.775639]],[[-47.790316,-22.772203],[-47.790582,-22.772503]],[[-48.00351,-22.768322],[-48.004566,-22.767252],[-48.00685,-22.76801],[-48.011384,-22.7668]],[[-47.736125,-22.773125],[-47.736125,-22.773125]],[[-47.883923,-22.770477],[-47.888084,-22.768376],[-47.89015,-22.765367]],[[-47.703594,-22.773617],[-47.702696,-22.772031]],[[-47.709184,-22.773492],[-47.706826,-22.776028]],[[-47.816093,-22.771631],[-47.818563,-22.773747]],[[-47.734734,-22.773037],[-47.734734,-22.773037]],[[-47.586673,-22.775496],[-47.586673,-22.775496]],[[-47.671076,-22.774094],[-47.671665,-22.772845]],[[-47.667373,-22.77415],[-47.667011,-22.773583]],[[-47.694993,-22.773669],[-47.694993,-22.773669]],[[-47.785087,-22.772102],[-47.78612,-22.771638]],[[-47.74221,-22.772805],[-47.742272,-22.77247]],[[-47.81311,-22.771453],[-47.815199,-22.774794]],[[-47.923866,-22.769458],[-47.925434,-22.770612],[-47.925891,-22.772852],[-47.927501,-22.772258],[-47.927804,-22.773436],[-47.92893,-22.77364]],[[-47.923866,-22.769458],[-47.923862,-22.769458]],[[-47.835317,-22.771036],[-47.83532,-22.771028]],[[-47.835317,-22.771036],[-47.833643,-22.768237],[-47.834691,-22.766184]],[[-47.815941,-22.771362],[-47.815941,-22.771362]],[[-48.026169,-22.767504],[-48.026169,-22.767504]],[[-47.81263,-22.771386],[-47.812628,-22.771384]],[[-47.812628,-22.771384],[-47.812682,-22.771492]],[[-47.812628,-22.771384],[-47.812049,-22.771148]],[[-47.963557,-22.768645],[-47.962238,-22.7671],[-47.962859,-22.768025]],[[-47.777436,-22.771972],[-47.777436,-22.771972]],[[-47.788127,-22.771749],[-47.788127,-22.771749]],[[-47.692579,-22.773378],[-47.692579,-22.773378]],[[-47.742947,-22.772517],[-47.742651,-22.771758]],[[-48.003392,-22.767815],[-48.005838,-22.760971],[-48.004208,-22.755553]],[[-47.721982,-22.772861],[-47.721982,-22.772861]],[[-47.986796,-22.768101],[-47.9868,-22.768098]],[[-47.986796,-22.768101],[-47.989842,-22.76689]],[[-47.839437,-22.770783],[-47.839114,-22.769866]],[[-47.968563,-22.768428],[-47.968563,-22.768428]],[[-47.586852,-22.775046],[-47.588126,-22.775689]],[[-47.734075,-22.77259],[-47.734075,-22.77259]],[[-47.64343,-22.774105],[-47.643644,-22.774948]],[[-47.792314,-22.771566],[-47.792747,-22.770734]],[[-47.693929,-22.773257],[-47.693929,-22.773257]],[[-47.968616,-22.76838],[-47.9703,-22.766569]],[[-48.022276,-22.767342],[-48.022276,-22.767342]],[[-47.742181,-22.772353],[-47.742181,-22.772353]],[[-47.85787,-22.770307],[-47.857608,-22.769083]],[[-47.837634,-22.770659],[-47.838058,-22.768624]],[[-47.794067,-22.771425],[-47.794067,-22.771425]],[[-47.95622,-22.768502],[-47.956229,-22.768499]],[[-47.95622,-22.768502],[-47.958124,-22.767506]],[[-47.966836,-22.768296],[-47.965161,-22.768166],[-47.964465,-22.769047]],[[-47.806773,-22.771189],[-47.806762,-22.771188]],[[-47.806773,-22.771189],[-47.807266,-22.770503],[-47.806773,-22.771189]],[[-47.667011,-22.773583],[-47.665151,-22.777835]],[[-47.794056,-22.771405],[-47.792128,-22.772325]],[[-47.742252,-22.772297],[-47.742509,-22.77181]],[[-47.681072,-22.773337],[-47.682796,-22.772424]],[[-47.768192,-22.771827],[-47.765817,-22.770034],[-47.763817,-22.770088]],[[-47.643394,-22.773942],[-47.64343,-22.774091]],[[-47.586615,-22.774857],[-47.586615,-22.774857]],[[-47.652784,-22.773763],[-47.651347,-22.77372]],[[-47.854002,-22.77028],[-47.856019,-22.76878]],[[-47.739011,-22.772295],[-47.739011,-22.772295]],[[-47.898724,-22.769447],[-47.896883,-22.767752],[-47.895356,-22.767839],[-47.895788,-22.767013],[-47.89439,-22.766191],[-47.892389,-22.766131],[-47.893483,-22.766492]],[[-47.819708,-22.770857],[-47.819666,-22.77281]],[[-47.690989,-22.77305],[-47.690215,-22.776542],[-47.692627,-22.779386],[-47.692592,-22.783214]],[[-47.651301,-22.773714],[-47.65072,-22.773103]],[[-47.622637,-22.774185],[-47.623325,-22.777954],[-47.625172,-22.778986]],[[-47.709783,-22.772693],[-47.708988,-22.773368],[-47.709667,-22.772786]],[[-47.606308,-22.774354],[-47.610443,-22.776058],[-47.61451,-22.772415],[-47.617153,-22.771347],[-47.618459,-22.769364],[-47.62,-22.769986],[-47.622849,-22.768307],[-47.623201,-22.767122],[-47.621179,-22.766059],[-47.620482,-22.764081],[-47.617316,-22.761389]],[[-47.863995,-22.769934],[-47.863359,-22.765387]],[[-47.790217,-22.771203],[-47.790217,-22.771203]],[[-47.916586,-22.768935],[-47.917409,-22.768513]],[[-47.622545,-22.774021],[-47.6213,-22.775077],[-47.620557,-22.781091],[-47.619519,-22.780962],[-47.619534,-22.78229],[-47.617776,-22.783565],[-47.613927,-22.784222]],[[-47.586472,-22.77461],[-47.586258,-22.774454]],[[-47.934575,-22.768536],[-47.935491,-22.770108]],[[-47.973293,-22.767775],[-47.973293,-22.767775]],[[-47.925568,-22.768647],[-47.923866,-22.769458]],[[-47.991559,-22.767409],[-47.992974,-22.768604],[-47.994997,-22.76857]],[[-47.991559,-22.767409],[-47.991571,-22.767414]],[[-47.972633,-22.767742],[-47.972636,-22.767742]],[[-47.972633,-22.767742],[-47.972764,-22.766172],[-47.970601,-22.763966]],[[-47.579727,-22.774581],[-47.579727,-22.774581]],[[-47.585721,-22.774465],[-47.585393,-22.774159]],[[-47.586258,-22.774454],[-47.586256,-22.774456]],[[-47.586258,-22.774454],[-47.585671,-22.774721],[-47.586427,-22.775342],[-47.586258,-22.774454]],[[-47.880889,-22.769401],[-47.88203,-22.769393]],[[-47.973576,-22.767694],[-47.973576,-22.767694]],[[-47.699026,-22.772558],[-47.700709,-22.773845]],[[-47.78069,-22.771138],[-47.783642,-22.774278],[-47.787156,-22.774297]],[[-47.78069,-22.771138],[-47.781186,-22.7721]],[[-47.780678,-22.771135],[-47.78069,-22.771138]],[[-47.813597,-22.770546],[-47.813389,-22.771656]],[[-47.649206,-22.773349],[-47.650274,-22.773022]],[[-47.983834,-22.767435],[-47.984,-22.76617],[-47.983096,-22.766714]],[[-47.881955,-22.769299],[-47.881955,-22.769296]],[[-47.881955,-22.769296],[-47.883569,-22.770463]],[[-47.881955,-22.769296],[-47.881607,-22.768329]],[[-47.922617,-22.76853],[-47.922106,-22.770413]],[[-47.961282,-22.767812],[-47.961283,-22.767812]],[[-47.961282,-22.767812],[-47.961282,-22.767812]],[[-47.961022,-22.767749],[-47.960933,-22.767736]],[[-47.960933,-22.767736],[-47.960936,-22.767737]],[[-47.960933,-22.767736],[-47.960442,-22.767636]],[[-47.992069,-22.767142],[-47.992069,-22.767142]],[[-47.570655,-22.774485],[-47.57038,-22.773579]],[[-47.807272,-22.770492],[-47.809132,-22.769469]],[[-47.917409,-22.768513],[-47.91741,-22.768524]],[[-47.917409,-22.768513],[-47.92158,-22.765455]],[[-47.648689,-22.773189],[-47.648258,-22.772268],[-47.645465,-22.771652]],[[-47.839114,-22.769866],[-47.839112,-22.769868]],[[-47.839114,-22.769866],[-47.837871,-22.76826],[-47.835401,-22.767829],[-47.834691,-22.766184]],[[-47.738869,-22.771616],[-47.736961,-22.76997]],[[-47.711218,-22.772084],[-47.709897,-22.772647]],[[-47.716298,-22.771986],[-47.716298,-22.771986]],[[-47.960443,-22.767637],[-47.960442,-22.767636]],[[-47.960442,-22.767636],[-47.960933,-22.767736]],[[-47.960442,-22.767636],[-47.960206,-22.767362]],[[-47.585553,-22.77413],[-47.585887,-22.774121]],[[-47.585553,-22.77413],[-47.585553,-22.77413]],[[-47.824257,-22.77008],[-47.825588,-22.768847]],[[-47.585887,-22.774121],[-47.585887,-22.774122]],[[-47.585887,-22.774121],[-47.585887,-22.774121]],[[-47.9505,-22.767789],[-47.953408,-22.768848]],[[-47.96263,-22.767564],[-47.961282,-22.767812]],[[-47.862755,-22.769387],[-47.863765,-22.771798]],[[-48.027693,-22.766337],[-48.027516,-22.765916]],[[-47.821331,-22.77011],[-47.820916,-22.771958]],[[-47.650274,-22.773022],[-47.650689,-22.773107]],[[-47.585429,-22.774067],[-47.585398,-22.773601]],[[-47.650344,-22.772979],[-47.650274,-22.773022]],[[-47.71618,-22.771847],[-47.71618,-22.771847]],[[-47.528952,-22.774908],[-47.528972,-22.774842]],[[-47.958124,-22.767506],[-47.958131,-22.767507]],[[-47.958124,-22.767506],[-47.957645,-22.771042]],[[-47.977,-22.767152],[-47.979525,-22.767433]],[[-47.977,-22.767152],[-47.977349,-22.766682]],[[-47.976978,-22.767151],[-47.977,-22.767152]],[[-47.989992,-22.766907],[-47.991559,-22.767409]],[[-47.924226,-22.768091],[-47.92361,-22.768799]],[[-47.729028,-22.771547],[-47.729546,-22.769721]],[[-47.792559,-22.770417],[-47.792559,-22.770417]],[[-48.025551,-22.766159],[-48.027669,-22.766604]],[[-47.828913,-22.769739],[-47.826342,-22.771106]],[[-47.95992,-22.767253],[-47.959659,-22.767083]],[[-47.748646,-22.771021],[-47.748651,-22.771021]],[[-47.748646,-22.771021],[-47.745282,-22.773542]],[[-47.585287,-22.773749],[-47.585207,-22.773712]],[[-47.857608,-22.769083],[-47.857186,-22.769367]],[[-47.990683,-22.766637],[-47.991213,-22.767221]],[[-47.990683,-22.766637],[-47.990654,-22.766569]],[[-47.990682,-22.766637],[-47.990683,-22.766637]],[[-47.921718,-22.767897],[-47.923866,-22.769458]],[[-47.921718,-22.767897],[-47.921244,-22.767147],[-47.920858,-22.767969],[-47.921718,-22.767897]],[[-48.027516,-22.765917],[-48.027516,-22.765916]],[[-48.027516,-22.765916],[-48.02766,-22.766332]],[[-48.027516,-22.765916],[-48.027265,-22.765275],[-48.027472,-22.765922]],[[-47.921703,-22.767887],[-47.921718,-22.767897]],[[-47.791652,-22.770209],[-47.792079,-22.772316]],[[-47.843278,-22.769297],[-47.839437,-22.770783]],[[-47.571555,-22.7739],[-47.571212,-22.77445],[-47.571555,-22.7739]],[[-47.571029,-22.773896],[-47.571029,-22.773896]],[[-47.962276,-22.767087],[-47.962196,-22.764662]],[[-47.585167,-22.773633],[-47.585167,-22.773633]],[[-47.702425,-22.771677],[-47.702021,-22.770646]],[[-47.95962,-22.767095],[-47.958124,-22.767506]],[[-47.977346,-22.766712],[-47.977349,-22.766682]],[[-47.792198,-22.770059],[-47.792198,-22.770059]],[[-47.966471,-22.766905],[-47.965396,-22.766358]],[[-47.920967,-22.767738],[-47.919719,-22.76738]],[[-48.022556,-22.765832],[-48.022556,-22.765832]],[[-47.977349,-22.766682],[-47.978083,-22.766033]],[[-47.977349,-22.766682],[-47.977296,-22.765049]],[[-47.782485,-22.770182],[-47.781932,-22.770123]],[[-47.683267,-22.77188],[-47.682791,-22.772421],[-47.683267,-22.77188]],[[-48.022054,-22.765808],[-48.022054,-22.765808]],[[-47.780435,-22.770201],[-47.78069,-22.771138]],[[-47.671365,-22.772065],[-47.671366,-22.772024]],[[-47.529168,-22.774356],[-47.528968,-22.774732]],[[-47.528141,-22.774365],[-47.529621,-22.77293]],[[-48.009335,-22.766009],[-48.007824,-22.767905]],[[-47.781932,-22.770123],[-47.781927,-22.770125]],[[-47.781932,-22.770123],[-47.780435,-22.770201]],[[-47.524665,-22.774398],[-47.524906,-22.774958]],[[-47.524665,-22.774398],[-47.524153,-22.774966]],[[-47.671368,-22.772007],[-47.671875,-22.771391]],[[-47.683154,-22.771807],[-47.683174,-22.771424]],[[-47.571633,-22.773637],[-47.571068,-22.77363]],[[-47.968409,-22.766746],[-47.969668,-22.766158]],[[-47.57106,-22.77363],[-47.57106,-22.77363]],[[-47.856019,-22.76878],[-47.856035,-22.768777]],[[-47.856019,-22.76878],[-47.857975,-22.767044]],[[-48.026453,-22.765636],[-48.026453,-22.765636]],[[-47.572737,-22.773578],[-47.572127,-22.774179],[-47.572737,-22.773578]],[[-47.840474,-22.769026],[-47.839114,-22.769866]],[[-47.832237,-22.769162],[-47.832238,-22.769161]],[[-47.832237,-22.769162],[-47.832237,-22.769162]],[[-47.570665,-22.773577],[-47.57038,-22.773579]],[[-47.57038,-22.773579],[-47.569682,-22.771952]],[[-47.78268,-22.770016],[-47.78268,-22.770016]],[[-47.782695,-22.769988],[-47.784142,-22.769421]],[[-47.585203,-22.773295],[-47.585262,-22.773284]],[[-47.529256,-22.774189],[-47.529281,-22.774138]],[[-48.022547,-22.765594],[-48.022547,-22.765594]],[[-47.832124,-22.769085],[-47.833834,-22.767574]],[[-47.9703,-22.766569],[-47.970303,-22.766573]],[[-47.9703,-22.766569],[-47.972633,-22.767742]],[[-47.58518,-22.773272],[-47.58518,-22.773272]],[[-48.02229,-22.765586],[-48.02229,-22.765586]],[[-47.585332,-22.773241],[-47.585333,-22.773242]],[[-47.585332,-22.773241],[-47.585903,-22.774025],[-47.585332,-22.773241]],[[-47.529281,-22.774138],[-47.529281,-22.774138]],[[-47.919346,-22.76745],[-47.918302,-22.768123]],[[-47.572722,-22.77341],[-47.572375,-22.773413]],[[-47.572375,-22.773413],[-47.571675,-22.773508],[-47.572375,-22.773413]],[[-47.880771,-22.768139],[-47.881955,-22.769296]],[[-47.789162,-22.76975],[-47.788836,-22.770628]],[[-48.027202,-22.765409],[-48.027136,-22.764556]],[[-47.585281,-22.773146],[-47.585332,-22.773241]],[[-47.585232,-22.773125],[-47.58466,-22.772935],[-47.585232,-22.773125]],[[-47.984015,-22.766139],[-47.986276,-22.764492]],[[-47.7893,-22.769662],[-47.790116,-22.769692]],[[-47.706851,-22.771077],[-47.707903,-22.770234]],[[-47.784556,-22.769728],[-47.784556,-22.769728]],[[-47.763817,-22.770088],[-47.763818,-22.77009]],[[-47.763817,-22.770088],[-47.76138,-22.771146]],[[-47.79021,-22.769611],[-47.79068,-22.769839]],[[-47.605278,-22.772704],[-47.605455,-22.773527],[-47.605942,-22.772816],[-47.605278,-22.772704]],[[-47.788857,-22.769572],[-47.788766,-22.769104]],[[-47.790102,-22.769545],[-47.790102,-22.769545]],[[-47.680631,-22.77138],[-47.680529,-22.771518]],[[-48.026046,-22.765187],[-48.026046,-22.765187]],[[-47.684094,-22.771305],[-47.684411,-22.771166]],[[-47.682991,-22.77132],[-47.681096,-22.770543]],[[-47.96546,-22.766306],[-47.96642,-22.765883]],[[-48.031913,-22.765054],[-48.030742,-22.764624]],[[-47.584689,-22.772907],[-47.584778,-22.772595]],[[-47.965292,-22.766283],[-47.965292,-22.766283]],[[-47.978083,-22.766033],[-47.978075,-22.766038]],[[-47.978083,-22.766033],[-47.978736,-22.764373]],[[-47.965119,-22.766256],[-47.963442,-22.765925],[-47.962715,-22.767431]],[[-47.969668,-22.766158],[-47.969678,-22.766161]],[[-47.969668,-22.766158],[-47.9703,-22.766569]],[[-47.859017,-22.768151],[-47.862645,-22.769262]],[[-47.859017,-22.768151],[-47.857073,-22.765117],[-47.858983,-22.762909]],[[-47.671875,-22.771391],[-47.671564,-22.772063]],[[-47.789122,-22.769369],[-47.789122,-22.769369]],[[-47.680717,-22.771223],[-47.680717,-22.771223]],[[-47.680749,-22.771218],[-47.681464,-22.770981]],[[-47.74745,-22.770047],[-47.748646,-22.771021]],[[-47.68488,-22.771061],[-47.690227,-22.769937]],[[-47.604975,-22.772384],[-47.604975,-22.772384]],[[-47.997611,-22.765465],[-47.995409,-22.766904]],[[-47.585054,-22.77268],[-47.584822,-22.772554]],[[-47.786778,-22.769281],[-47.786778,-22.769281]],[[-47.683711,-22.771034],[-47.682982,-22.771299],[-47.683765,-22.771854],[-47.683711,-22.771034]],[[-47.786755,-22.769263],[-47.786938,-22.767546]],[[-47.684804,-22.770971],[-47.684804,-22.770971]],[[-47.64534,-22.77163],[-47.642666,-22.771122]],[[-47.788766,-22.769104],[-47.788764,-22.769102]],[[-47.788766,-22.769104],[-47.786967,-22.767046]],[[-47.850895,-22.768001],[-47.852242,-22.766442],[-47.852106,-22.76353],[-47.847992,-22.761063],[-47.846357,-22.758864]],[[-48.025992,-22.764765],[-48.025992,-22.764765]],[[-47.736961,-22.76997],[-47.736961,-22.76997]],[[-47.584698,-22.772481],[-47.584713,-22.77251]],[[-47.584768,-22.772477],[-47.584715,-22.772437]],[[-47.535741,-22.773253],[-47.535741,-22.773253]],[[-47.534212,-22.773228],[-47.534212,-22.773228]],[[-47.982085,-22.765481],[-47.986198,-22.764552]],[[-47.925812,-22.766521],[-47.923398,-22.764609],[-47.922193,-22.764769]],[[-47.672129,-22.77095],[-47.671875,-22.771391]],[[-47.534588,-22.773194],[-47.534588,-22.773194]],[[-47.813862,-22.768501],[-47.817191,-22.767987],[-47.821199,-22.764973]],[[-47.53462,-22.773163],[-47.534588,-22.773194]],[[-47.525672,-22.773287],[-47.525182,-22.773155]],[[-47.736667,-22.769804],[-47.735884,-22.769408]],[[-47.570168,-22.772566],[-47.569682,-22.771952]],[[-48.027214,-22.764535],[-48.026222,-22.762175]],[[-47.916386,-22.766599],[-47.917409,-22.768513]],[[-47.74374,-22.76965],[-47.743061,-22.771412],[-47.740725,-22.772213]],[[-47.804458,-22.768576],[-47.806308,-22.771644]],[[-47.750832,-22.769471],[-47.749953,-22.771558],[-47.750845,-22.777379],[-47.750051,-22.779651]],[[-47.979467,-22.765334],[-47.978083,-22.766033]],[[-47.525082,-22.773166],[-47.524739,-22.773137]],[[-47.524739,-22.773137],[-47.524665,-22.774398]],[[-47.708051,-22.770127],[-47.708717,-22.768735]],[[-47.744327,-22.769506],[-47.744557,-22.771972]],[[-47.993442,-22.765019],[-47.993442,-22.765019]],[[-47.729554,-22.769721],[-47.729906,-22.769207]],[[-47.865313,-22.767326],[-47.863359,-22.765387]],[[-47.792273,-22.768594],[-47.793518,-22.769202]],[[-47.642666,-22.771122],[-47.643397,-22.7739]],[[-47.642666,-22.771122],[-47.640925,-22.769978]],[[-47.783218,-22.768719],[-47.781827,-22.76928],[-47.781932,-22.770123]],[[-47.570901,-22.772273],[-47.570901,-22.772273]],[[-47.529621,-22.77293],[-47.529481,-22.773619]],[[-47.763213,-22.768999],[-47.763817,-22.770088]],[[-47.858324,-22.767307],[-47.857608,-22.769083]],[[-47.969621,-22.765271],[-47.969621,-22.765271]],[[-47.955778,-22.765419],[-47.957139,-22.763145]],[[-47.764631,-22.768837],[-47.764877,-22.770046]],[[-47.536266,-22.772629],[-47.536266,-22.772629]],[[-47.740951,-22.769226],[-47.743929,-22.769695],[-47.746368,-22.767111],[-47.749656,-22.765496],[-47.751981,-22.766555]],[[-47.967916,-22.765128],[-47.969668,-22.766158]],[[-48.009174,-22.764335],[-48.009174,-22.764335]],[[-47.522824,-22.772746],[-47.523716,-22.771577]],[[-47.727429,-22.769348],[-47.727429,-22.769348]],[[-48.032557,-22.763837],[-48.028654,-22.765213],[-48.027917,-22.766423]],[[-48.03258,-22.763828],[-48.03258,-22.763828]],[[-47.569682,-22.771952],[-47.569633,-22.771875]],[[-47.569682,-22.771952],[-47.569633,-22.771875]],[[-47.920113,-22.765915],[-47.919915,-22.766509]],[[-47.727345,-22.769325],[-47.726888,-22.768122]],[[-47.866496,-22.766884],[-47.867501,-22.768527]],[[-47.839621,-22.767347],[-47.839741,-22.765472]],[[-47.719775,-22.769429],[-47.719839,-22.767966]],[[-47.866643,-22.766854],[-47.868798,-22.766401],[-47.870136,-22.767102]],[[-47.708708,-22.769594],[-47.708708,-22.769594]],[[-47.569633,-22.771875],[-47.569621,-22.771819]],[[-47.569633,-22.771875],[-47.569621,-22.771819]],[[-47.729906,-22.769207],[-47.729906,-22.769206]],[[-47.729906,-22.769207],[-47.729906,-22.769207]],[[-47.944801,-22.765354],[-47.946107,-22.766309]],[[-47.769326,-22.768487],[-47.770498,-22.768514]],[[-47.569621,-22.771819],[-47.56962,-22.77179]],[[-47.569621,-22.771819],[-47.56962,-22.77179]],[[-47.976001,-22.764734],[-47.971933,-22.764769]],[[-47.730018,-22.769126],[-47.730365,-22.768764]],[[-47.56962,-22.77179],[-47.569619,-22.77176]],[[-47.56962,-22.77179],[-47.569619,-22.77176]],[[-48.00756,-22.764133],[-48.006816,-22.763879]],[[-47.748764,-22.768793],[-47.750849,-22.769459]],[[-47.569619,-22.77176],[-47.569594,-22.771684]],[[-47.569619,-22.77176],[-47.569594,-22.771684]],[[-48.006708,-22.764112],[-48.005028,-22.764264]],[[-48.007598,-22.764048],[-48.007598,-22.764048]],[[-47.782881,-22.768114],[-47.782881,-22.768114]],[[-47.569594,-22.771684],[-47.569464,-22.77129]],[[-47.569594,-22.771684],[-47.569464,-22.77129]],[[-47.603757,-22.77111],[-47.604395,-22.772538]],[[-48.025942,-22.763655],[-48.025942,-22.763655]],[[-47.892364,-22.766119],[-47.884644,-22.762345],[-47.878439,-22.764301]],[[-48.019516,-22.763741],[-48.019516,-22.763741]],[[-47.954276,-22.764953],[-47.955389,-22.762886],[-47.95657,-22.762749]],[[-47.944155,-22.765138],[-47.944155,-22.765138]],[[-47.986529,-22.764348],[-47.987509,-22.764084]],[[-47.770486,-22.768242],[-47.772417,-22.769481]],[[-47.58399,-22.771358],[-47.583891,-22.770866]],[[-47.53609,-22.772119],[-47.53609,-22.772119]],[[-47.769221,-22.768234],[-47.769221,-22.768234]],[[-47.544652,-22.771926],[-47.546016,-22.768929],[-47.546008,-22.76719],[-47.544954,-22.766467]],[[-47.920163,-22.765442],[-47.920098,-22.765844]],[[-47.962196,-22.764662],[-47.962193,-22.764663]],[[-47.962196,-22.764662],[-47.962108,-22.757897]],[[-48.006729,-22.763827],[-48.006729,-22.763827]],[[-47.866549,-22.766401],[-47.866549,-22.766401]],[[-47.866517,-22.766392],[-47.862654,-22.763163]],[[-48.019305,-22.763572],[-48.019305,-22.763572]],[[-47.96543,-22.764569],[-47.962196,-22.764662]],[[-47.569082,-22.771417],[-47.569082,-22.771417]],[[-47.770448,-22.768047],[-47.770448,-22.768047]],[[-47.987509,-22.764084],[-47.987508,-22.76411]],[[-47.987509,-22.764084],[-47.990683,-22.766637]],[[-47.730261,-22.768679],[-47.730261,-22.76868]],[[-47.730261,-22.768679],[-47.733319,-22.770748],[-47.736937,-22.768435]],[[-47.565403,-22.771406],[-47.567442,-22.768132]],[[-47.921541,-22.765251],[-47.92295,-22.764349]],[[-48.000504,-22.763769],[-48.001682,-22.763698]],[[-47.569464,-22.77129],[-47.569356,-22.770979]],[[-47.569464,-22.77129],[-47.569356,-22.770979]],[[-47.880281,-22.765977],[-47.880459,-22.763895]],[[-47.570438,-22.77123],[-47.570727,-22.771973],[-47.570438,-22.77123]],[[-48.001682,-22.763698],[-48.001685,-22.763698]],[[-48.001682,-22.763698],[-48.004949,-22.764386]],[[-47.706835,-22.76897],[-47.707293,-22.768838]],[[-47.838654,-22.766652],[-47.840158,-22.764188],[-47.843478,-22.762899],[-47.843703,-22.761189],[-47.846357,-22.758864]],[[-48.025781,-22.763195],[-48.025781,-22.763195]],[[-47.951004,-22.764592],[-47.951808,-22.762637]],[[-47.708918,-22.768876],[-47.708918,-22.768876]],[[-47.568859,-22.771175],[-47.568859,-22.771175]],[[-47.957758,-22.764433],[-47.958112,-22.763094]],[[-47.640925,-22.769978],[-47.639875,-22.769411]],[[-47.640925,-22.769978],[-47.639869,-22.769378]],[[-47.685149,-22.769221],[-47.685149,-22.769221]],[[-47.583891,-22.770866],[-47.583969,-22.771367]],[[-47.583891,-22.770866],[-47.584015,-22.770748]],[[-47.706683,-22.768807],[-47.706683,-22.768807]],[[-47.766188,-22.767784],[-47.766497,-22.770589]],[[-47.707441,-22.768773],[-47.709723,-22.767972]],[[-47.708717,-22.768735],[-47.708717,-22.768735]],[[-47.830678,-22.766563],[-47.828663,-22.763833]],[[-47.584015,-22.770748],[-47.584051,-22.770487]],[[-47.569356,-22.770979],[-47.569243,-22.770759]],[[-47.569356,-22.770979],[-47.569243,-22.770759]],[[-47.700957,-22.768798],[-47.700957,-22.768798]],[[-47.752133,-22.767918],[-47.750366,-22.770431],[-47.748646,-22.771021]],[[-47.781186,-22.767395],[-47.781187,-22.767397]],[[-47.781186,-22.767395],[-47.781186,-22.767395]],[[-47.781099,-22.767392],[-47.780023,-22.767874]],[[-47.772191,-22.767538],[-47.772191,-22.767538]],[[-47.970601,-22.763966],[-47.970607,-22.763967]],[[-47.970601,-22.763966],[-47.970601,-22.763966]],[[-47.785435,-22.767293],[-47.785435,-22.767293]],[[-47.786969,-22.767252],[-47.786967,-22.767046]],[[-47.737237,-22.768098],[-47.73757,-22.767928]],[[-47.785442,-22.767257],[-47.786131,-22.766444]],[[-47.701671,-22.768683],[-47.701671,-22.768683]],[[-47.523716,-22.771577],[-47.524739,-22.773137]],[[-47.970437,-22.763823],[-47.968627,-22.762936]],[[-47.763613,-22.767516],[-47.761062,-22.766082],[-47.760419,-22.763415]],[[-47.569243,-22.770759],[-47.569107,-22.770627]],[[-47.569243,-22.770759],[-47.567011,-22.766734]],[[-47.726888,-22.768122],[-47.726884,-22.768118]],[[-47.726888,-22.768122],[-47.727301,-22.768063]],[[-47.708996,-22.768409],[-47.70909,-22.768293]],[[-47.584043,-22.770478],[-47.584015,-22.770748]],[[-47.620428,-22.769873],[-47.621367,-22.770083],[-47.621324,-22.772505],[-47.622505,-22.773942]],[[-47.786967,-22.767046],[-47.786967,-22.767043]],[[-47.786967,-22.767046],[-47.782769,-22.763715]],[[-47.727301,-22.768063],[-47.7273,-22.768065]],[[-47.727301,-22.768063],[-47.730261,-22.768679]],[[-47.834691,-22.766184],[-47.834696,-22.766183]],[[-47.834691,-22.766184],[-47.83363,-22.765607]],[[-48.021807,-22.762706],[-48.022332,-22.762998],[-48.021807,-22.762706]],[[-47.857254,-22.765726],[-47.853792,-22.767379]],[[-47.700811,-22.768437],[-47.700811,-22.768437]],[[-47.763743,-22.767344],[-47.763743,-22.767344]],[[-47.639785,-22.769427],[-47.63951,-22.768842]],[[-47.8082,-22.766522],[-47.808835,-22.764993],[-47.810538,-22.764497],[-47.812638,-22.762065],[-47.816454,-22.762658]],[[-47.897988,-22.764902],[-47.898293,-22.765561],[-47.897988,-22.764902]],[[-47.823588,-22.766227],[-47.825883,-22.762795]],[[-48.026765,-22.762448],[-48.026564,-22.762648]],[[-47.92295,-22.764349],[-47.924867,-22.757848]],[[-47.794755,-22.766631],[-47.791645,-22.768893],[-47.788766,-22.769104]],[[-47.863359,-22.765387],[-47.863357,-22.765387]],[[-47.863359,-22.765387],[-47.861768,-22.761556]],[[-47.782658,-22.76676],[-47.781186,-22.767395]],[[-48.000568,-22.762718],[-48.001682,-22.763698]],[[-47.79078,-22.766524],[-47.792511,-22.763752]],[[-47.981929,-22.763058],[-47.984934,-22.762361]],[[-47.689071,-22.768262],[-47.689071,-22.768262]],[[-47.792281,-22.766486],[-47.791278,-22.766095],[-47.78971,-22.767999],[-47.787374,-22.767542]],[[-47.897689,-22.764603],[-47.897689,-22.764603]],[[-47.726928,-22.76759],[-47.727301,-22.768063]],[[-47.973315,-22.763181],[-47.973316,-22.763171]],[[-47.570153,-22.770184],[-47.570345,-22.771045],[-47.570153,-22.770184]],[[-47.973316,-22.763171],[-47.973007,-22.764404]],[[-47.973316,-22.763171],[-47.972242,-22.761473],[-47.972782,-22.760015]],[[-47.518598,-22.770971],[-47.518598,-22.770971]],[[-47.688836,-22.768192],[-47.688836,-22.768192]],[[-48.026197,-22.762117],[-48.024333,-22.761488]],[[-47.976408,-22.762994],[-47.975252,-22.761699]],[[-47.688354,-22.768095],[-47.690596,-22.77019],[-47.692669,-22.769334]],[[-47.816616,-22.765879],[-47.817437,-22.762447]],[[-47.528496,-22.770643],[-47.529996,-22.770367]],[[-47.528139,-22.770637],[-47.527448,-22.771761]],[[-47.639523,-22.768828],[-47.639779,-22.769404]],[[-47.639484,-22.768816],[-47.638458,-22.767325]],[[-47.727035,-22.767321],[-47.727036,-22.767323]],[[-47.727035,-22.767321],[-47.727035,-22.767321]],[[-47.833463,-22.765459],[-47.830889,-22.762702],[-47.828663,-22.763833]],[[-47.743657,-22.766993],[-47.74614,-22.767373]],[[-47.843313,-22.765224],[-47.843313,-22.765224]],[[-47.665085,-22.768257],[-47.665609,-22.767882]],[[-47.71975,-22.767314],[-47.719604,-22.767906]],[[-47.977442,-22.762699],[-47.975252,-22.761699]],[[-47.957191,-22.763074],[-47.95417,-22.759154],[-47.954349,-22.7564]],[[-47.688163,-22.767833],[-47.688389,-22.766315]],[[-47.767614,-22.766421],[-47.767477,-22.766932]],[[-47.529996,-22.770367],[-47.529621,-22.77293]],[[-47.529996,-22.770367],[-47.530751,-22.769896]],[[-47.688313,-22.767742],[-47.688313,-22.767742]],[[-47.681703,-22.767843],[-47.680634,-22.764343]],[[-47.730501,-22.766965],[-47.730501,-22.766965]],[[-47.687926,-22.767686],[-47.688191,-22.76792]],[[-48.018308,-22.761772],[-48.01907,-22.761441]],[[-47.944717,-22.763138],[-47.944778,-22.765405],[-47.943682,-22.765855],[-47.941335,-22.770205]],[[-47.984934,-22.762361],[-47.984939,-22.762364]],[[-47.984934,-22.762361],[-47.987509,-22.764084]],[[-47.767338,-22.766271],[-47.76687,-22.766467]],[[-48.026962,-22.761531],[-48.026863,-22.762351]],[[-47.687788,-22.767606],[-47.687788,-22.767606]],[[-47.905613,-22.763765],[-47.905619,-22.763758]],[[-47.905619,-22.763758],[-47.904611,-22.760249]],[[-47.905619,-22.763758],[-47.908047,-22.762351],[-47.908779,-22.759916]],[[-47.949779,-22.762939],[-47.951808,-22.762637]],[[-47.810858,-22.765412],[-47.810858,-22.765412]],[[-48.024333,-22.761488],[-48.021406,-22.760407],[-48.01907,-22.761441]],[[-47.95657,-22.762749],[-47.962083,-22.763958]],[[-47.95657,-22.762749],[-47.956578,-22.762749]],[[-47.772173,-22.766058],[-47.775037,-22.766354]],[[-47.768102,-22.766115],[-47.768118,-22.766109]],[[-47.768102,-22.766115],[-47.767326,-22.766249],[-47.768102,-22.766115]],[[-47.89731,-22.763805],[-47.89731,-22.763805]],[[-47.724683,-22.76683],[-47.726888,-22.768122]],[[-47.989369,-22.762087],[-47.989836,-22.761038]],[[-47.761123,-22.766186],[-47.7579,-22.770599]],[[-47.944504,-22.762883],[-47.944506,-22.762891]],[[-47.944504,-22.762883],[-47.944504,-22.762883]],[[-48.026707,-22.761327],[-48.026707,-22.761327]],[[-47.727197,-22.766701],[-47.727035,-22.767321]],[[-48.01907,-22.761441],[-48.019073,-22.761441]],[[-48.01907,-22.761441],[-48.01935,-22.7614]],[[-47.719413,-22.766829],[-47.719412,-22.766827]],[[-47.719413,-22.766829],[-47.719772,-22.767317],[-47.719413,-22.766829]],[[-47.723015,-22.766766],[-47.723015,-22.766766]],[[-47.723015,-22.766766],[-47.724533,-22.766786]],[[-47.976069,-22.762234],[-47.976069,-22.762234]],[[-47.77881,-22.765772],[-47.779942,-22.765388]],[[-47.530751,-22.769896],[-47.530926,-22.771264]],[[-47.951808,-22.762637],[-47.95182,-22.762635]],[[-47.951808,-22.762637],[-47.954165,-22.761707],[-47.95657,-22.762749]],[[-47.523891,-22.769979],[-47.523716,-22.771577]],[[-47.687226,-22.767303],[-47.687588,-22.767617]],[[-47.687226,-22.767303],[-47.687226,-22.767303]],[[-47.821199,-22.764973],[-47.82121,-22.764977]],[[-47.821199,-22.764973],[-47.822836,-22.763555],[-47.821407,-22.762493]],[[-47.854718,-22.76437],[-47.858983,-22.762909]],[[-47.819034,-22.764945],[-47.820415,-22.764306],[-47.821199,-22.764973]],[[-47.803955,-22.765209],[-47.803928,-22.764355]],[[-47.531854,-22.769743],[-47.531854,-22.769743]],[[-47.740829,-22.766247],[-47.740829,-22.766247]],[[-47.733038,-22.766372],[-47.735963,-22.765554]],[[-47.741393,-22.766197],[-47.74322,-22.76341],[-47.743655,-22.759874]],[[-48.019013,-22.761135],[-48.019013,-22.761135]],[[-47.944285,-22.762527],[-47.944504,-22.762883]],[[-47.814892,-22.764854],[-47.816166,-22.764202],[-47.816454,-22.762658]],[[-48.026718,-22.760932],[-48.027883,-22.756741]],[[-47.741297,-22.766067],[-47.741297,-22.766067]],[[-47.695243,-22.766825],[-47.695627,-22.766631]],[[-47.718972,-22.766378],[-47.719413,-22.766829]],[[-47.677866,-22.76707],[-47.677684,-22.767061]],[[-47.677866,-22.76707],[-47.677867,-22.767069]],[[-47.52402,-22.769551],[-47.525397,-22.771244]],[[-47.52402,-22.769551],[-47.523975,-22.769768]],[[-47.732983,-22.766042],[-47.730261,-22.768679]],[[-47.716276,-22.766327],[-47.716448,-22.768592]],[[-47.716276,-22.766327],[-47.716276,-22.766327]],[[-47.716275,-22.766327],[-47.716276,-22.766327]],[[-47.975252,-22.761699],[-47.975122,-22.761694]],[[-47.975122,-22.761694],[-47.975117,-22.761699]],[[-47.975122,-22.761694],[-47.973316,-22.763171]],[[-47.713469,-22.766348],[-47.714027,-22.766579],[-47.713469,-22.766348]],[[-47.829036,-22.764305],[-47.829809,-22.767773]],[[-47.527956,-22.769356],[-47.527956,-22.769356]],[[-47.667139,-22.767066],[-47.667242,-22.769416],[-47.666433,-22.770142],[-47.667011,-22.773583]],[[-47.667139,-22.767066],[-47.66594,-22.767572]],[[-47.72177,-22.766142],[-47.721772,-22.76614]],[[-47.721772,-22.76614],[-47.721772,-22.76614]],[[-47.721772,-22.76614],[-47.72188,-22.766036]],[[-47.788369,-22.764982],[-47.788369,-22.764982]],[[-48.001528,-22.761079],[-48.005615,-22.761191]],[[-47.826656,-22.764272],[-47.826065,-22.766361],[-47.82339,-22.769193]],[[-47.686346,-22.766691],[-47.687093,-22.767267]],[[-47.713092,-22.766235],[-47.713092,-22.766235]],[[-47.961978,-22.761785],[-47.963483,-22.761374],[-47.966455,-22.763282]],[[-47.721546,-22.766038],[-47.721613,-22.765878]],[[-47.72194,-22.76601],[-47.723015,-22.766766]],[[-47.674945,-22.766804],[-47.672815,-22.768521],[-47.672505,-22.770546]],[[-47.714215,-22.766136],[-47.714215,-22.766136]],[[-47.69589,-22.766406],[-47.696474,-22.765492]],[[-47.869683,-22.763372],[-47.87003,-22.760608],[-47.866647,-22.760197]],[[-47.896848,-22.762867],[-47.896848,-22.762867]],[[-47.720961,-22.765952],[-47.720961,-22.765955]],[[-47.720961,-22.765952],[-47.721885,-22.765855]],[[-47.712474,-22.766083],[-47.712474,-22.766083]],[[-47.638478,-22.767314],[-47.639495,-22.768803]],[[-47.676874,-22.766653],[-47.679238,-22.768209]],[[-47.676874,-22.766653],[-47.67599,-22.7725],[-47.673814,-22.776009]],[[-48.009661,-22.760717],[-48.005678,-22.761143]],[[-47.715703,-22.765972],[-47.716156,-22.76632]],[[-47.984651,-22.761162],[-47.984934,-22.762361]],[[-47.976816,-22.761305],[-47.976816,-22.761305]],[[-47.989834,-22.76104],[-47.989836,-22.761038]],[[-47.989836,-22.761038],[-47.989575,-22.761086]],[[-47.989836,-22.761038],[-47.991958,-22.758999]],[[-47.721951,-22.765824],[-47.725831,-22.760752],[-47.725353,-22.758837],[-47.722761,-22.757958]],[[-47.813787,-22.764212],[-47.814188,-22.762216]],[[-47.735961,-22.765555],[-47.735963,-22.765554]],[[-47.735963,-22.765554],[-47.73453,-22.766518],[-47.734095,-22.765908]],[[-47.735963,-22.765554],[-47.73649,-22.764961]],[[-47.803928,-22.764355],[-47.805128,-22.764022]],[[-47.803287,-22.764285],[-47.803928,-22.764355]],[[-47.828663,-22.763833],[-47.828664,-22.763828]],[[-47.828663,-22.763833],[-47.826815,-22.764695],[-47.825883,-22.762795]],[[-47.676802,-22.766451],[-47.676874,-22.766653]],[[-47.676728,-22.766422],[-47.675638,-22.76503],[-47.674945,-22.766804]],[[-47.754995,-22.765079],[-47.756437,-22.769433]],[[-47.768417,-22.764846],[-47.768102,-22.766115]],[[-47.710945,-22.765816],[-47.710945,-22.765816]],[[-47.711706,-22.765801],[-47.711706,-22.765801]],[[-47.754976,-22.765051],[-47.75296,-22.765571],[-47.751967,-22.767536],[-47.754386,-22.76909],[-47.755033,-22.771873]],[[-47.755117,-22.765],[-47.754581,-22.760192]],[[-48.024462,-22.760068],[-48.024333,-22.761488]],[[-47.805128,-22.764022],[-47.805136,-22.764023]],[[-47.805128,-22.764022],[-47.805443,-22.763976]],[[-47.805384,-22.763993],[-47.805434,-22.763953]],[[-47.805434,-22.763953],[-47.805128,-22.764022]],[[-47.805434,-22.763953],[-47.80572,-22.763843]],[[-47.896571,-22.762315],[-47.896571,-22.762315]],[[-47.854007,-22.763044],[-47.855961,-22.762877]],[[-47.858983,-22.762909],[-47.858988,-22.762909]],[[-47.858983,-22.762909],[-47.860138,-22.762698],[-47.860738,-22.76056]],[[-47.97865,-22.760713],[-47.97723,-22.76031]],[[-47.80572,-22.763843],[-47.805434,-22.763953]],[[-47.80572,-22.763843],[-47.806768,-22.76299]],[[-47.736895,-22.764963],[-47.737079,-22.764311]],[[-47.954537,-22.76108],[-47.954537,-22.76108]],[[-47.73649,-22.764961],[-47.73649,-22.764961]],[[-47.649559,-22.766419],[-47.65194,-22.764041]],[[-47.659529,-22.766251],[-47.659968,-22.766054]],[[-47.531974,-22.768323],[-47.530751,-22.769896]],[[-47.7328,-22.765003],[-47.732832,-22.765764]],[[-47.868298,-22.762601],[-47.866978,-22.761676]],[[-47.971405,-22.760691],[-47.971408,-22.760692]],[[-47.971405,-22.760691],[-47.97257,-22.761597]],[[-47.834777,-22.763171],[-47.833403,-22.760285],[-47.833703,-22.757292]],[[-47.537,-22.768139],[-47.53711,-22.767808]],[[-47.993044,-22.760231],[-47.992007,-22.759037]],[[-47.718304,-22.765143],[-47.718025,-22.765796]],[[-48.029615,-22.759533],[-48.027234,-22.759072]],[[-47.896538,-22.762],[-47.896538,-22.762]],[[-47.756073,-22.764477],[-47.755116,-22.765009]],[[-47.696474,-22.765492],[-47.696473,-22.765493]],[[-47.7891,-22.763888],[-47.7891,-22.763888]],[[-47.696568,-22.765443],[-47.696474,-22.765492]],[[-47.530113,-22.768117],[-47.530675,-22.767935]],[[-47.698362,-22.765342],[-47.698362,-22.765342]],[[-47.710424,-22.765125],[-47.71494,-22.766163],[-47.715972,-22.765203],[-47.718748,-22.766338],[-47.720961,-22.765952]],[[-47.710424,-22.765125],[-47.709187,-22.766898],[-47.711973,-22.769309],[-47.711116,-22.772609],[-47.712237,-22.774318]],[[-47.710421,-22.765122],[-47.710424,-22.765125]],[[-47.704154,-22.76519],[-47.7048,-22.763912]],[[-47.97723,-22.76031],[-47.977224,-22.760318]],[[-47.97723,-22.76031],[-47.976252,-22.760118],[-47.975122,-22.761694]],[[-47.550289,-22.767635],[-47.553865,-22.769009]],[[-47.775401,-22.763876],[-47.778793,-22.765742],[-47.780435,-22.770201]],[[-47.530675,-22.767935],[-47.531974,-22.768323]],[[-47.73291,-22.764597],[-47.73291,-22.764596]],[[-47.73291,-22.764596],[-47.73291,-22.764596]],[[-47.73291,-22.764596],[-47.732986,-22.764445]],[[-47.715952,-22.764879],[-47.716844,-22.762717]],[[-47.7766,-22.763833],[-47.7766,-22.763833]],[[-47.782769,-22.763715],[-47.782765,-22.763713]],[[-47.782769,-22.763715],[-47.782898,-22.763655]],[[-47.782718,-22.763707],[-47.782489,-22.763719]],[[-47.836269,-22.76275],[-47.836588,-22.761211]],[[-47.896479,-22.761652],[-47.896479,-22.761652]],[[-47.854013,-22.762379],[-47.856861,-22.763315]],[[-47.532507,-22.767776],[-47.531974,-22.768323]],[[-47.532507,-22.767776],[-47.531215,-22.767789]],[[-47.532507,-22.767776],[-47.534159,-22.765134]],[[-47.532899,-22.767756],[-47.532899,-22.767756]],[[-47.896695,-22.761565],[-47.896695,-22.761565]],[[-47.825883,-22.762795],[-47.825884,-22.762792]],[[-47.825883,-22.762795],[-47.823571,-22.760688]],[[-47.94966,-22.760541],[-47.951681,-22.761313]],[[-47.932053,-22.760858],[-47.930852,-22.763491],[-47.929191,-22.763837],[-47.92757,-22.762917],[-47.92295,-22.764349]],[[-47.737079,-22.764311],[-47.736994,-22.764649]],[[-47.737079,-22.764311],[-47.737119,-22.764214]],[[-47.967197,-22.760166],[-47.963595,-22.757135]],[[-47.776469,-22.763581],[-47.776469,-22.763581]],[[-47.530406,-22.767653],[-47.530675,-22.767935]],[[-47.970064,-22.760072],[-47.971405,-22.760691]],[[-47.758418,-22.763834],[-47.757038,-22.764493],[-47.758144,-22.766937]],[[-47.961837,-22.760174],[-47.958239,-22.759647]],[[-47.524259,-22.767684],[-47.52402,-22.769551]],[[-47.837184,-22.762408],[-47.836588,-22.761211]],[[-47.524318,-22.76766],[-47.524457,-22.767473]],[[-47.757303,-22.763793],[-47.756584,-22.764179]],[[-47.994278,-22.759516],[-47.996035,-22.756282],[-47.995428,-22.755546]],[[-47.758352,-22.763767],[-47.757471,-22.763737]],[[-47.896001,-22.761298],[-47.896001,-22.761298]],[[-47.997593,-22.75941],[-47.995015,-22.759159],[-47.992481,-22.760572],[-47.995202,-22.764486]],[[-47.766349,-22.763565],[-47.767031,-22.761237]],[[-47.759005,-22.763688],[-47.758635,-22.76379]],[[-47.759038,-22.763676],[-47.757178,-22.761058]],[[-47.816454,-22.762658],[-47.816457,-22.762653]],[[-47.816454,-22.762658],[-47.816837,-22.762528]],[[-47.582533,-22.766569],[-47.584136,-22.76999]],[[-47.991006,-22.75943],[-47.990608,-22.75942]],[[-47.896417,-22.761174],[-47.896417,-22.761174]],[[-47.990608,-22.75942],[-47.990609,-22.759421]],[[-47.990608,-22.75942],[-47.989443,-22.758308],[-47.991005,-22.756455],[-47.990353,-22.755818]],[[-47.524457,-22.767473],[-47.522894,-22.767158]],[[-47.866978,-22.761676],[-47.867557,-22.76328]],[[-47.866978,-22.761676],[-47.866977,-22.761676]],[[-47.521254,-22.767512],[-47.520532,-22.768775]],[[-47.89633,-22.761144],[-47.89633,-22.761144]],[[-47.546015,-22.767106],[-47.548788,-22.768154],[-47.550174,-22.767636]],[[-47.582528,-22.766519],[-47.580304,-22.76434],[-47.57653,-22.76328],[-47.572023,-22.759409],[-47.566346,-22.758418]],[[-47.705221,-22.764474],[-47.705221,-22.764454]],[[-47.503485,-22.767764],[-47.499033,-22.767484],[-47.498101,-22.76619],[-47.49756,-22.761312]],[[-47.784038,-22.76311],[-47.782769,-22.763715]],[[-47.816837,-22.762528],[-47.816837,-22.762528]],[[-47.816837,-22.762528],[-47.817437,-22.762447]],[[-47.567011,-22.766734],[-47.564981,-22.767546]],[[-47.567011,-22.766734],[-47.565714,-22.759142]],[[-47.691992,-22.764664],[-47.692854,-22.764649]],[[-47.692972,-22.764645],[-47.694,-22.764375]],[[-47.695482,-22.764597],[-47.696467,-22.765484]],[[-47.77559,-22.763212],[-47.77559,-22.763212]],[[-47.534282,-22.7672],[-47.534282,-22.7672]],[[-47.817437,-22.762447],[-47.818847,-22.76158],[-47.82042,-22.762069]],[[-47.675431,-22.764887],[-47.674945,-22.766804]],[[-47.521762,-22.767385],[-47.521925,-22.767231]],[[-47.67544,-22.764878],[-47.676737,-22.766411]],[[-47.67542,-22.764876],[-47.672032,-22.760674]],[[-47.675428,-22.764869],[-47.672045,-22.760669]],[[-47.760419,-22.763415],[-47.76042,-22.763413]],[[-47.760419,-22.763415],[-47.75958,-22.763628]],[[-47.80175,-22.762682],[-47.801717,-22.762149]],[[-47.697422,-22.764467],[-47.697422,-22.764467]],[[-47.694904,-22.764498],[-47.694963,-22.764439]],[[-47.694963,-22.764439],[-47.694959,-22.764439]],[[-47.694963,-22.764439],[-47.694963,-22.764439]],[[-47.896601,-22.760888],[-47.896601,-22.760888]],[[-47.521925,-22.767231],[-47.52022,-22.766222]],[[-47.781356,-22.762883],[-47.783072,-22.764139]],[[-47.781356,-22.762883],[-47.781339,-22.762881]],[[-47.760843,-22.763239],[-47.760419,-22.763415]],[[-47.694,-22.764375],[-47.693999,-22.764375]],[[-47.694,-22.764375],[-47.69409,-22.764303]],[[-47.543923,-22.766837],[-47.543923,-22.766837]],[[-47.784761,-22.762812],[-47.784761,-22.762812]],[[-47.760852,-22.763218],[-47.760852,-22.763218]],[[-47.760852,-22.763218],[-47.760866,-22.763201]],[[-47.522855,-22.767144],[-47.521925,-22.767231]],[[-47.760866,-22.763201],[-47.760852,-22.763218]],[[-47.760866,-22.763201],[-47.760893,-22.763179]],[[-47.78469,-22.762778],[-47.783988,-22.762832]],[[-47.746781,-22.763425],[-47.746781,-22.763425]],[[-47.760893,-22.763179],[-47.760866,-22.763201]],[[-47.760893,-22.763179],[-47.761315,-22.762719]],[[-47.69409,-22.764303],[-47.694619,-22.764418]],[[-47.69409,-22.764303],[-47.694,-22.764375]],[[-47.694086,-22.764293],[-47.69409,-22.764303]],[[-47.971185,-22.759352],[-47.971405,-22.760691]],[[-47.978622,-22.759203],[-47.97723,-22.76031]],[[-47.693513,-22.764267],[-47.693513,-22.764267]],[[-47.82042,-22.762069],[-47.82042,-22.762069]],[[-47.82042,-22.762069],[-47.823211,-22.762625],[-47.823571,-22.760688]],[[-47.783826,-22.7627],[-47.783826,-22.7627]],[[-47.888584,-22.760786],[-47.88771,-22.76117]],[[-47.636311,-22.765144],[-47.638426,-22.767277]],[[-47.748022,-22.763253],[-47.749502,-22.765531]],[[-47.896302,-22.760628],[-47.896302,-22.760628]],[[-47.636343,-22.765131],[-47.638445,-22.767265]],[[-47.8876,-22.76078],[-47.888458,-22.763867]],[[-47.805726,-22.762223],[-47.80665,-22.763002]],[[-47.6908,-22.764169],[-47.692024,-22.7646],[-47.69144,-22.764297]],[[-47.776575,-22.762679],[-47.776575,-22.762679]],[[-47.805424,-22.762167],[-47.804758,-22.762216]],[[-47.636238,-22.765036],[-47.633471,-22.761689]],[[-47.805452,-22.762146],[-47.805452,-22.762146]],[[-48.009945,-22.758406],[-48.00859,-22.757615]],[[-47.667044,-22.764486],[-47.667139,-22.767066]],[[-48.018494,-22.758224],[-48.019296,-22.758025]],[[-47.775651,-22.762619],[-47.775651,-22.762619]],[[-47.801717,-22.762149],[-47.801716,-22.762147]],[[-47.801717,-22.762149],[-47.801717,-22.762149]],[[-47.667144,-22.764453],[-47.667145,-22.764367]],[[-47.544982,-22.766438],[-47.546059,-22.767186],[-47.54608,-22.76902],[-47.544683,-22.772]],[[-47.812975,-22.761927],[-47.808465,-22.761825],[-47.80572,-22.763843]],[[-47.605252,-22.765447],[-47.605668,-22.765178]],[[-47.896151,-22.760426],[-47.896151,-22.760426]],[[-47.987198,-22.758733],[-47.989752,-22.758994]],[[-47.896428,-22.760393],[-47.896428,-22.760393]],[[-47.611281,-22.765313],[-47.611551,-22.765122]],[[-47.861614,-22.761007],[-47.860738,-22.76056]],[[-47.90461,-22.760223],[-47.901083,-22.75637]],[[-47.861493,-22.760994],[-47.861763,-22.761557],[-47.861493,-22.760994]],[[-47.68061,-22.764118],[-47.681195,-22.762092]],[[-47.747523,-22.762964],[-47.747523,-22.762964]],[[-47.761315,-22.762719],[-47.760893,-22.763179]],[[-47.761315,-22.762719],[-47.761323,-22.762716]],[[-47.770387,-22.76256],[-47.768432,-22.764833],[-47.769143,-22.764325]],[[-47.528394,-22.766548],[-47.528394,-22.766548]],[[-47.543541,-22.766301],[-47.543541,-22.766301]],[[-47.743629,-22.762986],[-47.743629,-22.762986]],[[-47.667065,-22.764239],[-47.666951,-22.763564]],[[-47.749969,-22.76283],[-47.750261,-22.765549]],[[-47.544723,-22.766191],[-47.544047,-22.764447],[-47.539989,-22.762202],[-47.538553,-22.762587],[-47.538203,-22.761117],[-47.536216,-22.759737]],[[-47.870064,-22.760655],[-47.873017,-22.762056]],[[-47.747061,-22.762813],[-47.747061,-22.762813]],[[-47.544753,-22.766167],[-47.544802,-22.765108],[-47.54287,-22.763788]],[[-47.836588,-22.761211],[-47.836588,-22.76121]],[[-47.836588,-22.761211],[-47.836426,-22.759228],[-47.834645,-22.758078]],[[-47.667669,-22.764116],[-47.667622,-22.764044]],[[-47.750077,-22.762692],[-47.750077,-22.762692]],[[-47.801358,-22.761787],[-47.801559,-22.759806]],[[-47.611709,-22.764998],[-47.614153,-22.763914]],[[-47.771186,-22.762299],[-47.770238,-22.762817],[-47.770903,-22.764782]],[[-47.667548,-22.764026],[-47.667524,-22.76389]],[[-47.526239,-22.766302],[-47.52712,-22.767567]],[[-47.526239,-22.766302],[-47.524457,-22.767473]],[[-47.664019,-22.764047],[-47.662129,-22.765779],[-47.664015,-22.76401]],[[-47.605806,-22.764986],[-47.607441,-22.764627],[-47.608293,-22.762908]],[[-47.7702,-22.762214],[-47.770197,-22.762211]],[[-47.832731,-22.761109],[-47.833474,-22.760527]],[[-47.95064,-22.758956],[-47.952657,-22.761909]],[[-47.696555,-22.763452],[-47.696178,-22.764312],[-47.696555,-22.763452]],[[-47.696678,-22.763449],[-47.696678,-22.763449]],[[-47.770113,-22.762178],[-47.77008,-22.762187]],[[-48.000811,-22.758006],[-48.004641,-22.756772]],[[-47.544084,-22.765938],[-47.544084,-22.765938]],[[-47.769936,-22.762176],[-47.769225,-22.761763]],[[-47.505753,-22.766531],[-47.505753,-22.766531]],[[-47.860738,-22.76056],[-47.860732,-22.760555]],[[-47.860738,-22.76056],[-47.860716,-22.760527]],[[-47.770421,-22.76215],[-47.77035,-22.762155]],[[-47.543949,-22.765919],[-47.543949,-22.765919]],[[-47.860716,-22.760527],[-47.861121,-22.757652]],[[-47.770494,-22.762108],[-47.76905,-22.758822]],[[-47.740606,-22.762519],[-47.740638,-22.762552]],[[-47.985668,-22.758109],[-47.987034,-22.758566]],[[-47.748334,-22.762356],[-47.748334,-22.762356]],[[-47.667274,-22.763719],[-47.667275,-22.763723]],[[-47.801947,-22.761407],[-47.801947,-22.761407]],[[-47.800893,-22.761418],[-47.800895,-22.761415]],[[-47.800895,-22.761415],[-47.800895,-22.761415]],[[-47.800895,-22.761415],[-47.801559,-22.759806]],[[-48.018927,-22.757439],[-48.020372,-22.760742]],[[-47.714768,-22.762903],[-47.716074,-22.76521]],[[-47.528056,-22.76596],[-47.527856,-22.764901]],[[-47.530419,-22.765916],[-47.530419,-22.765916]],[[-47.752707,-22.762224],[-47.75493,-22.765053]],[[-47.866647,-22.760197],[-47.866978,-22.761676]],[[-47.866647,-22.760197],[-47.866632,-22.760196]],[[-47.985451,-22.758005],[-47.985451,-22.758005]],[[-47.564676,-22.765315],[-47.566376,-22.763686]],[[-48.017254,-22.757377],[-48.017254,-22.757377]],[[-47.543599,-22.7656],[-47.543599,-22.7656]],[[-47.705121,-22.762939],[-47.704719,-22.763743],[-47.705771,-22.764945],[-47.708944,-22.763974],[-47.710424,-22.765125]],[[-47.705063,-22.762937],[-47.704608,-22.763808],[-47.705805,-22.765009],[-47.708903,-22.764025],[-47.710385,-22.764648],[-47.709141,-22.766978],[-47.711908,-22.76935],[-47.711056,-22.772682],[-47.712173,-22.7743]],[[-47.666951,-22.763564],[-47.667268,-22.7637]],[[-47.666951,-22.763564],[-47.66687,-22.762677]],[[-47.664811,-22.76359],[-47.665818,-22.762061]],[[-47.530514,-22.765772],[-47.530514,-22.765772]],[[-47.761938,-22.761932],[-47.761315,-22.762719]],[[-47.688498,-22.763178],[-47.687514,-22.760507]],[[-47.654118,-22.763749],[-47.654077,-22.763708]],[[-47.740478,-22.762283],[-47.740026,-22.763516],[-47.740478,-22.762283]],[[-47.717495,-22.762674],[-47.717067,-22.763035]],[[-47.717495,-22.762674],[-47.717451,-22.762474]],[[-47.717495,-22.762669],[-47.717495,-22.762674]],[[-47.654077,-22.763708],[-47.65312,-22.76579]],[[-47.654077,-22.763708],[-47.653965,-22.762564]],[[-47.769123,-22.761703],[-47.765469,-22.761014]],[[-47.818545,-22.760825],[-47.819301,-22.76088]],[[-47.786761,-22.761379],[-47.786761,-22.761379]],[[-47.97362,-22.758004],[-47.975618,-22.761217]],[[-47.752498,-22.761963],[-47.752498,-22.761963]],[[-47.775716,-22.761543],[-47.774083,-22.760022],[-47.775921,-22.757612]],[[-47.823571,-22.760688],[-47.823566,-22.760685]],[[-47.823571,-22.760688],[-47.82458,-22.758109]],[[-47.818471,-22.760774],[-47.818471,-22.760775]],[[-47.818471,-22.760774],[-47.818471,-22.760774]],[[-47.720353,-22.762474],[-47.720961,-22.765952]],[[-47.543746,-22.765379],[-47.543746,-22.765379]],[[-47.975945,-22.757886],[-47.975995,-22.760378]],[[-47.89597,-22.759341],[-47.896006,-22.760325],[-47.89597,-22.759341]],[[-47.717451,-22.762474],[-47.717452,-22.762474]],[[-47.717451,-22.762474],[-47.717495,-22.762674]],[[-47.71699,-22.762468],[-47.71699,-22.762468]],[[-47.738052,-22.762107],[-47.738052,-22.762107]],[[-47.806524,-22.760897],[-47.806746,-22.760823]],[[-47.806524,-22.760897],[-47.806524,-22.760897]],[[-47.80652,-22.760897],[-47.806524,-22.760897]],[[-48.010401,-22.757178],[-48.004988,-22.758874]],[[-47.53522,-22.765405],[-47.534789,-22.764642]],[[-47.612528,-22.764154],[-47.612528,-22.764154]],[[-47.835224,-22.76031],[-47.834751,-22.758129]],[[-47.762201,-22.761588],[-47.762201,-22.761591]],[[-47.762201,-22.761588],[-47.76283,-22.761491]],[[-47.544853,-22.765198],[-47.54878,-22.76241]],[[-48.027883,-22.756741],[-48.02749,-22.752628]],[[-47.783964,-22.761164],[-47.782478,-22.762949],[-47.781356,-22.762883]],[[-47.991273,-22.757391],[-47.990608,-22.75942]],[[-47.991272,-22.757358],[-47.993038,-22.75558]],[[-47.957418,-22.757985],[-47.962108,-22.757897]],[[-47.962108,-22.757897],[-47.962124,-22.757911]],[[-47.962108,-22.757897],[-47.962587,-22.755713]],[[-48.020541,-22.756783],[-48.020541,-22.756783]],[[-47.52166,-22.765431],[-47.52166,-22.765431]],[[-47.806077,-22.760672],[-47.804278,-22.75997]],[[-47.614153,-22.763914],[-47.614156,-22.76391]],[[-47.614153,-22.763914],[-47.613405,-22.763502]],[[-47.984611,-22.757355],[-47.984612,-22.757354]],[[-47.984612,-22.757354],[-47.9854,-22.758019]],[[-47.984612,-22.757354],[-47.985648,-22.749795]],[[-47.715077,-22.762155],[-47.714868,-22.763011],[-47.715574,-22.762845],[-47.715077,-22.762155]],[[-47.504453,-22.765586],[-47.504453,-22.765586]],[[-47.776064,-22.761084],[-47.776127,-22.761769],[-47.776064,-22.761084]],[[-47.881751,-22.759205],[-47.881751,-22.759205]],[[-47.715101,-22.762111],[-47.715392,-22.761611]],[[-47.530481,-22.765128],[-47.530481,-22.765128]],[[-47.917756,-22.758494],[-47.920193,-22.765203]],[[-47.782156,-22.760902],[-47.780558,-22.761691],[-47.778625,-22.759516]],[[-47.503523,-22.765507],[-47.503523,-22.765507]],[[-47.534213,-22.765015],[-47.534443,-22.764799]],[[-48.017599,-22.756592],[-48.017599,-22.756592]],[[-47.774723,-22.760944],[-47.770514,-22.762144]],[[-48.024417,-22.756398],[-48.027883,-22.756741]],[[-47.741358,-22.761488],[-47.73828,-22.76128]],[[-47.775823,-22.760879],[-47.775823,-22.760879]],[[-47.765381,-22.76102],[-47.762201,-22.761588]],[[-47.80704,-22.760276],[-47.807596,-22.762586]],[[-47.656192,-22.762857],[-47.655114,-22.761431]],[[-47.66687,-22.762677],[-47.665818,-22.762041]],[[-47.649416,-22.762934],[-47.652619,-22.762641]],[[-47.653358,-22.762868],[-47.652036,-22.763992]],[[-47.527819,-22.764896],[-47.526239,-22.766302]],[[-47.971155,-22.757253],[-47.969101,-22.75507]],[[-47.697941,-22.762082],[-47.698031,-22.762002]],[[-47.962278,-22.757389],[-47.969305,-22.755062],[-47.970449,-22.753064]],[[-47.697926,-22.76206],[-47.696568,-22.765443]],[[-47.697908,-22.76205],[-47.698008,-22.761978]],[[-47.697263,-22.76205],[-47.696616,-22.763234],[-47.697263,-22.76205]],[[-48.024071,-22.756186],[-48.024085,-22.756188]],[[-48.024071,-22.756186],[-48.024071,-22.756186]],[[-47.710594,-22.761805],[-47.710594,-22.761805]],[[-47.785635,-22.760481],[-47.785635,-22.760481]],[[-47.653092,-22.762736],[-47.653358,-22.762868]],[[-47.50432,-22.765136],[-47.50432,-22.765136]],[[-47.528224,-22.764719],[-47.527983,-22.764833]],[[-47.775472,-22.760555],[-47.775472,-22.760555]],[[-47.775472,-22.760555],[-47.77547,-22.760555]],[[-48.023453,-22.756041],[-48.024071,-22.756186]],[[-47.924867,-22.757848],[-47.924877,-22.757873]],[[-47.924867,-22.757848],[-47.926083,-22.757341]],[[-47.530492,-22.764581],[-47.530492,-22.764581]],[[-47.653965,-22.762564],[-47.653358,-22.762868]],[[-47.94862,-22.75738],[-47.947006,-22.75686],[-47.946324,-22.755482]],[[-47.840326,-22.759311],[-47.841467,-22.75655]],[[-48.023304,-22.755941],[-48.023304,-22.755941]],[[-47.817263,-22.759702],[-47.818471,-22.760774]],[[-47.50791,-22.764861],[-47.507736,-22.766334]],[[-47.599065,-22.763387],[-47.601621,-22.761283]],[[-47.775281,-22.760419],[-47.774734,-22.760141]],[[-47.817329,-22.759628],[-47.817329,-22.759628]],[[-47.527273,-22.764461],[-47.527149,-22.764484]],[[-47.697268,-22.761677],[-47.697268,-22.761677]],[[-47.951958,-22.757157],[-47.953971,-22.75757]],[[-47.527302,-22.764447],[-47.527357,-22.764427]],[[-47.813946,-22.759644],[-47.812957,-22.760383],[-47.813106,-22.761859]],[[-47.504888,-22.764787],[-47.504888,-22.764787]],[[-47.527357,-22.764427],[-47.527826,-22.764853]],[[-47.504764,-22.764766],[-47.504764,-22.764766]],[[-47.801559,-22.759806],[-47.80156,-22.759804]],[[-47.801559,-22.759806],[-47.802296,-22.756681],[-47.799102,-22.75409],[-47.798633,-22.751587],[-47.795066,-22.747863],[-47.794909,-22.746291],[-47.79619,-22.745075]],[[-47.505771,-22.764696],[-47.50694,-22.761329]],[[-47.748251,-22.760677],[-47.748251,-22.760677]],[[-47.665818,-22.762061],[-47.664797,-22.763577]],[[-48.02305,-22.755681],[-48.023249,-22.755964]],[[-47.665818,-22.762041],[-47.665818,-22.762061]],[[-47.535117,-22.764157],[-47.535067,-22.764251]],[[-48.002644,-22.756018],[-48.004208,-22.755553]],[[-47.774731,-22.760136],[-47.775472,-22.760555]],[[-47.504543,-22.764605],[-47.504543,-22.764605]],[[-47.695804,-22.761488],[-47.695804,-22.761488]],[[-47.846357,-22.758864],[-47.846572,-22.75855]],[[-47.717681,-22.761101],[-47.717451,-22.762474]],[[-47.772259,-22.760124],[-47.772259,-22.760124]],[[-47.760304,-22.760323],[-47.760308,-22.760323]],[[-47.760304,-22.760323],[-47.760304,-22.760323]],[[-47.774393,-22.760075],[-47.774393,-22.760075]],[[-47.782352,-22.759917],[-47.78236,-22.759912]],[[-47.805974,-22.759499],[-47.80639,-22.760702]],[[-47.78236,-22.759912],[-47.782145,-22.760899],[-47.78236,-22.759912]],[[-47.78236,-22.759912],[-47.783022,-22.759609]],[[-47.926092,-22.757333],[-47.927201,-22.756781]],[[-47.760383,-22.760277],[-47.760552,-22.760145]],[[-47.52916,-22.764095],[-47.52916,-22.764095]],[[-47.76084,-22.760247],[-47.76125,-22.760801]],[[-47.76084,-22.760247],[-47.76084,-22.760247]],[[-47.76083,-22.760244],[-47.76084,-22.760247]],[[-47.729875,-22.76072],[-47.731504,-22.759989]],[[-47.54287,-22.763788],[-47.539952,-22.76215]],[[-47.543096,-22.763755],[-47.54287,-22.763788]],[[-47.543096,-22.763755],[-47.546593,-22.761287],[-47.54705,-22.759137],[-47.549104,-22.758414]],[[-47.729634,-22.760661],[-47.731855,-22.761839],[-47.733792,-22.761669]],[[-47.543219,-22.763736],[-47.543096,-22.763755]],[[-47.542881,-22.763735],[-47.543096,-22.763755]],[[-47.52743,-22.763963],[-47.527357,-22.764427]],[[-47.72584,-22.760677],[-47.726555,-22.760581]],[[-47.846557,-22.758541],[-47.84684,-22.757201]],[[-47.678425,-22.761441],[-47.681602,-22.760377]],[[-47.806454,-22.759241],[-47.807029,-22.760254],[-47.808615,-22.758899]],[[-47.779966,-22.759702],[-47.779966,-22.759702]],[[-47.862535,-22.758236],[-47.866647,-22.760197]],[[-47.523104,-22.763964],[-47.523104,-22.763964]],[[-47.862523,-22.758225],[-47.861659,-22.757794],[-47.861568,-22.758574],[-47.862523,-22.758225]],[[-47.535964,-22.763734],[-47.535118,-22.76415]],[[-47.861387,-22.758224],[-47.861121,-22.757652]],[[-47.990353,-22.755818],[-47.990352,-22.75582]],[[-47.990353,-22.755818],[-47.989396,-22.752137]],[[-48.004208,-22.755553],[-48.004209,-22.755554]],[[-48.004208,-22.755553],[-48.004418,-22.753893]],[[-47.726704,-22.760516],[-47.727632,-22.760447]],[[-47.80969,-22.759057],[-47.809952,-22.761978]],[[-47.536178,-22.763601],[-47.536178,-22.763601]],[[-47.727728,-22.760431],[-47.728247,-22.76041]],[[-47.752819,-22.75999],[-47.752819,-22.75999]],[[-47.728245,-22.760411],[-47.728247,-22.76041]],[[-47.728247,-22.76041],[-47.729799,-22.760694]],[[-47.728247,-22.76041],[-47.729513,-22.757859]],[[-47.758515,-22.759869],[-47.758809,-22.760757],[-47.758515,-22.759869]],[[-47.778625,-22.759516],[-47.781356,-22.762883]],[[-47.778625,-22.759516],[-47.778615,-22.759513]],[[-47.966421,-22.756121],[-47.968902,-22.758277]],[[-47.536074,-22.763519],[-47.536011,-22.763227]],[[-47.75857,-22.759817],[-47.760304,-22.760323]],[[-47.783522,-22.75936],[-47.783522,-22.75936]],[[-47.50539,-22.763927],[-47.50539,-22.763927]],[[-47.743575,-22.759984],[-47.741485,-22.760923],[-47.740689,-22.762512]],[[-47.655114,-22.761431],[-47.653965,-22.762564]],[[-47.616647,-22.762052],[-47.61557,-22.763925],[-47.614153,-22.763914]],[[-47.778509,-22.7593],[-47.778625,-22.759516]],[[-47.743655,-22.759874],[-47.743626,-22.759833]],[[-47.977003,-22.755677],[-47.97898,-22.754108]],[[-47.633455,-22.761713],[-47.636203,-22.765051]],[[-47.959738,-22.755987],[-47.96091,-22.755218],[-47.962587,-22.755713]],[[-47.63343,-22.761691],[-47.632983,-22.761137]],[[-47.516181,-22.763567],[-47.516181,-22.763567]],[[-47.633446,-22.761667],[-47.632983,-22.761137]],[[-47.748183,-22.759708],[-47.748329,-22.760679]],[[-47.615999,-22.761903],[-47.616187,-22.763175]],[[-47.761405,-22.759447],[-47.761278,-22.761147],[-47.762201,-22.761588]],[[-47.807533,-22.75864],[-47.808552,-22.758936]],[[-47.53607,-22.763177],[-47.536068,-22.763169]],[[-47.696992,-22.760523],[-47.6978,-22.760525]],[[-47.861121,-22.757652],[-47.861119,-22.757644]],[[-47.861121,-22.757652],[-47.862122,-22.755623]],[[-47.752275,-22.759563],[-47.752316,-22.753128]],[[-47.698084,-22.760481],[-47.698466,-22.760423]],[[-47.512094,-22.763511],[-47.511971,-22.764472],[-47.513727,-22.765285]],[[-47.716017,-22.760155],[-47.716017,-22.760155]],[[-47.834645,-22.758078],[-47.834645,-22.758077]],[[-47.834645,-22.758078],[-47.834645,-22.758078]],[[-47.962587,-22.755713],[-47.962596,-22.755715]],[[-47.962587,-22.755713],[-47.963362,-22.752882]],[[-47.753541,-22.759434],[-47.753541,-22.759434]],[[-47.75934,-22.759308],[-47.760251,-22.760167]],[[-47.736308,-22.759693],[-47.736408,-22.759569]],[[-47.93945,-22.756065],[-47.940766,-22.752497]],[[-47.82456,-22.758138],[-47.82458,-22.758109]],[[-47.82458,-22.758109],[-47.822852,-22.755503]],[[-47.82458,-22.758109],[-47.826214,-22.758726],[-47.829865,-22.757079],[-47.829642,-22.755116]],[[-47.697823,-22.760302],[-47.697823,-22.760302]],[[-47.540503,-22.762846],[-47.540503,-22.762846]],[[-47.536142,-22.762911],[-47.536061,-22.763134]],[[-47.526138,-22.763069],[-47.526454,-22.76369]],[[-47.752751,-22.759314],[-47.752119,-22.759841],[-47.752751,-22.759314]],[[-47.990153,-22.755016],[-47.988486,-22.752904]],[[-47.940185,-22.755941],[-47.940185,-22.755941]],[[-47.807925,-22.758284],[-47.808444,-22.758739]],[[-47.715603,-22.759856],[-47.715026,-22.757292]],[[-47.834334,-22.757783],[-47.833734,-22.75726]],[[-47.616836,-22.761475],[-47.616694,-22.761981]],[[-47.671914,-22.760549],[-47.671708,-22.759052],[-47.668411,-22.754986]],[[-47.737097,-22.759443],[-47.736718,-22.757843]],[[-47.671937,-22.760544],[-47.671719,-22.759053],[-47.668426,-22.754986]],[[-47.681602,-22.760377],[-47.681461,-22.761769]],[[-47.716306,-22.759749],[-47.716306,-22.759749]],[[-47.73697,-22.759391],[-47.73697,-22.759391]],[[-47.696752,-22.760075],[-47.696936,-22.760462]],[[-47.632983,-22.761137],[-47.632983,-22.761107]],[[-47.617316,-22.761389],[-47.617132,-22.761311]],[[-47.761137,-22.758964],[-47.761137,-22.758964]],[[-47.76905,-22.758822],[-47.769058,-22.758819]],[[-47.76905,-22.758822],[-47.768294,-22.755616]],[[-47.809225,-22.758111],[-47.808619,-22.758901]],[[-47.524516,-22.762868],[-47.5246,-22.763002]],[[-47.509761,-22.763072],[-47.510272,-22.760272]],[[-47.755297,-22.759013],[-47.755297,-22.759013]],[[-47.755423,-22.759002],[-47.755618,-22.758533]],[[-47.982494,-22.75492],[-47.982693,-22.752176]],[[-47.63292,-22.76106],[-47.632839,-22.761008]],[[-47.617132,-22.761311],[-47.617316,-22.761389]],[[-47.617132,-22.761311],[-47.617087,-22.761287]],[[-47.505116,-22.763108],[-47.505908,-22.761681]],[[-47.6169,-22.761307],[-47.6169,-22.761307]],[[-47.6169,-22.761307],[-47.6169,-22.761307]],[[-47.617087,-22.761287],[-47.617063,-22.761226]],[[-47.632761,-22.761017],[-47.632839,-22.761008]],[[-47.632839,-22.761008],[-47.63231,-22.758994]],[[-47.77748,-22.75854],[-47.77726,-22.757489],[-47.77748,-22.75854]],[[-47.617063,-22.761226],[-47.617087,-22.761287]],[[-47.617063,-22.761226],[-47.617058,-22.761085]],[[-47.717111,-22.759541],[-47.717111,-22.759541]],[[-47.695897,-22.759884],[-47.69646,-22.76007]],[[-47.971574,-22.75495],[-47.969681,-22.754554]],[[-47.695067,-22.75985],[-47.695702,-22.759828]],[[-47.695837,-22.759823],[-47.695837,-22.759823]],[[-47.84684,-22.757201],[-47.846838,-22.757201]],[[-47.84684,-22.757201],[-47.846255,-22.75523],[-47.84684,-22.757201]],[[-47.765399,-22.758623],[-47.765555,-22.760986]],[[-47.617058,-22.761085],[-47.617094,-22.76102]],[[-47.997871,-22.754379],[-48.00364,-22.752531]],[[-48.009553,-22.754126],[-48.008176,-22.753633]],[[-48.004415,-22.754214],[-48.00977,-22.745986]],[[-47.704461,-22.759573],[-47.703905,-22.759925],[-47.704461,-22.759573]],[[-47.926552,-22.755647],[-47.924867,-22.757848]],[[-47.617094,-22.76102],[-47.617058,-22.761085]],[[-47.617094,-22.76102],[-47.617762,-22.760622]],[[-47.518595,-22.762588],[-47.517711,-22.76327]],[[-47.518595,-22.762588],[-47.518595,-22.762588]],[[-47.601643,-22.761255],[-47.601707,-22.76102]],[[-47.748319,-22.758776],[-47.748204,-22.759704],[-47.747694,-22.756202]],[[-47.833734,-22.75726],[-47.833714,-22.757255]],[[-47.833734,-22.75726],[-47.83389,-22.756761]],[[-47.758456,-22.758572],[-47.759183,-22.759186]],[[-47.77535,-22.758267],[-47.774698,-22.75943],[-47.77535,-22.758267]],[[-47.698097,-22.759577],[-47.698097,-22.759577]],[[-47.536563,-22.762218],[-47.536203,-22.762969],[-47.536563,-22.762218]],[[-47.757765,-22.758541],[-47.757765,-22.758541]],[[-47.532572,-22.762268],[-47.532597,-22.762151]],[[-47.539952,-22.76215],[-47.53995,-22.762155]],[[-47.536626,-22.762188],[-47.536595,-22.76225]],[[-47.685936,-22.759738],[-47.686102,-22.758689]],[[-47.536753,-22.762149],[-47.536747,-22.762153]],[[-47.601707,-22.76102],[-47.601864,-22.760014]],[[-47.68719,-22.759598],[-47.686966,-22.759364]],[[-47.532626,-22.762109],[-47.535334,-22.760434]],[[-47.836257,-22.75695],[-47.83389,-22.756761]],[[-47.606693,-22.760854],[-47.606468,-22.760665]],[[-47.647579,-22.760176],[-47.648761,-22.759039]],[[-47.50424,-22.762458],[-47.50424,-22.762458]],[[-47.755002,-22.75832],[-47.755002,-22.75832]],[[-47.613961,-22.760635],[-47.615926,-22.761796]],[[-47.78493,-22.757742],[-47.78493,-22.757742]],[[-47.687427,-22.759388],[-47.687608,-22.75956]],[[-47.703633,-22.759101],[-47.703633,-22.759101]],[[-47.758556,-22.758159],[-47.758556,-22.758159]],[[-47.687413,-22.759366],[-47.687387,-22.75922]],[[-47.537067,-22.761813],[-47.53674,-22.76211]],[[-48.005403,-22.753665],[-48.009586,-22.753212]],[[-47.712171,-22.758918],[-47.711999,-22.756532]],[[-47.83389,-22.756761],[-47.833887,-22.756756]],[[-47.83389,-22.756761],[-47.833734,-22.75726]],[[-47.699526,-22.759073],[-47.699526,-22.759073]],[[-47.782461,-22.757619],[-47.782461,-22.757619]],[[-47.833515,-22.756717],[-47.833281,-22.755308]],[[-47.762697,-22.757959],[-47.764264,-22.761117]],[[-47.699349,-22.75903],[-47.699349,-22.75903]],[[-47.957416,-22.754448],[-47.958656,-22.753218],[-47.963362,-22.752882]],[[-47.841467,-22.75655],[-47.841467,-22.75655]],[[-47.782269,-22.757582],[-47.782269,-22.757582]],[[-47.703313,-22.758926],[-47.703313,-22.758926]],[[-47.703313,-22.758926],[-47.703604,-22.761071],[-47.70508,-22.762882]],[[-47.703313,-22.758926],[-47.703313,-22.758926]],[[-47.976517,-22.754046],[-47.977437,-22.753932]],[[-47.979084,-22.753993],[-47.979537,-22.753422],[-47.982507,-22.754973],[-47.984612,-22.757354]],[[-47.978924,-22.753978],[-47.978924,-22.753978]],[[-47.755485,-22.757984],[-47.755485,-22.757984]],[[-47.980436,-22.753935],[-47.979771,-22.752568],[-47.981073,-22.748876]],[[-47.978904,-22.753963],[-47.976524,-22.75376]],[[-47.775637,-22.757625],[-47.773177,-22.75639],[-47.772437,-22.756867]],[[-47.73479,-22.758301],[-47.73479,-22.758301]],[[-47.77551,-22.757589],[-47.77551,-22.757589]],[[-47.500227,-22.762137],[-47.500849,-22.761809]],[[-47.617723,-22.760249],[-47.617663,-22.759658]],[[-47.775902,-22.757554],[-47.774003,-22.759954],[-47.775991,-22.76203],[-47.774953,-22.767365],[-47.77295,-22.768561],[-47.774984,-22.769418],[-47.776184,-22.772021],[-47.776025,-22.774218],[-47.774562,-22.776075]],[[-47.775975,-22.757527],[-47.777214,-22.75653],[-47.776576,-22.755858],[-47.777926,-22.751901],[-47.777241,-22.749805],[-47.778784,-22.748621],[-47.779003,-22.7465],[-47.77808,-22.745818]],[[-47.632698,-22.759947],[-47.63295,-22.761041]],[[-47.601126,-22.760448],[-47.601707,-22.76102]],[[-47.761493,-22.757696],[-47.761493,-22.757696]],[[-47.612955,-22.760191],[-47.613265,-22.760297]],[[-47.537211,-22.761349],[-47.537208,-22.761347]],[[-47.537208,-22.761347],[-47.537204,-22.761346]],[[-47.537208,-22.761347],[-47.537208,-22.761347]],[[-47.761822,-22.757617],[-47.761152,-22.758955]],[[-47.515596,-22.761658],[-47.516339,-22.758922],[-47.517966,-22.75712]],[[-47.841368,-22.756177],[-47.842283,-22.755425],[-47.841605,-22.755976]],[[-47.53769,-22.761273],[-47.537214,-22.761691]],[[-47.828566,-22.756324],[-47.826036,-22.756442]],[[-47.497761,-22.761841],[-47.49596,-22.766893]],[[-48.02749,-22.752628],[-48.027486,-22.752628]],[[-48.02749,-22.752628],[-48.02467,-22.749184],[-48.025409,-22.746534]],[[-47.745127,-22.757734],[-47.743655,-22.759874]],[[-47.698768,-22.758525],[-47.698102,-22.76192]],[[-47.828016,-22.75628],[-47.828016,-22.75628]],[[-47.828016,-22.75628],[-47.829642,-22.755116]],[[-47.82801,-22.756279],[-47.828016,-22.75628]],[[-47.69875,-22.758492],[-47.69808,-22.7619]],[[-47.756044,-22.757512],[-47.7557,-22.758014]],[[-47.682423,-22.758765],[-47.681602,-22.760377]],[[-47.736694,-22.757784],[-47.736664,-22.757732]],[[-47.817684,-22.756333],[-47.819435,-22.761747]],[[-47.761647,-22.757304],[-47.761647,-22.757304]],[[-47.687059,-22.758572],[-47.686741,-22.758307]],[[-47.60316,-22.759948],[-47.604817,-22.758646]],[[-47.690704,-22.758489],[-47.690534,-22.758204]],[[-47.99143,-22.75309],[-47.990353,-22.755818]],[[-47.7366,-22.757662],[-47.735095,-22.755752]],[[-47.617852,-22.759645],[-47.621113,-22.758848],[-47.621859,-22.757545],[-47.621219,-22.756284],[-47.624228,-22.754832]],[[-47.689396,-22.758454],[-47.689423,-22.758407]],[[-47.683336,-22.758555],[-47.682504,-22.758719]],[[-47.683363,-22.758535],[-47.683706,-22.758226]],[[-47.736682,-22.757626],[-47.736682,-22.757626]],[[-47.617794,-22.759611],[-47.621154,-22.75873],[-47.621809,-22.757569],[-47.621052,-22.757619],[-47.621201,-22.756202],[-47.624189,-22.754815]],[[-47.680877,-22.758517],[-47.68169,-22.758842]],[[-47.680877,-22.758517],[-47.678541,-22.759447]],[[-47.689434,-22.758365],[-47.689398,-22.758244]],[[-47.827555,-22.755976],[-47.826423,-22.755278]],[[-47.862191,-22.755325],[-47.862063,-22.751429],[-47.859783,-22.749901],[-47.857733,-22.746404],[-47.860202,-22.743401]],[[-47.937047,-22.753961],[-47.940766,-22.752497]],[[-47.837396,-22.755748],[-47.833375,-22.754255]],[[-47.745594,-22.757346],[-47.739686,-22.754394]],[[-47.771835,-22.756883],[-47.771835,-22.756883]],[[-47.679422,-22.758424],[-47.680877,-22.758517]],[[-47.689398,-22.758244],[-47.689398,-22.758244]],[[-47.736622,-22.757433],[-47.736622,-22.757433]],[[-47.76683,-22.756911],[-47.76905,-22.758822]],[[-47.766815,-22.756908],[-47.76627,-22.757305],[-47.766815,-22.756908]],[[-47.68379,-22.758317],[-47.683706,-22.758226]],[[-47.761744,-22.756981],[-47.761647,-22.757304]],[[-47.740004,-22.757326],[-47.740142,-22.757318]],[[-47.761975,-22.756941],[-47.761964,-22.756942]],[[-47.761975,-22.756941],[-47.761975,-22.756941]],[[-48.02953,-22.752076],[-48.02749,-22.752628]],[[-47.733064,-22.757421],[-47.733163,-22.757307]],[[-47.682485,-22.758275],[-47.682738,-22.758512]],[[-47.682485,-22.758275],[-47.680877,-22.758517]],[[-47.739934,-22.75729],[-47.739934,-22.75729]],[[-47.756392,-22.757007],[-47.756044,-22.757503],[-47.756392,-22.757007]],[[-47.756392,-22.757007],[-47.75639,-22.756996]],[[-47.740325,-22.757272],[-47.742928,-22.75609]],[[-47.683706,-22.758226],[-47.684582,-22.757402]],[[-47.610043,-22.759416],[-47.609726,-22.758636]],[[-47.610055,-22.759407],[-47.609745,-22.758641]],[[-47.516354,-22.760883],[-47.51657,-22.761028]],[[-47.632316,-22.758992],[-47.632692,-22.759942]],[[-47.733271,-22.757292],[-47.734117,-22.755686]],[[-47.725353,-22.757419],[-47.725353,-22.757419]],[[-47.842398,-22.755362],[-47.844216,-22.754883],[-47.842418,-22.754336]],[[-47.632275,-22.758965],[-47.631115,-22.756826]],[[-47.632285,-22.75896],[-47.631126,-22.756803]],[[-47.733217,-22.757262],[-47.733217,-22.757262]],[[-47.685985,-22.758053],[-47.685958,-22.758026]],[[-47.567495,-22.759995],[-47.567495,-22.759995]],[[-47.497565,-22.761079],[-47.499535,-22.760866],[-47.504462,-22.764666]],[[-47.846738,-22.755222],[-47.847082,-22.754418]],[[-47.685946,-22.757994],[-47.6859,-22.757366]],[[-47.690363,-22.75791],[-47.690216,-22.757717]],[[-47.778425,-22.756394],[-47.778425,-22.756394]],[[-47.736436,-22.757111],[-47.736436,-22.757111]],[[-47.650384,-22.758561],[-47.650816,-22.758585]],[[-47.784387,-22.756233],[-47.784387,-22.756233]],[[-47.567383,-22.759859],[-47.567394,-22.759927]],[[-47.783021,-22.756243],[-47.783021,-22.756243]],[[-47.961484,-22.753001],[-47.957621,-22.74918]],[[-47.735836,-22.757022],[-47.735836,-22.757022]],[[-47.723638,-22.757227],[-47.723638,-22.757227]],[[-47.833281,-22.755308],[-47.833281,-22.755308]],[[-47.684816,-22.757867],[-47.683892,-22.758344],[-47.684816,-22.757867]],[[-47.555515,-22.759977],[-47.554668,-22.76022],[-47.555515,-22.759977]],[[-47.684898,-22.757852],[-47.684834,-22.757166]],[[-47.699562,-22.757584],[-47.698767,-22.758525]],[[-47.699561,-22.757581],[-47.69924,-22.756981]],[[-47.503038,-22.760771],[-47.502678,-22.759478]],[[-47.963362,-22.752882],[-47.963381,-22.752875]],[[-47.963362,-22.752882],[-47.966562,-22.753189]],[[-47.507738,-22.760691],[-47.508353,-22.763049],[-47.506743,-22.766042]],[[-47.567427,-22.75974],[-47.567427,-22.75974]],[[-47.778164,-22.75621],[-47.778164,-22.75621]],[[-47.730922,-22.757022],[-47.730922,-22.757022]],[[-47.572179,-22.759653],[-47.573093,-22.758739]],[[-47.833015,-22.755198],[-47.832898,-22.753466]],[[-47.535403,-22.760193],[-47.535633,-22.760077]],[[-47.758749,-22.756487],[-47.758805,-22.756338]],[[-47.704372,-22.757405],[-47.704372,-22.757405]],[[-47.656989,-22.758196],[-47.657146,-22.759156],[-47.655114,-22.761431]],[[-47.746698,-22.756641],[-47.745201,-22.757569]],[[-47.555115,-22.759787],[-47.555085,-22.759576]],[[-47.535633,-22.760077],[-47.535381,-22.76018]],[[-47.535633,-22.760077],[-47.536216,-22.759737]],[[-47.762146,-22.7563],[-47.761975,-22.756941]],[[-47.829642,-22.755116],[-47.829646,-22.755113]],[[-47.829642,-22.755116],[-47.83231,-22.753493]],[[-47.777281,-22.756006],[-47.778474,-22.759233]],[[-47.778478,-22.75596],[-47.778478,-22.75596]],[[-47.990157,-22.752129],[-47.989836,-22.753165]],[[-47.943749,-22.752938],[-47.946301,-22.754954],[-47.944608,-22.758409]],[[-47.678733,-22.757571],[-47.681333,-22.75742],[-47.682485,-22.758275]],[[-47.718269,-22.756894],[-47.720483,-22.756826]],[[-47.653902,-22.757964],[-47.651916,-22.758365]],[[-47.963568,-22.752504],[-47.965321,-22.749438]],[[-47.761873,-22.756118],[-47.761873,-22.756118]],[[-47.699383,-22.757184],[-47.698744,-22.758495]],[[-47.506332,-22.76033],[-47.507716,-22.760664]],[[-47.718162,-22.756853],[-47.717926,-22.757093]],[[-47.718162,-22.756853],[-47.718162,-22.756853]],[[-47.684749,-22.757414],[-47.684582,-22.757402]],[[-47.60485,-22.758724],[-47.608348,-22.756476]],[[-47.60485,-22.758724],[-47.604819,-22.758654]],[[-47.684582,-22.757402],[-47.684834,-22.757166]],[[-47.684582,-22.757402],[-47.682656,-22.755734]],[[-47.760073,-22.756101],[-47.760073,-22.756101]],[[-47.609727,-22.758625],[-47.609943,-22.757642]],[[-47.502109,-22.760346],[-47.50258,-22.759186]],[[-47.555344,-22.759491],[-47.555473,-22.759371]],[[-47.654056,-22.757867],[-47.654205,-22.757777]],[[-47.527648,-22.7599],[-47.525282,-22.757515]],[[-47.758819,-22.756049],[-47.758821,-22.756053]],[[-47.758819,-22.756049],[-47.758819,-22.756049]],[[-47.661622,-22.757697],[-47.666337,-22.756099]],[[-47.661442,-22.7577],[-47.660304,-22.757611]],[[-47.536216,-22.759737],[-47.535333,-22.758804]],[[-47.570619,-22.759176],[-47.571135,-22.756963]],[[-47.566099,-22.759242],[-47.566099,-22.759242]],[[-47.689092,-22.757212],[-47.689218,-22.756977]],[[-47.747694,-22.756202],[-47.747698,-22.756201]],[[-47.747694,-22.756202],[-47.747128,-22.755927]],[[-47.555157,-22.7594],[-47.555157,-22.7594]],[[-47.654205,-22.757777],[-47.654821,-22.757439]],[[-47.654205,-22.757777],[-47.654815,-22.757429]],[[-47.753445,-22.756059],[-47.753445,-22.756059]],[[-47.685825,-22.757209],[-47.685547,-22.755887]],[[-47.5555,-22.75931],[-47.555513,-22.75885]],[[-47.660305,-22.757597],[-47.661443,-22.757685]],[[-47.660289,-22.757592],[-47.659199,-22.757506]],[[-47.747042,-22.756114],[-47.746901,-22.756532]],[[-47.684834,-22.757166],[-47.685547,-22.755887]],[[-47.689892,-22.757057],[-47.689609,-22.756864]],[[-47.565746,-22.7591],[-47.565079,-22.758065]],[[-47.778326,-22.755527],[-47.778326,-22.755527]],[[-47.841941,-22.754388],[-47.842418,-22.754336]],[[-47.843933,-22.754342],[-47.846621,-22.754774]],[[-47.659011,-22.757531],[-47.658222,-22.75746]],[[-47.659198,-22.757525],[-47.660288,-22.757608]],[[-47.496328,-22.760134],[-47.498877,-22.76285],[-47.498447,-22.763433],[-47.499856,-22.765506],[-47.50163,-22.766112]],[[-47.496328,-22.760134],[-47.496323,-22.760134]],[[-47.842418,-22.754336],[-47.842476,-22.755027]],[[-47.842418,-22.754336],[-47.842419,-22.754336]],[[-47.847147,-22.754245],[-47.84878,-22.753435],[-47.848325,-22.752305],[-47.850423,-22.75119],[-47.849999,-22.750139]],[[-47.658222,-22.757475],[-47.65901,-22.757539]],[[-47.658209,-22.757457],[-47.657253,-22.757369]],[[-47.940766,-22.752497],[-47.942485,-22.751617],[-47.94309,-22.748597]],[[-47.747128,-22.755927],[-47.747128,-22.755927]],[[-47.747128,-22.755927],[-47.74713,-22.755925]],[[-47.654831,-22.75743],[-47.655567,-22.757265]],[[-47.657253,-22.757383],[-47.658209,-22.757474]],[[-47.654825,-22.75742],[-47.655568,-22.757254]],[[-47.535319,-22.75929],[-47.535319,-22.75929]],[[-47.535319,-22.75929],[-47.535333,-22.758804]],[[-47.655872,-22.757285],[-47.657241,-22.757381]],[[-47.833336,-22.754223],[-47.833181,-22.753707]],[[-47.655873,-22.757272],[-47.657241,-22.757368]],[[-47.780619,-22.755144],[-47.783021,-22.756238]],[[-47.841497,-22.75405],[-47.840925,-22.751922]],[[-47.562935,-22.75875],[-47.562937,-22.758748]],[[-47.563016,-22.758744],[-47.563016,-22.758744]],[[-47.841575,-22.754013],[-47.841575,-22.754013]],[[-47.555513,-22.75885],[-47.555515,-22.758853]],[[-47.555513,-22.75885],[-47.555513,-22.75885]],[[-47.778531,-22.755104],[-47.779391,-22.75532],[-47.778531,-22.755104]],[[-47.499537,-22.759711],[-47.496328,-22.760134]],[[-47.703492,-22.756383],[-47.703313,-22.758926]],[[-47.70354,-22.756322],[-47.703618,-22.760912],[-47.70513,-22.762888]],[[-47.758877,-22.755373],[-47.75991,-22.755265]],[[-47.703454,-22.756318],[-47.702853,-22.755707],[-47.703968,-22.754885],[-47.703484,-22.754103],[-47.701157,-22.75332]],[[-47.760095,-22.755314],[-47.760095,-22.755314]],[[-47.768104,-22.755171],[-47.767678,-22.754688]],[[-47.562868,-22.75859],[-47.563663,-22.757419]],[[-47.756412,-22.755356],[-47.756392,-22.757007]],[[-47.748085,-22.755465],[-47.747694,-22.756202]],[[-47.725378,-22.755854],[-47.72581,-22.759358]],[[-47.756768,-22.755299],[-47.758863,-22.755381],[-47.758819,-22.756049]],[[-47.776929,-22.754949],[-47.776929,-22.754949]],[[-47.734117,-22.755686],[-47.734121,-22.75569]],[[-47.734117,-22.755686],[-47.734117,-22.755686]],[[-47.756377,-22.755299],[-47.755386,-22.755015],[-47.756377,-22.755299]],[[-47.734893,-22.755667],[-47.734623,-22.755538]],[[-47.71082,-22.756072],[-47.714555,-22.757437],[-47.718162,-22.756853]],[[-47.6987,-22.756265],[-47.699233,-22.756978]],[[-47.725286,-22.755802],[-47.725286,-22.755802]],[[-47.999504,-22.750839],[-48.004114,-22.752723],[-48.004432,-22.753914]],[[-47.785946,-22.754681],[-47.785946,-22.754681]],[[-47.609948,-22.757648],[-47.609746,-22.75863]],[[-47.621437,-22.757459],[-47.621096,-22.756921],[-47.621437,-22.757459]],[[-47.800241,-22.754412],[-47.801536,-22.754105]],[[-47.689142,-22.756322],[-47.688558,-22.75493]],[[-47.566346,-22.758315],[-47.563669,-22.757406]],[[-47.535333,-22.758804],[-47.535086,-22.75677],[-47.533538,-22.756504]],[[-47.555634,-22.758477],[-47.555679,-22.758436]],[[-47.734476,-22.755494],[-47.734402,-22.755316]],[[-47.496222,-22.75939],[-47.496222,-22.75939]],[[-47.496222,-22.75939],[-47.496328,-22.760134]],[[-47.511306,-22.759141],[-47.512669,-22.761204],[-47.512547,-22.762727],[-47.510497,-22.767199]],[[-47.610114,-22.757532],[-47.613734,-22.752484]],[[-47.771573,-22.754788],[-47.773102,-22.75356]],[[-47.555757,-22.758387],[-47.55704,-22.754982],[-47.556387,-22.75369]],[[-47.610071,-22.757495],[-47.611377,-22.755324],[-47.608518,-22.756357],[-47.611387,-22.755296],[-47.612255,-22.753938]],[[-47.714004,-22.755741],[-47.714004,-22.755741]],[[-47.501488,-22.759213],[-47.501989,-22.75792]],[[-47.696291,-22.755992],[-47.697838,-22.754721]],[[-47.734402,-22.755316],[-47.734401,-22.75531]],[[-47.734402,-22.755316],[-47.734402,-22.755316]],[[-47.709255,-22.755719],[-47.711612,-22.754675]],[[-47.937426,-22.751676],[-47.937392,-22.750374],[-47.938511,-22.749516]],[[-48.021867,-22.750098],[-48.023951,-22.74912]],[[-47.734267,-22.755235],[-47.734191,-22.754931]],[[-47.66746,-22.756347],[-47.665566,-22.759447],[-47.665818,-22.762041]],[[-47.667467,-22.756346],[-47.665576,-22.759474],[-47.66552,-22.760945],[-47.66687,-22.762677]],[[-47.763434,-22.754711],[-47.765084,-22.755742]],[[-47.705618,-22.755701],[-47.710709,-22.756059]],[[-47.565085,-22.758018],[-47.565072,-22.757706]],[[-47.765224,-22.754662],[-47.765134,-22.755834],[-47.766401,-22.756687]],[[-47.738482,-22.755122],[-47.738482,-22.755122]],[[-47.835888,-22.753391],[-47.835877,-22.753389]],[[-47.835888,-22.753391],[-47.835888,-22.753391]],[[-47.699024,-22.755763],[-47.699027,-22.755764]],[[-47.699024,-22.755763],[-47.698696,-22.756266],[-47.699024,-22.755763]],[[-47.699024,-22.755763],[-47.69718,-22.753816]],[[-47.667447,-22.756293],[-47.667068,-22.756025]],[[-47.698087,-22.755745],[-47.698087,-22.755745]],[[-47.784994,-22.75419],[-47.784994,-22.75419]],[[-47.685547,-22.755887],[-47.686729,-22.754942]],[[-47.631045,-22.756762],[-47.631028,-22.756744]],[[-47.835551,-22.753246],[-47.832752,-22.752593]],[[-47.947631,-22.751213],[-47.948246,-22.749308],[-47.950249,-22.748748]],[[-47.769731,-22.754398],[-47.77186,-22.753154]],[[-47.83251,-22.75329],[-47.832657,-22.753201]],[[-47.631058,-22.756737],[-47.631043,-22.756724]],[[-47.832821,-22.753264],[-47.832821,-22.753264]],[[-47.832821,-22.753264],[-47.83282,-22.753264]],[[-47.739132,-22.75489],[-47.738812,-22.755081]],[[-47.785532,-22.754068],[-47.784233,-22.754663]],[[-47.666331,-22.756091],[-47.661624,-22.757665]],[[-47.666369,-22.756086],[-47.667068,-22.756025]],[[-47.734191,-22.754931],[-47.734191,-22.754927]],[[-47.734191,-22.754931],[-47.734191,-22.754931]],[[-47.748918,-22.754673],[-47.747509,-22.755223],[-47.746447,-22.754363]],[[-47.832736,-22.753187],[-47.832821,-22.753264]],[[-47.538432,-22.758133],[-47.537465,-22.760393]],[[-47.836631,-22.753095],[-47.835888,-22.753391]],[[-48.002461,-22.750047],[-48.002471,-22.750053]],[[-48.002461,-22.750047],[-48.002933,-22.752199]],[[-47.734096,-22.75481],[-47.732545,-22.752444]],[[-47.497785,-22.758681],[-47.497377,-22.75794]],[[-47.739246,-22.754717],[-47.739246,-22.754717]],[[-47.836756,-22.753012],[-47.836756,-22.753012]],[[-47.778096,-22.754012],[-47.778096,-22.754012]],[[-47.739328,-22.754677],[-47.739363,-22.754378]],[[-47.777924,-22.754004],[-47.777924,-22.754004]],[[-47.755045,-22.754399],[-47.755289,-22.754935]],[[-47.698742,-22.755341],[-47.699384,-22.753852],[-47.701157,-22.75332]],[[-47.704894,-22.755233],[-47.705551,-22.755623]],[[-47.832683,-22.753015],[-47.831059,-22.750058],[-47.831956,-22.751055]],[[-47.828304,-22.753089],[-47.829088,-22.751885],[-47.831925,-22.751387]],[[-47.749249,-22.754457],[-47.748236,-22.755449]],[[-47.528657,-22.758056],[-47.526369,-22.756322]],[[-47.524539,-22.758103],[-47.518706,-22.76226]],[[-47.824489,-22.753056],[-47.828611,-22.752138]],[[-47.721024,-22.754843],[-47.721024,-22.754843]],[[-47.785519,-22.753722],[-47.785519,-22.753722]],[[-47.750032,-22.754329],[-47.749504,-22.754355]],[[-47.754799,-22.754238],[-47.754799,-22.754238]],[[-47.563663,-22.757419],[-47.563999,-22.757385]],[[-47.563669,-22.757406],[-47.563663,-22.757419]],[[-47.563669,-22.757406],[-47.561995,-22.755899],[-47.559906,-22.755616]],[[-47.704225,-22.755057],[-47.704184,-22.755057]],[[-47.704184,-22.755057],[-47.70413,-22.755058]],[[-47.704184,-22.755057],[-47.704849,-22.75569],[-47.704184,-22.755057]],[[-48.013022,-22.749495],[-48.009951,-22.746667],[-48.009132,-22.746883]],[[-47.739686,-22.754394],[-47.739686,-22.754395]],[[-47.739686,-22.754394],[-47.739863,-22.754438]],[[-47.524728,-22.757927],[-47.524728,-22.757927]],[[-47.524728,-22.757927],[-47.524728,-22.757925]],[[-47.977696,-22.750118],[-47.97834,-22.751991],[-47.979827,-22.752254]],[[-47.512472,-22.758106],[-47.510245,-22.759265],[-47.510237,-22.760302],[-47.5087,-22.760175],[-47.50424,-22.762458]],[[-47.512472,-22.758106],[-47.513219,-22.757019]],[[-47.512472,-22.758104],[-47.512472,-22.758106]],[[-47.754469,-22.75402],[-47.754799,-22.754238]],[[-47.608343,-22.75647],[-47.60485,-22.758724]],[[-47.529646,-22.757722],[-47.529646,-22.757718]],[[-47.529646,-22.757722],[-47.529646,-22.757722]],[[-47.602013,-22.756535],[-47.602386,-22.755481],[-47.604836,-22.75481]],[[-47.767534,-22.753719],[-47.768293,-22.753077]],[[-47.985646,-22.749784],[-47.986032,-22.74902]],[[-47.942743,-22.750563],[-47.943744,-22.752878],[-47.942597,-22.754466]],[[-47.942736,-22.750561],[-47.942379,-22.750408]],[[-47.699386,-22.754859],[-47.699386,-22.754859]],[[-47.750271,-22.75396],[-47.750031,-22.754173]],[[-47.750297,-22.753957],[-47.750522,-22.753911]],[[-47.772555,-22.753548],[-47.769598,-22.752574]],[[-47.750774,-22.7539],[-47.751437,-22.753778]],[[-47.686787,-22.75499],[-47.686729,-22.754942]],[[-47.753602,-22.753817],[-47.753603,-22.753817]],[[-47.753602,-22.753817],[-47.753602,-22.753817]],[[-47.738994,-22.754065],[-47.739686,-22.754394]],[[-47.753901,-22.753803],[-47.753602,-22.753817]],[[-47.686729,-22.754942],[-47.686488,-22.754438]],[[-47.520608,-22.75764],[-47.520533,-22.757159]],[[-47.542293,-22.757294],[-47.539952,-22.76215]],[[-47.499988,-22.757955],[-47.500283,-22.756223]],[[-47.501989,-22.75792],[-47.504219,-22.760115]],[[-47.501989,-22.75792],[-47.501989,-22.757916]],[[-47.751655,-22.753792],[-47.751789,-22.753171]],[[-47.525282,-22.757515],[-47.525285,-22.757511]],[[-47.525282,-22.757515],[-47.524728,-22.757927]],[[-47.75395,-22.753728],[-47.754853,-22.754024],[-47.75395,-22.753728]],[[-47.504888,-22.757803],[-47.504888,-22.757803]],[[-47.761263,-22.753521],[-47.761263,-22.753521]],[[-47.520633,-22.757503],[-47.520533,-22.757159]],[[-47.560114,-22.756832],[-47.559906,-22.755616]],[[-47.71188,-22.754307],[-47.711878,-22.754307]],[[-47.71188,-22.754307],[-47.71188,-22.754307]],[[-47.712317,-22.754255],[-47.71188,-22.754307]],[[-47.980968,-22.749452],[-47.980785,-22.748162]],[[-47.966482,-22.749705],[-47.966482,-22.749705]],[[-47.702963,-22.754384],[-47.702963,-22.754384]],[[-47.668419,-22.754964],[-47.668326,-22.754086]],[[-47.668403,-22.754963],[-47.668304,-22.754087]],[[-47.497128,-22.757732],[-47.498657,-22.758371]],[[-47.497128,-22.757732],[-47.497121,-22.757734]],[[-47.712509,-22.754202],[-47.713477,-22.752554]],[[-47.753522,-22.753474],[-47.75357,-22.753151]],[[-48.004655,-22.748941],[-48.00477,-22.750736],[-48.00624,-22.752219]],[[-47.700612,-22.754367],[-47.700612,-22.754367]],[[-47.721018,-22.753895],[-47.721202,-22.754505],[-47.721018,-22.753895]],[[-47.529427,-22.757046],[-47.529436,-22.757055]],[[-47.498398,-22.757535],[-47.497128,-22.757732]],[[-47.774236,-22.752974],[-47.774465,-22.753619],[-47.773092,-22.753517],[-47.774236,-22.752974]],[[-47.520533,-22.757159],[-47.520486,-22.756987]],[[-47.520533,-22.757159],[-47.520486,-22.756987]],[[-47.753481,-22.753294],[-47.753481,-22.753294]],[[-47.535123,-22.756894],[-47.536999,-22.756675]],[[-47.956274,-22.749628],[-47.957621,-22.74918]],[[-47.712369,-22.753958],[-47.712369,-22.753958]],[[-47.729872,-22.75365],[-47.730236,-22.753201]],[[-47.506863,-22.7573],[-47.506863,-22.7573]],[[-48.00021,-22.748788],[-48.002461,-22.750047]],[[-47.517966,-22.75712],[-47.517974,-22.757119]],[[-47.517966,-22.75712],[-47.517966,-22.75712]],[[-47.502088,-22.757348],[-47.504162,-22.758571]],[[-47.535528,-22.756816],[-47.535589,-22.756589]],[[-47.702383,-22.754035],[-47.702383,-22.754035]],[[-47.713638,-22.753843],[-47.713561,-22.753621]],[[-47.75357,-22.753151],[-47.75357,-22.753151]],[[-47.75357,-22.753151],[-47.753581,-22.752157]],[[-47.965236,-22.74935],[-47.965879,-22.749567],[-47.965236,-22.74935]],[[-47.751982,-22.753165],[-47.752316,-22.753128]],[[-47.520486,-22.756987],[-47.520309,-22.756639]],[[-47.520486,-22.756987],[-47.520519,-22.756555]],[[-47.501848,-22.757261],[-47.50381,-22.756971]],[[-47.774437,-22.752754],[-47.775905,-22.751703],[-47.777706,-22.752086]],[[-47.501799,-22.757258],[-47.501989,-22.75792]],[[-47.715047,-22.753772],[-47.715047,-22.753772]],[[-47.752316,-22.753128],[-47.752316,-22.753127]],[[-47.752316,-22.753128],[-47.752359,-22.752809]],[[-47.713352,-22.753769],[-47.714328,-22.752794]],[[-47.722916,-22.753599],[-47.722956,-22.754548],[-47.722916,-22.753599]],[[-47.518083,-22.756946],[-47.518498,-22.756432],[-47.518113,-22.756898]],[[-47.53305,-22.756629],[-47.533538,-22.756504]],[[-47.965221,-22.749172],[-47.966759,-22.748528]],[[-47.704814,-22.753793],[-47.704614,-22.754845]],[[-47.981078,-22.74886],[-47.981516,-22.74818]],[[-47.496509,-22.75715],[-47.496952,-22.756748]],[[-47.789006,-22.752294],[-47.789006,-22.752294]],[[-47.950401,-22.749385],[-47.95203,-22.749685]],[[-47.950401,-22.749385],[-47.951554,-22.753993]],[[-47.713941,-22.753577],[-47.713941,-22.753577]],[[-47.950378,-22.74937],[-47.950401,-22.749385]],[[-47.938045,-22.749597],[-47.936166,-22.749355],[-47.935442,-22.747863]],[[-47.685305,-22.754027],[-47.681005,-22.75242]],[[-47.533538,-22.756504],[-47.532874,-22.747851],[-47.531001,-22.747005],[-47.531042,-22.745225],[-47.529923,-22.746566]],[[-47.69718,-22.753816],[-47.696383,-22.751939]],[[-47.76956,-22.75257],[-47.768273,-22.753185],[-47.76956,-22.75257]],[[-47.582937,-22.755687],[-47.580453,-22.754084],[-47.581168,-22.749459]],[[-47.957621,-22.74918],[-47.957266,-22.747839]],[[-47.965231,-22.749024],[-47.963722,-22.745743]],[[-47.938511,-22.749516],[-47.938512,-22.749517]],[[-47.938511,-22.749516],[-47.942453,-22.750274]],[[-47.808858,-22.751836],[-47.809254,-22.751652]],[[-47.752359,-22.752809],[-47.752359,-22.752808]],[[-47.752359,-22.752809],[-47.752717,-22.75265]],[[-47.520309,-22.756639],[-47.519689,-22.757746]],[[-47.520309,-22.756639],[-47.520298,-22.756604]],[[-47.563518,-22.755947],[-47.563505,-22.757264]],[[-47.704935,-22.753559],[-47.704935,-22.753559]],[[-47.704934,-22.753552],[-47.704958,-22.752974]],[[-47.696254,-22.753676],[-47.696254,-22.753676]],[[-47.985919,-22.748514],[-47.985919,-22.748514]],[[-47.782807,-22.752168],[-47.780995,-22.751581]],[[-47.945068,-22.749195],[-47.943683,-22.74733]],[[-47.752734,-22.752627],[-47.752359,-22.752809]],[[-47.777912,-22.752182],[-47.77832,-22.753735],[-47.781274,-22.755399],[-47.784839,-22.754503]],[[-47.668331,-22.754042],[-47.668167,-22.753213]],[[-47.624245,-22.754734],[-47.623881,-22.753732],[-47.626235,-22.752762],[-47.625409,-22.752342],[-47.626266,-22.750988],[-47.62445,-22.749863],[-47.62184,-22.750332]],[[-47.494843,-22.756759],[-47.497128,-22.757732]],[[-47.51807,-22.756384],[-47.518785,-22.755371]],[[-47.730327,-22.752894],[-47.730327,-22.752894]],[[-47.720038,-22.753056],[-47.720582,-22.753691],[-47.720038,-22.753056]],[[-47.66812,-22.753931],[-47.667068,-22.756025]],[[-47.959323,-22.74879],[-47.958197,-22.749924]],[[-47.780032,-22.752011],[-47.779323,-22.752019]],[[-47.560869,-22.755676],[-47.561894,-22.755563],[-47.562074,-22.753746]],[[-47.513739,-22.756418],[-47.512472,-22.758106]],[[-47.668117,-22.753908],[-47.666365,-22.756082]],[[-47.701157,-22.75332],[-47.701491,-22.751215],[-47.700521,-22.751113],[-47.700809,-22.750126],[-47.698566,-22.747668]],[[-47.730397,-22.752805],[-47.730595,-22.752509]],[[-47.953298,-22.748824],[-47.952278,-22.747256],[-47.949673,-22.746549]],[[-47.559906,-22.755616],[-47.559896,-22.755603]],[[-47.559906,-22.755616],[-47.558597,-22.754999]],[[-47.778985,-22.751939],[-47.778985,-22.751939]],[[-47.953378,-22.748805],[-47.953378,-22.748805]],[[-47.778973,-22.751929],[-47.777735,-22.752161]],[[-47.96675,-22.748531],[-47.966759,-22.748528]],[[-47.966759,-22.748528],[-47.974197,-22.751456]],[[-47.966759,-22.748528],[-47.970159,-22.745968]],[[-47.755307,-22.752315],[-47.755307,-22.752315]],[[-47.809433,-22.751368],[-47.809433,-22.751368]],[[-47.703228,-22.753187],[-47.703228,-22.753187]],[[-47.751786,-22.752347],[-47.751786,-22.752347]],[[-47.559819,-22.755533],[-47.560566,-22.754717]],[[-47.809512,-22.751326],[-47.811112,-22.75083]],[[-47.66826,-22.75372],[-47.668306,-22.754042]],[[-47.629373,-22.754316],[-47.630975,-22.756677]],[[-47.501183,-22.756369],[-47.501809,-22.757318],[-47.501053,-22.758258]],[[-47.501183,-22.756369],[-47.501184,-22.756373]],[[-47.629371,-22.754308],[-47.628525,-22.753225]],[[-47.736759,-22.752483],[-47.736433,-22.752295]],[[-47.753581,-22.752157],[-47.753123,-22.75255]],[[-47.753581,-22.752157],[-47.753581,-22.752155]],[[-47.79355,-22.751447],[-47.79355,-22.751447]],[[-47.793611,-22.751403],[-47.792462,-22.749537]],[[-47.732539,-22.752441],[-47.732213,-22.752069]],[[-47.780995,-22.751581],[-47.78099,-22.751581]],[[-47.780995,-22.751581],[-47.780582,-22.751468]],[[-47.780317,-22.751566],[-47.779684,-22.75175],[-47.780317,-22.751566]],[[-47.687198,-22.753146],[-47.68786,-22.754014]],[[-47.988949,-22.74778],[-47.990452,-22.744859]],[[-47.62882,-22.754116],[-47.628874,-22.754046]],[[-47.7202,-22.752578],[-47.7202,-22.752578]],[[-47.628813,-22.754107],[-47.628874,-22.754046]],[[-47.961636,-22.748267],[-47.964153,-22.749851],[-47.965236,-22.74935]],[[-47.742963,-22.752173],[-47.743238,-22.751955]],[[-47.953783,-22.748404],[-47.952432,-22.747258]],[[-47.73071,-22.752358],[-47.73071,-22.752358]],[[-47.730635,-22.752355],[-47.730928,-22.751152]],[[-48.001624,-22.747482],[-48.002461,-22.750047]],[[-47.742778,-22.75214],[-47.742778,-22.75214]],[[-47.628874,-22.754046],[-47.628525,-22.753243]],[[-47.780587,-22.751468],[-47.780582,-22.751468]],[[-47.780582,-22.751468],[-47.780995,-22.751581]],[[-47.780582,-22.751468],[-47.780254,-22.751574]],[[-47.500247,-22.756103],[-47.499867,-22.756895]],[[-47.500247,-22.756103],[-47.500247,-22.756103]],[[-47.498725,-22.756107],[-47.50014,-22.755264]],[[-47.521056,-22.755751],[-47.520309,-22.756639]],[[-47.709181,-22.752652],[-47.706869,-22.755677]],[[-47.709181,-22.752652],[-47.709181,-22.752653]],[[-47.538997,-22.755445],[-47.539277,-22.754312]],[[-47.81905,-22.750691],[-47.818837,-22.748997],[-47.817782,-22.748647]],[[-47.849999,-22.750139],[-47.850005,-22.750147]],[[-47.849999,-22.750139],[-47.851855,-22.750124],[-47.857887,-22.746856]],[[-47.945952,-22.748389],[-47.944801,-22.745778]],[[-47.877216,-22.749638],[-47.880443,-22.745158],[-47.884063,-22.742837]],[[-47.66812,-22.75325],[-47.668254,-22.753704]],[[-47.697273,-22.752741],[-47.697273,-22.752741]],[[-47.558597,-22.754999],[-47.558601,-22.754999]],[[-47.558597,-22.754999],[-47.558597,-22.754999]],[[-47.668028,-22.753202],[-47.66639,-22.751808]],[[-47.819264,-22.750594],[-47.820491,-22.751778],[-47.819264,-22.750594]],[[-47.705173,-22.752567],[-47.705173,-22.752567]],[[-47.747654,-22.751834],[-47.747654,-22.751834]],[[-48.005611,-22.747168],[-48.007502,-22.748912]],[[-47.521522,-22.755544],[-47.521522,-22.755544]],[[-47.521522,-22.755544],[-47.521522,-22.755544]],[[-47.502269,-22.755845],[-47.501183,-22.756369]],[[-47.72007,-22.752273],[-47.72007,-22.752273]],[[-47.724724,-22.752164],[-47.724724,-22.752164]],[[-47.521535,-22.755499],[-47.521535,-22.755499]],[[-47.521535,-22.755499],[-47.521538,-22.755489]],[[-47.521538,-22.755489],[-47.521535,-22.755499]],[[-47.521538,-22.755489],[-47.521658,-22.755424]],[[-47.508233,-22.755681],[-47.506812,-22.757257]],[[-47.521662,-22.755466],[-47.521538,-22.755489]],[[-47.558539,-22.754872],[-47.556387,-22.75369]],[[-47.753881,-22.751615],[-47.753581,-22.752157]],[[-47.558536,-22.754858],[-47.558251,-22.754638]],[[-47.743612,-22.751783],[-47.75016,-22.753866]],[[-47.746323,-22.751725],[-47.746323,-22.751725]],[[-47.521531,-22.755434],[-47.519092,-22.755328]],[[-47.720727,-22.752139],[-47.720909,-22.753931]],[[-47.612255,-22.753938],[-47.61013,-22.753643]],[[-47.612255,-22.753938],[-47.613717,-22.752472]],[[-47.743479,-22.751731],[-47.743479,-22.751731]],[[-47.748988,-22.751626],[-47.748988,-22.751626]],[[-47.554913,-22.754825],[-47.556355,-22.753685]],[[-47.705258,-22.752333],[-47.705376,-22.752611]],[[-48.01504,-22.746774],[-48.011425,-22.74516]],[[-47.711287,-22.752211],[-47.711781,-22.752136]],[[-47.69682,-22.752455],[-47.69682,-22.752455]],[[-47.825461,-22.750225],[-47.828874,-22.747224],[-47.831105,-22.746642]],[[-47.790924,-22.750823],[-47.791146,-22.749061],[-47.786976,-22.748546]],[[-47.519092,-22.755328],[-47.519092,-22.755329]],[[-47.519092,-22.755328],[-47.516227,-22.755065],[-47.51539,-22.75373]],[[-47.513987,-22.755405],[-47.513172,-22.756919],[-47.513257,-22.756007]],[[-47.885604,-22.749119],[-47.885583,-22.748408]],[[-47.994652,-22.747094],[-47.994481,-22.745434],[-47.992684,-22.744694],[-47.991901,-22.741627]],[[-47.976084,-22.747421],[-47.970853,-22.745251]],[[-47.732884,-22.75177],[-47.735082,-22.751325],[-47.7364,-22.752215]],[[-47.720576,-22.751977],[-47.720578,-22.751977]],[[-47.720576,-22.751977],[-47.720576,-22.751977]],[[-47.732865,-22.751758],[-47.730844,-22.750952]],[[-47.831118,-22.750033],[-47.831089,-22.749815]],[[-47.558251,-22.754638],[-47.558758,-22.753763]],[[-47.558251,-22.754638],[-47.553498,-22.75147]],[[-47.786741,-22.750795],[-47.786741,-22.750795]],[[-47.500228,-22.755466],[-47.500247,-22.756103]],[[-47.784427,-22.750754],[-47.784427,-22.750754]],[[-47.496514,-22.755513],[-47.495561,-22.75337]],[[-47.508731,-22.755311],[-47.508718,-22.755302]],[[-47.508718,-22.755302],[-47.508719,-22.755303]],[[-47.508718,-22.755302],[-47.508241,-22.755668],[-47.508718,-22.755302]],[[-47.784388,-22.750728],[-47.785132,-22.748258]],[[-47.605666,-22.753688],[-47.604912,-22.754721]],[[-47.605666,-22.753688],[-47.609302,-22.753543]],[[-47.509178,-22.755223],[-47.508901,-22.755173]],[[-47.690225,-22.752231],[-47.690225,-22.752231]],[[-47.628509,-22.753249],[-47.628525,-22.753243]],[[-47.508901,-22.755173],[-47.508901,-22.755173]],[[-47.702303,-22.752016],[-47.702303,-22.752016]],[[-47.962372,-22.747397],[-47.962372,-22.747397]],[[-47.747711,-22.751236],[-47.747711,-22.751236]],[[-47.628525,-22.753243],[-47.630965,-22.756693]],[[-47.609302,-22.753543],[-47.609942,-22.753559]],[[-47.961819,-22.747381],[-47.961819,-22.747381]],[[-47.746776,-22.751226],[-47.746776,-22.751226]],[[-47.76669,-22.750869],[-47.764824,-22.75331]],[[-47.76669,-22.750869],[-47.767574,-22.750378],[-47.76669,-22.750869]],[[-47.532556,-22.754745],[-47.532968,-22.754369]],[[-47.761153,-22.750952],[-47.762015,-22.753813]],[[-47.962687,-22.747322],[-47.963722,-22.745743]],[[-47.93832,-22.747771],[-47.938511,-22.749516]],[[-47.497966,-22.755269],[-47.497966,-22.755269]],[[-47.689462,-22.752137],[-47.690234,-22.75099]],[[-47.523128,-22.754822],[-47.523735,-22.756544]],[[-47.628419,-22.753122],[-47.628353,-22.753072]],[[-47.766681,-22.750758],[-47.765122,-22.750799]],[[-47.705365,-22.751795],[-47.705365,-22.751795]],[[-47.493324,-22.755248],[-47.496222,-22.75939]],[[-47.719651,-22.751534],[-47.719651,-22.751534]],[[-47.628351,-22.753052],[-47.6283,-22.752309]],[[-47.504831,-22.75503],[-47.504082,-22.754811]],[[-47.700789,-22.751825],[-47.700789,-22.751825]],[[-47.830941,-22.749539],[-47.830094,-22.748832],[-47.830724,-22.747892],[-47.830269,-22.748388]],[[-47.754153,-22.750867],[-47.754009,-22.751278]],[[-47.724803,-22.751325],[-47.724803,-22.751325]],[[-47.523094,-22.754622],[-47.521746,-22.755583]],[[-47.952432,-22.747258],[-47.952426,-22.747262]],[[-47.952432,-22.747258],[-47.952268,-22.747248]],[[-47.539277,-22.754312],[-47.541245,-22.755397]],[[-47.539277,-22.754312],[-47.539149,-22.754045]],[[-47.539276,-22.754312],[-47.539277,-22.754312]],[[-47.746328,-22.750863],[-47.746328,-22.750863]],[[-47.532968,-22.754369],[-47.532968,-22.754369]],[[-47.532968,-22.754369],[-47.533185,-22.753997]],[[-47.504082,-22.754811],[-47.504534,-22.755772]],[[-47.504082,-22.754811],[-47.50366,-22.753241]],[[-47.504081,-22.754806],[-47.504082,-22.754811]],[[-47.700201,-22.751581],[-47.700201,-22.751581]],[[-47.700112,-22.751577],[-47.700112,-22.751577]],[[-48.009781,-22.746037],[-48.011425,-22.74516]],[[-47.701086,-22.751556],[-47.701086,-22.751556]],[[-47.767587,-22.750373],[-47.769209,-22.748814]],[[-48.00977,-22.745986],[-48.009772,-22.745987]],[[-48.00977,-22.745986],[-48.009809,-22.745546]],[[-47.789071,-22.749988],[-47.789071,-22.749988]],[[-47.843151,-22.74902],[-47.843178,-22.747427]],[[-47.775324,-22.750212],[-47.777181,-22.750222]],[[-47.954986,-22.746978],[-47.953465,-22.746331]],[[-47.775293,-22.750204],[-47.775293,-22.750204]],[[-47.718574,-22.751172],[-47.718343,-22.751691]],[[-47.730847,-22.750942],[-47.728692,-22.747522]],[[-47.515325,-22.754481],[-47.514436,-22.755412],[-47.509331,-22.75519]],[[-47.885682,-22.748211],[-47.885682,-22.748211]],[[-47.523525,-22.754345],[-47.523111,-22.754771]],[[-47.687917,-22.751647],[-47.689435,-22.752143]],[[-47.687917,-22.751647],[-47.687917,-22.751647]],[[-47.687912,-22.751642],[-47.687917,-22.751647]],[[-47.88559,-22.748183],[-47.8856,-22.74679]],[[-47.713001,-22.751208],[-47.71272,-22.751145]],[[-47.498499,-22.7547],[-47.498988,-22.75397]],[[-47.715926,-22.751137],[-47.715926,-22.751137]],[[-47.794448,-22.749768],[-47.794448,-22.749768]],[[-47.70006,-22.751391],[-47.70006,-22.751391]],[[-47.516571,-22.754375],[-47.516571,-22.754375]],[[-47.700841,-22.751347],[-47.700841,-22.751347]],[[-47.842172,-22.748891],[-47.843178,-22.747427]],[[-47.556387,-22.75369],[-47.556385,-22.753687]],[[-47.556387,-22.75369],[-47.553505,-22.751601],[-47.551603,-22.746789]],[[-47.700192,-22.751316],[-47.700192,-22.751316]],[[-47.708709,-22.751172],[-47.709181,-22.752652]],[[-47.769544,-22.750113],[-47.769209,-22.748814]],[[-47.718673,-22.750963],[-47.718673,-22.750963]],[[-47.939324,-22.747042],[-47.939782,-22.748498],[-47.939083,-22.74937]],[[-47.754657,-22.750334],[-47.754273,-22.750726]],[[-47.752667,-22.750352],[-47.754124,-22.750927]],[[-47.666411,-22.751797],[-47.668041,-22.753191]],[[-47.666388,-22.751797],[-47.666115,-22.750603]],[[-47.666404,-22.751788],[-47.666786,-22.749816]],[[-47.774009,-22.749934],[-47.775082,-22.750328]],[[-47.713033,-22.750957],[-47.713033,-22.750957]],[[-48.00966,-22.745627],[-48.00977,-22.745986]],[[-47.713543,-22.750923],[-47.713164,-22.751036]],[[-47.497441,-22.754445],[-47.497452,-22.754167]],[[-47.628315,-22.752308],[-47.628432,-22.7531]],[[-48.009517,-22.745561],[-48.009517,-22.745561]],[[-47.822121,-22.748946],[-47.822322,-22.74809]],[[-47.79252,-22.749466],[-47.79252,-22.749466]],[[-47.613916,-22.752479],[-47.620395,-22.750725]],[[-47.737888,-22.750369],[-47.737888,-22.750369]],[[-47.716767,-22.750729],[-47.716767,-22.750729]],[[-47.737872,-22.750362],[-47.738618,-22.749173]],[[-47.709501,-22.750845],[-47.710657,-22.750051]],[[-47.74129,-22.750265],[-47.74129,-22.750265]],[[-47.792094,-22.749374],[-47.792094,-22.749374]],[[-47.661429,-22.751583],[-47.661471,-22.751397]],[[-47.603906,-22.752516],[-47.605666,-22.753688]],[[-47.713115,-22.75068],[-47.713115,-22.75068]],[[-47.497452,-22.754167],[-47.497452,-22.754169]],[[-47.497452,-22.754167],[-47.497452,-22.754167]],[[-47.518724,-22.753826],[-47.519092,-22.755328]],[[-47.791295,-22.749291],[-47.792113,-22.749337]],[[-47.994528,-22.745606],[-47.995311,-22.744836]],[[-47.754692,-22.749922],[-47.754737,-22.750161]],[[-47.516023,-22.753837],[-47.516023,-22.753837]],[[-47.813094,-22.74887],[-47.813094,-22.74887]],[[-47.953465,-22.746331],[-47.953463,-22.746336]],[[-47.953465,-22.746331],[-47.952432,-22.747258]],[[-47.794912,-22.749181],[-47.794912,-22.749181]],[[-47.719827,-22.750475],[-47.719509,-22.749429]],[[-47.690234,-22.750974],[-47.689572,-22.750309]],[[-47.628259,-22.75199],[-47.628155,-22.751095]],[[-47.970159,-22.745968],[-47.970204,-22.745983]],[[-47.970159,-22.745968],[-47.97303,-22.742314],[-47.973886,-22.735846]],[[-47.518731,-22.753714],[-47.518731,-22.753714]],[[-47.661471,-22.751397],[-47.659201,-22.751168]],[[-47.518738,-22.753705],[-47.518744,-22.753468]],[[-47.497354,-22.754038],[-47.497301,-22.753758]],[[-47.760598,-22.7497],[-47.759828,-22.75021],[-47.761192,-22.750934],[-47.760598,-22.7497]],[[-48.011425,-22.74516],[-48.011423,-22.745158]],[[-48.011425,-22.74516],[-48.012725,-22.7442],[-48.016554,-22.744595]],[[-47.533394,-22.753456],[-47.533553,-22.756494],[-47.535085,-22.756725],[-47.535324,-22.758751],[-47.538247,-22.761098],[-47.538531,-22.762538],[-47.539952,-22.76215]],[[-47.524457,-22.75357],[-47.524457,-22.753571]],[[-47.498988,-22.75397],[-47.498994,-22.753961]],[[-47.498988,-22.75397],[-47.498077,-22.753217],[-47.498988,-22.75397]],[[-47.603659,-22.752295],[-47.60351,-22.75196]],[[-47.716739,-22.750405],[-47.716739,-22.750405]],[[-47.534322,-22.753383],[-47.536794,-22.752988],[-47.537196,-22.753656]],[[-47.533885,-22.75337],[-47.534278,-22.75341]],[[-47.515385,-22.753659],[-47.51534,-22.752865],[-47.512506,-22.751962],[-47.512305,-22.750207]],[[-47.75186,-22.749757],[-47.752825,-22.750083],[-47.75186,-22.749757]],[[-47.795542,-22.748992],[-47.795542,-22.748992]],[[-47.533793,-22.75335],[-47.533793,-22.753339]],[[-47.533793,-22.75335],[-47.533395,-22.753456]],[[-47.795362,-22.748983],[-47.795362,-22.748983]],[[-47.499174,-22.753892],[-47.501183,-22.756369]],[[-47.533793,-22.753339],[-47.533793,-22.75335]],[[-47.533793,-22.753339],[-47.533793,-22.75335]],[[-47.710323,-22.750436],[-47.712722,-22.75114]],[[-47.716838,-22.750323],[-47.716897,-22.750076]],[[-47.658954,-22.751288],[-47.657035,-22.75135]],[[-47.724444,-22.750162],[-47.724332,-22.752633],[-47.723085,-22.754228]],[[-47.724447,-22.750152],[-47.724141,-22.748729]],[[-47.662975,-22.751155],[-47.661471,-22.751397]],[[-47.662975,-22.751155],[-47.663375,-22.751032]],[[-47.984212,-22.74547],[-47.98866,-22.746057],[-47.990452,-22.744859]],[[-48.009649,-22.744992],[-48.010778,-22.741686]],[[-47.521244,-22.753451],[-47.522133,-22.755325]],[[-47.515977,-22.753507],[-47.515977,-22.753507]],[[-47.537999,-22.753158],[-47.539729,-22.754396],[-47.541565,-22.753425]],[[-47.538078,-22.753147],[-47.53861,-22.752565]],[[-47.697418,-22.750481],[-47.697418,-22.750481]],[[-47.696199,-22.750501],[-47.697177,-22.750216],[-47.697337,-22.747745]],[[-47.663381,-22.751051],[-47.662975,-22.751155]],[[-47.963722,-22.745743],[-47.961956,-22.743559]],[[-47.742925,-22.749688],[-47.743245,-22.748746]],[[-47.524706,-22.75326],[-47.523727,-22.754114]],[[-47.524602,-22.75324],[-47.524602,-22.75324]],[[-47.524602,-22.75324],[-47.522493,-22.752106]],[[-47.874966,-22.747305],[-47.874966,-22.747305]],[[-47.627036,-22.751563],[-47.627021,-22.751543]],[[-47.497171,-22.753616],[-47.497127,-22.753551]],[[-47.505768,-22.75348],[-47.504545,-22.751752],[-47.502624,-22.75111]],[[-47.536812,-22.752987],[-47.537931,-22.753161]],[[-47.53681,-22.75298],[-47.538262,-22.751977]],[[-47.627003,-22.751519],[-47.626328,-22.751091]],[[-47.710855,-22.750114],[-47.711685,-22.749778]],[[-47.817302,-22.748269],[-47.817777,-22.748648]],[[-47.497268,-22.753583],[-47.497268,-22.753583]],[[-47.696157,-22.750334],[-47.696157,-22.750334]],[[-47.83086,-22.747996],[-47.830861,-22.747993]],[[-47.83086,-22.747996],[-47.831016,-22.746112]],[[-47.716012,-22.749979],[-47.717,-22.749988]],[[-47.744087,-22.749479],[-47.743245,-22.748746]],[[-47.709488,-22.750065],[-47.709488,-22.750065]],[[-47.531386,-22.752987],[-47.531386,-22.752987]],[[-47.795249,-22.748578],[-47.795249,-22.748578]],[[-47.715921,-22.749926],[-47.715921,-22.749926]],[[-47.830742,-22.747921],[-47.83086,-22.747996]],[[-47.66508,-22.750765],[-47.663652,-22.750985]],[[-47.665095,-22.750761],[-47.665968,-22.75057]],[[-47.75545,-22.749227],[-47.754757,-22.749822]],[[-47.665072,-22.750754],[-47.663649,-22.750977]],[[-47.665086,-22.750749],[-47.665965,-22.750551]],[[-47.715316,-22.7499],[-47.715319,-22.749905]],[[-47.817174,-22.748106],[-47.817174,-22.748106]],[[-47.718692,-22.749792],[-47.718692,-22.749792]],[[-47.515564,-22.753107],[-47.515564,-22.753107]],[[-47.55145,-22.752536],[-47.551903,-22.750569],[-47.55102,-22.749936]],[[-47.497102,-22.753387],[-47.497102,-22.753387]],[[-47.817209,-22.748031],[-47.816953,-22.746913]],[[-47.990452,-22.744859],[-47.990471,-22.744859]],[[-47.990452,-22.744859],[-47.992084,-22.741384],[-47.992366,-22.735172]],[[-47.940647,-22.745776],[-47.943601,-22.74749]],[[-47.493481,-22.753387],[-47.493481,-22.753387]],[[-47.493481,-22.753387],[-47.495008,-22.753593],[-47.497019,-22.75241]],[[-47.493478,-22.753386],[-47.493481,-22.753387]],[[-47.770597,-22.748805],[-47.771297,-22.749186]],[[-47.939539,-22.745771],[-47.939539,-22.745771]],[[-47.75568,-22.74905],[-47.75568,-22.74905]],[[-47.75568,-22.74905],[-47.755685,-22.749048]],[[-47.503662,-22.7532],[-47.503632,-22.751719]],[[-47.769209,-22.748814],[-47.76921,-22.748813]],[[-47.769209,-22.748814],[-47.774198,-22.746379]],[[-47.711685,-22.749778],[-47.712966,-22.749527]],[[-47.711685,-22.749778],[-47.713116,-22.748509]],[[-47.780939,-22.748569],[-47.781833,-22.7498]],[[-47.532271,-22.752671],[-47.532271,-22.752671]],[[-47.843178,-22.747427],[-47.843178,-22.747425]],[[-47.843178,-22.747427],[-47.842788,-22.743851]],[[-47.628175,-22.751093],[-47.628271,-22.751989]],[[-47.954173,-22.745386],[-47.953465,-22.746331]],[[-47.626328,-22.751091],[-47.625443,-22.752338],[-47.626262,-22.752785],[-47.623968,-22.753754],[-47.624294,-22.754754]],[[-47.770578,-22.748643],[-47.770578,-22.748643]],[[-47.770638,-22.748642],[-47.770718,-22.747797]],[[-47.822175,-22.747711],[-47.822626,-22.743269]],[[-47.780523,-22.748438],[-47.779087,-22.747115]],[[-47.496947,-22.753113],[-47.496931,-22.753045]],[[-47.786811,-22.748301],[-47.786811,-22.748301]],[[-47.73867,-22.74913],[-47.740377,-22.74803]],[[-47.715222,-22.749512],[-47.715564,-22.750087]],[[-47.786895,-22.748273],[-47.786865,-22.748156]],[[-47.713151,-22.749538],[-47.713595,-22.749549]],[[-47.493069,-22.753116],[-47.492675,-22.752926]],[[-47.815166,-22.747741],[-47.811243,-22.750705]],[[-47.785132,-22.748258],[-47.785134,-22.748257]],[[-47.785132,-22.748258],[-47.785132,-22.748258]],[[-47.961577,-22.745068],[-47.9626,-22.744489]],[[-47.682447,-22.749968],[-47.682658,-22.749498]],[[-47.885217,-22.746422],[-47.884063,-22.742837]],[[-47.496789,-22.752968],[-47.496789,-22.752968]],[[-47.780659,-22.74827],[-47.780659,-22.74827]],[[-47.496773,-22.752931],[-47.496693,-22.752704]],[[-47.719578,-22.749289],[-47.720576,-22.751977]],[[-47.628093,-22.750816],[-47.627994,-22.749965]],[[-47.628109,-22.750815],[-47.628016,-22.749963]],[[-47.786791,-22.748094],[-47.786791,-22.748078]],[[-47.786791,-22.748078],[-47.786795,-22.748078]],[[-47.786791,-22.748078],[-47.786791,-22.748078]],[[-47.492675,-22.752926],[-47.492675,-22.752926]],[[-47.715068,-22.749266],[-47.715068,-22.749266]],[[-47.719148,-22.749188],[-47.718759,-22.750941]],[[-47.719151,-22.749182],[-47.719154,-22.749086]],[[-47.491999,-22.752877],[-47.49336,-22.755203]],[[-47.786697,-22.747994],[-47.784967,-22.74649]],[[-47.743245,-22.748746],[-47.743239,-22.748745]],[[-47.743245,-22.748746],[-47.743128,-22.746354],[-47.741665,-22.745218]],[[-47.492127,-22.752854],[-47.490278,-22.752401]],[[-47.626287,-22.7507],[-47.626342,-22.750713]],[[-47.549875,-22.751931],[-47.549534,-22.752508]],[[-47.549875,-22.751931],[-47.549875,-22.751931]],[[-47.498329,-22.752737],[-47.49833,-22.752738]],[[-47.498329,-22.752737],[-47.497008,-22.752638],[-47.498329,-22.752737]],[[-47.723787,-22.749036],[-47.724141,-22.748729]],[[-47.785925,-22.747959],[-47.785925,-22.747959]],[[-47.620408,-22.750738],[-47.61393,-22.75249]],[[-47.719154,-22.749086],[-47.719634,-22.749019]],[[-47.719086,-22.749086],[-47.719154,-22.749086]],[[-47.620458,-22.750733],[-47.620862,-22.750668]],[[-47.719076,-22.749082],[-47.71615,-22.751185]],[[-47.620974,-22.75072],[-47.621223,-22.750668]],[[-47.71365,-22.749162],[-47.71365,-22.749162]],[[-47.620451,-22.750717],[-47.620888,-22.750643]],[[-47.975439,-22.744488],[-47.974032,-22.743369]],[[-47.707091,-22.749253],[-47.708537,-22.750888]],[[-47.709598,-22.749199],[-47.709598,-22.749199]],[[-47.621021,-22.750673],[-47.621181,-22.750626]],[[-47.707074,-22.749236],[-47.707074,-22.749236]],[[-47.719634,-22.749019],[-47.719579,-22.749283]],[[-47.829354,-22.747013],[-47.82816,-22.746134]],[[-47.621278,-22.750552],[-47.621696,-22.750281]],[[-47.666742,-22.749784],[-47.666118,-22.750595]],[[-47.745408,-22.748433],[-47.743139,-22.746394]],[[-47.666894,-22.74973],[-47.670079,-22.747289],[-47.669077,-22.745356]],[[-47.82607,-22.746978],[-47.827536,-22.746414]],[[-47.729126,-22.748657],[-47.72767,-22.751247],[-47.727677,-22.754256]],[[-47.849358,-22.746549],[-47.849999,-22.750139]],[[-47.724141,-22.748729],[-47.72285,-22.746527]],[[-47.606559,-22.750689],[-47.609302,-22.753543]],[[-47.666826,-22.749683],[-47.669977,-22.747369],[-47.669032,-22.745379]],[[-47.767259,-22.747968],[-47.768909,-22.748837]],[[-47.820296,-22.74703],[-47.820677,-22.747011]],[[-47.553494,-22.75147],[-47.553498,-22.75147]],[[-47.553498,-22.75147],[-47.553266,-22.750884]],[[-47.553498,-22.75147],[-47.556566,-22.750601]],[[-47.719946,-22.748692],[-47.719634,-22.749019]],[[-47.621695,-22.750317],[-47.621307,-22.750583]],[[-47.62184,-22.75031],[-47.623651,-22.749953],[-47.624332,-22.748582],[-47.62373,-22.748085],[-47.626515,-22.747548],[-47.626924,-22.746673]],[[-47.941827,-22.744729],[-47.944959,-22.745754]],[[-47.820856,-22.746873],[-47.822135,-22.746481]],[[-47.816953,-22.746913],[-47.816954,-22.746911]],[[-47.816953,-22.746913],[-47.817176,-22.746255]],[[-47.51251,-22.751967],[-47.510921,-22.752058]],[[-47.972061,-22.74406],[-47.974032,-22.743369]],[[-47.763637,-22.747797],[-47.76397,-22.749265]],[[-47.900337,-22.745358],[-47.899533,-22.743964]],[[-47.706693,-22.748674],[-47.706693,-22.748674]],[[-47.719286,-22.748454],[-47.719286,-22.748454]],[[-47.816728,-22.746759],[-47.815164,-22.747736],[-47.816329,-22.747237]],[[-47.70118,-22.748744],[-47.702495,-22.747305]],[[-47.510877,-22.751844],[-47.510877,-22.751844]],[[-47.729212,-22.748242],[-47.733022,-22.748033]],[[-47.510569,-22.751811],[-47.50917,-22.750235]],[[-47.499805,-22.751967],[-47.498329,-22.752737]],[[-47.722987,-22.748304],[-47.722987,-22.748304]],[[-47.951349,-22.74423],[-47.952582,-22.74482]],[[-47.75893,-22.747655],[-47.75893,-22.747655]],[[-47.927565,-22.744642],[-47.926957,-22.743183],[-47.931201,-22.736964],[-47.934114,-22.730288],[-47.933983,-22.725911]],[[-47.723284,-22.748249],[-47.723284,-22.748249]],[[-47.719336,-22.748291],[-47.719946,-22.748692]],[[-47.845247,-22.746057],[-47.842919,-22.745878]],[[-47.729061,-22.748072],[-47.728692,-22.747522]],[[-47.943822,-22.744247],[-47.946278,-22.743811]],[[-47.769418,-22.747356],[-47.770871,-22.747729]],[[-47.94736,-22.744161],[-47.949664,-22.746521],[-47.950401,-22.749385]],[[-47.94736,-22.744161],[-47.94726,-22.743986]],[[-47.947358,-22.74416],[-47.94736,-22.744161]],[[-47.720044,-22.748192],[-47.719946,-22.748692]],[[-47.720046,-22.748188],[-47.720171,-22.747974]],[[-47.779087,-22.747115],[-47.778858,-22.748769],[-47.777294,-22.749863],[-47.777975,-22.751836],[-47.776644,-22.755861],[-47.777264,-22.756613],[-47.776031,-22.75758]],[[-47.779087,-22.747115],[-47.779085,-22.747114]],[[-47.816882,-22.746451],[-47.816882,-22.746451]],[[-47.704342,-22.748391],[-47.700869,-22.750092]],[[-47.723,-22.748072],[-47.723,-22.748072]],[[-47.526922,-22.751294],[-47.526237,-22.75274],[-47.524602,-22.75324]],[[-48.005907,-22.74299],[-48.009537,-22.745438]],[[-47.826327,-22.746242],[-47.82816,-22.746134]],[[-47.704422,-22.748339],[-47.704421,-22.748344]],[[-47.704422,-22.748339],[-47.704422,-22.748339]],[[-47.628022,-22.749603],[-47.626292,-22.747644],[-47.624657,-22.748138],[-47.623995,-22.74993],[-47.626328,-22.751091]],[[-47.747394,-22.747576],[-47.751647,-22.749816]],[[-47.747394,-22.747576],[-47.747394,-22.747576]],[[-47.747391,-22.747575],[-47.747394,-22.747576]],[[-47.831016,-22.746112],[-47.83086,-22.747996]],[[-47.831016,-22.746112],[-47.830966,-22.746016]],[[-47.62804,-22.749571],[-47.626323,-22.748074],[-47.627002,-22.746675]],[[-47.705078,-22.748282],[-47.705324,-22.748183]],[[-47.94726,-22.743986],[-47.94736,-22.744161]],[[-47.94726,-22.743985],[-47.94726,-22.743986]],[[-47.763492,-22.747272],[-47.763578,-22.747753]],[[-47.82816,-22.746134],[-47.828172,-22.746132]],[[-47.82816,-22.746134],[-47.827739,-22.745662]],[[-47.768847,-22.747138],[-47.769418,-22.747365],[-47.768847,-22.747138]],[[-47.963143,-22.743644],[-47.963309,-22.745152]],[[-47.720174,-22.747966],[-47.720257,-22.747822]],[[-47.704978,-22.748218],[-47.704978,-22.748218]],[[-47.950722,-22.743837],[-47.952626,-22.743374]],[[-47.721405,-22.747897],[-47.721405,-22.747897]],[[-47.974032,-22.743369],[-47.974031,-22.743368]],[[-47.974032,-22.743369],[-47.975234,-22.743099]],[[-47.704582,-22.748146],[-47.704422,-22.748339]],[[-47.96981,-22.743422],[-47.971843,-22.744726]],[[-47.757091,-22.747228],[-47.760626,-22.749682]],[[-47.978286,-22.743212],[-47.977936,-22.742736]],[[-47.720262,-22.747812],[-47.722274,-22.745824]],[[-47.726806,-22.747679],[-47.726806,-22.747679]],[[-47.555575,-22.750503],[-47.556235,-22.749946]],[[-47.947332,-22.743745],[-47.948936,-22.744728],[-47.951859,-22.742596]],[[-47.721134,-22.747754],[-47.721077,-22.747724]],[[-47.799775,-22.74638],[-47.799775,-22.74638]],[[-47.509394,-22.751187],[-47.508669,-22.750982]],[[-47.796568,-22.74638],[-47.796709,-22.747862]],[[-47.925969,-22.744051],[-47.926782,-22.743704]],[[-47.728692,-22.747522],[-47.72869,-22.747521]],[[-47.728692,-22.747522],[-47.727668,-22.745504]],[[-47.708899,-22.747852],[-47.708899,-22.747852]],[[-47.708947,-22.747848],[-47.70951,-22.749176]],[[-47.720931,-22.747643],[-47.720771,-22.747047]],[[-47.718379,-22.747682],[-47.717786,-22.747504]],[[-47.718745,-22.747663],[-47.719325,-22.748292]],[[-47.718719,-22.747656],[-47.718719,-22.747656]],[[-47.784882,-22.746455],[-47.784947,-22.747835]],[[-47.935859,-22.74374],[-47.935859,-22.74374]],[[-47.708357,-22.747756],[-47.708357,-22.747756]],[[-47.708633,-22.74775],[-47.70881,-22.747855]],[[-47.830632,-22.745593],[-47.83063,-22.745528]],[[-47.711947,-22.747635],[-47.70989,-22.748561],[-47.709181,-22.752652]],[[-47.763287,-22.746744],[-47.763287,-22.746744]],[[-47.763341,-22.746725],[-47.759917,-22.743908],[-47.757675,-22.744781]],[[-47.773836,-22.74653],[-47.773353,-22.747052]],[[-47.792857,-22.746198],[-47.792862,-22.745706]],[[-47.794675,-22.746121],[-47.794675,-22.746121]],[[-47.841133,-22.745259],[-47.842674,-22.744176]],[[-47.792683,-22.746097],[-47.792683,-22.746097]],[[-47.952919,-22.743178],[-47.952919,-22.743178]],[[-47.977784,-22.742713],[-47.977784,-22.742713]],[[-47.7742,-22.74638],[-47.774198,-22.746379]],[[-47.774198,-22.746379],[-47.77808,-22.745818]],[[-47.774198,-22.746379],[-47.773447,-22.745091]],[[-47.508665,-22.750771],[-47.508665,-22.750771]],[[-47.500954,-22.75089],[-47.499881,-22.751913]],[[-47.935652,-22.743461],[-47.935652,-22.743461]],[[-47.698534,-22.747643],[-47.697522,-22.746805],[-47.697219,-22.747754],[-47.696125,-22.745642],[-47.695151,-22.745959],[-47.694302,-22.744895]],[[-47.93569,-22.743439],[-47.937322,-22.742149],[-47.937322,-22.73936],[-47.939863,-22.735878]],[[-47.698604,-22.747622],[-47.700851,-22.750055],[-47.700553,-22.751073],[-47.701521,-22.751162],[-47.701262,-22.753444],[-47.704009,-22.754782],[-47.70288,-22.755717],[-47.703512,-22.756272]],[[-47.830796,-22.745304],[-47.831733,-22.744671]],[[-47.502565,-22.750783],[-47.502055,-22.751309],[-47.502565,-22.750783]],[[-47.536073,-22.750253],[-47.536073,-22.750253]],[[-47.593392,-22.749332],[-47.595078,-22.749112]],[[-47.593392,-22.749332],[-47.592932,-22.748841]],[[-47.503061,-22.750738],[-47.504526,-22.749034]],[[-47.624216,-22.748787],[-47.624216,-22.748787]],[[-47.727636,-22.747042],[-47.727636,-22.747042]],[[-47.755188,-22.746568],[-47.757045,-22.746921]],[[-47.501533,-22.750729],[-47.501533,-22.750729]],[[-47.79022,-22.745933],[-47.789834,-22.74539]],[[-47.526961,-22.750281],[-47.526362,-22.756351],[-47.525282,-22.757515]],[[-47.97779,-22.742505],[-47.975285,-22.738889],[-47.973608,-22.738581]],[[-47.740135,-22.74675],[-47.740603,-22.752194]],[[-47.752032,-22.746541],[-47.754785,-22.746541]],[[-47.899545,-22.743915],[-47.899534,-22.741936],[-47.897567,-22.738755],[-47.893527,-22.737087],[-47.892186,-22.735548],[-47.886528,-22.734153]],[[-47.755047,-22.746461],[-47.755047,-22.746461]],[[-47.5951,-22.749128],[-47.593392,-22.749332]],[[-47.94996,-22.74295],[-47.948407,-22.741901],[-47.946899,-22.742201]],[[-47.947028,-22.743],[-47.947097,-22.743599]],[[-47.946972,-22.743],[-47.945434,-22.745495],[-47.943905,-22.746069],[-47.94309,-22.748603]],[[-47.767577,-22.746164],[-47.768835,-22.747096]],[[-47.790472,-22.745764],[-47.790472,-22.745764]],[[-47.96665,-22.742564],[-47.966533,-22.745155],[-47.970159,-22.745968]],[[-47.551048,-22.749735],[-47.549875,-22.751931]],[[-47.816569,-22.745251],[-47.816953,-22.746913]],[[-47.595314,-22.748998],[-47.59577,-22.748103]],[[-48.010766,-22.741695],[-48.010778,-22.741686]],[[-48.010778,-22.741686],[-48.01454,-22.739896]],[[-48.010778,-22.741686],[-48.010731,-22.739806]],[[-48.015428,-22.741584],[-48.011775,-22.740979]],[[-47.801054,-22.745457],[-47.801056,-22.745457]],[[-47.77808,-22.745818],[-47.77808,-22.745816]],[[-47.77808,-22.745818],[-47.780029,-22.742737],[-47.779308,-22.741557],[-47.776709,-22.741062],[-47.776995,-22.736213],[-47.775286,-22.733622],[-47.776234,-22.731855],[-47.773615,-22.729624]],[[-47.814508,-22.745173],[-47.816484,-22.742995]],[[-47.745487,-22.74637],[-47.746177,-22.746501]],[[-47.745487,-22.74637],[-47.745487,-22.74637]],[[-47.745486,-22.74637],[-47.745487,-22.74637]],[[-47.801019,-22.745391],[-47.799908,-22.743915]],[[-47.581674,-22.74907],[-47.581692,-22.749051]],[[-47.581692,-22.749051],[-47.581703,-22.749021]],[[-47.581692,-22.749051],[-47.581703,-22.749021]],[[-47.731224,-22.746558],[-47.731224,-22.746558]],[[-47.581703,-22.749021],[-47.581716,-22.748991]],[[-47.581703,-22.749021],[-47.581165,-22.749458],[-47.581692,-22.749051]],[[-47.624592,-22.748292],[-47.623739,-22.748108],[-47.624592,-22.748292]],[[-47.701385,-22.747009],[-47.70115,-22.748772],[-47.699738,-22.748867]],[[-47.745332,-22.746255],[-47.743557,-22.746328]],[[-47.581728,-22.748968],[-47.581818,-22.747458]],[[-47.710401,-22.746834],[-47.709871,-22.747302]],[[-47.779605,-22.745605],[-47.779605,-22.745605]],[[-47.830789,-22.744702],[-47.830789,-22.744702]],[[-47.721393,-22.746596],[-47.719157,-22.745354]],[[-47.789733,-22.745363],[-47.789733,-22.745363]],[[-47.80333,-22.745125],[-47.80333,-22.745125]],[[-47.793031,-22.7453],[-47.793031,-22.7453]],[[-47.728412,-22.746382],[-47.728412,-22.746382]],[[-47.722788,-22.746446],[-47.722274,-22.745824]],[[-47.792793,-22.745234],[-47.792989,-22.7452]],[[-47.740552,-22.746139],[-47.740115,-22.746692]],[[-47.740552,-22.746139],[-47.738358,-22.746765],[-47.735846,-22.746063]],[[-47.740567,-22.746136],[-47.740552,-22.746139]],[[-47.977771,-22.741865],[-47.977771,-22.741865]],[[-47.526975,-22.749631],[-47.526976,-22.749635]],[[-47.526975,-22.749631],[-47.526975,-22.749631]],[[-47.831906,-22.744494],[-47.832195,-22.743336]],[[-47.78963,-22.745214],[-47.789733,-22.745363]],[[-47.824694,-22.744565],[-47.822585,-22.742663]],[[-47.793045,-22.745102],[-47.793191,-22.74477]],[[-47.748796,-22.74587],[-47.749108,-22.745759]],[[-47.581199,-22.748666],[-47.581293,-22.748427]],[[-47.789492,-22.745107],[-47.789439,-22.745066]],[[-47.51925,-22.749582],[-47.519123,-22.751297]],[[-47.719827,-22.746288],[-47.719827,-22.746288]],[[-47.910894,-22.7429],[-47.914909,-22.738013],[-47.916786,-22.734079]],[[-47.527225,-22.749424],[-47.526975,-22.749631]],[[-47.709263,-22.746434],[-47.709569,-22.748795]],[[-47.789564,-22.745029],[-47.789564,-22.745029]],[[-47.973081,-22.741704],[-47.970754,-22.741186]],[[-47.792908,-22.74494],[-47.792908,-22.74494]],[[-47.748904,-22.74566],[-47.752497,-22.743143]],[[-47.789393,-22.744949],[-47.789393,-22.744949]],[[-47.748606,-22.745606],[-47.748606,-22.745606]],[[-47.960833,-22.741783],[-47.960833,-22.741783]],[[-47.946741,-22.742042],[-47.946926,-22.742425]],[[-47.790353,-22.744851],[-47.790353,-22.744851]],[[-47.713814,-22.746163],[-47.71497,-22.74468]],[[-47.784711,-22.744922],[-47.784948,-22.746488]],[[-47.749123,-22.745533],[-47.749123,-22.745533]],[[-47.595756,-22.748099],[-47.595311,-22.748989]],[[-47.985656,-22.741282],[-47.985718,-22.739391]],[[-47.915059,-22.742581],[-47.913518,-22.739574]],[[-47.970953,-22.741542],[-47.970953,-22.741542]],[[-47.915236,-22.742555],[-47.915236,-22.742555]],[[-47.789279,-22.744799],[-47.789418,-22.744935]],[[-47.842788,-22.743851],[-47.845012,-22.744289]],[[-47.842788,-22.743851],[-47.842514,-22.740554],[-47.841172,-22.73881],[-47.837859,-22.737562],[-47.83667,-22.736071],[-47.834417,-22.736215]],[[-47.842786,-22.743846],[-47.842788,-22.743851]],[[-47.595755,-22.74804],[-47.59659,-22.745322],[-47.598423,-22.745489]],[[-47.793334,-22.744665],[-47.793335,-22.744664]],[[-47.793335,-22.744664],[-47.793335,-22.744664]],[[-47.793335,-22.744664],[-47.793327,-22.744321]],[[-47.948039,-22.741826],[-47.951397,-22.740152]],[[-47.722274,-22.745824],[-47.722313,-22.745787]],[[-47.770985,-22.744983],[-47.772177,-22.74692]],[[-47.860202,-22.743401],[-47.860211,-22.743403]],[[-47.860202,-22.743401],[-47.864355,-22.738727],[-47.865578,-22.737784],[-47.866813,-22.738137],[-47.866917,-22.736786],[-47.86899,-22.736065]],[[-47.551737,-22.748584],[-47.548528,-22.751842]],[[-47.784009,-22.744673],[-47.787327,-22.743692],[-47.78896,-22.744427]],[[-47.884063,-22.742837],[-47.884072,-22.742833]],[[-47.884063,-22.742837],[-47.886524,-22.734147]],[[-47.684896,-22.746296],[-47.682857,-22.749378]],[[-47.773203,-22.74478],[-47.77257,-22.743858]],[[-47.773205,-22.744773],[-47.773205,-22.744773]],[[-47.517301,-22.74901],[-47.517191,-22.749851]],[[-47.532865,-22.748756],[-47.532865,-22.748756]],[[-47.71959,-22.745648],[-47.71959,-22.745648]],[[-47.727668,-22.745504],[-47.727666,-22.745504]],[[-47.727668,-22.745504],[-47.727316,-22.744815],[-47.727668,-22.745504]],[[-47.793327,-22.744321],[-47.793326,-22.744321]],[[-47.793327,-22.744321],[-47.793327,-22.744321]],[[-47.789165,-22.744388],[-47.789165,-22.744388]],[[-47.682335,-22.746205],[-47.681257,-22.746277]],[[-47.682335,-22.746205],[-47.68458,-22.745982]],[[-47.704823,-22.745821],[-47.704695,-22.744948]],[[-47.716039,-22.745627],[-47.715096,-22.744709]],[[-47.68952,-22.746061],[-47.69369,-22.744961]],[[-47.707652,-22.74575],[-47.707652,-22.74575]],[[-47.757518,-22.744888],[-47.75708,-22.747577],[-47.75568,-22.74905]],[[-47.803973,-22.744065],[-47.803019,-22.743542]],[[-47.793373,-22.744234],[-47.790403,-22.74129]],[[-47.71353,-22.745584],[-47.714948,-22.745228]],[[-47.514461,-22.74881],[-47.514461,-22.74881]],[[-47.518806,-22.748738],[-47.519246,-22.749534]],[[-47.68529,-22.74599],[-47.685217,-22.74598]],[[-47.68529,-22.74599],[-47.686145,-22.744391]],[[-47.684582,-22.745991],[-47.682335,-22.746205]],[[-47.685217,-22.74598],[-47.684982,-22.746191]],[[-47.685217,-22.74598],[-47.684773,-22.745984]],[[-47.51469,-22.748742],[-47.518581,-22.748888],[-47.520371,-22.747323],[-47.519951,-22.746227],[-47.51676,-22.745906]],[[-47.941394,-22.741428],[-47.942708,-22.739217]],[[-47.719157,-22.745354],[-47.719154,-22.74535]],[[-47.719157,-22.745354],[-47.719157,-22.745354]],[[-47.938851,-22.741457],[-47.938851,-22.741457]],[[-47.946451,-22.741279],[-47.946729,-22.74205],[-47.946451,-22.741279]],[[-47.946451,-22.741279],[-47.946446,-22.741276]],[[-47.946446,-22.741276],[-47.946445,-22.741275]],[[-47.946446,-22.741276],[-47.946259,-22.74079]],[[-47.946449,-22.741274],[-47.946451,-22.741279]],[[-47.719057,-22.745279],[-47.718816,-22.745245]],[[-47.722391,-22.745213],[-47.722391,-22.745213]],[[-47.9988,-22.740237],[-47.998957,-22.74012]],[[-47.9988,-22.740237],[-47.9988,-22.740237]],[[-47.998798,-22.740236],[-47.9988,-22.740237]],[[-47.718816,-22.745245],[-47.718361,-22.745456]],[[-47.718816,-22.745245],[-47.71855,-22.745116]],[[-47.527535,-22.748385],[-47.527226,-22.74941]],[[-47.527535,-22.748385],[-47.52616,-22.749188],[-47.523921,-22.74855]],[[-47.527535,-22.748385],[-47.529873,-22.746575]],[[-47.980477,-22.740555],[-47.980477,-22.740555]],[[-47.703145,-22.745448],[-47.702355,-22.744174]],[[-47.796437,-22.743814],[-47.796463,-22.746322]],[[-47.522301,-22.748379],[-47.522385,-22.748396]],[[-47.998614,-22.740131],[-47.998406,-22.740567]],[[-47.751519,-22.744578],[-47.751613,-22.743827]],[[-47.998957,-22.74012],[-47.998957,-22.740117]],[[-47.998957,-22.74012],[-47.999012,-22.740038]],[[-47.783462,-22.743995],[-47.787479,-22.743568],[-47.787856,-22.741919],[-47.790403,-22.74129]],[[-47.523611,-22.748306],[-47.523927,-22.748552]],[[-47.822626,-22.743271],[-47.822626,-22.743269]],[[-47.822626,-22.743269],[-47.822812,-22.743534]],[[-47.822626,-22.743269],[-47.822693,-22.742877]],[[-47.796323,-22.743732],[-47.796224,-22.743702]],[[-47.796323,-22.743732],[-47.798272,-22.744323],[-47.800436,-22.743507]],[[-47.796322,-22.743732],[-47.796323,-22.743732]],[[-47.981861,-22.740359],[-47.982964,-22.739415]],[[-47.999012,-22.740038],[-47.998957,-22.74012]],[[-47.746479,-22.744576],[-47.745148,-22.739395]],[[-47.839346,-22.742932],[-47.841722,-22.73973]],[[-47.627669,-22.74655],[-47.626964,-22.746405]],[[-47.626899,-22.746521],[-47.626682,-22.744899],[-47.628683,-22.743845],[-47.630317,-22.741478]],[[-47.727333,-22.744803],[-47.727145,-22.744545]],[[-47.675508,-22.745667],[-47.674584,-22.745318]],[[-47.831958,-22.742938],[-47.831958,-22.742938]],[[-47.800668,-22.743467],[-47.803975,-22.743372]],[[-47.626964,-22.746405],[-47.626959,-22.746522]],[[-47.832263,-22.742882],[-47.832635,-22.742759]],[[-47.946261,-22.740812],[-47.946446,-22.741276]],[[-47.803975,-22.743372],[-47.803976,-22.743369]],[[-47.803975,-22.743372],[-47.803975,-22.743372]],[[-47.734904,-22.74457],[-47.733428,-22.742845],[-47.732221,-22.737319]],[[-47.514741,-22.748184],[-47.515728,-22.748539]],[[-47.515679,-22.748134],[-47.516452,-22.748868]],[[-47.824846,-22.742933],[-47.822519,-22.742578]],[[-47.69479,-22.74518],[-47.69519,-22.745162]],[[-47.533049,-22.747823],[-47.532793,-22.752389],[-47.533793,-22.753339]],[[-47.514664,-22.748112],[-47.514664,-22.748112]],[[-47.69519,-22.745162],[-47.695199,-22.745161]],[[-47.69519,-22.745162],[-47.695199,-22.745161]],[[-47.695199,-22.745161],[-47.695213,-22.745153]],[[-47.695199,-22.745161],[-47.695213,-22.745153]],[[-47.695213,-22.745153],[-47.695142,-22.7451]],[[-47.695213,-22.745153],[-47.695142,-22.7451]],[[-47.533039,-22.747806],[-47.531035,-22.746976],[-47.531684,-22.745917],[-47.531058,-22.74361]],[[-47.499863,-22.748307],[-47.499454,-22.746989]],[[-47.722499,-22.74465],[-47.722369,-22.745646]],[[-47.704695,-22.744948],[-47.705741,-22.745392]],[[-47.704695,-22.744948],[-47.704696,-22.744947]],[[-47.704695,-22.744948],[-47.697579,-22.743322]],[[-47.695142,-22.7451],[-47.69519,-22.745162]],[[-47.695142,-22.7451],[-47.694797,-22.745162]],[[-47.553302,-22.747423],[-47.551603,-22.746789]],[[-47.816484,-22.742995],[-47.816561,-22.745205]],[[-47.816484,-22.742995],[-47.816487,-22.742995]],[[-48.006645,-22.73952],[-48.008602,-22.73976]],[[-47.768021,-22.743831],[-47.768491,-22.743173]],[[-47.940281,-22.740731],[-47.940281,-22.740731]],[[-47.715096,-22.744709],[-47.715096,-22.744709]],[[-47.946232,-22.740584],[-47.946265,-22.740745]],[[-47.704844,-22.744842],[-47.704749,-22.744993]],[[-47.727215,-22.744458],[-47.726678,-22.744115]],[[-47.832775,-22.74261],[-47.832498,-22.741752],[-47.83275,-22.742524]],[[-47.69522,-22.744964],[-47.69522,-22.744964]],[[-47.541014,-22.747468],[-47.541014,-22.747468]],[[-47.799304,-22.743147],[-47.799508,-22.743949]],[[-47.714949,-22.74456],[-47.715198,-22.743744]],[[-47.694302,-22.744895],[-47.694283,-22.74489]],[[-47.694302,-22.744895],[-47.693094,-22.744744],[-47.693089,-22.743452]],[[-47.75479,-22.743852],[-47.755048,-22.742736]],[[-47.668972,-22.745293],[-47.668227,-22.744623]],[[-47.510899,-22.747847],[-47.512656,-22.746122]],[[-47.694308,-22.744851],[-47.695156,-22.745873],[-47.695785,-22.745186],[-47.697228,-22.747608],[-47.697449,-22.746709],[-47.698547,-22.747575]],[[-47.694295,-22.74485],[-47.694308,-22.744851]],[[-47.772182,-22.743472],[-47.772182,-22.743472]],[[-47.694126,-22.744787],[-47.694127,-22.744788]],[[-47.694126,-22.744787],[-47.694308,-22.744851]],[[-47.788347,-22.74311],[-47.788347,-22.74311]],[[-47.946019,-22.74025],[-47.945965,-22.741262],[-47.941602,-22.743441]],[[-47.540997,-22.74718],[-47.541246,-22.747447]],[[-47.498864,-22.74784],[-47.499454,-22.746989]],[[-47.822231,-22.742448],[-47.81962,-22.739165]],[[-47.720577,-22.744197],[-47.72207,-22.744896],[-47.722431,-22.744169]],[[-47.822498,-22.742428],[-47.822498,-22.742428]],[[-47.705367,-22.744404],[-47.704943,-22.744402]],[[-47.726556,-22.744043],[-47.726552,-22.744043]],[[-47.67281,-22.744924],[-47.673372,-22.744862]],[[-47.540928,-22.747076],[-47.541469,-22.748041]],[[-47.540928,-22.747076],[-47.540928,-22.747076]],[[-47.540927,-22.747076],[-47.540928,-22.747076]],[[-47.540708,-22.747043],[-47.539849,-22.74618]],[[-47.549211,-22.746886],[-47.550498,-22.745489]],[[-47.673448,-22.744832],[-47.673403,-22.744847]],[[-47.673634,-22.744827],[-47.674502,-22.745308]],[[-47.520382,-22.74729],[-47.523407,-22.748195]],[[-47.551603,-22.746789],[-47.551599,-22.746789]],[[-47.551603,-22.746789],[-47.549645,-22.742615]],[[-47.788158,-22.742826],[-47.788158,-22.742826]],[[-47.714349,-22.744084],[-47.714349,-22.744084]],[[-47.704532,-22.744248],[-47.705016,-22.744786],[-47.704532,-22.744248]],[[-48.009656,-22.738786],[-48.008636,-22.740584],[-48.009694,-22.743597]],[[-47.716221,-22.744046],[-47.715198,-22.743744]],[[-47.764502,-22.743213],[-47.760518,-22.741128],[-47.76014,-22.740022]],[[-47.940286,-22.740053],[-47.942673,-22.739195]],[[-47.92067,-22.740389],[-47.920605,-22.739914]],[[-47.726466,-22.743791],[-47.726395,-22.743406]],[[-47.830119,-22.74198],[-47.83012,-22.741979]],[[-47.83012,-22.741979],[-47.830136,-22.741986]],[[-47.83012,-22.741979],[-47.831169,-22.741804],[-47.832053,-22.74008]],[[-47.705839,-22.744123],[-47.705449,-22.744392]],[[-47.5336,-22.746934],[-47.5336,-22.746934]],[[-47.982947,-22.739167],[-47.982951,-22.739168]],[[-47.982947,-22.739167],[-47.983075,-22.739198]],[[-47.79492,-22.742562],[-47.796845,-22.742388]],[[-47.686158,-22.744398],[-47.68529,-22.74599]],[[-47.773759,-22.742885],[-47.776038,-22.741758]],[[-47.669749,-22.744632],[-47.668306,-22.744345]],[[-47.780097,-22.742747],[-47.784713,-22.744917]],[[-47.78829,-22.7426],[-47.78829,-22.7426]],[[-47.670117,-22.74462],[-47.67281,-22.744924]],[[-47.670114,-22.744601],[-47.67281,-22.744924]],[[-47.727171,-22.743632],[-47.727112,-22.743627]],[[-47.533493,-22.746806],[-47.533493,-22.746806]],[[-47.668267,-22.744596],[-47.669008,-22.745275]],[[-47.727076,-22.7436],[-47.726395,-22.743406]],[[-47.727277,-22.743582],[-47.727277,-22.743582]],[[-47.832498,-22.741749],[-47.832091,-22.740918],[-47.832341,-22.741484]],[[-47.752497,-22.743143],[-47.752504,-22.743143]],[[-47.752497,-22.743143],[-47.755048,-22.742736]],[[-47.538256,-22.746686],[-47.538256,-22.746686]],[[-47.827527,-22.741797],[-47.83012,-22.741979]],[[-47.715198,-22.743744],[-47.715196,-22.743744]],[[-47.715198,-22.743744],[-47.71515,-22.741925]],[[-47.756222,-22.743027],[-47.756235,-22.743034]],[[-47.756222,-22.743027],[-47.758595,-22.742701]],[[-47.764838,-22.742861],[-47.765194,-22.743569],[-47.764838,-22.742861]],[[-47.768786,-22.742792],[-47.770469,-22.740913]],[[-47.784546,-22.742506],[-47.783948,-22.743552]],[[-47.768708,-22.742778],[-47.768708,-22.742778]],[[-47.72237,-22.743541],[-47.72243,-22.744101]],[[-47.712272,-22.743706],[-47.71515,-22.741925]],[[-47.726973,-22.743448],[-47.726973,-22.743448]],[[-47.749565,-22.743045],[-47.75136,-22.743882]],[[-47.775595,-22.742581],[-47.775628,-22.743455]],[[-47.98234,-22.738852],[-47.982947,-22.739167]],[[-47.668081,-22.744404],[-47.668258,-22.744587]],[[-47.784873,-22.742408],[-47.784873,-22.742408]],[[-47.668076,-22.744397],[-47.667545,-22.743682],[-47.668505,-22.742016]],[[-47.722363,-22.743478],[-47.722363,-22.743478]],[[-47.726395,-22.743406],[-47.726394,-22.743406]],[[-47.726395,-22.743406],[-47.722957,-22.739845]],[[-47.722368,-22.743469],[-47.722705,-22.742069]],[[-47.999841,-22.738475],[-48.002683,-22.739026]],[[-47.716423,-22.743535],[-47.715066,-22.74312]],[[-47.668304,-22.744338],[-47.669748,-22.744618]],[[-47.598423,-22.745489],[-47.599265,-22.745804]],[[-47.598423,-22.745489],[-47.596607,-22.745323],[-47.595767,-22.748043]],[[-47.529874,-22.746581],[-47.527775,-22.747724],[-47.527229,-22.749409]],[[-47.686491,-22.744021],[-47.686487,-22.744018]],[[-47.53808,-22.746446],[-47.540613,-22.749804]],[[-47.678906,-22.744104],[-47.680209,-22.744561],[-47.685459,-22.742347],[-47.687554,-22.742586]],[[-47.499454,-22.746989],[-47.499762,-22.746133]],[[-47.686609,-22.743928],[-47.687554,-22.742586]],[[-47.856611,-22.740963],[-47.856509,-22.737924]],[[-47.755048,-22.742736],[-47.755053,-22.74273]],[[-47.755048,-22.742736],[-47.756222,-22.743027]],[[-47.736677,-22.742942],[-47.7417,-22.744619]],[[-47.502007,-22.746779],[-47.502002,-22.746773]],[[-47.539849,-22.74618],[-47.539849,-22.746179]],[[-47.539849,-22.74618],[-47.54266,-22.74519]],[[-47.502002,-22.746773],[-47.502591,-22.747378],[-47.502002,-22.746773]],[[-47.502002,-22.746773],[-47.500575,-22.745446]],[[-47.581919,-22.745495],[-47.581853,-22.746423],[-47.581919,-22.745495]],[[-47.811204,-22.741618],[-47.811209,-22.741617]],[[-47.811209,-22.741617],[-47.811034,-22.741572]],[[-47.811209,-22.741617],[-47.817532,-22.740904]],[[-47.920566,-22.739652],[-47.920566,-22.739651]],[[-47.920566,-22.739651],[-47.920566,-22.739651]],[[-47.920566,-22.739651],[-47.920745,-22.739458]],[[-47.942708,-22.739217],[-47.942714,-22.739219]],[[-47.942708,-22.739217],[-47.942447,-22.741457]],[[-47.810586,-22.741589],[-47.811034,-22.741572]],[[-47.775556,-22.742198],[-47.776727,-22.741122]],[[-47.704423,-22.743416],[-47.703915,-22.744294]],[[-47.811034,-22.741572],[-47.811209,-22.741617]],[[-47.811034,-22.741572],[-47.811035,-22.741572]],[[-47.726918,-22.743021],[-47.726918,-22.743021]],[[-47.775433,-22.74218],[-47.775433,-22.74218]],[[-47.582817,-22.745398],[-47.5818,-22.747079]],[[-47.582042,-22.745395],[-47.582817,-22.745398]],[[-47.85492,-22.740717],[-47.860202,-22.743401]],[[-47.541186,-22.746017],[-47.542588,-22.746433]],[[-47.511047,-22.746481],[-47.512661,-22.746117]],[[-47.71114,-22.743208],[-47.71262,-22.741083]],[[-47.793553,-22.741783],[-47.796323,-22.743732]],[[-47.69315,-22.743456],[-47.693131,-22.744717],[-47.694126,-22.744787]],[[-47.537924,-22.745986],[-47.537308,-22.74592],[-47.537924,-22.745986]],[[-47.582369,-22.745252],[-47.582983,-22.745228]],[[-47.504647,-22.746479],[-47.504264,-22.745023]],[[-47.582983,-22.745228],[-47.582817,-22.745398]],[[-47.801786,-22.741529],[-47.805184,-22.739957],[-47.805879,-22.738581]],[[-47.640725,-22.744258],[-47.640995,-22.744752]],[[-47.640725,-22.744258],[-47.640968,-22.74476]],[[-47.640693,-22.744231],[-47.640725,-22.744258]],[[-47.693159,-22.743345],[-47.693005,-22.741448]],[[-47.920762,-22.739338],[-47.920762,-22.739338]],[[-47.693087,-22.74334],[-47.693588,-22.742014],[-47.690601,-22.740255],[-47.690492,-22.738959]],[[-47.832097,-22.740917],[-47.832056,-22.740784]],[[-47.510619,-22.746287],[-47.510879,-22.746513]],[[-47.92078,-22.739297],[-47.920117,-22.736192],[-47.916786,-22.734079]],[[-47.537381,-22.745844],[-47.534816,-22.744362]],[[-47.705367,-22.743067],[-47.704669,-22.74331]],[[-47.721182,-22.742777],[-47.721182,-22.742777]],[[-47.799287,-22.741409],[-47.79929,-22.741276]],[[-47.898059,-22.739642],[-47.899777,-22.738415],[-47.901179,-22.738652]],[[-47.968253,-22.738338],[-47.972099,-22.739077],[-47.973161,-22.740564]],[[-48.007882,-22.737595],[-48.008857,-22.739932]],[[-47.801804,-22.741343],[-47.801804,-22.741343]],[[-47.550992,-22.745534],[-47.553784,-22.746028]],[[-47.553883,-22.745422],[-47.553255,-22.7451]],[[-47.832083,-22.740717],[-47.832374,-22.739381],[-47.832245,-22.740483]],[[-47.711201,-22.742802],[-47.711201,-22.742802]],[[-47.551949,-22.74542],[-47.553463,-22.744722]],[[-47.73048,-22.742437],[-47.727333,-22.743591]],[[-47.720406,-22.742603],[-47.720556,-22.74258]],[[-47.764909,-22.741832],[-47.764909,-22.741832]],[[-47.697543,-22.74298],[-47.697543,-22.74298]],[[-47.697015,-22.742984],[-47.697526,-22.743307]],[[-47.697015,-22.742984],[-47.696078,-22.74257]],[[-47.791123,-22.741363],[-47.793475,-22.741783]],[[-47.799261,-22.741206],[-47.799146,-22.738912]],[[-47.720607,-22.74254],[-47.720607,-22.74254]],[[-47.720704,-22.742534],[-47.72247,-22.742375],[-47.723023,-22.740231]],[[-47.583441,-22.74481],[-47.582983,-22.745228]],[[-47.692917,-22.742992],[-47.692897,-22.741478]],[[-47.537176,-22.745528],[-47.539849,-22.74618]],[[-47.790403,-22.74129],[-47.790399,-22.741286]],[[-47.790403,-22.74129],[-47.792724,-22.740248]],[[-47.507023,-22.745979],[-47.504264,-22.745023]],[[-47.533245,-22.745509],[-47.533245,-22.745509]],[[-47.698144,-22.742792],[-47.697015,-22.742984]],[[-47.698144,-22.742792],[-47.699291,-22.74272],[-47.698474,-22.742814]],[[-47.698155,-22.742791],[-47.698144,-22.742792]],[[-47.945882,-22.738407],[-47.948868,-22.738258]],[[-47.801884,-22.740949],[-47.801884,-22.740949]],[[-47.688115,-22.742898],[-47.690039,-22.742277],[-47.690559,-22.7402]],[[-47.80963,-22.740786],[-47.80963,-22.740786]],[[-47.709737,-22.742494],[-47.708984,-22.743087]],[[-47.659891,-22.743286],[-47.658763,-22.744115],[-47.659903,-22.743298]],[[-47.751124,-22.741673],[-47.752497,-22.743143]],[[-47.709943,-22.742352],[-47.709942,-22.742355]],[[-47.709943,-22.742352],[-47.709943,-22.742352]],[[-47.500141,-22.745772],[-47.500611,-22.747313]],[[-47.699002,-22.742498],[-47.700563,-22.740786]],[[-47.695536,-22.74255],[-47.694334,-22.7421]],[[-47.696038,-22.742541],[-47.696037,-22.742541]],[[-47.695516,-22.742536],[-47.694335,-22.742082]],[[-47.824512,-22.740303],[-47.822968,-22.739785]],[[-47.755454,-22.741474],[-47.756222,-22.743027]],[[-47.687554,-22.742586],[-47.688057,-22.742938]],[[-47.687554,-22.742586],[-47.687557,-22.742585]],[[-47.511075,-22.745432],[-47.511027,-22.745859]],[[-47.511082,-22.745423],[-47.511432,-22.744755]],[[-47.661496,-22.742942],[-47.66001,-22.743193]],[[-47.66167,-22.742931],[-47.664811,-22.741051],[-47.666466,-22.741254]],[[-47.661491,-22.742925],[-47.660001,-22.743184]],[[-47.661662,-22.742914],[-47.664807,-22.741028],[-47.666473,-22.741232]],[[-47.726197,-22.741802],[-47.726197,-22.741802]],[[-47.682587,-22.742531],[-47.683788,-22.743057]],[[-47.687385,-22.742438],[-47.687224,-22.741071]],[[-47.707004,-22.742089],[-47.704724,-22.740393]],[[-47.753346,-22.741279],[-47.753242,-22.742997]],[[-47.71515,-22.741925],[-47.715153,-22.741921]],[[-47.71515,-22.741925],[-47.714789,-22.741172]],[[-47.81864,-22.740119],[-47.816484,-22.742995]],[[-47.709976,-22.741979],[-47.709943,-22.742352]],[[-47.532768,-22.744886],[-47.531339,-22.745383]],[[-47.707951,-22.741986],[-47.707951,-22.741986]],[[-47.759337,-22.741076],[-47.757675,-22.744731]],[[-47.73769,-22.741434],[-47.74026,-22.740156],[-47.742809,-22.741219]],[[-47.845969,-22.739515],[-47.846885,-22.739531]],[[-47.94204,-22.73776],[-47.945019,-22.736011]],[[-47.694149,-22.742128],[-47.694148,-22.742128]],[[-47.694148,-22.742128],[-47.694118,-22.742106]],[[-47.694148,-22.742128],[-47.694288,-22.742095]],[[-47.70012,-22.742016],[-47.701412,-22.742768]],[[-47.70848,-22.741871],[-47.714945,-22.740632]],[[-47.686348,-22.742244],[-47.685596,-22.739534]],[[-47.694145,-22.742107],[-47.693632,-22.742034]],[[-47.69429,-22.742075],[-47.694151,-22.742104]],[[-47.822123,-22.73985],[-47.820683,-22.739981]],[[-47.725063,-22.74153],[-47.725787,-22.74254],[-47.725063,-22.74153]],[[-47.533589,-22.744678],[-47.532851,-22.744862]],[[-47.533713,-22.744668],[-47.533711,-22.744666]],[[-47.533711,-22.744666],[-47.533713,-22.744666]],[[-47.533711,-22.744666],[-47.533711,-22.744666]],[[-47.78944,-22.74039],[-47.789571,-22.741728]],[[-47.818841,-22.73985],[-47.818674,-22.740061]],[[-47.629342,-22.743059],[-47.630646,-22.744101]],[[-47.629342,-22.743059],[-47.626721,-22.744924],[-47.626964,-22.746405]],[[-47.823018,-22.739742],[-47.82411,-22.739228]],[[-47.822892,-22.739741],[-47.82235,-22.739741]],[[-47.77074,-22.740646],[-47.772133,-22.739559]],[[-47.822357,-22.739731],[-47.823189,-22.739033]],[[-47.534041,-22.744558],[-47.53389,-22.744607]],[[-47.794283,-22.740214],[-47.795414,-22.739284]],[[-47.504264,-22.745023],[-47.504023,-22.744066]],[[-47.832303,-22.739518],[-47.833358,-22.737461],[-47.832921,-22.738721]],[[-47.7814,-22.740408],[-47.783159,-22.740095]],[[-47.780637,-22.74039],[-47.7794,-22.741599]],[[-47.743017,-22.741033],[-47.742089,-22.741817],[-47.742204,-22.744549],[-47.740552,-22.746139]],[[-47.743017,-22.741033],[-47.743017,-22.741033]],[[-47.532906,-22.744503],[-47.532906,-22.744503]],[[-47.793459,-22.740142],[-47.794226,-22.740133]],[[-47.789388,-22.740209],[-47.789394,-22.740226]],[[-47.789388,-22.740209],[-47.789388,-22.740209]],[[-47.954404,-22.737171],[-47.955662,-22.737978]],[[-47.511369,-22.744698],[-47.511135,-22.744275]],[[-47.781341,-22.74022],[-47.780686,-22.740095],[-47.780898,-22.74083],[-47.781341,-22.74022]],[[-47.822256,-22.739465],[-47.822256,-22.739465]],[[-47.77537,-22.740244],[-47.77537,-22.740244]],[[-47.667981,-22.742073],[-47.66749,-22.743688],[-47.668218,-22.744615]],[[-47.940956,-22.737275],[-47.939863,-22.735878]],[[-47.531662,-22.744288],[-47.531662,-22.744288]],[[-47.668007,-22.742034],[-47.66846,-22.741978]],[[-47.945211,-22.737138],[-47.945187,-22.738114],[-47.942708,-22.739217]],[[-47.703771,-22.741352],[-47.702295,-22.740279]],[[-47.668539,-22.741923],[-47.668705,-22.741515]],[[-47.667752,-22.741923],[-47.666613,-22.741318]],[[-47.668504,-22.741894],[-47.668665,-22.741392]],[[-47.71485,-22.741091],[-47.71485,-22.741091]],[[-47.693005,-22.741448],[-47.693001,-22.741452]],[[-47.693005,-22.741448],[-47.690456,-22.739684],[-47.693386,-22.732438]],[[-47.773471,-22.740058],[-47.776488,-22.738991]],[[-47.773381,-22.740044],[-47.773381,-22.740044]],[[-47.845729,-22.738711],[-47.846911,-22.742302]],[[-47.509449,-22.744339],[-47.510397,-22.744591]],[[-47.952511,-22.736754],[-47.954118,-22.736512]],[[-47.511135,-22.744275],[-47.511134,-22.74427]],[[-47.511135,-22.744275],[-47.509255,-22.7453]],[[-47.841102,-22.738731],[-47.84657,-22.7386]],[[-47.511119,-22.744252],[-47.509743,-22.743552]],[[-47.724629,-22.740737],[-47.72475,-22.741638],[-47.724629,-22.740737]],[[-47.743557,-22.740396],[-47.743017,-22.741033]],[[-47.76014,-22.740022],[-47.759333,-22.741024]],[[-47.76014,-22.740022],[-47.760142,-22.740015]],[[-47.504671,-22.744182],[-47.504443,-22.744098]],[[-47.760386,-22.739948],[-47.76055,-22.739598]],[[-47.795501,-22.739335],[-47.796624,-22.738259]],[[-47.706581,-22.740852],[-47.706581,-22.740852]],[[-47.715004,-22.740703],[-47.71489,-22.741144]],[[-47.795331,-22.739317],[-47.795331,-22.739317]],[[-47.743716,-22.740195],[-47.74371,-22.740284]],[[-47.798847,-22.739232],[-47.798833,-22.739221]],[[-47.798847,-22.739232],[-47.799024,-22.738854]],[[-47.798833,-22.739221],[-47.798847,-22.739232]],[[-47.798833,-22.739221],[-47.798819,-22.739208]],[[-47.504443,-22.744098],[-47.504023,-22.744066]],[[-47.504443,-22.744098],[-47.503962,-22.743987]],[[-47.504023,-22.744066],[-47.503962,-22.743987]],[[-47.679538,-22.741213],[-47.678979,-22.739607]],[[-47.694248,-22.740938],[-47.693005,-22.741448]],[[-47.530994,-22.743604],[-47.53102,-22.745537],[-47.529918,-22.746546]],[[-47.710101,-22.740648],[-47.710267,-22.740599]],[[-47.710088,-22.740648],[-47.710088,-22.740648]],[[-47.529919,-22.743591],[-47.53085,-22.742943]],[[-47.513245,-22.743855],[-47.51203,-22.743174]],[[-47.714985,-22.740545],[-47.715382,-22.740276]],[[-47.700563,-22.740786],[-47.700563,-22.740786]],[[-47.772133,-22.739559],[-47.772138,-22.739561]],[[-47.772133,-22.739559],[-47.773141,-22.740155]],[[-47.503962,-22.743987],[-47.503613,-22.743852]],[[-47.503962,-22.743987],[-47.502895,-22.743128]],[[-47.700505,-22.740784],[-47.700204,-22.739205]],[[-47.710267,-22.740599],[-47.71027,-22.740603]],[[-47.710267,-22.740599],[-47.711223,-22.741087]],[[-47.758072,-22.739767],[-47.760564,-22.739563]],[[-47.79926,-22.739044],[-47.801843,-22.740868]],[[-47.709741,-22.740579],[-47.708607,-22.740443]],[[-47.991816,-22.735506],[-47.991642,-22.736755],[-47.986185,-22.739238],[-47.984009,-22.739798],[-47.982947,-22.739167]],[[-47.666632,-22.741264],[-47.667771,-22.741896]],[[-47.668813,-22.741209],[-47.669202,-22.740283]],[[-47.798799,-22.738975],[-47.798833,-22.739221]],[[-47.798799,-22.738975],[-47.799024,-22.738854]],[[-47.76055,-22.739598],[-47.76014,-22.740022]],[[-47.76055,-22.739598],[-47.760549,-22.739594]],[[-47.773204,-22.739368],[-47.773625,-22.740045]],[[-47.799146,-22.738912],[-47.798847,-22.739232]],[[-47.799146,-22.738912],[-47.799144,-22.738915]],[[-47.701388,-22.740586],[-47.702296,-22.742012]],[[-47.70113,-22.740587],[-47.702295,-22.740279]],[[-47.773153,-22.739343],[-47.773153,-22.739343]],[[-47.995807,-22.735308],[-47.998701,-22.733827]],[[-47.700273,-22.740575],[-47.700273,-22.740575]],[[-47.799024,-22.738854],[-47.799146,-22.738912]],[[-47.799024,-22.738854],[-47.798799,-22.738975]],[[-47.750658,-22.739686],[-47.747053,-22.73644],[-47.745693,-22.736264]],[[-47.715382,-22.740276],[-47.715377,-22.740277]],[[-47.715382,-22.740276],[-47.715382,-22.740276]],[[-47.970992,-22.735698],[-47.973844,-22.737208]],[[-47.531048,-22.743245],[-47.530655,-22.742699]],[[-47.760637,-22.739423],[-47.76055,-22.739598]],[[-47.760637,-22.739423],[-47.760636,-22.739424]],[[-47.530522,-22.743212],[-47.530241,-22.743414]],[[-47.733054,-22.73987],[-47.735581,-22.740906]],[[-47.540321,-22.743046],[-47.539054,-22.742584]],[[-47.715424,-22.740132],[-47.716093,-22.738822]],[[-47.992366,-22.735172],[-47.992345,-22.735122]],[[-47.630379,-22.741511],[-47.629342,-22.743059]],[[-47.630384,-22.741502],[-47.630902,-22.739067]],[[-47.992345,-22.735122],[-47.99185,-22.735495],[-47.992366,-22.735172]],[[-47.992345,-22.735122],[-47.992133,-22.734697]],[[-47.702295,-22.740279],[-47.701904,-22.740147]],[[-47.630321,-22.741469],[-47.630799,-22.73903]],[[-47.995456,-22.734983],[-47.999573,-22.738178],[-47.999012,-22.740038]],[[-47.514617,-22.743275],[-47.511135,-22.744275]],[[-47.537267,-22.742897],[-47.537665,-22.741716]],[[-47.704446,-22.74014],[-47.703638,-22.739676]],[[-47.798214,-22.738502],[-47.800335,-22.738171],[-47.801469,-22.736678]],[[-47.514593,-22.743216],[-47.512819,-22.742753]],[[-47.995408,-22.734913],[-47.995408,-22.734913]],[[-47.995408,-22.734913],[-47.995407,-22.734913]],[[-47.51611,-22.743175],[-47.51611,-22.743175]],[[-47.51611,-22.743175],[-47.515646,-22.742449],[-47.514624,-22.743243],[-47.51611,-22.743175]],[[-47.520799,-22.743092],[-47.520877,-22.742394]],[[-47.702581,-22.740106],[-47.703645,-22.739672]],[[-47.549645,-22.742615],[-47.549647,-22.742615]],[[-47.549645,-22.742615],[-47.549645,-22.742615]],[[-47.744175,-22.739383],[-47.743798,-22.74013]],[[-47.724258,-22.739723],[-47.724258,-22.739723]],[[-47.711417,-22.739929],[-47.712113,-22.740978]],[[-47.939863,-22.735878],[-47.939861,-22.735876]],[[-47.939863,-22.735878],[-47.941461,-22.733411]],[[-47.971556,-22.73528],[-47.971556,-22.73528]],[[-47.745137,-22.739327],[-47.744606,-22.738903]],[[-47.719799,-22.739748],[-47.719804,-22.739745]],[[-47.744235,-22.739327],[-47.744235,-22.739327]],[[-47.744235,-22.739327],[-47.744235,-22.739326]],[[-47.719804,-22.739745],[-47.719804,-22.739745]],[[-47.719804,-22.739745],[-47.720408,-22.73806]],[[-47.726439,-22.73962],[-47.726439,-22.73962]],[[-47.549457,-22.742518],[-47.548578,-22.741059]],[[-47.549469,-22.742512],[-47.548578,-22.741059]],[[-47.940909,-22.735782],[-47.940909,-22.735782]],[[-47.726153,-22.73958],[-47.726153,-22.73958]],[[-47.585348,-22.741895],[-47.587682,-22.743213]],[[-47.585348,-22.741895],[-47.58346,-22.744797]],[[-47.505523,-22.743151],[-47.504443,-22.744098]],[[-47.530616,-22.742728],[-47.530998,-22.743262]],[[-47.976693,-22.735034],[-47.974003,-22.737938]],[[-47.7267,-22.739491],[-47.7267,-22.739491]],[[-47.585412,-22.741832],[-47.585348,-22.741895]],[[-47.959389,-22.735333],[-47.959389,-22.735333]],[[-47.992133,-22.734697],[-47.992134,-22.734697]],[[-47.992133,-22.734697],[-47.992133,-22.734679]],[[-47.992153,-22.734681],[-47.99233,-22.734633]],[[-47.957179,-22.735323],[-47.959011,-22.738825]],[[-47.827961,-22.737627],[-47.828878,-22.735769]],[[-47.796955,-22.738169],[-47.798799,-22.738975]],[[-47.833357,-22.737457],[-47.833553,-22.737148]],[[-47.979258,-22.734801],[-47.97969,-22.732399]],[[-47.669161,-22.740277],[-47.668792,-22.741148]],[[-47.726394,-22.739309],[-47.726394,-22.739309]],[[-47.753503,-22.738843],[-47.754893,-22.737149]],[[-47.669208,-22.740268],[-47.668156,-22.737176]],[[-47.796913,-22.738071],[-47.796874,-22.738178]],[[-47.703645,-22.739672],[-47.703645,-22.739672]],[[-47.703645,-22.739672],[-47.704565,-22.739142],[-47.703876,-22.739141]],[[-47.755982,-22.738751],[-47.756612,-22.737234]],[[-47.72659,-22.739252],[-47.72659,-22.739252]],[[-47.744606,-22.738903],[-47.744235,-22.739327]],[[-47.546511,-22.742184],[-47.546511,-22.742184]],[[-47.726061,-22.739218],[-47.726061,-22.739218]],[[-47.546675,-22.742175],[-47.548609,-22.740648]],[[-47.523143,-22.742523],[-47.524346,-22.744085]],[[-47.990636,-22.734445],[-47.992133,-22.734697]],[[-47.767212,-22.738468],[-47.767212,-22.738468]],[[-47.921841,-22.7357],[-47.920132,-22.736283]],[[-47.909876,-22.735903],[-47.915164,-22.730921]],[[-47.723765,-22.739182],[-47.724414,-22.73946],[-47.723765,-22.739182]],[[-47.725949,-22.739089],[-47.725949,-22.739089]],[[-47.726394,-22.739047],[-47.726394,-22.739047]],[[-47.517098,-22.742425],[-47.513321,-22.740426]],[[-47.726729,-22.73897],[-47.726729,-22.73897]],[[-47.869368,-22.736468],[-47.870102,-22.739393]],[[-47.726263,-22.738962],[-47.726263,-22.738962]],[[-47.837529,-22.737012],[-47.839794,-22.73593],[-47.841784,-22.732884]],[[-47.770118,-22.738187],[-47.772133,-22.739559]],[[-47.822524,-22.737264],[-47.823082,-22.737298]],[[-47.726424,-22.738911],[-47.726424,-22.738911]],[[-47.702509,-22.739303],[-47.70266,-22.739988]],[[-47.822298,-22.737229],[-47.822298,-22.737229]],[[-47.76977,-22.738143],[-47.76977,-22.738143]],[[-47.822302,-22.7372],[-47.819014,-22.73635]],[[-47.833746,-22.736989],[-47.833746,-22.736989]],[[-47.992432,-22.734094],[-47.99285,-22.731376]],[[-47.58593,-22.741187],[-47.585436,-22.741805]],[[-47.769522,-22.738106],[-47.769639,-22.738183]],[[-47.709419,-22.73913],[-47.710267,-22.740599]],[[-47.544825,-22.741834],[-47.544825,-22.741834]],[[-47.761307,-22.73822],[-47.761307,-22.73822]],[[-47.760976,-22.738222],[-47.760637,-22.739423]],[[-47.730329,-22.73873],[-47.73005,-22.7389]],[[-47.7789,-22.737869],[-47.780172,-22.737328]],[[-47.96296,-22.734553],[-47.96296,-22.734553]],[[-47.512427,-22.742261],[-47.512427,-22.742261]],[[-47.99373,-22.733926],[-47.995408,-22.734913]],[[-47.80318,-22.737374],[-47.80318,-22.737374]],[[-47.80318,-22.737374],[-47.80156,-22.7365]],[[-47.803183,-22.737374],[-47.80318,-22.737374]],[[-47.778772,-22.737794],[-47.776757,-22.737475]],[[-47.778856,-22.737784],[-47.778856,-22.737784]],[[-47.998821,-22.733783],[-47.998821,-22.733783]],[[-47.532227,-22.741861],[-47.534226,-22.742384]],[[-47.76187,-22.738052],[-47.76187,-22.738052]],[[-47.869233,-22.73615],[-47.872797,-22.732224]],[[-47.716093,-22.738822],[-47.716093,-22.738822]],[[-47.869162,-22.736133],[-47.868645,-22.736516],[-47.869162,-22.736133]],[[-47.869162,-22.736133],[-47.86916,-22.736133]],[[-47.716116,-22.7388],[-47.717316,-22.736613]],[[-48.007598,-22.73357],[-48.007038,-22.732515]],[[-47.833903,-22.736737],[-47.833625,-22.735268],[-47.831811,-22.7339],[-47.83382,-22.736327]],[[-47.537665,-22.741716],[-47.537665,-22.741716]],[[-47.537665,-22.741716],[-47.537189,-22.740298]],[[-47.76177,-22.737969],[-47.76177,-22.737969]],[[-47.704476,-22.738941],[-47.705767,-22.738219]],[[-47.86899,-22.736065],[-47.869162,-22.736133]],[[-47.86899,-22.736065],[-47.868989,-22.736067]],[[-47.761405,-22.737951],[-47.761405,-22.737951]],[[-47.544323,-22.741544],[-47.54479,-22.73972]],[[-47.537692,-22.741649],[-47.538355,-22.740974]],[[-47.721816,-22.73861],[-47.722797,-22.739607]],[[-47.721816,-22.73861],[-47.721626,-22.738659]],[[-47.721814,-22.73861],[-47.721816,-22.73861]],[[-47.700288,-22.738946],[-47.700522,-22.738079]],[[-47.892287,-22.735541],[-47.89468,-22.733038]],[[-47.539493,-22.741523],[-47.538865,-22.742813],[-47.534161,-22.744533]],[[-47.941399,-22.734608],[-47.941399,-22.734608]],[[-47.945372,-22.734505],[-47.94496,-22.736601],[-47.946227,-22.740577],[-47.945826,-22.738569]],[[-47.992685,-22.733624],[-47.993623,-22.733889]],[[-47.690502,-22.738966],[-47.690492,-22.738959]],[[-48.011663,-22.733231],[-48.008996,-22.72696]],[[-47.950333,-22.734373],[-47.950694,-22.731002],[-47.949494,-22.730224]],[[-47.690492,-22.738959],[-47.690027,-22.738807]],[[-47.690492,-22.738959],[-47.692151,-22.73551]],[[-47.960055,-22.734179],[-47.960055,-22.734179]],[[-47.992613,-22.733536],[-47.992655,-22.733571]],[[-47.509607,-22.741834],[-47.509607,-22.741834]],[[-47.724809,-22.738291],[-47.724102,-22.738691],[-47.724809,-22.738291]],[[-47.816984,-22.736686],[-47.817511,-22.736142]],[[-47.744966,-22.737886],[-47.744606,-22.738903]],[[-48.006709,-22.73316],[-48.007094,-22.732411]],[[-47.690027,-22.738807],[-47.687581,-22.739217]],[[-47.690027,-22.738807],[-47.687832,-22.737219]],[[-47.833714,-22.736315],[-47.833714,-22.736315]],[[-47.790746,-22.737069],[-47.792797,-22.740224]],[[-47.737981,-22.737956],[-47.73848,-22.737306]],[[-47.550357,-22.741052],[-47.55208,-22.740107]],[[-47.788556,-22.737067],[-47.789388,-22.740209]],[[-47.550851,-22.741038],[-47.551812,-22.741407]],[[-47.548578,-22.741059],[-47.548609,-22.740648]],[[-47.682524,-22.738842],[-47.685198,-22.742608]],[[-47.617211,-22.739908],[-47.618883,-22.73794]],[[-47.522618,-22.741428],[-47.522694,-22.741393]],[[-47.945335,-22.734182],[-47.945335,-22.734182]],[[-47.522723,-22.741413],[-47.523126,-22.744389]],[[-47.67903,-22.738811],[-47.678963,-22.739606],[-47.67903,-22.738811]],[[-47.678951,-22.738804],[-47.67864,-22.738203]],[[-47.94527,-22.734081],[-47.944546,-22.725624]],[[-47.959519,-22.733814],[-47.957137,-22.733356]],[[-47.819014,-22.73635],[-47.819777,-22.738955],[-47.818906,-22.739807]],[[-47.819014,-22.73635],[-47.819009,-22.736345]],[[-47.790871,-22.736834],[-47.790871,-22.736834]],[[-47.834294,-22.736065],[-47.83379,-22.735605]],[[-47.727148,-22.737897],[-47.727148,-22.737897]],[[-47.750553,-22.737463],[-47.748386,-22.737761]],[[-47.768203,-22.73712],[-47.768203,-22.73712]],[[-47.725208,-22.737849],[-47.725208,-22.737849]],[[-47.706326,-22.738161],[-47.706462,-22.738135]],[[-47.980313,-22.733267],[-47.97969,-22.732399]],[[-47.706591,-22.738123],[-47.707303,-22.737831]],[[-47.785157,-22.736771],[-47.78844,-22.735359]],[[-47.745218,-22.737459],[-47.745047,-22.737742]],[[-47.730891,-22.737666],[-47.730336,-22.738739],[-47.73135,-22.738428],[-47.730891,-22.737666]],[[-47.548609,-22.740648],[-47.548847,-22.740477]],[[-47.584703,-22.740061],[-47.585826,-22.740986]],[[-48.007906,-22.732649],[-48.007094,-22.732411]],[[-47.954601,-22.73364],[-47.953094,-22.740163]],[[-47.817567,-22.736101],[-47.819124,-22.734911]],[[-47.58468,-22.740036],[-47.583314,-22.738263],[-47.583514,-22.735455]],[[-47.954597,-22.733613],[-47.956139,-22.734927],[-47.958963,-22.735465]],[[-47.520471,-22.741052],[-47.516232,-22.742667]],[[-47.693847,-22.738213],[-47.693854,-22.738205]],[[-47.783857,-22.73665],[-47.785159,-22.73678],[-47.785497,-22.738524]],[[-47.79335,-22.73648],[-47.792839,-22.740195]],[[-47.720166,-22.737735],[-47.721816,-22.73861]],[[-47.720166,-22.737735],[-47.720164,-22.737735]],[[-47.693496,-22.738174],[-47.692333,-22.738138]],[[-47.761298,-22.737013],[-47.765282,-22.739828]],[[-47.548847,-22.740477],[-47.546682,-22.73644],[-47.544179,-22.735383]],[[-47.548847,-22.740477],[-47.550353,-22.741047],[-47.55096,-22.739862]],[[-47.78252,-22.73657],[-47.78022,-22.737257]],[[-47.521823,-22.740881],[-47.519864,-22.739903]],[[-47.720096,-22.737609],[-47.71957,-22.736765]],[[-47.692282,-22.738073],[-47.692282,-22.738073]],[[-47.697258,-22.737965],[-47.694358,-22.740973]],[[-47.693624,-22.738022],[-47.695063,-22.737099]],[[-47.692056,-22.738046],[-47.69121,-22.738008]],[[-47.801405,-22.736154],[-47.801407,-22.736154]],[[-47.801405,-22.736154],[-47.801405,-22.736154]],[[-48.007094,-22.732411],[-48.007093,-22.73241]],[[-48.007094,-22.732411],[-48.008765,-22.72702]],[[-47.916786,-22.734079],[-47.916787,-22.734074]],[[-47.916786,-22.734079],[-47.915164,-22.730921]],[[-47.693587,-22.737984],[-47.693589,-22.737985]],[[-47.700624,-22.737862],[-47.700985,-22.736803]],[[-47.732213,-22.737323],[-47.731321,-22.737675]],[[-47.828983,-22.735628],[-47.829313,-22.734635]],[[-47.737717,-22.737187],[-47.740479,-22.73685],[-47.744407,-22.733361]],[[-47.787166,-22.736318],[-47.787166,-22.736318]],[[-47.630803,-22.7389],[-47.630745,-22.738809]],[[-47.725837,-22.737302],[-47.726168,-22.73792],[-47.725837,-22.737302]],[[-47.796102,-22.736071],[-47.797281,-22.736626],[-47.796985,-22.738019]],[[-47.63071,-22.738872],[-47.630689,-22.738838]],[[-47.824811,-22.735534],[-47.82419,-22.733263]],[[-47.709958,-22.737503],[-47.710409,-22.736663],[-47.712921,-22.736473]],[[-47.732314,-22.737116],[-47.732272,-22.73577]],[[-47.705342,-22.73756],[-47.705085,-22.735024]],[[-47.945042,-22.733276],[-47.947462,-22.734068]],[[-47.526474,-22.740445],[-47.526099,-22.741812]],[[-47.796165,-22.73592],[-47.796165,-22.73592]],[[-47.761389,-22.736499],[-47.760637,-22.739423]],[[-47.761389,-22.736499],[-47.761285,-22.736236]],[[-47.76139,-22.736495],[-47.761389,-22.736499]],[[-47.630587,-22.73868],[-47.630213,-22.73815]],[[-47.524439,-22.74039],[-47.524805,-22.74223]],[[-47.630648,-22.738653],[-47.630301,-22.73809]],[[-47.721188,-22.737079],[-47.720166,-22.737735]],[[-47.52321,-22.740323],[-47.520587,-22.741119]],[[-47.886527,-22.734156],[-47.886528,-22.734153]],[[-47.886528,-22.734153],[-47.886526,-22.734147]],[[-47.886528,-22.734153],[-47.885517,-22.729598]],[[-47.766728,-22.736269],[-47.767666,-22.738129]],[[-47.523287,-22.74028],[-47.52764,-22.73744]],[[-47.97969,-22.732399],[-47.979687,-22.732397]],[[-47.97969,-22.732399],[-47.979601,-22.732072]],[[-47.766543,-22.736225],[-47.766501,-22.73721]],[[-47.766543,-22.736225],[-47.766637,-22.735812]],[[-47.766545,-22.736213],[-47.766543,-22.736225]],[[-47.916572,-22.733537],[-47.9193,-22.732999]],[[-47.734831,-22.736697],[-47.734828,-22.736695]],[[-47.802008,-22.735532],[-47.801405,-22.736154]],[[-47.734828,-22.736695],[-47.734828,-22.736695]],[[-47.734828,-22.736695],[-47.734676,-22.736586]],[[-47.761285,-22.736236],[-47.761289,-22.736237]],[[-47.761285,-22.736236],[-47.761225,-22.73597]],[[-47.799522,-22.735569],[-47.805455,-22.734525]],[[-47.524131,-22.740156],[-47.524438,-22.739699]],[[-47.795652,-22.735621],[-47.796092,-22.735877]],[[-47.718711,-22.736901],[-47.718711,-22.736901]],[[-47.718045,-22.73688],[-47.718045,-22.73688]],[[-47.948868,-22.732784],[-47.949499,-22.730234],[-47.947738,-22.729892]],[[-47.96227,-22.73253],[-47.960128,-22.731222]],[[-47.979024,-22.732198],[-47.978077,-22.733264]],[[-47.799318,-22.735396],[-47.799318,-22.735396]],[[-47.71957,-22.736765],[-47.71957,-22.736763]],[[-47.71957,-22.736765],[-47.720166,-22.737735]],[[-47.544721,-22.739644],[-47.545522,-22.737909],[-47.547292,-22.737617]],[[-47.799329,-22.73537],[-47.798396,-22.735005]],[[-47.947328,-22.732694],[-47.947738,-22.729892]],[[-47.858282,-22.734296],[-47.858282,-22.734296]],[[-47.745693,-22.736264],[-47.745502,-22.737041]],[[-47.745693,-22.736264],[-47.745693,-22.736258]],[[-47.843189,-22.734544],[-47.843189,-22.734544]],[[-47.734505,-22.736434],[-47.731986,-22.735259],[-47.732107,-22.73216],[-47.734264,-22.732245]],[[-47.842314,-22.734548],[-47.842314,-22.734548]],[[-47.718249,-22.736694],[-47.718249,-22.736694]],[[-47.766813,-22.735856],[-47.767616,-22.735601]],[[-47.703981,-22.73693],[-47.705329,-22.737588],[-47.705167,-22.738331]],[[-47.752911,-22.736091],[-47.756117,-22.737308],[-47.761285,-22.736236]],[[-47.857539,-22.734248],[-47.857539,-22.734248]],[[-47.819124,-22.734911],[-47.819014,-22.73635]],[[-47.819124,-22.734911],[-47.819128,-22.734907]],[[-47.519864,-22.739906],[-47.519864,-22.739903]],[[-47.519864,-22.739903],[-47.519799,-22.739267]],[[-47.519864,-22.739903],[-47.518766,-22.739832],[-47.516454,-22.736809]],[[-47.517039,-22.739944],[-47.51876,-22.739708]],[[-47.745716,-22.736159],[-47.745693,-22.736264]],[[-47.717335,-22.736603],[-47.717335,-22.736601]],[[-47.829305,-22.734614],[-47.829305,-22.734614]],[[-47.523759,-22.739734],[-47.523759,-22.739734]],[[-47.630098,-22.738001],[-47.628863,-22.734563]],[[-47.700985,-22.736803],[-47.700985,-22.736805]],[[-47.700985,-22.736803],[-47.700985,-22.736803]],[[-47.983444,-22.73175],[-47.983955,-22.732641]],[[-47.630223,-22.737923],[-47.628949,-22.734539]],[[-47.713359,-22.736524],[-47.713661,-22.736464]],[[-47.713359,-22.736524],[-47.713359,-22.736524]],[[-47.713357,-22.736522],[-47.713359,-22.736524]],[[-47.709511,-22.736579],[-47.710524,-22.736615]],[[-47.798396,-22.735005],[-47.798396,-22.735015]],[[-47.798396,-22.735005],[-47.797268,-22.736615]],[[-47.668084,-22.737221],[-47.669165,-22.740262]],[[-47.745757,-22.735878],[-47.745757,-22.735878]],[[-47.745757,-22.735878],[-47.745757,-22.735875]],[[-47.855385,-22.733947],[-47.854218,-22.732257],[-47.854748,-22.730373]],[[-47.717476,-22.736312],[-47.718119,-22.735387],[-47.716961,-22.734511]],[[-47.99285,-22.731376],[-47.99285,-22.731376]],[[-47.843282,-22.734093],[-47.843282,-22.734093]],[[-47.66806,-22.737112],[-47.668901,-22.735221]],[[-47.718507,-22.736258],[-47.718507,-22.736258]],[[-47.678223,-22.736923],[-47.678125,-22.736837]],[[-47.819035,-22.734476],[-47.818596,-22.733904]],[[-47.819036,-22.734474],[-47.819796,-22.73564]],[[-47.515947,-22.739529],[-47.516883,-22.739928]],[[-47.719119,-22.736155],[-47.71957,-22.736765]],[[-47.701428,-22.736448],[-47.701913,-22.735198]],[[-47.771331,-22.735247],[-47.771331,-22.735247]],[[-47.771331,-22.735247],[-47.771682,-22.734819]],[[-47.678125,-22.736837],[-47.678603,-22.738283],[-47.678125,-22.736837]],[[-47.678125,-22.736837],[-47.677819,-22.735998]],[[-47.507604,-22.739569],[-47.506368,-22.740093]],[[-47.713762,-22.736199],[-47.715036,-22.73595]],[[-47.84274,-22.733924],[-47.84274,-22.733924]],[[-47.992781,-22.731165],[-47.992433,-22.730107],[-47.99266,-22.730911]],[[-47.713868,-22.736131],[-47.713868,-22.736131]],[[-47.842573,-22.733886],[-47.842573,-22.733886]],[[-47.842405,-22.733873],[-47.842405,-22.733873]],[[-47.805455,-22.734525],[-47.805452,-22.734523]],[[-47.805455,-22.734525],[-47.806583,-22.734919],[-47.805455,-22.734525]],[[-47.97713,-22.731411],[-47.979465,-22.732161],[-47.982888,-22.730577],[-47.981267,-22.727684],[-47.981668,-22.72442]],[[-47.618924,-22.737674],[-47.619357,-22.737109]],[[-47.519799,-22.739267],[-47.5198,-22.739268]],[[-47.519799,-22.739267],[-47.519829,-22.736626]],[[-47.829243,-22.734084],[-47.829401,-22.734515]],[[-47.836755,-22.733934],[-47.836573,-22.736034]],[[-47.760686,-22.735261],[-47.761758,-22.735082]],[[-47.783759,-22.734849],[-47.78254,-22.736568],[-47.783851,-22.736652],[-47.783759,-22.734849]],[[-47.773355,-22.735013],[-47.773355,-22.735013]],[[-47.515887,-22.739233],[-47.515887,-22.739233]],[[-47.515681,-22.739228],[-47.514224,-22.738809]],[[-47.761768,-22.735091],[-47.761389,-22.736499]],[[-47.545039,-22.738642],[-47.545039,-22.738642]],[[-47.832177,-22.73376],[-47.834485,-22.732645]],[[-47.771682,-22.734819],[-47.771683,-22.734818]],[[-47.771682,-22.734819],[-47.771682,-22.734819]],[[-47.729706,-22.735541],[-47.73217,-22.73421]],[[-47.715825,-22.735771],[-47.715826,-22.735771]],[[-47.715826,-22.735771],[-47.715881,-22.735753]],[[-47.715826,-22.735771],[-47.715019,-22.735926],[-47.715826,-22.735771]],[[-47.758277,-22.734972],[-47.75869,-22.734112]],[[-47.818596,-22.733904],[-47.819124,-22.734911]],[[-47.818596,-22.733904],[-47.818595,-22.733904]],[[-47.718873,-22.735618],[-47.718745,-22.736683],[-47.718873,-22.735618]],[[-47.716751,-22.735629],[-47.716957,-22.734507]],[[-47.527976,-22.738727],[-47.527379,-22.738953]],[[-47.718548,-22.735595],[-47.718011,-22.735246]],[[-47.729473,-22.735403],[-47.729473,-22.735403]],[[-47.693662,-22.736],[-47.692299,-22.73529]],[[-47.789438,-22.73432],[-47.79066,-22.731787]],[[-47.716163,-22.735562],[-47.71649,-22.7357]],[[-47.960128,-22.731222],[-47.960123,-22.731215]],[[-47.960128,-22.731222],[-47.961068,-22.730332]],[[-47.716045,-22.735528],[-47.716045,-22.735528]],[[-47.829408,-22.733554],[-47.829396,-22.733642]],[[-47.771995,-22.734549],[-47.772955,-22.733326]],[[-47.7912,-22.734208],[-47.790519,-22.733333]],[[-47.619357,-22.737109],[-47.620241,-22.735393]],[[-47.864351,-22.732902],[-47.867784,-22.733772],[-47.86899,-22.736065]],[[-47.74558,-22.734987],[-47.745757,-22.735878]],[[-47.798247,-22.734029],[-47.798396,-22.735005]],[[-47.830719,-22.733386],[-47.831433,-22.73369],[-47.830719,-22.733386]],[[-47.830713,-22.733375],[-47.830719,-22.733386]],[[-47.829483,-22.733383],[-47.829621,-22.732623]],[[-47.982905,-22.730548],[-47.983203,-22.734106]],[[-47.776076,-22.734274],[-47.777118,-22.736419],[-47.776793,-22.741053],[-47.77939,-22.741477],[-47.780085,-22.742654],[-47.778068,-22.745277],[-47.779087,-22.747115]],[[-47.776076,-22.734274],[-47.779476,-22.733764]],[[-47.944785,-22.73124],[-47.94147,-22.733415]],[[-47.745575,-22.734747],[-47.745588,-22.734884]],[[-47.738193,-22.73486],[-47.743651,-22.729934]],[[-47.988917,-22.730353],[-47.992281,-22.729395]],[[-47.75709,-22.734507],[-47.757466,-22.733887]],[[-47.78656,-22.733978],[-47.784516,-22.733632],[-47.783771,-22.734831]],[[-47.830634,-22.733181],[-47.83067,-22.733003]],[[-47.738051,-22.734774],[-47.738051,-22.734774]],[[-47.517565,-22.738389],[-47.516664,-22.738089]],[[-47.950727,-22.730968],[-47.955208,-22.733724],[-47.960128,-22.731222]],[[-47.692151,-22.73551],[-47.692152,-22.73551]],[[-47.692151,-22.73551],[-47.692424,-22.732951],[-47.693321,-22.73242]],[[-47.784255,-22.733913],[-47.783509,-22.733375]],[[-47.762499,-22.734274],[-47.761859,-22.734987]],[[-47.992435,-22.730099],[-47.992348,-22.729075]],[[-47.531033,-22.738077],[-47.529394,-22.738011],[-47.530544,-22.740076],[-47.530524,-22.742638]],[[-47.823933,-22.733146],[-47.822652,-22.732014]],[[-47.549158,-22.737756],[-47.550095,-22.737371]],[[-47.954057,-22.730764],[-47.952306,-22.731643]],[[-47.784298,-22.733813],[-47.786195,-22.731145]],[[-47.846203,-22.732696],[-47.851697,-22.729227],[-47.851965,-22.7273]],[[-47.779476,-22.733764],[-47.780242,-22.734085]],[[-47.779476,-22.733764],[-47.77985,-22.73312]],[[-47.75869,-22.734112],[-47.760571,-22.735206]],[[-47.75869,-22.734112],[-47.75869,-22.734107]],[[-47.69542,-22.735152],[-47.695882,-22.735368]],[[-47.69542,-22.735152],[-47.695992,-22.734903]],[[-47.695418,-22.735151],[-47.69542,-22.735152]],[[-47.529248,-22.737823],[-47.530498,-22.740137],[-47.530503,-22.742654]],[[-47.529345,-22.737772],[-47.531033,-22.738074]],[[-47.830393,-22.732693],[-47.83002,-22.732113]],[[-47.76363,-22.733798],[-47.762577,-22.734227]],[[-48.004091,-22.729437],[-48.004091,-22.729437]],[[-47.516404,-22.737856],[-47.516565,-22.738461],[-47.516404,-22.737856]],[[-47.941958,-22.730576],[-47.941958,-22.730576]],[[-47.8731,-22.731826],[-47.873626,-22.730742],[-47.873193,-22.731769]],[[-47.688804,-22.735028],[-47.690612,-22.73495]],[[-48.004086,-22.729398],[-48.002076,-22.725216],[-47.999077,-22.722662]],[[-47.531694,-22.73758],[-47.532105,-22.737163]],[[-47.529083,-22.737614],[-47.530157,-22.735349],[-47.529691,-22.733212],[-47.530733,-22.731809],[-47.529343,-22.730765],[-47.529962,-22.727029],[-47.528933,-22.726579]],[[-47.723104,-22.734389],[-47.721214,-22.737036]],[[-47.794068,-22.733122],[-47.795307,-22.730642]],[[-47.757455,-22.733745],[-47.757455,-22.733745]],[[-47.757477,-22.733743],[-47.757844,-22.733726]],[[-47.764593,-22.733617],[-47.763638,-22.733793],[-47.764287,-22.733596]],[[-47.668954,-22.735237],[-47.668101,-22.737097]],[[-47.754589,-22.733782],[-47.756809,-22.733175]],[[-47.668951,-22.735226],[-47.670365,-22.733847]],[[-47.915164,-22.730921],[-47.915167,-22.730921]],[[-47.915164,-22.730921],[-47.914259,-22.728949]],[[-47.527772,-22.737519],[-47.528931,-22.737208]],[[-47.668899,-22.73521],[-47.672233,-22.731705]],[[-47.764678,-22.733541],[-47.764678,-22.733541]],[[-47.862736,-22.731794],[-47.862736,-22.731794]],[[-47.863173,-22.731763],[-47.863173,-22.731763]],[[-47.768168,-22.733428],[-47.767735,-22.73312]],[[-47.764785,-22.733471],[-47.764678,-22.733541]],[[-47.772955,-22.733326],[-47.773289,-22.73274]],[[-47.528989,-22.737309],[-47.529122,-22.737593]],[[-47.972621,-22.729664],[-47.977507,-22.724904],[-47.980394,-22.724991],[-47.983463,-22.723354]],[[-47.707993,-22.734332],[-47.710169,-22.730948]],[[-47.764997,-22.733344],[-47.764951,-22.733392]],[[-47.690633,-22.734585],[-47.692151,-22.73551]],[[-47.708896,-22.734276],[-47.708729,-22.7337]],[[-47.829871,-22.732174],[-47.82995,-22.732086]],[[-47.757324,-22.733428],[-47.75869,-22.734112]],[[-47.757324,-22.733428],[-47.757324,-22.733433]],[[-47.989322,-22.729251],[-47.989322,-22.729251]],[[-47.764993,-22.733289],[-47.764993,-22.733289]],[[-47.764993,-22.733289],[-47.764993,-22.733287]],[[-47.534174,-22.737087],[-47.533394,-22.737007],[-47.534174,-22.737087]],[[-47.83002,-22.732113],[-47.830021,-22.732114]],[[-47.83002,-22.732113],[-47.82995,-22.732086]],[[-47.82995,-22.732086],[-47.83002,-22.732113]],[[-47.82995,-22.732086],[-47.829951,-22.732086]],[[-47.765523,-22.733207],[-47.766543,-22.736225]],[[-47.767735,-22.73312],[-47.767733,-22.733119]],[[-47.767735,-22.73312],[-47.767735,-22.73312]],[[-47.947738,-22.729892],[-47.947734,-22.729891]],[[-47.947738,-22.729892],[-47.947041,-22.729528]],[[-47.861115,-22.731441],[-47.861115,-22.731441]],[[-47.90788,-22.730569],[-47.913148,-22.727029]],[[-47.765528,-22.733078],[-47.765528,-22.733078]],[[-47.717139,-22.733908],[-47.717079,-22.732997]],[[-47.717193,-22.733902],[-47.716925,-22.734501],[-47.717193,-22.733902]],[[-47.533373,-22.736916],[-47.533727,-22.736287]],[[-47.829784,-22.731935],[-47.829581,-22.73134]],[[-47.591807,-22.73597],[-47.591636,-22.736179]],[[-47.591807,-22.73597],[-47.5924,-22.735841],[-47.591807,-22.73597]],[[-47.759961,-22.733144],[-47.760329,-22.735131]],[[-47.558163,-22.7365],[-47.559032,-22.73681]],[[-47.558163,-22.7365],[-47.559778,-22.742056]],[[-47.756809,-22.733175],[-47.756822,-22.733176]],[[-47.756809,-22.733175],[-47.757324,-22.733428]],[[-47.533852,-22.73686],[-47.53373,-22.736288]],[[-47.690845,-22.734221],[-47.690845,-22.734221]],[[-47.767544,-22.732902],[-47.765827,-22.732483]],[[-47.620232,-22.735384],[-47.619357,-22.737109]],[[-47.756769,-22.733083],[-47.756809,-22.733175]],[[-47.756769,-22.733083],[-47.756644,-22.733015]],[[-47.99274,-22.728835],[-47.992493,-22.727509]],[[-47.756771,-22.733078],[-47.756769,-22.733083]],[[-48.011887,-22.728466],[-48.009977,-22.72805]],[[-47.711104,-22.733855],[-47.712371,-22.730798]],[[-47.773931,-22.732756],[-47.773289,-22.73274]],[[-47.822256,-22.731904],[-47.821713,-22.731276]],[[-47.814158,-22.732038],[-47.815915,-22.731972],[-47.816523,-22.730615]],[[-47.773289,-22.73274],[-47.773287,-22.732743]],[[-47.773289,-22.73274],[-47.772955,-22.733326]],[[-47.82956,-22.73174],[-47.82956,-22.73174]],[[-47.965498,-22.729226],[-47.965893,-22.727587],[-47.963184,-22.724318]],[[-47.765961,-22.732788],[-47.765664,-22.733089]],[[-47.947041,-22.729528],[-47.947037,-22.729531]],[[-47.947041,-22.729528],[-47.944703,-22.728718]],[[-47.744488,-22.733129],[-47.744908,-22.732239]],[[-47.592458,-22.73564],[-47.592579,-22.735374]],[[-47.785973,-22.732342],[-47.787002,-22.73157]],[[-47.975114,-22.728905],[-47.975114,-22.728905]],[[-47.765968,-22.73266],[-47.765968,-22.73266]],[[-47.78628,-22.73228],[-47.787525,-22.732006]],[[-47.873628,-22.730731],[-47.875658,-22.729945]],[[-47.926467,-22.729753],[-47.926467,-22.729753]],[[-47.692756,-22.733863],[-47.69542,-22.735152]],[[-47.738866,-22.733045],[-47.740281,-22.733062]],[[-47.813984,-22.731722],[-47.813984,-22.731722]],[[-47.765769,-22.732496],[-47.765827,-22.732483]],[[-47.765827,-22.732483],[-47.76593,-22.732688]],[[-47.765827,-22.732483],[-47.765823,-22.732487]],[[-47.726952,-22.73315],[-47.726952,-22.73315]],[[-47.728164,-22.733127],[-47.7318,-22.731269]],[[-47.772759,-22.732354],[-47.775434,-22.732702]],[[-47.789482,-22.732019],[-47.79066,-22.731787]],[[-47.745594,-22.73275],[-47.745657,-22.734363]],[[-47.670584,-22.734003],[-47.670365,-22.733847]],[[-47.765732,-22.732375],[-47.764993,-22.733289]],[[-47.973537,-22.728591],[-47.973537,-22.728591]],[[-47.517825,-22.736422],[-47.519799,-22.739267]],[[-47.826936,-22.731248],[-47.825354,-22.730316]],[[-47.765684,-22.732314],[-47.765684,-22.732314]],[[-47.670365,-22.733847],[-47.672292,-22.731703]],[[-47.79066,-22.731787],[-47.79066,-22.731786]],[[-47.79066,-22.731787],[-47.792657,-22.729636]],[[-47.925721,-22.729361],[-47.92647,-22.727266],[-47.927973,-22.726562]],[[-47.778507,-22.731979],[-47.778143,-22.730183]],[[-47.925307,-22.729338],[-47.925307,-22.729338]],[[-47.745487,-22.732523],[-47.745516,-22.732565]],[[-47.628833,-22.734476],[-47.628595,-22.733236]],[[-47.628928,-22.734452],[-47.628656,-22.73325]],[[-47.985669,-22.728177],[-47.988205,-22.726528],[-47.989712,-22.721861]],[[-47.727785,-22.732785],[-47.727785,-22.732785]],[[-47.717135,-22.732948],[-47.717441,-22.732589]],[[-47.821747,-22.73111],[-47.821327,-22.730099]],[[-47.745431,-22.732412],[-47.745431,-22.732412]],[[-47.829385,-22.730941],[-47.828551,-22.730422],[-47.826939,-22.731248]],[[-47.671678,-22.733566],[-47.670785,-22.734127]],[[-47.829306,-22.730849],[-47.826955,-22.731271]],[[-47.854748,-22.730373],[-47.85792,-22.729992],[-47.859487,-22.731699]],[[-47.854748,-22.730373],[-47.851965,-22.7273]],[[-47.854747,-22.730373],[-47.854748,-22.730373]],[[-47.557616,-22.735388],[-47.558163,-22.7365]],[[-47.828544,-22.730819],[-47.827405,-22.731239],[-47.828544,-22.730819]],[[-47.533531,-22.735731],[-47.533729,-22.736287]],[[-47.829322,-22.730745],[-47.830592,-22.731439],[-47.831576,-22.730776],[-47.835717,-22.726199]],[[-47.875701,-22.729899],[-47.875701,-22.729899]],[[-47.748613,-22.732119],[-47.748364,-22.733031]],[[-47.765747,-22.731765],[-47.765766,-22.731775]],[[-47.717501,-22.732589],[-47.717542,-22.732275]],[[-47.717441,-22.732589],[-47.717441,-22.732589]],[[-47.751384,-22.731997],[-47.750113,-22.733701],[-47.747523,-22.732743],[-47.74589,-22.733444]],[[-47.822471,-22.730737],[-47.822471,-22.730737]],[[-47.875842,-22.729775],[-47.875882,-22.729685]],[[-47.55785,-22.735183],[-47.557651,-22.735077]],[[-47.716394,-22.732559],[-47.717129,-22.733025],[-47.716394,-22.732559]],[[-47.544179,-22.735383],[-47.544349,-22.736368],[-47.541234,-22.739213]],[[-47.544179,-22.735383],[-47.543502,-22.734978]],[[-47.755185,-22.731882],[-47.755194,-22.731884]],[[-47.755185,-22.731882],[-47.756769,-22.733083]],[[-47.875882,-22.729685],[-47.875878,-22.729688]],[[-47.875882,-22.729685],[-47.8757,-22.729474]],[[-47.953835,-22.728251],[-47.954912,-22.728503]],[[-47.557651,-22.735077],[-47.557638,-22.735229]],[[-47.857901,-22.729979],[-47.86036,-22.727814],[-47.860828,-22.725792]],[[-47.914259,-22.728949],[-47.914321,-22.729083]],[[-47.914259,-22.728949],[-47.91205,-22.724533]],[[-47.791573,-22.731128],[-47.79294,-22.732375]],[[-47.620977,-22.734013],[-47.62025,-22.735381]],[[-47.620959,-22.734003],[-47.620239,-22.73537]],[[-47.753782,-22.731757],[-47.755185,-22.731882]],[[-47.876161,-22.729522],[-47.88071,-22.730218],[-47.885513,-22.729598],[-47.88559,-22.725551],[-47.886766,-22.725291],[-47.886979,-22.72402],[-47.89217,-22.718966],[-47.894879,-22.713459]],[[-47.766011,-22.731445],[-47.766009,-22.731446]],[[-47.766011,-22.731445],[-47.766011,-22.731445]],[[-47.8757,-22.729474],[-47.875701,-22.729475]],[[-47.8757,-22.729474],[-47.875882,-22.729685]],[[-48.008769,-22.727021],[-48.008765,-22.72702]],[[-48.008765,-22.72702],[-48.008844,-22.726933]],[[-48.008765,-22.72702],[-48.007114,-22.723829],[-48.007803,-22.725015]],[[-47.992481,-22.7273],[-47.992389,-22.726948]],[[-47.533336,-22.735231],[-47.529888,-22.733103]],[[-47.621096,-22.733812],[-47.621971,-22.732881]],[[-47.757606,-22.731508],[-47.757324,-22.733428]],[[-47.947752,-22.728106],[-47.947041,-22.729528]],[[-48.008996,-22.72696],[-48.008997,-22.726961]],[[-48.008996,-22.72696],[-48.008996,-22.72696]],[[-47.990164,-22.727293],[-47.991917,-22.726582]],[[-47.700632,-22.73245],[-47.697916,-22.730907]],[[-47.732376,-22.731906],[-47.731425,-22.730019]],[[-47.992571,-22.727242],[-47.994072,-22.727043]],[[-47.518204,-22.73542],[-47.521945,-22.731064]],[[-47.816421,-22.730405],[-47.818596,-22.733904]],[[-47.992351,-22.727205],[-47.992215,-22.726563]],[[-47.875606,-22.72934],[-47.8757,-22.729474]],[[-47.954089,-22.727859],[-47.950394,-22.728691],[-47.949051,-22.730218]],[[-47.737577,-22.731713],[-47.738998,-22.730781],[-47.741399,-22.731378]],[[-47.550362,-22.734757],[-47.549063,-22.737889],[-47.547898,-22.738096]],[[-47.875745,-22.72922],[-47.875735,-22.729207]],[[-47.875735,-22.729207],[-47.875735,-22.729207]],[[-47.875735,-22.729207],[-47.874366,-22.72565]],[[-47.775183,-22.730963],[-47.778163,-22.730179]],[[-47.825099,-22.730046],[-47.824425,-22.72932],[-47.822422,-22.730081],[-47.823563,-22.729732]],[[-47.822406,-22.730082],[-47.821037,-22.730037]],[[-47.967005,-22.72742],[-47.967005,-22.72742]],[[-47.766276,-22.731013],[-47.766011,-22.731445]],[[-47.821037,-22.730037],[-47.81775,-22.729225]],[[-47.757694,-22.73114],[-47.757696,-22.731341]],[[-47.91984,-22.728249],[-47.914338,-22.728973]],[[-47.702371,-22.732054],[-47.701229,-22.727547]],[[-47.965779,-22.727373],[-47.967083,-22.727261]],[[-47.717526,-22.731754],[-47.717526,-22.731754]],[[-47.621195,-22.73336],[-47.621051,-22.733787]],[[-47.621218,-22.733346],[-47.621938,-22.732829]],[[-47.816459,-22.730012],[-47.81773,-22.729333]],[[-47.543166,-22.734595],[-47.543054,-22.734472]],[[-48.010395,-22.726424],[-48.009169,-22.727165]],[[-47.628642,-22.733158],[-47.628127,-22.732003]],[[-47.766199,-22.73078],[-47.766884,-22.730182]],[[-47.543054,-22.734472],[-47.543182,-22.734608]],[[-47.543054,-22.734472],[-47.542973,-22.734301]],[[-47.825006,-22.729619],[-47.82661,-22.727261]],[[-47.542973,-22.734301],[-47.543054,-22.734472]],[[-47.542973,-22.734301],[-47.542957,-22.734283]],[[-47.542957,-22.734283],[-47.543172,-22.734615]],[[-47.542957,-22.734283],[-47.542904,-22.734225]],[[-47.833496,-22.729389],[-47.835983,-22.728828],[-47.837147,-22.7271]],[[-47.725351,-22.731265],[-47.724929,-22.730164]],[[-47.527808,-22.734509],[-47.52692,-22.734697]],[[-47.994076,-22.726422],[-47.994076,-22.726422]],[[-47.781041,-22.730262],[-47.782132,-22.73213]],[[-47.528,-22.734455],[-47.52982,-22.733887]],[[-47.542876,-22.734217],[-47.542957,-22.734283]],[[-47.542887,-22.734202],[-47.542973,-22.734301]],[[-47.542841,-22.734183],[-47.542824,-22.734142]],[[-47.592471,-22.733365],[-47.592492,-22.733309]],[[-47.788715,-22.730045],[-47.790177,-22.728672],[-47.79257,-22.729623]],[[-47.542824,-22.734142],[-47.542872,-22.734189]],[[-47.542824,-22.734142],[-47.542631,-22.733987]],[[-47.958814,-22.726975],[-47.958205,-22.724002]],[[-47.62195,-22.732847],[-47.621956,-22.732867]],[[-47.592495,-22.733322],[-47.592492,-22.733309]],[[-47.59251,-22.733321],[-47.592501,-22.733286]],[[-47.542786,-22.734111],[-47.542824,-22.734142]],[[-47.542786,-22.734111],[-47.542837,-22.73419]],[[-47.592492,-22.733309],[-47.592501,-22.733286]],[[-47.592492,-22.733309],[-47.592485,-22.73328]],[[-47.778163,-22.730179],[-47.778173,-22.730179]],[[-47.778163,-22.730179],[-47.778444,-22.730092]],[[-47.592501,-22.733286],[-47.592498,-22.733277]],[[-47.592501,-22.733286],[-47.592507,-22.73327]],[[-47.542753,-22.734085],[-47.542786,-22.734111]],[[-47.542753,-22.734085],[-47.542786,-22.734111]],[[-47.991894,-22.726293],[-47.992563,-22.722743]],[[-47.765449,-22.730352],[-47.763664,-22.729243],[-47.757765,-22.729209]],[[-47.542704,-22.734046],[-47.542753,-22.734085]],[[-47.542704,-22.734046],[-47.542753,-22.734085]],[[-47.765552,-22.730337],[-47.766199,-22.73078]],[[-47.582598,-22.733386],[-47.58343,-22.735394]],[[-47.778444,-22.730092],[-47.778443,-22.730091]],[[-47.778444,-22.730092],[-47.778163,-22.730179]],[[-47.770998,-22.730221],[-47.770998,-22.730221]],[[-47.542659,-22.734009],[-47.542704,-22.734046]],[[-47.542659,-22.734009],[-47.542704,-22.734046]],[[-47.542631,-22.733987],[-47.542659,-22.734009]],[[-47.542631,-22.733987],[-47.542295,-22.733466]],[[-47.778672,-22.73004],[-47.778444,-22.730092]],[[-47.817792,-22.729332],[-47.821037,-22.730037]],[[-47.628227,-22.732547],[-47.628324,-22.732495]],[[-47.778723,-22.729978],[-47.77995,-22.7297]],[[-47.766884,-22.730182],[-47.766199,-22.73078]],[[-47.592465,-22.733103],[-47.5923,-22.732833]],[[-47.778687,-22.729967],[-47.778687,-22.729967]],[[-47.817687,-22.729269],[-47.816033,-22.72959],[-47.813695,-22.723611],[-47.815846,-22.722392]],[[-47.628324,-22.732495],[-47.628578,-22.733143]],[[-47.592515,-22.733064],[-47.592601,-22.732912]],[[-47.759349,-22.730247],[-47.759543,-22.728986]],[[-48.01706,-22.725559],[-48.01706,-22.725559]],[[-47.713122,-22.730957],[-47.707185,-22.730792]],[[-47.709195,-22.731005],[-47.708758,-22.73151]],[[-47.672284,-22.731616],[-47.672238,-22.727746]],[[-47.672229,-22.731617],[-47.672138,-22.727748]],[[-47.767042,-22.72998],[-47.766884,-22.730182]],[[-47.780075,-22.729743],[-47.783061,-22.730471]],[[-47.940919,-22.726854],[-47.943733,-22.72406]],[[-47.908597,-22.727438],[-47.91205,-22.724533]],[[-47.951283,-22.726655],[-47.951283,-22.726655]],[[-47.780041,-22.729704],[-47.780041,-22.729704]],[[-47.767026,-22.729918],[-47.767026,-22.729918]],[[-47.767026,-22.729918],[-47.767026,-22.729915]],[[-47.994206,-22.725803],[-47.992594,-22.724906]],[[-47.592315,-22.732828],[-47.592478,-22.733102]],[[-47.875745,-22.727967],[-47.87646,-22.72666],[-47.879333,-22.725455]],[[-47.787316,-22.729526],[-47.786573,-22.727923]],[[-47.760988,-22.729955],[-47.761516,-22.729258]],[[-47.567481,-22.733175],[-47.568431,-22.735127]],[[-47.859847,-22.728202],[-47.861386,-22.728468]],[[-47.697714,-22.730922],[-47.697007,-22.730733]],[[-47.542295,-22.733466],[-47.542631,-22.733987]],[[-47.542295,-22.733466],[-47.542252,-22.733435]],[[-47.697916,-22.730907],[-47.697917,-22.730908]],[[-47.697916,-22.730907],[-47.697916,-22.730907]],[[-47.567361,-22.733055],[-47.566586,-22.731945]],[[-47.716552,-22.730585],[-47.717451,-22.731857]],[[-47.548919,-22.733343],[-47.545964,-22.736281]],[[-47.773632,-22.729591],[-47.77635,-22.731854],[-47.77541,-22.732957],[-47.776076,-22.734274]],[[-47.618019,-22.732217],[-47.620363,-22.733087]],[[-47.542252,-22.733435],[-47.542295,-22.733466]],[[-47.542252,-22.733435],[-47.54224,-22.733427]],[[-47.628062,-22.73204],[-47.628324,-22.732495]],[[-47.54224,-22.733427],[-47.542252,-22.733435]],[[-47.54224,-22.733427],[-47.542223,-22.733421]],[[-47.542223,-22.733421],[-47.54224,-22.733427]],[[-47.542223,-22.733421],[-47.542201,-22.733413]],[[-47.542201,-22.733413],[-47.542223,-22.733421]],[[-47.542201,-22.733413],[-47.542003,-22.733344]],[[-47.767277,-22.729668],[-47.767591,-22.729515]],[[-47.754316,-22.729883],[-47.755185,-22.731882]],[[-47.69624,-22.730873],[-47.693078,-22.730921]],[[-47.693078,-22.730921],[-47.693391,-22.732352]],[[-47.693078,-22.730921],[-47.693076,-22.730922]],[[-47.542136,-22.73339],[-47.542201,-22.733413]],[[-47.542136,-22.73339],[-47.542659,-22.734009]],[[-47.716573,-22.730512],[-47.71583,-22.730519]],[[-47.716549,-22.730503],[-47.715842,-22.730515]],[[-47.542056,-22.733362],[-47.542136,-22.73339]],[[-47.542056,-22.733362],[-47.542136,-22.73339]],[[-47.628005,-22.731963],[-47.627145,-22.730153]],[[-47.542003,-22.733344],[-47.542056,-22.733362]],[[-47.542003,-22.733344],[-47.541755,-22.733249]],[[-47.715785,-22.730483],[-47.713244,-22.730912]],[[-47.716647,-22.730467],[-47.71678,-22.729045]],[[-47.773371,-22.72945],[-47.772114,-22.728461],[-47.772793,-22.727487],[-47.772238,-22.725838],[-47.770383,-22.725542],[-47.769755,-22.723718],[-47.771091,-22.720211],[-47.774387,-22.718142],[-47.77495,-22.714729],[-47.777597,-22.712913],[-47.776091,-22.711784],[-47.776512,-22.710945],[-47.780143,-22.709619],[-47.779482,-22.707727],[-47.780418,-22.706238],[-47.778014,-22.705108],[-47.777757,-22.702185],[-47.778802,-22.7013],[-47.779004,-22.698665],[-47.778318,-22.698519],[-47.780475,-22.696284],[-47.780428,-22.69514]],[[-47.615906,-22.732077],[-47.615906,-22.732077]],[[-47.697011,-22.730722],[-47.696998,-22.730666]],[[-47.69698,-22.730717],[-47.696239,-22.730835],[-47.69698,-22.730717]],[[-47.76754,-22.729502],[-47.767026,-22.729918]],[[-47.541755,-22.733249],[-47.542003,-22.733344]],[[-47.541755,-22.733249],[-47.541716,-22.733236]],[[-47.541716,-22.733236],[-47.541755,-22.733249]],[[-47.541716,-22.733236],[-47.541266,-22.733078]],[[-47.704234,-22.730537],[-47.703309,-22.727923]],[[-47.527903,-22.733389],[-47.527176,-22.733452]],[[-47.731292,-22.729964],[-47.730949,-22.729602]],[[-47.737141,-22.729857],[-47.741021,-22.727365],[-47.742927,-22.727468]],[[-47.724992,-22.730065],[-47.725591,-22.728057]],[[-47.541243,-22.73308],[-47.542056,-22.733362]],[[-47.541243,-22.73308],[-47.541151,-22.733088]],[[-47.541266,-22.733078],[-47.541243,-22.73308]],[[-47.541266,-22.733078],[-47.540891,-22.732953]],[[-47.541487,-22.733071],[-47.541716,-22.733236]],[[-47.541487,-22.733071],[-47.541266,-22.733078]],[[-47.506632,-22.73361],[-47.504804,-22.731267]],[[-47.97682,-22.725518],[-47.973791,-22.722782]],[[-47.767714,-22.729262],[-47.76764,-22.729537]],[[-48.014115,-22.72473],[-48.014595,-22.725489],[-48.014115,-22.72473]],[[-47.540891,-22.732953],[-47.541487,-22.733071]],[[-47.540891,-22.732953],[-47.5408,-22.732926]],[[-47.793794,-22.728724],[-47.792567,-22.729627]],[[-47.736943,-22.72969],[-47.736943,-22.72969]],[[-47.529888,-22.733103],[-47.530195,-22.735587],[-47.529001,-22.737298]],[[-47.529888,-22.733103],[-47.529888,-22.733101]],[[-47.5408,-22.732926],[-47.540891,-22.732953]],[[-47.5408,-22.732926],[-47.540759,-22.732914]],[[-47.540759,-22.732914],[-47.5408,-22.732926]],[[-47.540759,-22.732914],[-47.540694,-22.732895]],[[-47.540694,-22.732895],[-47.540759,-22.732914]],[[-47.540694,-22.732895],[-47.540638,-22.732878]],[[-47.807688,-22.728419],[-47.805991,-22.729205]],[[-47.807688,-22.728419],[-47.807845,-22.728343]],[[-47.80769,-22.728417],[-47.807688,-22.728419]],[[-47.768169,-22.729106],[-47.768082,-22.729157]],[[-47.540638,-22.732878],[-47.540694,-22.732895]],[[-47.540638,-22.732878],[-47.540037,-22.732645]],[[-47.767985,-22.729075],[-47.767836,-22.729121]],[[-47.749182,-22.72939],[-47.745012,-22.727442]],[[-47.542216,-22.732772],[-47.541487,-22.733071]],[[-47.540383,-22.732797],[-47.540638,-22.732878]],[[-47.540383,-22.732797],[-47.541243,-22.73308]],[[-47.540291,-22.732765],[-47.540383,-22.732797]],[[-47.540291,-22.732765],[-47.540383,-22.732797]],[[-48.015201,-22.724502],[-48.016355,-22.725139],[-48.015201,-22.724502]],[[-47.939864,-22.725895],[-47.942156,-22.723158]],[[-47.540197,-22.732725],[-47.540291,-22.732765]],[[-47.540197,-22.732725],[-47.540291,-22.732765]],[[-47.540095,-22.732681],[-47.540197,-22.732725]],[[-47.540095,-22.732681],[-47.540197,-22.732725]],[[-47.823072,-22.727924],[-47.823347,-22.729599]],[[-47.933983,-22.725911],[-47.934002,-22.72591]],[[-47.933983,-22.725911],[-47.939897,-22.720697]],[[-47.540037,-22.732645],[-47.540095,-22.732681]],[[-47.540037,-22.732645],[-47.539839,-22.73253]],[[-47.708321,-22.729867],[-47.708488,-22.730595]],[[-47.54299,-22.732553],[-47.54299,-22.732553]],[[-47.601637,-22.731603],[-47.601583,-22.731479]],[[-47.539816,-22.732583],[-47.543176,-22.734677]],[[-47.678945,-22.730308],[-47.677629,-22.730074]],[[-47.730898,-22.729421],[-47.730416,-22.72817]],[[-47.581901,-22.731895],[-47.582602,-22.733382]],[[-47.581901,-22.731895],[-47.581901,-22.731895]],[[-47.851965,-22.7273],[-47.851959,-22.727292]],[[-47.851965,-22.7273],[-47.84985,-22.723234],[-47.8488,-22.717244]],[[-47.76851,-22.728756],[-47.76758,-22.729585],[-47.768151,-22.729194]],[[-47.539821,-22.732541],[-47.540095,-22.732681]],[[-47.810435,-22.727994],[-47.807688,-22.728419]],[[-47.542713,-22.732466],[-47.542713,-22.732466]],[[-47.80953,-22.727931],[-47.808036,-22.729508]],[[-47.601536,-22.731422],[-47.600285,-22.729795]],[[-47.539841,-22.732398],[-47.540037,-22.732645]],[[-47.538588,-22.732397],[-47.538947,-22.731927]],[[-47.542801,-22.732323],[-47.542216,-22.732772]],[[-47.542801,-22.732323],[-47.542216,-22.732772]],[[-47.625261,-22.730966],[-47.622193,-22.732701]],[[-48.0181,-22.72401],[-48.018674,-22.72528],[-48.019182,-22.724549],[-48.0181,-22.72401]],[[-47.810678,-22.727777],[-47.812054,-22.727654],[-47.812658,-22.72619]],[[-47.810665,-22.727776],[-47.810573,-22.727935]],[[-47.625268,-22.730927],[-47.622185,-22.732679]],[[-48.009837,-22.72413],[-48.009837,-22.72413]],[[-47.8685,-22.726728],[-47.8685,-22.726728]],[[-47.538602,-22.73228],[-47.538947,-22.731927]],[[-47.709874,-22.729452],[-47.7112,-22.730935]],[[-47.781904,-22.728183],[-47.77983,-22.729632]],[[-47.945856,-22.725196],[-47.944542,-22.725601],[-47.942156,-22.723158]],[[-47.925671,-22.725544],[-47.926032,-22.726614],[-47.933983,-22.725911]],[[-47.863758,-22.726642],[-47.863758,-22.726642]],[[-48.018054,-22.723784],[-48.019746,-22.724086],[-48.018054,-22.723784]],[[-47.768212,-22.728301],[-47.768212,-22.728301]],[[-47.711453,-22.729262],[-47.712531,-22.730702]],[[-47.889217,-22.726136],[-47.88837,-22.723099]],[[-48.013296,-22.723838],[-48.013296,-22.723838]],[[-47.539162,-22.732027],[-47.538968,-22.73185]],[[-47.757711,-22.728403],[-47.75802,-22.729016]],[[-47.973396,-22.72452],[-47.975172,-22.723842]],[[-47.781785,-22.72793],[-47.783994,-22.728911]],[[-47.71678,-22.729045],[-47.716683,-22.730481]],[[-47.71678,-22.729045],[-47.716784,-22.729044]],[[-48.00711,-22.72384],[-48.005763,-22.72287]],[[-47.521475,-22.732238],[-47.521244,-22.733504]],[[-47.788759,-22.727779],[-47.786962,-22.726339]],[[-47.538947,-22.731927],[-47.538942,-22.731853]],[[-47.538947,-22.731927],[-47.538968,-22.73185]],[[-47.722162,-22.728894],[-47.721098,-22.727904]],[[-47.768277,-22.728099],[-47.768214,-22.728292]],[[-47.520868,-22.732052],[-47.516493,-22.734067]],[[-47.925399,-22.725156],[-47.925399,-22.725156]],[[-47.743313,-22.728379],[-47.743796,-22.730818],[-47.745417,-22.732414]],[[-48.014358,-22.723478],[-48.014358,-22.723478]],[[-47.557036,-22.73143],[-47.557651,-22.735077]],[[-48.009757,-22.723533],[-48.009757,-22.723533]],[[-48.018428,-22.723329],[-48.020372,-22.723749],[-48.018428,-22.723329]],[[-47.538103,-22.731651],[-47.539182,-22.732007]],[[-47.538103,-22.731651],[-47.538102,-22.731654]],[[-47.963184,-22.724318],[-47.963178,-22.72432]],[[-47.963184,-22.724318],[-47.961665,-22.724121]],[[-47.767761,-22.727816],[-47.769032,-22.727421]],[[-47.767761,-22.727816],[-47.76734,-22.72734],[-47.767761,-22.727816]],[[-47.767755,-22.727813],[-47.767761,-22.727816]],[[-47.695192,-22.729039],[-47.693173,-22.728783]],[[-48.01812,-22.723211],[-48.017255,-22.722637],[-48.01812,-22.723211]],[[-47.86511,-22.726001],[-47.866826,-22.724737],[-47.868979,-22.725639],[-47.874367,-22.725663]],[[-47.730464,-22.728356],[-47.728436,-22.729817]],[[-47.851098,-22.726248],[-47.852582,-22.726689],[-47.857587,-22.724724]],[[-47.529841,-22.731658],[-47.528212,-22.732912]],[[-48.013772,-22.723247],[-48.013201,-22.723575],[-48.013772,-22.723247]],[[-48.014956,-22.723165],[-48.015487,-22.723531],[-48.014956,-22.723165]],[[-48.015602,-22.723129],[-48.016427,-22.72345],[-48.015602,-22.723129]],[[-47.761108,-22.727726],[-47.761999,-22.729158]],[[-48.008681,-22.723249],[-48.008681,-22.723249]],[[-47.961665,-22.724121],[-47.961663,-22.724125]],[[-47.961665,-22.724121],[-47.958896,-22.724009]],[[-47.593378,-22.730505],[-47.592681,-22.724557]],[[-47.565841,-22.730926],[-47.56508,-22.729602]],[[-47.73124,-22.728151],[-47.731812,-22.728455],[-47.73124,-22.728151]],[[-47.693016,-22.7288],[-47.69259,-22.728982]],[[-47.732278,-22.728127],[-47.732279,-22.728127]],[[-47.732278,-22.728127],[-47.732278,-22.728127]],[[-47.768458,-22.727503],[-47.768284,-22.728097],[-47.768459,-22.727509]],[[-48.017007,-22.72299],[-48.017896,-22.723671],[-48.017007,-22.72299]],[[-47.731253,-22.728123],[-47.730638,-22.728659]],[[-47.627313,-22.729861],[-47.627145,-22.730085]],[[-47.800454,-22.726912],[-47.800855,-22.727942]],[[-47.760969,-22.727598],[-47.760969,-22.727598]],[[-47.627401,-22.729848],[-47.628083,-22.731919]],[[-47.62731,-22.729849],[-47.626984,-22.726037]],[[-47.627397,-22.729837],[-47.627081,-22.726005]],[[-47.769032,-22.727421],[-47.768515,-22.728811],[-47.769128,-22.727091]],[[-47.769032,-22.727421],[-47.769033,-22.727421]],[[-47.958896,-22.724009],[-47.958205,-22.724002]],[[-47.755506,-22.727628],[-47.753322,-22.725247]],[[-47.958205,-22.724002],[-47.958206,-22.723999]],[[-47.958205,-22.724002],[-47.951396,-22.724112],[-47.949167,-22.722897]],[[-47.730392,-22.728057],[-47.730003,-22.727034]],[[-47.964066,-22.723833],[-47.964064,-22.723837]],[[-47.964066,-22.723833],[-47.963184,-22.724318]],[[-47.790349,-22.726947],[-47.794159,-22.725787]],[[-47.725578,-22.728006],[-47.728762,-22.72511]],[[-47.966941,-22.723694],[-47.967961,-22.723894]],[[-47.800221,-22.726704],[-47.800221,-22.726704]],[[-47.800393,-22.726683],[-47.80057,-22.726242]],[[-47.983816,-22.723339],[-47.992138,-22.721214]],[[-47.768968,-22.727195],[-47.768873,-22.726735]],[[-47.743032,-22.727636],[-47.743217,-22.728186]],[[-47.766954,-22.727209],[-47.766954,-22.727209]],[[-47.964945,-22.723617],[-47.964066,-22.723833]],[[-47.758906,-22.727297],[-47.759044,-22.729003]],[[-47.966817,-22.72357],[-47.966817,-22.72357]],[[-47.683315,-22.72857],[-47.685305,-22.727629]],[[-48.01918,-22.722562],[-48.020877,-22.723286],[-48.01918,-22.722562]],[[-47.769128,-22.727091],[-47.769127,-22.727097]],[[-47.769128,-22.727091],[-47.769032,-22.727421]],[[-47.721098,-22.727904],[-47.721098,-22.727904]],[[-47.91205,-22.724533],[-47.912056,-22.724532]],[[-47.91205,-22.724533],[-47.911315,-22.722024]],[[-47.966811,-22.723518],[-47.965322,-22.723695]],[[-47.744959,-22.727434],[-47.743762,-22.726906]],[[-47.716799,-22.727881],[-47.71678,-22.729045]],[[-47.688032,-22.728362],[-47.688552,-22.7282]],[[-47.521945,-22.731064],[-47.521946,-22.731064]],[[-47.521945,-22.731064],[-47.52229,-22.730107],[-47.521566,-22.729926],[-47.522932,-22.729336],[-47.523398,-22.730161],[-47.522331,-22.730862]],[[-47.778732,-22.726797],[-47.778689,-22.729964]],[[-47.600285,-22.729795],[-47.602043,-22.73302]],[[-48.017811,-22.72241],[-48.016622,-22.722086],[-48.018263,-22.721961],[-48.017811,-22.72241]],[[-47.721131,-22.727726],[-47.720337,-22.726808]],[[-47.697413,-22.728118],[-47.695026,-22.728727],[-47.69586,-22.728617]],[[-47.782129,-22.726656],[-47.781576,-22.728052]],[[-47.73405,-22.727485],[-47.732278,-22.728127]],[[-47.782025,-22.726622],[-47.782025,-22.726622]],[[-47.688765,-22.728149],[-47.690562,-22.727215]],[[-47.522331,-22.730862],[-47.521597,-22.732019]],[[-47.522331,-22.730862],[-47.521945,-22.731064]],[[-47.522337,-22.730858],[-47.522331,-22.730862]],[[-47.557166,-22.730207],[-47.557366,-22.729103]],[[-47.993079,-22.72263],[-47.994222,-22.72172]],[[-47.703263,-22.727792],[-47.702366,-22.726623]],[[-47.786962,-22.726339],[-47.785864,-22.729683]],[[-47.786962,-22.726339],[-47.78696,-22.726338]],[[-47.536273,-22.730503],[-47.538122,-22.728544]],[[-47.675252,-22.728233],[-47.672755,-22.728068]],[[-47.743655,-22.726983],[-47.7431,-22.727543]],[[-47.768956,-22.726529],[-47.770303,-22.724676]],[[-47.743762,-22.726906],[-47.74376,-22.726906]],[[-47.743762,-22.726906],[-47.743643,-22.72686]],[[-47.843568,-22.725159],[-47.849885,-22.722555]],[[-47.535753,-22.730332],[-47.538968,-22.73185]],[[-47.716971,-22.727338],[-47.716654,-22.727637]],[[-47.535777,-22.730303],[-47.538103,-22.731651]],[[-47.769005,-22.726424],[-47.769128,-22.727091]],[[-47.961553,-22.722895],[-47.961665,-22.724121]],[[-47.516096,-22.730518],[-47.515552,-22.731007]],[[-47.600249,-22.72914],[-47.600285,-22.729795]],[[-47.886808,-22.724214],[-47.883523,-22.723081],[-47.882911,-22.721766],[-47.883612,-22.72063]],[[-47.607814,-22.728987],[-47.608761,-22.730275]],[[-47.794176,-22.725826],[-47.795809,-22.726866]],[[-47.748164,-22.726616],[-47.745027,-22.724651]],[[-47.942156,-22.723158],[-47.942157,-22.723153]],[[-47.942156,-22.723158],[-47.939406,-22.719929],[-47.937074,-22.714189],[-47.936797,-22.712667],[-47.938799,-22.709956]],[[-47.600247,-22.729089],[-47.600522,-22.727823],[-47.600252,-22.728966]],[[-47.729962,-22.726923],[-47.728657,-22.724915]],[[-47.738,-22.726766],[-47.739587,-22.728207]],[[-47.766288,-22.726258],[-47.766954,-22.727209]],[[-47.766256,-22.726246],[-47.765197,-22.725914],[-47.766253,-22.726239]],[[-47.607757,-22.72885],[-47.60564,-22.725272]],[[-47.880626,-22.72416],[-47.880888,-22.723876]],[[-47.744028,-22.72656],[-47.743762,-22.726906]],[[-47.949169,-22.722899],[-47.949167,-22.722897]],[[-47.949167,-22.722897],[-47.949799,-22.721238]],[[-47.949167,-22.722897],[-47.942203,-22.71898],[-47.939267,-22.719365]],[[-47.700055,-22.727297],[-47.699597,-22.727638]],[[-47.701344,-22.727269],[-47.701125,-22.726311]],[[-48.019184,-22.721566],[-48.018971,-22.722424],[-48.019184,-22.721566]],[[-47.866955,-22.724364],[-47.867254,-22.724748]],[[-47.866955,-22.724364],[-47.866955,-22.724366]],[[-47.720131,-22.726929],[-47.720066,-22.726541]],[[-47.831003,-22.724965],[-47.826602,-22.723312]],[[-47.959281,-22.722638],[-47.958896,-22.724009]],[[-47.685464,-22.727439],[-47.686169,-22.726366]],[[-47.672251,-22.727651],[-47.670539,-22.724742]],[[-47.672137,-22.727652],[-47.670505,-22.724798]],[[-47.720311,-22.726834],[-47.720311,-22.726834]],[[-47.685384,-22.727424],[-47.685384,-22.727424]],[[-47.99584,-22.721875],[-48.006081,-22.723073],[-48.008482,-22.720329]],[[-47.800449,-22.725395],[-47.800452,-22.725394]],[[-47.800452,-22.725394],[-47.800568,-22.726238]],[[-47.800452,-22.725394],[-47.802528,-22.726275],[-47.802778,-22.72778]],[[-47.700394,-22.727106],[-47.701125,-22.726311]],[[-47.800344,-22.725378],[-47.800452,-22.725394]],[[-47.545775,-22.72963],[-47.542801,-22.732323]],[[-47.982942,-22.722044],[-47.983901,-22.723308]],[[-47.80003,-22.725343],[-47.80003,-22.725343]],[[-47.800881,-22.725325],[-47.802414,-22.725545]],[[-47.52159,-22.729958],[-47.516504,-22.730484]],[[-47.880888,-22.723876],[-47.880887,-22.723876]],[[-47.880888,-22.723876],[-47.880888,-22.723876]],[[-47.915153,-22.723252],[-47.915156,-22.723248]],[[-47.800057,-22.725307],[-47.799291,-22.724931]],[[-47.915156,-22.723248],[-47.912068,-22.724215]],[[-47.915156,-22.723248],[-47.917836,-22.720738]],[[-47.523349,-22.72991],[-47.524762,-22.729159]],[[-47.700218,-22.727013],[-47.700218,-22.727013]],[[-47.994428,-22.721721],[-47.994551,-22.721618]],[[-47.744329,-22.726212],[-47.744206,-22.726455]],[[-47.994222,-22.72172],[-47.994222,-22.721721]],[[-47.994222,-22.72172],[-47.994222,-22.72172]],[[-47.880969,-22.723797],[-47.882234,-22.72205],[-47.883005,-22.722469]],[[-47.915258,-22.723124],[-47.915282,-22.723123]],[[-47.784688,-22.725429],[-47.784688,-22.725429]],[[-47.784708,-22.725422],[-47.786692,-22.72524],[-47.788348,-22.722606]],[[-47.725247,-22.726446],[-47.72647,-22.726878]],[[-47.725247,-22.726446],[-47.725247,-22.726446]],[[-47.725242,-22.726445],[-47.725247,-22.726446]],[[-47.991829,-22.721639],[-47.991829,-22.721639]],[[-47.720019,-22.726485],[-47.719568,-22.725765]],[[-47.865106,-22.723934],[-47.866955,-22.724364]],[[-47.762747,-22.725732],[-47.762747,-22.725732]],[[-47.814317,-22.724808],[-47.813619,-22.725889],[-47.810721,-22.726263]],[[-47.503752,-22.729937],[-47.504803,-22.731264]],[[-47.503752,-22.729937],[-47.506189,-22.729621],[-47.508278,-22.730692]],[[-47.905979,-22.723124],[-47.910326,-22.719941]],[[-47.69308,-22.726826],[-47.69308,-22.726826]],[[-47.717077,-22.726419],[-47.716972,-22.727338],[-47.717077,-22.726419]],[[-47.717031,-22.726377],[-47.717613,-22.725452]],[[-47.799291,-22.724931],[-47.798116,-22.725563],[-47.795421,-22.72406]],[[-47.50569,-22.729768],[-47.507132,-22.731936]],[[-47.919381,-22.72274],[-47.91745,-22.723617],[-47.915156,-22.723248]],[[-47.702245,-22.726532],[-47.701158,-22.725101],[-47.701565,-22.722638]],[[-47.993583,-22.721329],[-47.993585,-22.721332]],[[-47.993583,-22.721329],[-47.993583,-22.721329]],[[-47.993669,-22.721296],[-47.99557,-22.721875]],[[-47.983922,-22.721454],[-47.984285,-22.723081]],[[-48.054897,-22.720107],[-48.056161,-22.719274]],[[-47.786911,-22.724941],[-47.786962,-22.726339]],[[-47.977677,-22.721496],[-47.977685,-22.721497]],[[-47.977677,-22.721496],[-47.978643,-22.72458]],[[-47.710672,-22.726191],[-47.71663,-22.727497]],[[-47.502389,-22.729578],[-47.503931,-22.728589],[-47.504609,-22.726638],[-47.50588,-22.726411]],[[-47.701125,-22.726311],[-47.701125,-22.72631]],[[-47.701125,-22.726311],[-47.701154,-22.726197]],[[-47.683396,-22.726597],[-47.684316,-22.725981]],[[-47.486659,-22.729701],[-47.491562,-22.721395],[-47.491234,-22.711086],[-47.500804,-22.70273],[-47.499636,-22.700577],[-47.498435,-22.700652]],[[-47.992146,-22.721019],[-47.992259,-22.720671]],[[-47.952288,-22.721739],[-47.95112,-22.723968]],[[-47.822311,-22.724081],[-47.816187,-22.722817]],[[-47.600215,-22.727837],[-47.602258,-22.722511],[-47.604886,-22.724426]],[[-47.799594,-22.724457],[-47.799291,-22.724931]],[[-47.699273,-22.726179],[-47.700333,-22.725641]],[[-47.630198,-22.727278],[-47.628772,-22.727647]],[[-47.822356,-22.723991],[-47.822356,-22.724]],[[-47.822356,-22.723991],[-47.822471,-22.724132]],[[-47.823674,-22.723906],[-47.822356,-22.723991]],[[-47.720309,-22.725638],[-47.720563,-22.725436]],[[-47.525672,-22.72883],[-47.525674,-22.728826]],[[-47.525674,-22.728826],[-47.524108,-22.729627],[-47.525674,-22.728826]],[[-47.525674,-22.728826],[-47.526942,-22.727198],[-47.527484,-22.72774],[-47.528484,-22.727018]],[[-47.525189,-22.728815],[-47.525138,-22.728871]],[[-47.720284,-22.725595],[-47.720284,-22.725595]],[[-47.706541,-22.725823],[-47.70767,-22.728216]],[[-47.771225,-22.724713],[-47.771225,-22.724713]],[[-47.955173,-22.721398],[-47.954151,-22.720546]],[[-47.992259,-22.720671],[-47.993583,-22.721329]],[[-47.992259,-22.720671],[-47.992678,-22.718003],[-47.992005,-22.717976],[-47.99268,-22.718289]],[[-47.992257,-22.720668],[-47.992259,-22.720671]],[[-48.008482,-22.720329],[-48.008479,-22.720329]],[[-48.008482,-22.720329],[-48.008604,-22.720234]],[[-47.733068,-22.725263],[-47.731631,-22.724873],[-47.729604,-22.726227]],[[-47.501175,-22.729036],[-47.502742,-22.727612]],[[-47.795276,-22.724156],[-47.794659,-22.724483]],[[-47.632042,-22.726926],[-47.631378,-22.726833]],[[-47.965297,-22.721064],[-47.964066,-22.723833]],[[-47.717613,-22.725452],[-47.717077,-22.726419]],[[-47.717613,-22.725452],[-47.717613,-22.725451]],[[-47.927341,-22.721744],[-47.929216,-22.717242]],[[-48.008604,-22.720234],[-48.008482,-22.720329]],[[-48.008604,-22.720234],[-48.008596,-22.720239]],[[-47.911312,-22.722031],[-47.911315,-22.722024]],[[-47.911315,-22.722024],[-47.914395,-22.720876]],[[-47.911315,-22.722024],[-47.910326,-22.719941]],[[-47.564295,-22.72796],[-47.565057,-22.729566]],[[-47.778862,-22.724362],[-47.778717,-22.725701]],[[-47.778862,-22.724362],[-47.778161,-22.725336]],[[-47.7176,-22.725402],[-47.718075,-22.723703],[-47.717002,-22.722715]],[[-48.056161,-22.719274],[-48.056163,-22.719275]],[[-48.056161,-22.719274],[-48.056185,-22.719248]],[[-47.720726,-22.725328],[-47.721138,-22.7251]],[[-48.056185,-22.719248],[-48.056186,-22.719247]],[[-48.056185,-22.719248],[-48.057801,-22.718378],[-48.057043,-22.718021],[-48.056185,-22.719248]],[[-48.012561,-22.720035],[-48.012561,-22.720035]],[[-47.759448,-22.724579],[-47.765201,-22.72591]],[[-47.540977,-22.728195],[-47.542236,-22.728636]],[[-47.766396,-22.724443],[-47.766673,-22.72392]],[[-47.700416,-22.725547],[-47.70128,-22.725305]],[[-47.826602,-22.723312],[-47.826592,-22.723318]],[[-47.826602,-22.723312],[-47.823782,-22.723874]],[[-47.540948,-22.728096],[-47.542865,-22.727038],[-47.544091,-22.727545]],[[-47.703905,-22.725413],[-47.705496,-22.728211]],[[-47.75938,-22.724445],[-47.75938,-22.724445]],[[-47.825699,-22.723266],[-47.826467,-22.721665]],[[-47.978864,-22.720435],[-47.977677,-22.721496]],[[-47.871543,-22.722383],[-47.873937,-22.723259]],[[-47.871478,-22.72237],[-47.871478,-22.72237]],[[-47.752695,-22.724453],[-47.75345,-22.725402],[-47.752557,-22.728888]],[[-47.728586,-22.724834],[-47.728574,-22.72446]],[[-47.503996,-22.728506],[-47.507169,-22.726949]],[[-47.758618,-22.724309],[-47.759228,-22.724636]],[[-47.985938,-22.720178],[-47.986704,-22.722013]],[[-47.787741,-22.723734],[-47.787405,-22.723287]],[[-47.828553,-22.722994],[-47.828544,-22.723012]],[[-47.828553,-22.722994],[-47.826602,-22.723312]],[[-47.787858,-22.723634],[-47.787858,-22.723634]],[[-47.563801,-22.727385],[-47.564103,-22.728172],[-47.563801,-22.727385]],[[-47.874502,-22.722075],[-47.87414,-22.725847]],[[-47.874502,-22.722075],[-47.874595,-22.721898]],[[-47.874503,-22.722075],[-47.874502,-22.722075]],[[-47.867164,-22.722185],[-47.866955,-22.724364]],[[-47.867164,-22.722185],[-47.867163,-22.722189]],[[-47.9749,-22.720212],[-47.977677,-22.721496]],[[-47.683364,-22.725373],[-47.686248,-22.726441],[-47.688771,-22.725645]],[[-47.563524,-22.727337],[-47.563696,-22.727459]],[[-47.979261,-22.720098],[-47.979497,-22.719876]],[[-47.979227,-22.720098],[-47.979227,-22.720098]],[[-47.68,-22.725385],[-47.676573,-22.726301],[-47.67598,-22.728158]],[[-47.557481,-22.727351],[-47.557439,-22.727007]],[[-47.679926,-22.725294],[-47.679926,-22.725294]],[[-47.679926,-22.725294],[-47.679926,-22.725294]],[[-47.786509,-22.723464],[-47.787353,-22.723651]],[[-48.008646,-22.719397],[-48.008644,-22.719392]],[[-47.666328,-22.725472],[-47.666329,-22.725472]],[[-47.786192,-22.723427],[-47.786192,-22.723427]],[[-47.784848,-22.723434],[-47.786194,-22.723421]],[[-47.666396,-22.725451],[-47.669879,-22.724375]],[[-47.728453,-22.724356],[-47.72697,-22.722125]],[[-47.778932,-22.723469],[-47.782411,-22.724453]],[[-47.778932,-22.723469],[-47.778862,-22.724362]],[[-47.522127,-22.727713],[-47.522109,-22.726359]],[[-47.746044,-22.724021],[-47.745155,-22.723427]],[[-47.816084,-22.722794],[-47.81588,-22.72264]],[[-47.766785,-22.723646],[-47.766785,-22.723646]],[[-48.008623,-22.719247],[-48.008623,-22.719247]],[[-47.496696,-22.728065],[-47.503752,-22.729937]],[[-47.766684,-22.723611],[-47.769758,-22.723861]],[[-47.830143,-22.722497],[-47.828553,-22.722994]],[[-47.705072,-22.724572],[-47.707875,-22.72591]],[[-47.81588,-22.72264],[-47.815882,-22.72264]],[[-47.81588,-22.72264],[-47.81588,-22.72264]],[[-47.627055,-22.725805],[-47.626605,-22.725088]],[[-47.870835,-22.721577],[-47.870835,-22.721577]],[[-47.82262,-22.722426],[-47.823387,-22.721336]],[[-47.815784,-22.722507],[-47.815846,-22.722392]],[[-47.542898,-22.727046],[-47.54438,-22.725498]],[[-47.809149,-22.722566],[-47.809247,-22.721276]],[[-47.562861,-22.726702],[-47.56286,-22.726702]],[[-47.56286,-22.726702],[-47.56355,-22.727332],[-47.56286,-22.726702]],[[-47.56286,-22.726702],[-47.562369,-22.726313]],[[-47.704831,-22.724356],[-47.70499,-22.724494]],[[-47.704831,-22.724356],[-47.70475,-22.724325]],[[-47.815766,-22.72243],[-47.813648,-22.723565],[-47.816422,-22.730233]],[[-47.815846,-22.722392],[-47.815846,-22.722391]],[[-47.815846,-22.722392],[-47.815879,-22.72237]],[[-48.051669,-22.718053],[-48.054437,-22.719569],[-48.056161,-22.719274]],[[-47.815882,-22.722365],[-47.815268,-22.718634]],[[-47.767216,-22.723172],[-47.76727,-22.723211]],[[-47.767216,-22.723172],[-47.767216,-22.723173]],[[-47.516387,-22.727305],[-47.51693,-22.725487],[-47.515873,-22.723158]],[[-47.862544,-22.72147],[-47.864703,-22.720856],[-47.867164,-22.722185]],[[-47.665922,-22.724866],[-47.660317,-22.724766],[-47.6577,-22.722954]],[[-47.746254,-22.723481],[-47.745195,-22.722532]],[[-47.666282,-22.724835],[-47.670775,-22.722848],[-47.67678,-22.716107],[-47.675234,-22.705487],[-47.67186,-22.703457],[-47.669222,-22.70558]],[[-47.944283,-22.719954],[-47.945398,-22.717934]],[[-47.71465,-22.724014],[-47.71465,-22.724014]],[[-47.922897,-22.720307],[-47.926151,-22.717712]],[[-47.670307,-22.724699],[-47.670028,-22.724528]],[[-47.745155,-22.723427],[-47.744346,-22.726095]],[[-47.745155,-22.723427],[-47.745154,-22.723426]],[[-47.745154,-22.723426],[-47.745155,-22.723427]],[[-47.745154,-22.723426],[-47.74515,-22.723423]],[[-47.52869,-22.726998],[-47.528933,-22.726579]],[[-47.670343,-22.72464],[-47.670048,-22.724515]],[[-47.794111,-22.722508],[-47.794689,-22.724595],[-47.793685,-22.728444],[-47.796567,-22.732319]],[[-47.762398,-22.723057],[-47.762398,-22.723057]],[[-47.762428,-22.723048],[-47.76389,-22.722055]],[[-47.758076,-22.723119],[-47.758076,-22.723119]],[[-47.6926,-22.724232],[-47.69272,-22.724987]],[[-47.718123,-22.723724],[-47.720107,-22.725668]],[[-47.529473,-22.726818],[-47.53417,-22.724487]],[[-47.543377,-22.726593],[-47.545095,-22.726355]],[[-47.757872,-22.723028],[-47.757798,-22.722904]],[[-47.710943,-22.723794],[-47.712815,-22.722387]],[[-47.788316,-22.72244],[-47.79124,-22.718612]],[[-47.829021,-22.721695],[-47.828553,-22.722994]],[[-48.007526,-22.718432],[-48.008604,-22.720234]],[[-47.692356,-22.724037],[-47.696465,-22.724801]],[[-47.62652,-22.725123],[-47.626981,-22.725843]],[[-47.757798,-22.722904],[-47.757802,-22.722902]],[[-47.757798,-22.722904],[-47.757444,-22.722359],[-47.757798,-22.722904]],[[-47.807657,-22.722034],[-47.807661,-22.722033]],[[-47.807661,-22.722033],[-47.807402,-22.721361],[-47.806979,-22.721983],[-47.807661,-22.722033]],[[-47.807661,-22.722033],[-47.810462,-22.719789],[-47.813021,-22.719622],[-47.813804,-22.717752]],[[-47.692249,-22.724015],[-47.692249,-22.724015]],[[-47.669879,-22.724375],[-47.669945,-22.724416]],[[-47.703499,-22.723808],[-47.703848,-22.725304]],[[-47.806989,-22.722007],[-47.803661,-22.721976]],[[-47.53435,-22.726547],[-47.534439,-22.72888],[-47.535771,-22.730333]],[[-47.713908,-22.723566],[-47.714267,-22.723997]],[[-47.528933,-22.726579],[-47.528464,-22.725653]],[[-47.626358,-22.725005],[-47.624759,-22.722277]],[[-47.794285,-22.722123],[-47.795005,-22.721672]],[[-47.626436,-22.724958],[-47.624841,-22.722257]],[[-48.007282,-22.718218],[-48.007282,-22.718218]],[[-47.562057,-22.725951],[-47.560226,-22.719248]],[[-47.910326,-22.719941],[-47.91033,-22.719937]],[[-47.910326,-22.719941],[-47.909205,-22.716033]],[[-47.690047,-22.723769],[-47.690047,-22.723769]],[[-47.765331,-22.722437],[-47.765511,-22.719591]],[[-47.871035,-22.720544],[-47.874337,-22.722211]],[[-47.494544,-22.726846],[-47.494544,-22.726846]],[[-47.99268,-22.718289],[-47.992653,-22.718275]],[[-47.99268,-22.718289],[-47.999996,-22.716985]],[[-47.764461,-22.722391],[-47.764461,-22.722391]],[[-47.688313,-22.723683],[-47.688313,-22.723683]],[[-48.05929,-22.716998],[-48.057861,-22.718155],[-48.05929,-22.716998]],[[-48.0594,-22.716993],[-48.063189,-22.714666]],[[-47.714111,-22.72323],[-47.713529,-22.724337]],[[-47.723181,-22.723041],[-47.725011,-22.721304],[-47.725239,-22.719526]],[[-47.959898,-22.718775],[-47.959037,-22.718543]],[[-48.007601,-22.717854],[-48.007484,-22.718186]],[[-47.822092,-22.721227],[-47.822356,-22.723991]],[[-47.891127,-22.719984],[-47.894439,-22.722515]],[[-47.494527,-22.726654],[-47.496106,-22.726662],[-47.498363,-22.725044]],[[-47.795105,-22.721632],[-47.798494,-22.71993],[-47.80059,-22.722177]],[[-47.531934,-22.726015],[-47.534834,-22.726616],[-47.536873,-22.725937]],[[-47.868341,-22.720299],[-47.867386,-22.721435]],[[-47.688866,-22.72338],[-47.688866,-22.72338]],[[-48.007625,-22.717688],[-48.007625,-22.717688]],[[-47.500864,-22.72642],[-47.496713,-22.728058],[-47.495146,-22.726762]],[[-47.992008,-22.717973],[-47.991409,-22.717514]],[[-47.605098,-22.72474],[-47.605048,-22.724667]],[[-47.867337,-22.720244],[-47.867164,-22.722185]],[[-47.76389,-22.722055],[-47.767216,-22.723172]],[[-47.76389,-22.722055],[-47.763724,-22.721878]],[[-47.82001,-22.721066],[-47.815221,-22.720117]],[[-47.691845,-22.723258],[-47.692122,-22.723676]],[[-47.759841,-22.722069],[-47.761128,-22.72159]],[[-47.605048,-22.724667],[-47.605101,-22.72473]],[[-47.605048,-22.724667],[-47.604919,-22.724491]],[[-47.656917,-22.723804],[-47.656917,-22.723804]],[[-47.736689,-22.722457],[-47.735003,-22.724721]],[[-47.694335,-22.723157],[-47.694335,-22.723157]],[[-47.714094,-22.722797],[-47.714094,-22.722797]],[[-47.618618,-22.724388],[-47.616239,-22.725702],[-47.614351,-22.725207]],[[-47.793431,-22.721421],[-47.794361,-22.722233]],[[-47.717002,-22.722715],[-47.718144,-22.723661],[-47.717613,-22.725452]],[[-47.757592,-22.722012],[-47.757406,-22.722322]],[[-48.007547,-22.717499],[-48.007638,-22.717683]],[[-47.689535,-22.723163],[-47.689535,-22.723163]],[[-47.956275,-22.718433],[-47.956701,-22.719677]],[[-47.763724,-22.721878],[-47.763725,-22.72188]],[[-47.763724,-22.721878],[-47.761437,-22.721531]],[[-47.690456,-22.723091],[-47.690457,-22.723094]],[[-47.690456,-22.723091],[-47.689057,-22.723872],[-47.688797,-22.726041],[-47.692651,-22.728042],[-47.693343,-22.732338]],[[-47.690456,-22.723091],[-47.691936,-22.723134],[-47.691721,-22.720684]],[[-47.910376,-22.719226],[-47.912199,-22.718885]],[[-47.604919,-22.724491],[-47.604886,-22.724426]],[[-47.604919,-22.724491],[-47.604886,-22.724426]],[[-47.528577,-22.725586],[-47.530077,-22.727032],[-47.529323,-22.730209],[-47.530807,-22.732022],[-47.529888,-22.733103]],[[-47.70195,-22.722714],[-47.704831,-22.724356]],[[-47.714098,-22.722507],[-47.714123,-22.722728]],[[-47.528445,-22.725546],[-47.527604,-22.72274],[-47.525998,-22.72122]],[[-47.526858,-22.725569],[-47.523414,-22.72573],[-47.519366,-22.727337]],[[-47.698405,-22.722744],[-47.700949,-22.720595]],[[-47.867251,-22.719797],[-47.867251,-22.719797]],[[-47.991409,-22.717514],[-47.991408,-22.717514]],[[-47.991409,-22.717514],[-47.990981,-22.716169],[-47.991409,-22.717514]],[[-47.656878,-22.723419],[-47.660496,-22.725468],[-47.666055,-22.725559]],[[-47.71423,-22.72245],[-47.71423,-22.72245]],[[-47.737154,-22.722044],[-47.736679,-22.722454],[-47.737154,-22.722044]],[[-47.493479,-22.726031],[-47.494473,-22.7266]],[[-47.493479,-22.726031],[-47.493148,-22.725964]],[[-47.841688,-22.720214],[-47.8488,-22.717244]],[[-47.532705,-22.725404],[-47.533475,-22.724607]],[[-47.727085,-22.722204],[-47.729879,-22.721891],[-47.732543,-22.71965]],[[-47.493148,-22.725964],[-47.493147,-22.725962]],[[-47.493148,-22.725964],[-47.493479,-22.726031]],[[-47.714247,-22.722337],[-47.714224,-22.722448]],[[-47.491835,-22.72592],[-47.491835,-22.72592]],[[-47.579852,-22.72452],[-47.582738,-22.729745],[-47.581901,-22.731895]],[[-48.054015,-22.716122],[-48.057024,-22.71812]],[[-47.720722,-22.722136],[-47.718623,-22.719894]],[[-47.75718,-22.721476],[-47.757182,-22.721478]],[[-47.75718,-22.721476],[-47.757594,-22.722007],[-47.75718,-22.721476]],[[-47.949414,-22.718041],[-47.950289,-22.715955]],[[-47.740409,-22.72175],[-47.740044,-22.722896]],[[-47.739327,-22.721713],[-47.739011,-22.7217]],[[-47.716954,-22.72209],[-47.717266,-22.72041],[-47.719459,-22.719474]],[[-47.739011,-22.7217],[-47.73901,-22.721702]],[[-47.739011,-22.7217],[-47.737154,-22.722044]],[[-47.999996,-22.716985],[-48.00001,-22.716985]],[[-47.999996,-22.716985],[-48.000972,-22.716216]],[[-47.491425,-22.725692],[-47.491425,-22.725692]],[[-47.726853,-22.721846],[-47.726919,-22.721379]],[[-47.694247,-22.722354],[-47.694247,-22.722354]],[[-47.737636,-22.721603],[-47.735364,-22.719576]],[[-47.657672,-22.722927],[-47.654974,-22.718215]],[[-47.952986,-22.717716],[-47.951958,-22.716941]],[[-47.689843,-22.722349],[-47.690456,-22.723091]],[[-47.52676,-22.72498],[-47.526641,-22.725224]],[[-47.52676,-22.72498],[-47.527632,-22.725185],[-47.527309,-22.724468],[-47.52676,-22.72498]],[[-47.526761,-22.72498],[-47.52676,-22.72498]],[[-47.973879,-22.717273],[-47.972763,-22.713621]],[[-47.689057,-22.722244],[-47.689773,-22.722344]],[[-47.542305,-22.724636],[-47.540552,-22.729031],[-47.538103,-22.731651]],[[-47.986358,-22.716953],[-47.98909,-22.713901],[-47.991027,-22.713958]],[[-47.686792,-22.722258],[-47.687535,-22.722247]],[[-47.512614,-22.725064],[-47.512403,-22.721323]],[[-47.745665,-22.721214],[-47.745154,-22.723426]],[[-47.745665,-22.721214],[-47.744925,-22.719379]],[[-47.745665,-22.721213],[-47.745665,-22.721214]],[[-47.97883,-22.717023],[-47.97883,-22.717023]],[[-47.752417,-22.721044],[-47.752417,-22.721044]],[[-47.781421,-22.72053],[-47.782038,-22.721505]],[[-47.491782,-22.72529],[-47.492036,-22.725242]],[[-47.492036,-22.725244],[-47.492036,-22.725242]],[[-47.492036,-22.725242],[-47.493148,-22.725964]],[[-47.492036,-22.725242],[-47.492138,-22.725197]],[[-47.708241,-22.721719],[-47.706947,-22.721361]],[[-47.492137,-22.725199],[-47.494987,-22.724553]],[[-47.750796,-22.72094],[-47.752783,-22.724363]],[[-47.726853,-22.721306],[-47.725239,-22.719526]],[[-47.696963,-22.721806],[-47.695344,-22.720523]],[[-47.656182,-22.722468],[-47.65685,-22.723391]],[[-47.656184,-22.722462],[-47.65438,-22.718255],[-47.6529,-22.717169]],[[-47.804616,-22.719908],[-47.8104,-22.719654]],[[-47.926151,-22.717712],[-47.926152,-22.717713]],[[-47.926151,-22.717712],[-47.929216,-22.717242]],[[-47.804513,-22.719841],[-47.804515,-22.719842]],[[-47.804513,-22.719841],[-47.804513,-22.719841]],[[-47.781346,-22.720193],[-47.781346,-22.720193]],[[-47.804352,-22.719789],[-47.804513,-22.719841]],[[-48.000972,-22.716216],[-48.000971,-22.716216]],[[-48.000972,-22.716216],[-48.000972,-22.716216]],[[-47.520589,-22.724514],[-47.522027,-22.72412]],[[-47.781432,-22.720177],[-47.780783,-22.719522]],[[-47.8104,-22.719654],[-47.8104,-22.719651]],[[-47.8104,-22.719654],[-47.8104,-22.719654]],[[-47.621941,-22.722844],[-47.618929,-22.724165]],[[-47.810575,-22.719613],[-47.811539,-22.719717]],[[-47.516293,-22.72449],[-47.51552,-22.726559]],[[-47.706947,-22.721361],[-47.707488,-22.722677]],[[-47.706947,-22.721361],[-47.706942,-22.721364]],[[-47.622103,-22.722759],[-47.62438,-22.720782]],[[-47.995896,-22.716177],[-47.995424,-22.717596]],[[-47.728666,-22.720952],[-47.727042,-22.721668]],[[-47.75537,-22.720474],[-47.752917,-22.718528]],[[-47.78428,-22.719959],[-47.784489,-22.719909]],[[-47.951958,-22.716941],[-47.951957,-22.716941]],[[-47.951958,-22.716941],[-47.949994,-22.715744]],[[-47.57932,-22.723373],[-47.579602,-22.724218]],[[-47.753917,-22.720456],[-47.753917,-22.720456]],[[-47.755927,-22.720399],[-47.75718,-22.721476]],[[-47.99098,-22.716164],[-47.990996,-22.715974]],[[-47.853051,-22.718675],[-47.850669,-22.718614],[-47.849609,-22.719853]],[[-47.995789,-22.716041],[-47.995789,-22.716041]],[[-47.624896,-22.722565],[-47.624896,-22.722565]],[[-47.929216,-22.717242],[-47.929217,-22.717241]],[[-47.929216,-22.717242],[-47.930188,-22.716793]],[[-47.602438,-22.72288],[-47.602137,-22.723906]],[[-47.537377,-22.723895],[-47.536012,-22.719773]],[[-48.063189,-22.714666],[-48.063818,-22.716917]],[[-48.063189,-22.714666],[-48.06392,-22.712543]],[[-47.750001,-22.720363],[-47.750001,-22.720363]],[[-47.750001,-22.720363],[-47.749084,-22.719946],[-47.750789,-22.720943],[-47.750001,-22.720363]],[[-47.522027,-22.72412],[-47.522027,-22.72413]],[[-47.522027,-22.72412],[-47.52422,-22.723303]],[[-48.06317,-22.714652],[-48.063189,-22.714666]],[[-47.990996,-22.715974],[-47.990995,-22.715975]],[[-47.990996,-22.715974],[-47.991294,-22.715333],[-47.990996,-22.715974]],[[-47.755439,-22.7202],[-47.755439,-22.7202]],[[-47.767166,-22.71998],[-47.767216,-22.723172]],[[-47.502772,-22.724325],[-47.502538,-22.721442]],[[-47.877165,-22.718005],[-47.876498,-22.717657],[-47.877165,-22.718005]],[[-47.970653,-22.716271],[-47.971086,-22.716018]],[[-47.801693,-22.719312],[-47.798482,-22.719922]],[[-47.507169,-22.724191],[-47.505983,-22.723368]],[[-47.959323,-22.716449],[-47.958979,-22.718836],[-47.955817,-22.72045],[-47.954597,-22.723729]],[[-47.914429,-22.717261],[-47.909205,-22.716033]],[[-47.624759,-22.722264],[-47.624647,-22.720593]],[[-47.749047,-22.72016],[-47.748594,-22.719983]],[[-47.899806,-22.717458],[-47.89556,-22.715087],[-47.894879,-22.713459]],[[-47.717224,-22.720619],[-47.714246,-22.722336],[-47.712759,-22.72237],[-47.711403,-22.721075]],[[-47.780783,-22.719522],[-47.780783,-22.719513]],[[-47.780783,-22.719522],[-47.780783,-22.719522]],[[-47.930188,-22.716796],[-47.930188,-22.716793]],[[-47.930188,-22.716793],[-47.929024,-22.715511]],[[-47.930188,-22.716793],[-47.93451,-22.715035]],[[-48.023067,-22.715033],[-48.023005,-22.713618]],[[-47.59241,-22.722591],[-47.591817,-22.720851]],[[-47.6556,-22.721549],[-47.6556,-22.721549]],[[-47.820264,-22.71871],[-47.820334,-22.718932]],[[-47.726311,-22.720293],[-47.726269,-22.720219]],[[-47.952809,-22.716251],[-47.951958,-22.716941]],[[-47.759644,-22.719672],[-47.762098,-22.719725],[-47.763099,-22.720881]],[[-47.539476,-22.723273],[-47.539633,-22.721063]],[[-47.780409,-22.719256],[-47.777957,-22.716463],[-47.776887,-22.713411]],[[-47.883809,-22.717391],[-47.891191,-22.719397]],[[-47.971194,-22.715771],[-47.971194,-22.715771]],[[-47.691776,-22.7207],[-47.691981,-22.723165],[-47.690398,-22.723132],[-47.688616,-22.724893],[-47.688984,-22.726081],[-47.692788,-22.728094],[-47.693078,-22.730921]],[[-47.507164,-22.723702],[-47.505996,-22.723365],[-47.503377,-22.719342]],[[-47.745086,-22.719787],[-47.745665,-22.721214]],[[-47.745086,-22.719787],[-47.742236,-22.72207],[-47.739416,-22.72166]],[[-47.745084,-22.719783],[-47.745086,-22.719787]],[[-47.971201,-22.715733],[-47.972763,-22.713621]],[[-47.991306,-22.715336],[-47.991188,-22.71497]],[[-47.521465,-22.723427],[-47.522027,-22.72412]],[[-47.691825,-22.720629],[-47.692516,-22.718504],[-47.69399,-22.719786],[-47.695634,-22.718847],[-47.696655,-22.714058]],[[-47.726561,-22.72004],[-47.726561,-22.72004]],[[-47.871664,-22.717493],[-47.871664,-22.717493]],[[-47.806685,-22.718637],[-47.807481,-22.719844]],[[-47.691773,-22.720614],[-47.692312,-22.718554],[-47.694194,-22.71968],[-47.695587,-22.718825],[-47.69568,-22.717335]],[[-47.977481,-22.715525],[-47.975205,-22.716891]],[[-47.871406,-22.717456],[-47.871406,-22.717456]],[[-47.624768,-22.721656],[-47.624768,-22.721656]],[[-47.924998,-22.71644],[-47.926151,-22.717712]],[[-47.830261,-22.718115],[-47.830261,-22.718115]],[[-47.975939,-22.715466],[-47.976462,-22.715859]],[[-47.695175,-22.720433],[-47.695112,-22.719253]],[[-47.62474,-22.721601],[-47.62474,-22.721601]],[[-47.735535,-22.719742],[-47.735535,-22.719742]],[[-47.702132,-22.720296],[-47.700947,-22.720573]],[[-48.059074,-22.713854],[-48.060802,-22.716374]],[[-47.828655,-22.718089],[-47.829572,-22.717357]],[[-47.965907,-22.7156],[-47.966692,-22.708812],[-47.963547,-22.707681],[-47.962719,-22.704158],[-47.960261,-22.69995]],[[-47.828647,-22.71808],[-47.82406,-22.715845]],[[-47.576424,-22.722345],[-47.578593,-22.721819]],[[-47.828636,-22.718076],[-47.830624,-22.719338]],[[-47.693081,-22.720406],[-47.693081,-22.720406]],[[-47.490919,-22.723674],[-47.491683,-22.725289]],[[-47.794644,-22.718641],[-47.792346,-22.719421]],[[-47.772706,-22.719002],[-47.77271,-22.719002]],[[-47.772706,-22.719002],[-47.770782,-22.720393],[-47.769622,-22.723762],[-47.770256,-22.725557],[-47.772096,-22.72577],[-47.772041,-22.728463],[-47.773322,-22.729509]],[[-47.906417,-22.716623],[-47.909106,-22.715982]],[[-47.820329,-22.718165],[-47.820116,-22.717937]],[[-47.820033,-22.718154],[-47.820033,-22.718154]],[[-47.735364,-22.719576],[-47.735363,-22.719575]],[[-47.735364,-22.719576],[-47.735364,-22.719576]],[[-47.519625,-22.723116],[-47.52066,-22.719673]],[[-47.949994,-22.715744],[-47.949993,-22.715751]],[[-47.949994,-22.715744],[-47.942799,-22.712877]],[[-47.735297,-22.719555],[-47.735229,-22.71954]],[[-47.515873,-22.723158],[-47.514338,-22.725037]],[[-47.515873,-22.723158],[-47.515872,-22.721178]],[[-47.515875,-22.723157],[-47.515873,-22.723158]],[[-47.624718,-22.7214],[-47.624718,-22.7214]],[[-47.744925,-22.719379],[-47.744922,-22.719381]],[[-47.744925,-22.719379],[-47.745086,-22.719787]],[[-47.747582,-22.719277],[-47.748681,-22.719935],[-47.747582,-22.719277]],[[-47.526756,-22.72288],[-47.527533,-22.723375]],[[-47.526756,-22.72288],[-47.526756,-22.722882]],[[-47.735109,-22.719449],[-47.735108,-22.719448]],[[-47.735108,-22.719448],[-47.735108,-22.719448]],[[-47.735108,-22.719448],[-47.734209,-22.718483]],[[-47.768238,-22.718877],[-47.768238,-22.718877]],[[-47.918874,-22.716156],[-47.91911,-22.713555],[-47.917462,-22.711057]],[[-47.706195,-22.719886],[-47.706947,-22.721361]],[[-47.92711,-22.715977],[-47.927697,-22.717681]],[[-47.979068,-22.715004],[-47.97761,-22.715477]],[[-47.979068,-22.715004],[-47.97907,-22.715004]],[[-47.725239,-22.719526],[-47.725235,-22.719521]],[[-47.725239,-22.719526],[-47.725039,-22.71939]],[[-47.706047,-22.719835],[-47.706047,-22.719835]],[[-47.693739,-22.720029],[-47.693739,-22.720029]],[[-47.991192,-22.714712],[-47.991212,-22.714619]],[[-47.709561,-22.719699],[-47.706359,-22.71888]],[[-47.8488,-22.717244],[-47.8488,-22.717243]],[[-47.8488,-22.717244],[-47.848294,-22.712144]],[[-47.725039,-22.719391],[-47.725039,-22.71939]],[[-47.725039,-22.71939],[-47.725922,-22.719372],[-47.726428,-22.720633]],[[-47.725039,-22.71939],[-47.724844,-22.718797],[-47.724964,-22.719393]],[[-47.69445,-22.71988],[-47.693934,-22.720197],[-47.69445,-22.71988]],[[-47.705736,-22.719679],[-47.706401,-22.719004],[-47.705177,-22.715942],[-47.703039,-22.713792],[-47.702112,-22.71391]],[[-47.52218,-22.722681],[-47.523608,-22.723442],[-47.525218,-22.722744]],[[-47.693494,-22.71987],[-47.693494,-22.71987]],[[-47.791326,-22.718167],[-47.793455,-22.721367]],[[-47.791269,-22.718138],[-47.791269,-22.718138]],[[-47.909205,-22.716033],[-47.909275,-22.71627]],[[-47.909205,-22.716033],[-47.909201,-22.716027]],[[-47.76399,-22.718611],[-47.763107,-22.720794],[-47.763724,-22.721878]],[[-47.624701,-22.720949],[-47.624701,-22.720949]],[[-47.708699,-22.719535],[-47.709103,-22.720055]],[[-47.991216,-22.714453],[-47.991079,-22.714362]],[[-47.803094,-22.717845],[-47.80538,-22.71476]],[[-47.524798,-22.72248],[-47.526756,-22.72288]],[[-47.909158,-22.715901],[-47.909067,-22.713682]],[[-47.491381,-22.722944],[-47.491381,-22.722945]],[[-47.491381,-22.722944],[-47.487315,-22.729606]],[[-47.54731,-22.722035],[-47.548639,-22.718735],[-47.547294,-22.717879]],[[-47.512258,-22.722587],[-47.509943,-22.725209]],[[-47.820085,-22.717363],[-47.820085,-22.717363]],[[-47.820055,-22.71735],[-47.820346,-22.715578]],[[-47.6246,-22.720642],[-47.624647,-22.720593]],[[-47.829962,-22.717117],[-47.829962,-22.717117]],[[-47.687966,-22.71956],[-47.686374,-22.719784]],[[-47.991004,-22.714159],[-47.991027,-22.713958]],[[-47.624647,-22.720593],[-47.624656,-22.719839]],[[-47.720419,-22.718987],[-47.717463,-22.720331],[-47.717002,-22.722715]],[[-47.800751,-22.717584],[-47.799824,-22.719131]],[[-47.783419,-22.717799],[-47.784961,-22.717264]],[[-47.724843,-22.718795],[-47.72388,-22.716832]],[[-47.52565,-22.722067],[-47.526756,-22.72288]],[[-48.02297,-22.71341],[-48.020012,-22.710051]],[[-47.942558,-22.714886],[-47.942799,-22.712877]],[[-47.829551,-22.716924],[-47.829551,-22.716924]],[[-47.525561,-22.722007],[-47.525561,-22.722007]],[[-47.991027,-22.713958],[-47.991037,-22.713965]],[[-47.991027,-22.713958],[-47.991113,-22.713421]],[[-47.691085,-22.719266],[-47.691983,-22.719653]],[[-47.700233,-22.719108],[-47.701735,-22.722707]],[[-48.06392,-22.712543],[-48.063927,-22.712542]],[[-48.06392,-22.712543],[-48.063856,-22.712207]],[[-47.522908,-22.721995],[-47.5243,-22.721978]],[[-47.951261,-22.714611],[-47.949994,-22.715744]],[[-47.591852,-22.720843],[-47.592436,-22.722583]],[[-47.826014,-22.716808],[-47.827014,-22.716424]],[[-47.538861,-22.721617],[-47.537623,-22.720041]],[[-47.980833,-22.713955],[-47.981462,-22.714176],[-47.981063,-22.716351]],[[-48.013155,-22.713311],[-48.014099,-22.711792],[-48.014575,-22.712556],[-48.013799,-22.712747]],[[-47.515856,-22.721886],[-47.516661,-22.722875]],[[-47.72482,-22.718455],[-47.725176,-22.718317]],[[-47.81342,-22.716918],[-47.815264,-22.718636]],[[-47.758699,-22.717862],[-47.755791,-22.716348]],[[-47.59183,-22.720636],[-47.590595,-22.71691]],[[-47.591861,-22.720631],[-47.591624,-22.718998],[-47.592952,-22.719459]],[[-47.917523,-22.715015],[-47.91911,-22.713802]],[[-47.934474,-22.714648],[-47.936775,-22.712831]],[[-48.02299,-22.712977],[-48.023463,-22.71301]],[[-47.808205,-22.716894],[-47.811017,-22.715726]],[[-47.725241,-22.718294],[-47.726899,-22.718024]],[[-47.775461,-22.717343],[-47.775461,-22.717343]],[[-47.906858,-22.715],[-47.909208,-22.714984]],[[-47.510238,-22.721716],[-47.509868,-22.723266]],[[-48.063809,-22.71206],[-48.063982,-22.703652],[-48.060998,-22.700071],[-48.05842,-22.698902]],[[-47.827014,-22.716424],[-47.829546,-22.715723]],[[-47.827014,-22.716424],[-47.82774,-22.715353]],[[-47.827001,-22.716424],[-47.827014,-22.716424]],[[-48.061811,-22.712086],[-48.06392,-22.712543]],[[-47.837864,-22.716199],[-47.846627,-22.712658]],[[-47.715091,-22.718321],[-47.717369,-22.720358]],[[-47.624733,-22.719808],[-47.624839,-22.722245]],[[-47.774494,-22.71726],[-47.778932,-22.723469]],[[-47.785117,-22.717068],[-47.784116,-22.721377]],[[-47.990999,-22.713345],[-47.990498,-22.712553]],[[-47.624606,-22.719759],[-47.623729,-22.718496]],[[-47.813077,-22.716533],[-47.813077,-22.716533]],[[-47.813077,-22.716533],[-47.81307,-22.71653]],[[-47.977408,-22.713553],[-47.979068,-22.715004]],[[-47.6247,-22.719721],[-47.62382,-22.718524]],[[-47.972763,-22.713621],[-47.972761,-22.713617]],[[-47.972763,-22.713621],[-47.973445,-22.710623],[-47.985016,-22.701526]],[[-47.685532,-22.718679],[-47.686425,-22.718531]],[[-47.766565,-22.717285],[-47.772706,-22.719002]],[[-47.713118,-22.718181],[-47.715091,-22.718321]],[[-47.525998,-22.72122],[-47.526,-22.721221]],[[-47.525998,-22.72122],[-47.52833,-22.7194],[-47.526531,-22.717245],[-47.527451,-22.716576],[-47.526909,-22.715443],[-47.528208,-22.714614]],[[-47.745983,-22.717585],[-47.747449,-22.719427]],[[-47.873447,-22.71534],[-47.875112,-22.714845]],[[-47.700998,-22.718347],[-47.700998,-22.718347]],[[-47.523872,-22.721228],[-47.524626,-22.72232]],[[-47.946604,-22.713987],[-47.948643,-22.712932],[-47.949899,-22.710715]],[[-47.506654,-22.721422],[-47.506654,-22.721422]],[[-47.678296,-22.718631],[-47.679595,-22.718797]],[[-47.678296,-22.718631],[-47.676383,-22.718568]],[[-47.512403,-22.721323],[-47.512412,-22.721314]],[[-47.512403,-22.721323],[-47.50969,-22.721826],[-47.508608,-22.721257],[-47.508874,-22.720542]],[[-47.506537,-22.721413],[-47.503151,-22.719181]],[[-47.687074,-22.718477],[-47.687131,-22.718471]],[[-47.824726,-22.716102],[-47.825482,-22.720042]],[[-47.995625,-22.712985],[-47.990854,-22.712991]],[[-47.687139,-22.718465],[-47.688087,-22.717653]],[[-47.797766,-22.716565],[-47.795905,-22.715189]],[[-47.502538,-22.721442],[-47.502538,-22.72144]],[[-47.502538,-22.721442],[-47.5062,-22.725948]],[[-47.514364,-22.721241],[-47.513941,-22.722751]],[[-47.721815,-22.717815],[-47.720864,-22.718831]],[[-47.683291,-22.718464],[-47.685268,-22.718706]],[[-47.745838,-22.717358],[-47.744925,-22.719379]],[[-47.91913,-22.714218],[-47.920512,-22.715618]],[[-47.784511,-22.716619],[-47.785117,-22.717068]],[[-47.529682,-22.720851],[-47.528313,-22.719154]],[[-47.727477,-22.717595],[-47.728846,-22.717418]],[[-47.737238,-22.717412],[-47.739011,-22.7217]],[[-47.745618,-22.717263],[-47.743998,-22.716705]],[[-47.612808,-22.719447],[-47.612879,-22.719183]],[[-47.824058,-22.715846],[-47.82406,-22.715845]],[[-47.82406,-22.715845],[-47.820346,-22.715578]],[[-47.82406,-22.715845],[-47.826353,-22.714609]],[[-47.745738,-22.717192],[-47.745738,-22.717192]],[[-47.722196,-22.717553],[-47.722166,-22.717582]],[[-47.717263,-22.71761],[-47.719302,-22.719431]],[[-47.788779,-22.716352],[-47.788779,-22.716352]],[[-47.518105,-22.720841],[-47.517825,-22.719507]],[[-47.715027,-22.717576],[-47.715091,-22.718321]],[[-47.768763,-22.716649],[-47.772018,-22.713728],[-47.774786,-22.714935]],[[-47.535842,-22.720511],[-47.535472,-22.721284]],[[-47.524628,-22.720669],[-47.525998,-22.72122]],[[-47.790516,-22.71624],[-47.791167,-22.717287]],[[-47.516943,-22.720738],[-47.517338,-22.721733]],[[-47.869731,-22.71478],[-47.869731,-22.71478]],[[-47.612879,-22.719183],[-47.612806,-22.718855]],[[-47.612879,-22.719183],[-47.612829,-22.718846]],[[-47.990501,-22.712556],[-47.990498,-22.712553]],[[-47.990498,-22.712553],[-47.990978,-22.713283]],[[-47.990498,-22.712553],[-47.989923,-22.711368],[-47.98846,-22.711178],[-47.988626,-22.708856],[-47.987403,-22.708461]],[[-47.811255,-22.715761],[-47.812485,-22.714905]],[[-47.592952,-22.719436],[-47.591619,-22.718976],[-47.590616,-22.716908]],[[-47.820346,-22.715578],[-47.820346,-22.715577]],[[-47.820346,-22.715578],[-47.815889,-22.714008]],[[-47.821294,-22.715516],[-47.823194,-22.713848]],[[-47.881146,-22.714428],[-47.884892,-22.710555]],[[-47.790625,-22.715971],[-47.790625,-22.715971]],[[-48.013825,-22.711878],[-48.013564,-22.710887]],[[-47.930516,-22.713397],[-47.932499,-22.716134]],[[-47.7439,-22.716698],[-47.740514,-22.717411]],[[-47.688074,-22.717643],[-47.687073,-22.718472]],[[-47.688074,-22.717643],[-47.691063,-22.719101]],[[-47.760766,-22.716389],[-47.762115,-22.719813]],[[-47.909067,-22.713682],[-47.909066,-22.713682]],[[-47.909067,-22.713682],[-47.907482,-22.705807]],[[-47.802608,-22.715583],[-47.804071,-22.71627]],[[-47.537542,-22.72001],[-47.536014,-22.719774],[-47.536429,-22.716595]],[[-47.746234,-22.716555],[-47.745841,-22.717335]],[[-47.52111,-22.720244],[-47.520596,-22.717439],[-47.5214,-22.71541]],[[-47.532753,-22.720004],[-47.534135,-22.71874]],[[-47.69568,-22.717335],[-47.695684,-22.717335]],[[-47.69568,-22.717335],[-47.696588,-22.714039]],[[-47.746353,-22.716469],[-47.746354,-22.716468]],[[-47.65404,-22.718014],[-47.65404,-22.718014]],[[-47.788238,-22.715723],[-47.791269,-22.718138]],[[-47.695324,-22.717315],[-47.695324,-22.717315]],[[-47.505775,-22.720399],[-47.507216,-22.72052]],[[-47.765628,-22.71608],[-47.765733,-22.714747]],[[-47.623807,-22.718456],[-47.623649,-22.717739]],[[-47.942799,-22.712877],[-47.9428,-22.712876]],[[-47.942799,-22.712877],[-47.939812,-22.711533],[-47.938818,-22.709865]],[[-47.623713,-22.718427],[-47.623582,-22.717783]],[[-47.695447,-22.717224],[-47.69568,-22.717335]],[[-47.746527,-22.716335],[-47.746532,-22.716378]],[[-47.93272,-22.712989],[-47.934418,-22.71466]],[[-47.724196,-22.716643],[-47.724163,-22.716682]],[[-47.77799,-22.715714],[-47.77799,-22.715714]],[[-47.724111,-22.716639],[-47.722667,-22.717223]],[[-47.980601,-22.712038],[-47.981463,-22.712753]],[[-47.800703,-22.715281],[-47.797322,-22.714343],[-47.791413,-22.717118],[-47.791254,-22.718116]],[[-47.874889,-22.713948],[-47.874889,-22.713948]],[[-47.907246,-22.713356],[-47.908991,-22.712954]],[[-47.601448,-22.718619],[-47.601996,-22.721553]],[[-47.601448,-22.718619],[-47.601264,-22.718808]],[[-47.724219,-22.716567],[-47.723542,-22.711154],[-47.724613,-22.70863],[-47.726458,-22.707103],[-47.726103,-22.706178]],[[-47.724158,-22.716549],[-47.723504,-22.711125],[-47.725833,-22.707495]],[[-47.711597,-22.716758],[-47.711597,-22.716758]],[[-47.560226,-22.719248],[-47.55856,-22.721003],[-47.557451,-22.726379]],[[-47.560226,-22.719248],[-47.560226,-22.719245]],[[-47.560232,-22.719242],[-47.560226,-22.719248]],[[-47.911165,-22.713227],[-47.909067,-22.713682]],[[-47.832907,-22.714625],[-47.832907,-22.714625]],[[-47.894879,-22.713459],[-47.894877,-22.713458]],[[-47.894879,-22.713459],[-47.895762,-22.710649],[-47.89455,-22.709455]],[[-47.679263,-22.717207],[-47.678296,-22.718631]],[[-47.654064,-22.717606],[-47.654064,-22.717606]],[[-47.831978,-22.714538],[-47.831284,-22.712335]],[[-47.787436,-22.71529],[-47.787829,-22.715652]],[[-47.766428,-22.715642],[-47.766435,-22.714206]],[[-47.699512,-22.716786],[-47.699512,-22.716786]],[[-47.948984,-22.712356],[-47.953707,-22.711539]],[[-47.711211,-22.716541],[-47.711434,-22.716025]],[[-47.781448,-22.715287],[-47.7836,-22.711827]],[[-48.007886,-22.711146],[-48.007264,-22.709448],[-48.007545,-22.710098]],[[-47.766548,-22.715505],[-47.766548,-22.715505]],[[-47.952213,-22.712174],[-47.953505,-22.712909]],[[-47.76207,-22.71557],[-47.766435,-22.714206]],[[-47.544305,-22.719169],[-47.545196,-22.720669]],[[-47.654886,-22.71734],[-47.654952,-22.718187]],[[-47.80538,-22.71476],[-47.806121,-22.711024],[-47.809917,-22.709166],[-47.813821,-22.709715]],[[-47.761987,-22.715507],[-47.761987,-22.715507]],[[-47.505039,-22.71972],[-47.50699,-22.71948]],[[-47.517825,-22.719507],[-47.516204,-22.721223],[-47.512403,-22.721323]],[[-47.517825,-22.719507],[-47.517825,-22.719505]],[[-47.517825,-22.719505],[-47.517825,-22.719507]],[[-47.517825,-22.719505],[-47.517826,-22.719502]],[[-47.654019,-22.717294],[-47.654019,-22.717294]],[[-47.790793,-22.714959],[-47.79059,-22.715975]],[[-47.65363,-22.717272],[-47.65363,-22.717272]],[[-48.013564,-22.710887],[-48.013673,-22.711393]],[[-48.013564,-22.710887],[-48.014209,-22.709864]],[[-48.013571,-22.710881],[-48.013564,-22.710887]],[[-47.918252,-22.712638],[-47.918171,-22.712656]],[[-47.65342,-22.717174],[-47.65342,-22.717174]],[[-47.577548,-22.71841],[-47.579218,-22.723281]],[[-47.983953,-22.711338],[-47.979068,-22.715004]],[[-47.623549,-22.717661],[-47.623544,-22.717563]],[[-47.747061,-22.715582],[-47.746723,-22.716243]],[[-47.705191,-22.716295],[-47.707572,-22.715711]],[[-47.786795,-22.714888],[-47.787313,-22.715173]],[[-47.786795,-22.714888],[-47.786764,-22.714805]],[[-47.786795,-22.714883],[-47.786795,-22.714888]],[[-47.950968,-22.711925],[-47.951312,-22.711163]],[[-47.873939,-22.713315],[-47.872786,-22.716754],[-47.874825,-22.719156],[-47.874502,-22.722075]],[[-47.62361,-22.71762],[-47.62361,-22.717519]],[[-47.65288,-22.717136],[-47.652885,-22.717144]],[[-47.653407,-22.717122],[-47.653407,-22.717122]],[[-47.652851,-22.717087],[-47.652863,-22.717108]],[[-47.623576,-22.717553],[-47.623621,-22.717672]],[[-47.786722,-22.714773],[-47.786795,-22.714888]],[[-47.786722,-22.714773],[-47.786616,-22.714625]],[[-47.786721,-22.714773],[-47.786722,-22.714773]],[[-47.915625,-22.712465],[-47.917462,-22.711057]],[[-47.653072,-22.717028],[-47.653072,-22.717028]],[[-47.797029,-22.714564],[-47.797839,-22.713204],[-47.797633,-22.710496]],[[-47.62366,-22.717497],[-47.623701,-22.717617]],[[-47.623544,-22.71742],[-47.623685,-22.716786]],[[-47.503377,-22.719342],[-47.503416,-22.719412]],[[-47.503377,-22.719342],[-47.503151,-22.719181]],[[-47.652243,-22.716918],[-47.65233,-22.716833]],[[-47.695086,-22.716196],[-47.695086,-22.716196]],[[-47.746842,-22.7153],[-47.749137,-22.717276],[-47.752926,-22.718525],[-47.75702,-22.714891],[-47.759339,-22.714294]],[[-47.601601,-22.717717],[-47.601448,-22.718619]],[[-47.786579,-22.714598],[-47.785117,-22.717068]],[[-47.920209,-22.712203],[-47.921198,-22.712905]],[[-47.777248,-22.714714],[-47.777248,-22.714714]],[[-47.65233,-22.716833],[-47.652841,-22.717071]],[[-47.65233,-22.716833],[-47.65132,-22.715784]],[[-47.503302,-22.719206],[-47.503377,-22.719342]],[[-47.534177,-22.718703],[-47.536114,-22.717425]],[[-47.503151,-22.719181],[-47.50315,-22.719184]],[[-47.503151,-22.719181],[-47.501833,-22.717901],[-47.500953,-22.718311]],[[-47.786488,-22.714476],[-47.786722,-22.714773]],[[-47.846879,-22.713391],[-47.846879,-22.713391]],[[-47.652534,-22.716711],[-47.652534,-22.716711]],[[-47.537517,-22.718556],[-47.536283,-22.718271]],[[-47.746806,-22.715094],[-47.746807,-22.715092]],[[-47.815888,-22.71386],[-47.814194,-22.712853]],[[-47.726305,-22.715387],[-47.72789,-22.715688]],[[-47.726305,-22.715387],[-47.726291,-22.715388]],[[-47.735848,-22.715209],[-47.733876,-22.716092]],[[-47.69922,-22.715818],[-47.700319,-22.718975]],[[-47.57251,-22.717902],[-47.577054,-22.716874]],[[-48.020012,-22.710051],[-48.020009,-22.710061]],[[-48.020012,-22.710051],[-48.015694,-22.709531],[-48.01065,-22.706226]],[[-48.036502,-22.70973],[-48.037102,-22.708539]],[[-47.802686,-22.71397],[-47.80538,-22.71476]],[[-47.699226,-22.715705],[-47.699226,-22.715705]],[[-47.719965,-22.715352],[-47.721133,-22.713319]],[[-47.519094,-22.718558],[-47.519328,-22.719726]],[[-47.622456,-22.716867],[-47.622166,-22.716867]],[[-47.926796,-22.711531],[-47.932869,-22.702764]],[[-47.698994,-22.715537],[-47.699143,-22.715744]],[[-47.518597,-22.718478],[-47.517825,-22.719505]],[[-47.623685,-22.716786],[-47.622538,-22.71686]],[[-47.623685,-22.716786],[-47.626137,-22.715642]],[[-48.014209,-22.709864],[-48.01421,-22.709865]],[[-48.014209,-22.709864],[-48.014209,-22.709864]],[[-47.809506,-22.713565],[-47.812854,-22.713007]],[[-47.699012,-22.715458],[-47.699166,-22.713141]],[[-47.685692,-22.715681],[-47.686991,-22.715698],[-47.688074,-22.717643]],[[-47.81278,-22.713446],[-47.813077,-22.716533]],[[-47.699928,-22.715391],[-47.699928,-22.715391]],[[-47.766435,-22.714206],[-47.766434,-22.714204]],[[-47.766435,-22.714206],[-47.76681,-22.713933]],[[-47.541463,-22.717917],[-47.540778,-22.715833]],[[-47.547143,-22.717808],[-47.547143,-22.717808]],[[-47.651865,-22.716084],[-47.651865,-22.716084]],[[-47.793157,-22.713671],[-47.793204,-22.716517]],[[-47.982525,-22.71023],[-47.983983,-22.71111]],[[-47.677146,-22.715626],[-47.677146,-22.715626]],[[-47.677015,-22.715612],[-47.677015,-22.715612]],[[-47.785704,-22.713754],[-47.786483,-22.714472],[-47.785875,-22.713856]],[[-48.02083,-22.709455],[-48.020012,-22.710051]],[[-47.921787,-22.711285],[-47.918392,-22.712671]],[[-47.676997,-22.715566],[-47.676997,-22.715566]],[[-47.677083,-22.715556],[-47.677083,-22.715556]],[[-47.957786,-22.710585],[-47.959771,-22.709821]],[[-47.737069,-22.714499],[-47.73707,-22.714499]],[[-47.737069,-22.714499],[-47.735827,-22.715247],[-47.737069,-22.714499]],[[-47.765064,-22.714013],[-47.766911,-22.713769]],[[-47.737671,-22.714466],[-47.737672,-22.714465]],[[-47.737671,-22.714466],[-47.737672,-22.714465]],[[-47.737672,-22.714465],[-47.737671,-22.714466]],[[-47.737672,-22.714465],[-47.737528,-22.71387],[-47.73713,-22.714872],[-47.737671,-22.714466]],[[-47.727719,-22.714616],[-47.726305,-22.715387]],[[-48.014112,-22.709452],[-48.014291,-22.708627]],[[-47.765064,-22.713864],[-47.765064,-22.713864]],[[-47.651313,-22.715789],[-47.651461,-22.716432],[-47.65084,-22.715617],[-47.650613,-22.7163],[-47.65046,-22.714966]],[[-47.846727,-22.712424],[-47.848186,-22.71214]],[[-47.550417,-22.717423],[-47.550133,-22.715366],[-47.551116,-22.713492],[-47.549121,-22.708586]],[[-47.812854,-22.713007],[-47.812859,-22.713007]],[[-47.812854,-22.713007],[-47.812834,-22.713374]],[[-48.007554,-22.709444],[-48.007762,-22.708504],[-48.005798,-22.706989]],[[-47.732424,-22.714356],[-47.73309,-22.715273]],[[-47.732424,-22.714356],[-47.728333,-22.711069]],[[-47.546907,-22.717417],[-47.546907,-22.717417]],[[-47.943677,-22.710596],[-47.941762,-22.712015]],[[-47.917462,-22.711057],[-47.917464,-22.711056]],[[-47.917462,-22.711057],[-47.915438,-22.705793],[-47.912981,-22.702822]],[[-47.65136,-22.715664],[-47.65136,-22.715664]],[[-47.577054,-22.716874],[-47.577512,-22.718173]],[[-47.577054,-22.716874],[-47.577055,-22.716873]],[[-47.502084,-22.718024],[-47.5051,-22.717575]],[[-47.73744,-22.714119],[-47.737069,-22.714499]],[[-47.94654,-22.71039],[-47.944341,-22.713237]],[[-47.814161,-22.71276],[-47.813519,-22.712495]],[[-47.710525,-22.714526],[-47.711404,-22.715962]],[[-47.710525,-22.714526],[-47.709792,-22.715039]],[[-47.710525,-22.714525],[-47.710525,-22.714526]],[[-47.917477,-22.710871],[-47.919712,-22.710172]],[[-47.810449,-22.712782],[-47.810698,-22.713005]],[[-47.732908,-22.714108],[-47.732424,-22.714356]],[[-47.998773,-22.709322],[-47.998773,-22.709322]],[[-47.52061,-22.717574],[-47.51965,-22.718691],[-47.517288,-22.717981],[-47.510755,-22.719071]],[[-47.533478,-22.717368],[-47.536429,-22.716595]],[[-47.785321,-22.713164],[-47.790747,-22.709821]],[[-47.84823,-22.712051],[-47.848576,-22.711376]],[[-47.651042,-22.715436],[-47.650723,-22.714868],[-47.651042,-22.715436]],[[-47.831284,-22.712335],[-47.831284,-22.712328]],[[-47.831284,-22.712335],[-47.833658,-22.711934]],[[-47.754671,-22.713633],[-47.753967,-22.709759]],[[-47.825267,-22.712366],[-47.825145,-22.709832]],[[-47.651342,-22.715334],[-47.652405,-22.716194],[-47.651342,-22.715334]],[[-47.90687,-22.710881],[-47.908231,-22.710332]],[[-48.037158,-22.708458],[-48.038236,-22.706512],[-48.038251,-22.701474]],[[-47.789449,-22.712965],[-47.786978,-22.711666]],[[-47.546507,-22.71702],[-47.546507,-22.71702]],[[-47.785172,-22.713035],[-47.785465,-22.713454]],[[-47.539712,-22.717103],[-47.539238,-22.720444],[-47.540808,-22.721162]],[[-47.545798,-22.717004],[-47.546451,-22.716959],[-47.545798,-22.717004]],[[-47.737562,-22.71383],[-47.740939,-22.712462]],[[-47.762048,-22.713398],[-47.762048,-22.713398]],[[-47.509164,-22.717568],[-47.50753,-22.717615]],[[-47.762048,-22.713393],[-47.762048,-22.713398]],[[-47.762075,-22.71339],[-47.764857,-22.711615],[-47.767332,-22.713027]],[[-47.626177,-22.715676],[-47.623598,-22.717384]],[[-47.959769,-22.709817],[-47.960537,-22.708589],[-47.962181,-22.70864],[-47.963157,-22.706108]],[[-47.544578,-22.716962],[-47.543823,-22.721152]],[[-47.544578,-22.716962],[-47.544578,-22.716962]],[[-47.505098,-22.717576],[-47.5051,-22.717575]],[[-47.5051,-22.717575],[-47.508946,-22.717141]],[[-47.5051,-22.717575],[-47.505731,-22.716718]],[[-47.880152,-22.711253],[-47.88321,-22.709709],[-47.884892,-22.710555]],[[-47.770058,-22.713154],[-47.772009,-22.71373]],[[-47.770058,-22.713154],[-47.770058,-22.713155]],[[-47.723836,-22.713941],[-47.726305,-22.715387]],[[-47.908475,-22.710648],[-47.911798,-22.711153]],[[-47.738182,-22.713645],[-47.735819,-22.712929],[-47.734521,-22.713705]],[[-47.626343,-22.715518],[-47.627177,-22.714476],[-47.624777,-22.71386],[-47.627451,-22.710881],[-47.624818,-22.709947],[-47.624362,-22.709106],[-47.625587,-22.708433]],[[-47.895703,-22.710811],[-47.896105,-22.709567],[-47.900257,-22.706471],[-47.907097,-22.70542]],[[-47.77307,-22.712986],[-47.772871,-22.714393]],[[-47.914401,-22.710436],[-47.916259,-22.708892]],[[-47.767332,-22.713027],[-47.767332,-22.713028]],[[-47.767332,-22.713027],[-47.766916,-22.713762],[-47.768436,-22.713081],[-47.767332,-22.713027]],[[-47.65116,-22.714986],[-47.65116,-22.714986]],[[-47.760177,-22.713101],[-47.759312,-22.712452]],[[-47.545878,-22.716654],[-47.544221,-22.714096],[-47.545264,-22.71201],[-47.544371,-22.710691]],[[-47.938818,-22.709865],[-47.938557,-22.708737]],[[-47.847976,-22.711504],[-47.847976,-22.711504]],[[-47.768424,-22.7129],[-47.770058,-22.713154]],[[-47.718072,-22.713738],[-47.716755,-22.714614]],[[-47.988621,-22.708871],[-47.996278,-22.705439],[-47.999025,-22.697827]],[[-47.848575,-22.711376],[-47.848576,-22.711376]],[[-47.848576,-22.711376],[-47.848647,-22.710899]],[[-47.848576,-22.711376],[-47.850401,-22.709985],[-47.855265,-22.713131]],[[-47.778986,-22.712595],[-47.778521,-22.710544]],[[-47.702112,-22.71391],[-47.70211,-22.713908]],[[-47.702112,-22.71391],[-47.700166,-22.71338],[-47.702112,-22.71391]],[[-47.696659,-22.713993],[-47.695918,-22.713355],[-47.703867,-22.711937],[-47.703312,-22.707669],[-47.707728,-22.707576]],[[-47.650993,-22.714746],[-47.651049,-22.714721]],[[-47.536429,-22.716595],[-47.536433,-22.716594]],[[-47.536429,-22.716595],[-47.537358,-22.7158]],[[-47.70653,-22.713794],[-47.704015,-22.714562]],[[-47.696489,-22.713956],[-47.695772,-22.713532]],[[-47.527473,-22.716655],[-47.529647,-22.717419]],[[-47.718299,-22.713494],[-47.718306,-22.713485]],[[-47.718306,-22.713485],[-47.718306,-22.713485]],[[-47.718306,-22.713485],[-47.718851,-22.713464]],[[-47.884892,-22.710555],[-47.884915,-22.710549]],[[-47.884892,-22.710555],[-47.890138,-22.708512],[-47.894552,-22.709461]],[[-47.718851,-22.713464],[-47.718852,-22.713465]],[[-47.718851,-22.713464],[-47.717668,-22.715107]],[[-47.987065,-22.708652],[-47.984029,-22.711132]],[[-47.710222,-22.713544],[-47.710525,-22.714526]],[[-47.987256,-22.708503],[-47.98517,-22.706699],[-47.985926,-22.705695],[-47.985016,-22.701526]],[[-47.941991,-22.709323],[-47.938818,-22.709865]],[[-47.592768,-22.715369],[-47.592768,-22.715369]],[[-47.650895,-22.714401],[-47.650774,-22.714341]],[[-47.592348,-22.715354],[-47.592348,-22.715354]],[[-47.712409,-22.713355],[-47.710196,-22.712986]],[[-47.65093,-22.714385],[-47.650822,-22.713652],[-47.650768,-22.714341]],[[-47.716892,-22.713275],[-47.718165,-22.713726]],[[-47.505731,-22.716718],[-47.505729,-22.716718]],[[-47.505731,-22.716718],[-47.507426,-22.71513]],[[-47.830013,-22.711271],[-47.831284,-22.712335]],[[-47.836274,-22.711156],[-47.841073,-22.709463],[-47.848528,-22.710157]],[[-47.83002,-22.711261],[-47.827354,-22.708535]],[[-47.559375,-22.715797],[-47.560982,-22.715614]],[[-47.848647,-22.710899],[-47.848647,-22.7109]],[[-47.848647,-22.710899],[-47.848528,-22.710157]],[[-47.651096,-22.714297],[-47.651217,-22.714246]],[[-47.65204,-22.714274],[-47.654882,-22.717323]],[[-47.695772,-22.713532],[-47.703615,-22.711948],[-47.703057,-22.707775],[-47.707529,-22.707381]],[[-47.544983,-22.715994],[-47.544578,-22.716962]],[[-47.550257,-22.715882],[-47.550935,-22.717006]],[[-47.695038,-22.713458],[-47.695772,-22.713532]],[[-47.728121,-22.712884],[-47.728855,-22.712119]],[[-47.551878,-22.715794],[-47.553271,-22.716033]],[[-47.71688,-22.713074],[-47.71688,-22.713074]],[[-47.560982,-22.715614],[-47.560278,-22.719189]],[[-47.560982,-22.715614],[-47.560982,-22.715613]],[[-47.845251,-22.710806],[-47.845251,-22.710806]],[[-47.713523,-22.713092],[-47.712634,-22.713354]],[[-47.508568,-22.716405],[-47.507304,-22.71617]],[[-47.700332,-22.713268],[-47.700203,-22.71308]],[[-47.773909,-22.711956],[-47.776064,-22.711605]],[[-47.770483,-22.712015],[-47.771662,-22.713763]],[[-47.555377,-22.715531],[-47.554894,-22.716505]],[[-47.652016,-22.713926],[-47.651473,-22.706273],[-47.644299,-22.704075]],[[-47.773813,-22.711838],[-47.773813,-22.711838]],[[-47.783022,-22.711658],[-47.784985,-22.712863]],[[-47.772159,-22.711841],[-47.772187,-22.713735]],[[-47.507304,-22.71617],[-47.507302,-22.716172]],[[-47.507304,-22.71617],[-47.505731,-22.716718]],[[-47.770526,-22.71182],[-47.770526,-22.71182]],[[-47.763228,-22.711932],[-47.763228,-22.711932]],[[-47.844214,-22.710506],[-47.844214,-22.710506]],[[-47.801104,-22.711246],[-47.800828,-22.71286]],[[-47.801104,-22.711246],[-47.801112,-22.711242]],[[-47.723452,-22.712554],[-47.722391,-22.712842]],[[-47.806013,-22.711112],[-47.803138,-22.710295],[-47.801104,-22.711246]],[[-47.723468,-22.712528],[-47.718851,-22.713464]],[[-47.93854,-22.708713],[-47.936328,-22.705386]],[[-47.776064,-22.711605],[-47.777439,-22.712744],[-47.774907,-22.714554],[-47.774121,-22.718258],[-47.772706,-22.719002]],[[-47.776064,-22.711605],[-47.776065,-22.711605]],[[-47.76006,-22.711775],[-47.76006,-22.711775]],[[-47.742413,-22.712058],[-47.740854,-22.71246],[-47.738165,-22.710783]],[[-47.507501,-22.715911],[-47.507304,-22.71617]],[[-47.763979,-22.711674],[-47.763316,-22.711634],[-47.763979,-22.711674]],[[-47.764011,-22.711667],[-47.764471,-22.711876]],[[-47.823551,-22.710622],[-47.823933,-22.707798]],[[-47.555833,-22.715107],[-47.554755,-22.715222]],[[-47.848528,-22.710157],[-47.848647,-22.710899]],[[-47.848528,-22.710157],[-47.848523,-22.710152]],[[-47.688136,-22.712845],[-47.688137,-22.712845]],[[-47.688136,-22.712845],[-47.686246,-22.712824]],[[-47.848448,-22.710019],[-47.848369,-22.709072]],[[-47.903574,-22.709026],[-47.903659,-22.708327]],[[-47.508301,-22.715687],[-47.507677,-22.716241]],[[-47.734714,-22.711944],[-47.735797,-22.712936]],[[-47.763706,-22.711436],[-47.763706,-22.711436]],[[-47.843214,-22.710025],[-47.843214,-22.710025]],[[-47.51862,-22.715464],[-47.515565,-22.716568],[-47.512199,-22.71489]],[[-47.951912,-22.708031],[-47.949476,-22.705266],[-47.947704,-22.705154]],[[-47.795431,-22.710844],[-47.795391,-22.71023]],[[-47.7628,-22.711397],[-47.763324,-22.711582]],[[-47.7628,-22.711397],[-47.7628,-22.711397]],[[-47.762788,-22.711396],[-47.7628,-22.711397]],[[-47.768624,-22.711272],[-47.769537,-22.711175],[-47.770058,-22.713154]],[[-47.556998,-22.714778],[-47.556195,-22.713255],[-47.553817,-22.714099]],[[-47.860334,-22.709571],[-47.860022,-22.702602]],[[-47.893393,-22.708931],[-47.89337,-22.705291]],[[-47.510919,-22.715384],[-47.51351,-22.715881]],[[-47.90295,-22.708699],[-47.903688,-22.70642]],[[-47.946464,-22.707862],[-47.945056,-22.705424]],[[-47.95028,-22.707753],[-47.950293,-22.706538]],[[-47.94312,-22.707808],[-47.942682,-22.706043]],[[-47.561727,-22.714358],[-47.560982,-22.715614]],[[-47.799596,-22.710332],[-47.801104,-22.711246]],[[-47.771165,-22.710764],[-47.770526,-22.71182]],[[-47.904732,-22.70832],[-47.905005,-22.707224]],[[-47.941633,-22.707628],[-47.941062,-22.706399]],[[-47.717346,-22.71159],[-47.71911,-22.713334]],[[-47.795391,-22.71023],[-47.795389,-22.710228]],[[-47.795391,-22.71023],[-47.797189,-22.709576]],[[-47.528259,-22.714672],[-47.52657,-22.717217],[-47.528451,-22.719448],[-47.526,-22.721346],[-47.527614,-22.722621],[-47.527541,-22.724391],[-47.528526,-22.725509]],[[-47.825169,-22.709685],[-47.824617,-22.707929]],[[-47.828721,-22.709569],[-47.831583,-22.708917]],[[-47.771278,-22.710574],[-47.771278,-22.710574]],[[-47.528274,-22.714598],[-47.529875,-22.713933],[-47.529576,-22.713],[-47.525788,-22.710834],[-47.525806,-22.709158],[-47.528048,-22.707259],[-47.52783,-22.706026],[-47.529036,-22.705864],[-47.525575,-22.702522]],[[-48.010626,-22.706235],[-48.007429,-22.705499],[-48.004447,-22.707945],[-48.001564,-22.707837],[-47.996438,-22.705035]],[[-48.010648,-22.706217],[-48.014065,-22.70385],[-48.013734,-22.700521]],[[-47.973341,-22.706907],[-47.975957,-22.706224]],[[-47.903506,-22.70819],[-47.903506,-22.70819]],[[-47.768998,-22.710535],[-47.769536,-22.711171]],[[-47.553817,-22.714099],[-47.556388,-22.716192]],[[-47.553817,-22.714099],[-47.553814,-22.7141]],[[-47.903674,-22.708121],[-47.903653,-22.707541]],[[-47.905378,-22.708053],[-47.90501,-22.705698]],[[-47.690936,-22.711783],[-47.688136,-22.712845]],[[-47.562937,-22.71387],[-47.562936,-22.71387]],[[-47.562936,-22.71387],[-47.563013,-22.713858]],[[-47.562936,-22.71387],[-47.561826,-22.714293]],[[-47.563013,-22.713858],[-47.562936,-22.71387]],[[-47.751815,-22.710668],[-47.751815,-22.710668]],[[-47.728333,-22.711069],[-47.728334,-22.711067]],[[-47.728333,-22.711069],[-47.731379,-22.711029]],[[-47.944541,-22.707214],[-47.943902,-22.705777]],[[-47.556772,-22.71382],[-47.557626,-22.71444]],[[-47.687097,-22.711613],[-47.688136,-22.712845]],[[-47.768965,-22.710211],[-47.768965,-22.710212]],[[-47.768965,-22.710211],[-47.768965,-22.710211]],[[-47.790747,-22.709821],[-47.79075,-22.70983]],[[-47.790747,-22.709821],[-47.79347,-22.709038],[-47.795391,-22.71023]],[[-47.529869,-22.714028],[-47.530393,-22.715168]],[[-47.76844,-22.710063],[-47.768911,-22.710226]],[[-47.997696,-22.70589],[-48.002021,-22.703075]],[[-47.848346,-22.708616],[-47.848646,-22.708071]],[[-47.768348,-22.70998],[-47.768348,-22.70998]],[[-47.76733,-22.70998],[-47.768187,-22.710067]],[[-47.975957,-22.706224],[-47.975962,-22.706228]],[[-47.975957,-22.706224],[-47.977583,-22.706929]],[[-47.748248,-22.710294],[-47.746008,-22.710146]],[[-47.551157,-22.713539],[-47.552177,-22.714901],[-47.551611,-22.716749]],[[-48.035888,-22.705059],[-48.037308,-22.704154]],[[-47.707564,-22.710928],[-47.709518,-22.709488],[-47.709505,-22.708178]],[[-47.9219,-22.707146],[-47.922214,-22.705854],[-47.918056,-22.699489]],[[-47.918209,-22.707209],[-47.915629,-22.707472]],[[-47.553427,-22.713432],[-47.55404,-22.711885],[-47.556233,-22.711728]],[[-47.714101,-22.710767],[-47.709748,-22.708927]],[[-47.553329,-22.713392],[-47.553817,-22.714099]],[[-47.553329,-22.713392],[-47.553327,-22.713411]],[[-47.745949,-22.710152],[-47.742409,-22.712046],[-47.741784,-22.711417]],[[-47.507574,-22.714042],[-47.504584,-22.714344],[-47.501356,-22.717968]],[[-47.801848,-22.709133],[-47.802472,-22.710456]],[[-47.748505,-22.710032],[-47.746718,-22.714992],[-47.747474,-22.713004]],[[-47.912095,-22.707044],[-47.911669,-22.703186]],[[-47.877746,-22.70762],[-47.884161,-22.703851],[-47.886856,-22.704793]],[[-47.688142,-22.71092],[-47.690715,-22.710059]],[[-47.827078,-22.708503],[-47.823933,-22.707798]],[[-47.515522,-22.713676],[-47.518515,-22.714334]],[[-47.941062,-22.706399],[-47.941062,-22.706398]],[[-47.941062,-22.706399],[-47.940912,-22.706373]],[[-47.848646,-22.708071],[-47.848647,-22.708073]],[[-47.848646,-22.708071],[-47.848646,-22.708071]],[[-47.940912,-22.706373],[-47.940912,-22.706379]],[[-47.940912,-22.706373],[-47.938933,-22.706642],[-47.936328,-22.705386]],[[-47.754222,-22.709651],[-47.754224,-22.70965]],[[-47.754224,-22.70965],[-47.753929,-22.709613]],[[-47.754224,-22.70965],[-47.754714,-22.709669]],[[-47.848609,-22.707985],[-47.848632,-22.707787]],[[-47.715,-22.710308],[-47.715,-22.710308]],[[-47.52392,-22.713419],[-47.520173,-22.716058],[-47.518638,-22.715477],[-47.518103,-22.713515]],[[-47.753929,-22.709613],[-47.754224,-22.70965]],[[-47.753929,-22.709613],[-47.75393,-22.70961]],[[-47.518043,-22.713473],[-47.516891,-22.712996]],[[-47.523953,-22.713372],[-47.523953,-22.713372]],[[-47.523953,-22.713372],[-47.523954,-22.713372]],[[-47.95732,-22.705926],[-47.957704,-22.704988]],[[-47.529539,-22.713263],[-47.529539,-22.713263]],[[-47.755016,-22.709535],[-47.755459,-22.709471]],[[-47.755459,-22.709471],[-47.759247,-22.712306]],[[-47.755459,-22.709471],[-47.755458,-22.709475]],[[-47.650487,-22.711235],[-47.650276,-22.714692]],[[-47.614134,-22.711803],[-47.612321,-22.714783]],[[-47.848632,-22.707787],[-47.848829,-22.706495]],[[-47.734153,-22.709633],[-47.733972,-22.704429]],[[-48.037308,-22.704154],[-48.037308,-22.704156]],[[-48.037308,-22.704154],[-48.037308,-22.704154]],[[-47.586119,-22.712032],[-47.590582,-22.716819]],[[-47.586119,-22.712032],[-47.584162,-22.713243]],[[-47.838484,-22.707744],[-47.841492,-22.704474],[-47.843044,-22.70451]],[[-47.783417,-22.708677],[-47.781182,-22.708795]],[[-47.736339,-22.709488],[-47.739829,-22.704638]],[[-47.773659,-22.708844],[-47.777348,-22.707734]],[[-47.749019,-22.709262],[-47.749019,-22.709262]],[[-47.836405,-22.707704],[-47.836405,-22.707704]],[[-47.688261,-22.710247],[-47.68874,-22.70916]],[[-47.749439,-22.709176],[-47.753929,-22.709613]],[[-47.836617,-22.707617],[-47.836617,-22.707617]],[[-47.725176,-22.709534],[-47.728333,-22.711069]],[[-47.823933,-22.707798],[-47.823931,-22.707791]],[[-47.823933,-22.707798],[-47.816449,-22.705913]],[[-47.550767,-22.712391],[-47.553329,-22.713392]],[[-47.77329,-22.708663],[-47.773292,-22.708663]],[[-47.77329,-22.708663],[-47.77329,-22.708663]],[[-48.037435,-22.703841],[-48.038039,-22.703913]],[[-47.933042,-22.705777],[-47.934717,-22.704558],[-47.934317,-22.70313]],[[-47.780952,-22.708496],[-47.78302,-22.711659],[-47.782627,-22.711137]],[[-47.902373,-22.706332],[-47.901875,-22.703128]],[[-47.949674,-22.705459],[-47.952705,-22.704106]],[[-47.768658,-22.708668],[-47.768659,-22.708669]],[[-47.768658,-22.708668],[-47.768965,-22.710211]],[[-47.509871,-22.712924],[-47.513456,-22.704385],[-47.5134,-22.701862],[-47.515988,-22.699981]],[[-47.724614,-22.709404],[-47.725165,-22.7095]],[[-47.922217,-22.705913],[-47.923595,-22.706577]],[[-47.557967,-22.712129],[-47.557457,-22.711026]],[[-47.84883,-22.707165],[-47.853682,-22.707223]],[[-47.709475,-22.709545],[-47.710218,-22.713483]],[[-47.920086,-22.70581],[-47.920746,-22.704166]],[[-47.71504,-22.709416],[-47.714518,-22.70843]],[[-47.738309,-22.709005],[-47.738812,-22.707603]],[[-47.564022,-22.711885],[-47.565877,-22.714063]],[[-47.772727,-22.708381],[-47.77329,-22.708663]],[[-47.76322,-22.708482],[-47.76322,-22.708482]],[[-47.945886,-22.705219],[-47.945887,-22.705226]],[[-47.945886,-22.705219],[-47.941062,-22.706399]],[[-47.936328,-22.705386],[-47.93631,-22.705394]],[[-47.936328,-22.705386],[-47.936178,-22.705152]],[[-47.763273,-22.708463],[-47.763641,-22.707599]],[[-47.947704,-22.705154],[-47.947704,-22.705159]],[[-47.947704,-22.705154],[-47.945886,-22.705219]],[[-47.506445,-22.712643],[-47.505986,-22.712219]],[[-47.833652,-22.707163],[-47.834322,-22.703926]],[[-47.578024,-22.711478],[-47.576412,-22.711931]],[[-47.95688,-22.704914],[-47.961025,-22.702362]],[[-47.907395,-22.705759],[-47.907395,-22.705759]],[[-47.556233,-22.711728],[-47.557573,-22.712677]],[[-47.556233,-22.711728],[-47.558479,-22.710541]],[[-47.756573,-22.708396],[-47.757152,-22.706889]],[[-47.614708,-22.710658],[-47.614816,-22.710368]],[[-47.748597,-22.708407],[-47.749537,-22.709435],[-47.748595,-22.709926]],[[-48.014124,-22.70361],[-48.015794,-22.703645],[-48.01657,-22.702589]],[[-47.687294,-22.709393],[-47.689359,-22.708313]],[[-47.907204,-22.705531],[-47.909448,-22.704175]],[[-48.017049,-22.703453],[-48.016289,-22.703264]],[[-47.506229,-22.712258],[-47.50233,-22.711328]],[[-47.767976,-22.707936],[-47.768658,-22.708668]],[[-47.848829,-22.706495],[-47.848632,-22.707787]],[[-47.848829,-22.706495],[-47.848829,-22.706495]],[[-47.585657,-22.710931],[-47.586119,-22.712032]],[[-47.585657,-22.710931],[-47.583837,-22.712255]],[[-47.777426,-22.707702],[-47.778558,-22.705716]],[[-47.769015,-22.707839],[-47.768658,-22.708668]],[[-47.769015,-22.707839],[-47.769015,-22.707839]],[[-47.769015,-22.707838],[-47.769015,-22.707839]],[[-47.767847,-22.707841],[-47.767847,-22.707841]],[[-47.948643,-22.70458],[-47.948646,-22.704592]],[[-47.948643,-22.70458],[-47.947704,-22.705154]],[[-47.7271,-22.708505],[-47.726437,-22.708506],[-47.7271,-22.708505]],[[-47.707169,-22.708798],[-47.707678,-22.709253],[-47.707169,-22.708798]],[[-47.602007,-22.7105],[-47.60252,-22.713235]],[[-47.602007,-22.7105],[-47.602158,-22.713118]],[[-47.806536,-22.707035],[-47.808714,-22.709755]],[[-47.769579,-22.707658],[-47.769266,-22.707822]],[[-47.975074,-22.703952],[-47.975957,-22.706224]],[[-47.506743,-22.711951],[-47.506237,-22.712283],[-47.506743,-22.711951]],[[-47.76762,-22.707628],[-47.767844,-22.707837]],[[-47.51281,-22.711739],[-47.511575,-22.709542]],[[-47.893373,-22.705292],[-47.89337,-22.705291]],[[-47.89337,-22.705291],[-47.894847,-22.702991]],[[-47.89337,-22.705291],[-47.893127,-22.702968]],[[-47.769574,-22.707483],[-47.769574,-22.707483]],[[-47.525504,-22.711509],[-47.523953,-22.713372]],[[-47.941098,-22.704401],[-47.940912,-22.706373]],[[-47.848813,-22.706057],[-47.848716,-22.704743],[-47.848834,-22.705847]],[[-47.767444,-22.707466],[-47.767444,-22.707466]],[[-47.714486,-22.708358],[-47.713966,-22.706903]],[[-47.779868,-22.707229],[-47.780915,-22.708421]],[[-47.825973,-22.706413],[-47.822883,-22.707263]],[[-47.544975,-22.711081],[-47.544975,-22.711081]],[[-47.601941,-22.710158],[-47.602007,-22.7105]],[[-47.601941,-22.710158],[-47.602007,-22.7105]],[[-47.502564,-22.7117],[-47.501512,-22.713064]],[[-47.719091,-22.708151],[-47.724561,-22.709327]],[[-48.002021,-22.703075],[-48.002021,-22.703084]],[[-48.002021,-22.703075],[-48.004038,-22.702732],[-48.004842,-22.701092]],[[-47.771971,-22.707186],[-47.771971,-22.707186]],[[-47.891576,-22.705066],[-47.89333,-22.705544]],[[-47.763665,-22.707327],[-47.763665,-22.707327]],[[-47.791282,-22.706776],[-47.790747,-22.709821]],[[-47.760043,-22.707315],[-47.759511,-22.707433]],[[-47.763695,-22.707245],[-47.764809,-22.705815],[-47.765921,-22.700058]],[[-47.758921,-22.70732],[-47.758921,-22.70732]],[[-47.772231,-22.707074],[-47.772231,-22.707074]],[[-47.787978,-22.706779],[-47.786559,-22.705158],[-47.784479,-22.704895]],[[-47.738812,-22.707603],[-47.739421,-22.709643]],[[-47.738812,-22.707603],[-47.738798,-22.706737]],[[-47.945626,-22.703913],[-47.945886,-22.705219]],[[-47.494379,-22.711585],[-47.496263,-22.712309],[-47.496835,-22.714465],[-47.500611,-22.717254],[-47.502538,-22.721442]],[[-47.738811,-22.707578],[-47.738812,-22.707603]],[[-47.848768,-22.705637],[-47.848768,-22.705637]],[[-47.759156,-22.707203],[-47.755459,-22.709471]],[[-47.762102,-22.707143],[-47.762102,-22.707143]],[[-47.870139,-22.705232],[-47.866833,-22.704124],[-47.864531,-22.70451],[-47.860405,-22.70262]],[[-48.034884,-22.702141],[-48.038251,-22.701474]],[[-47.878983,-22.705008],[-47.880036,-22.706352]],[[-47.829856,-22.705884],[-47.831041,-22.706724]],[[-47.50233,-22.711328],[-47.50041,-22.708777]],[[-47.581944,-22.710058],[-47.583994,-22.709818]],[[-47.728676,-22.707619],[-47.726103,-22.706178]],[[-47.544329,-22.710581],[-47.54432,-22.708101]],[[-47.700324,-22.708021],[-47.70313,-22.708049]],[[-47.796436,-22.706336],[-47.793712,-22.709126]],[[-47.52579,-22.710839],[-47.525581,-22.711444]],[[-47.577709,-22.710002],[-47.576012,-22.710679]],[[-47.761673,-22.70692],[-47.761673,-22.70692]],[[-47.582114,-22.709915],[-47.583994,-22.709818]],[[-47.829502,-22.705727],[-47.829502,-22.705727]],[[-47.829498,-22.705721],[-47.826055,-22.70632]],[[-47.725833,-22.707495],[-47.725832,-22.707497]],[[-47.725833,-22.707495],[-47.726386,-22.707109],[-47.7245,-22.703705]],[[-47.77188,-22.706687],[-47.77188,-22.706687]],[[-47.585542,-22.709804],[-47.585657,-22.710931]],[[-47.585551,-22.709794],[-47.586161,-22.712024],[-47.590599,-22.716817]],[[-47.583994,-22.709818],[-47.585488,-22.709752]],[[-47.58551,-22.709783],[-47.585488,-22.709752]],[[-47.909694,-22.704198],[-47.911669,-22.703186]],[[-47.585488,-22.709752],[-47.585377,-22.709509]],[[-47.724765,-22.707403],[-47.724765,-22.707403]],[[-47.676798,-22.70819],[-47.67743,-22.708085]],[[-47.764641,-22.706684],[-47.764641,-22.706684]],[[-47.764678,-22.706661],[-47.764691,-22.705972]],[[-47.601719,-22.709378],[-47.601941,-22.710158]],[[-47.601719,-22.709378],[-47.601941,-22.710158]],[[-47.707728,-22.707576],[-47.707529,-22.707381]],[[-47.969793,-22.702904],[-47.96955,-22.701615]],[[-47.77185,-22.706398],[-47.77185,-22.706398]],[[-47.947492,-22.703245],[-47.947565,-22.705048]],[[-47.585435,-22.709502],[-47.585524,-22.709769]],[[-47.950068,-22.703152],[-47.948643,-22.70458]],[[-47.585398,-22.709444],[-47.585887,-22.705186],[-47.587681,-22.704104]],[[-47.848213,-22.704976],[-47.848213,-22.704976]],[[-48.038251,-22.701474],[-48.038254,-22.701473]],[[-48.038251,-22.701474],[-48.038295,-22.698138],[-48.039088,-22.697515],[-48.038263,-22.695596],[-48.046093,-22.685627]],[[-47.677769,-22.707907],[-47.682547,-22.706836]],[[-47.707529,-22.707381],[-47.705962,-22.704096]],[[-47.601635,-22.709112],[-47.601719,-22.709378]],[[-47.601635,-22.709112],[-47.601719,-22.709378]],[[-47.867917,-22.704551],[-47.8691,-22.703921]],[[-48.005118,-22.702021],[-48.004219,-22.702459]],[[-47.848713,-22.70487],[-47.848713,-22.70487]],[[-47.948523,-22.70304],[-47.948643,-22.70458]],[[-47.724528,-22.706972],[-47.725833,-22.707495]],[[-47.693528,-22.707484],[-47.699103,-22.707112]],[[-47.55655,-22.709683],[-47.554985,-22.71]],[[-47.751795,-22.706441],[-47.751554,-22.705976]],[[-47.834194,-22.704981],[-47.836379,-22.707084]],[[-47.688716,-22.707454],[-47.688403,-22.706131]],[[-47.832496,-22.70497],[-47.834322,-22.703926]],[[-47.696265,-22.707264],[-47.69381,-22.70643]],[[-47.924062,-22.703252],[-47.9219,-22.696787]],[[-47.680437,-22.707506],[-47.681516,-22.708988]],[[-47.687968,-22.707377],[-47.689277,-22.708165]],[[-47.841192,-22.704725],[-47.838357,-22.703431]],[[-47.625548,-22.708409],[-47.624321,-22.709105],[-47.624845,-22.710033],[-47.627405,-22.71096],[-47.62472,-22.713799],[-47.624975,-22.71453],[-47.627212,-22.714607],[-47.626301,-22.715481]],[[-47.713966,-22.706903],[-47.713966,-22.7069]],[[-47.713966,-22.706903],[-47.716171,-22.708684]],[[-48.055407,-22.700721],[-48.056175,-22.700537],[-48.055407,-22.700721]],[[-47.852955,-22.704459],[-47.848898,-22.702846]],[[-47.699103,-22.707112],[-47.699106,-22.707113]],[[-47.699103,-22.707112],[-47.700304,-22.707912]],[[-47.99193,-22.701826],[-47.990035,-22.701251]],[[-47.748378,-22.706178],[-47.748506,-22.708289]],[[-47.625747,-22.708233],[-47.627381,-22.706238]],[[-47.942245,-22.702713],[-47.941646,-22.700622]],[[-47.666191,-22.707532],[-47.668557,-22.70566]],[[-47.681345,-22.707251],[-47.682905,-22.708478]],[[-47.837983,-22.704543],[-47.83971,-22.704045]],[[-47.911669,-22.703186],[-47.91167,-22.703183]],[[-47.911669,-22.703186],[-47.911397,-22.703137]],[[-47.927001,-22.702888],[-47.927001,-22.702888]],[[-47.702022,-22.706848],[-47.703059,-22.707821]],[[-47.774146,-22.705611],[-47.774656,-22.70545]],[[-47.939946,-22.702638],[-47.938645,-22.700743],[-47.939233,-22.699873]],[[-47.601361,-22.708477],[-47.601635,-22.709112]],[[-47.933029,-22.70272],[-47.933053,-22.702472]],[[-47.5572,-22.709165],[-47.555615,-22.709026]],[[-47.912003,-22.703082],[-47.912682,-22.70284]],[[-47.74843,-22.705972],[-47.74843,-22.705972]],[[-47.74848,-22.705969],[-47.748636,-22.705889]],[[-47.987095,-22.701652],[-47.986478,-22.701701],[-47.987095,-22.701652]],[[-47.748664,-22.705926],[-47.748579,-22.70589]],[[-47.758477,-22.705743],[-47.758477,-22.705743]],[[-47.843508,-22.704253],[-47.845855,-22.703868]],[[-47.601313,-22.708374],[-47.601635,-22.709112]],[[-47.774656,-22.70545],[-47.774657,-22.70545]],[[-47.774656,-22.70545],[-47.774656,-22.70545]],[[-47.927389,-22.70272],[-47.927058,-22.700707],[-47.923815,-22.695951]],[[-47.748636,-22.705889],[-47.748664,-22.705926]],[[-47.748636,-22.705889],[-47.748635,-22.705891]],[[-47.601307,-22.708346],[-47.601298,-22.706872]],[[-47.774912,-22.705426],[-47.777814,-22.707518]],[[-47.98648,-22.701609],[-47.985689,-22.702225]],[[-47.803783,-22.704906],[-47.803785,-22.704908]],[[-47.803783,-22.704906],[-47.800362,-22.706599],[-47.799445,-22.708085]],[[-47.901875,-22.703128],[-47.901879,-22.70312]],[[-47.901875,-22.703128],[-47.901452,-22.700991]],[[-47.601341,-22.708266],[-47.60127,-22.706204]],[[-47.726103,-22.706178],[-47.726095,-22.706179]],[[-47.726103,-22.706178],[-47.725968,-22.706082]],[[-47.721523,-22.706255],[-47.719915,-22.70666]],[[-47.721523,-22.706255],[-47.721556,-22.70625]],[[-47.985016,-22.701526],[-47.985021,-22.701523]],[[-47.985016,-22.701526],[-47.984658,-22.699456]],[[-47.933051,-22.702475],[-47.933053,-22.702472]],[[-47.933053,-22.702472],[-47.932983,-22.702657]],[[-47.933053,-22.702472],[-47.934156,-22.7022]],[[-47.968216,-22.701809],[-47.96955,-22.701615]],[[-47.712837,-22.706346],[-47.713966,-22.706903]],[[-47.712837,-22.706346],[-47.710254,-22.708038],[-47.707728,-22.707576]],[[-47.712837,-22.706346],[-47.711509,-22.701867],[-47.712165,-22.699937],[-47.718235,-22.696423],[-47.722844,-22.690749],[-47.72943,-22.688176],[-47.733441,-22.690752],[-47.734273,-22.695686],[-47.729781,-22.697741],[-47.727575,-22.70035]],[[-47.712824,-22.706328],[-47.712837,-22.706346]],[[-47.682547,-22.706836],[-47.682546,-22.706834]],[[-47.682547,-22.706836],[-47.682895,-22.705687]],[[-47.913061,-22.702792],[-47.913061,-22.702792]],[[-47.525798,-22.709325],[-47.521877,-22.70821],[-47.52055,-22.708687]],[[-47.726488,-22.706027],[-47.72586,-22.706]],[[-47.888728,-22.703177],[-47.887165,-22.705185],[-47.890088,-22.708499]],[[-47.721977,-22.7061],[-47.721523,-22.706255]],[[-47.505173,-22.709644],[-47.507602,-22.710486]],[[-47.752666,-22.705566],[-47.748664,-22.705926]],[[-48.056178,-22.70004],[-48.058432,-22.698902]],[[-48.024521,-22.700628],[-48.02556,-22.700088],[-48.024742,-22.700509]],[[-48.057433,-22.700001],[-48.058011,-22.699288]],[[-47.845855,-22.703868],[-47.845577,-22.70388]],[[-47.845855,-22.703868],[-47.847287,-22.703821]],[[-47.845853,-22.703868],[-47.845855,-22.703868]],[[-47.96955,-22.701615],[-47.969556,-22.701614]],[[-47.96955,-22.701615],[-47.971863,-22.698214],[-47.979011,-22.694865]],[[-47.848096,-22.703821],[-47.848096,-22.703821]],[[-47.91332,-22.70264],[-47.913631,-22.701297]],[[-47.679749,-22.706723],[-47.679983,-22.707523]],[[-47.847498,-22.703814],[-47.848033,-22.703918]],[[-47.542028,-22.708957],[-47.54202,-22.708964]],[[-47.542028,-22.708957],[-47.540672,-22.71636],[-47.538443,-22.717116],[-47.535583,-22.710346],[-47.528342,-22.705887],[-47.52798,-22.70758],[-47.526189,-22.708322],[-47.525783,-22.710367],[-47.529665,-22.71294],[-47.5299,-22.714001],[-47.528321,-22.714631]],[[-47.847333,-22.70381],[-47.847328,-22.703812]],[[-47.726773,-22.705893],[-47.726773,-22.705893]],[[-47.89313,-22.702968],[-47.893127,-22.702968]],[[-47.893127,-22.702968],[-47.89205,-22.702532]],[[-47.893127,-22.702968],[-47.89302,-22.701718]],[[-47.848595,-22.70376],[-47.848597,-22.703755]],[[-47.848597,-22.703755],[-47.848749,-22.704692],[-47.848597,-22.703755]],[[-47.848597,-22.703755],[-47.848823,-22.702215],[-47.848412,-22.702944]],[[-47.934156,-22.7022],[-47.936168,-22.705151]],[[-47.934156,-22.7022],[-47.933944,-22.702224]],[[-47.934151,-22.702199],[-47.934156,-22.7022]],[[-47.683976,-22.706563],[-47.684326,-22.707097]],[[-47.762247,-22.705222],[-47.762366,-22.705072]],[[-47.834322,-22.703926],[-47.834327,-22.703924]],[[-47.834322,-22.703926],[-47.834323,-22.69901]],[[-47.97287,-22.701402],[-47.975424,-22.696636]],[[-47.844597,-22.70372],[-47.844885,-22.703959]],[[-47.844597,-22.70372],[-47.844597,-22.703721]],[[-47.703135,-22.706158],[-47.703156,-22.707674]],[[-47.980512,-22.701223],[-47.982423,-22.700458]],[[-47.725612,-22.70576],[-47.724472,-22.703808],[-47.728354,-22.702888],[-47.727665,-22.699485],[-47.731305,-22.696948]],[[-47.494376,-22.70952],[-47.494309,-22.711537]],[[-47.864491,-22.703311],[-47.863999,-22.704098]],[[-47.958116,-22.7016],[-47.960244,-22.700203]],[[-48.05604,-22.699751],[-48.056263,-22.700395],[-48.05604,-22.699751]],[[-47.829548,-22.703906],[-47.829281,-22.703697]],[[-47.505418,-22.709283],[-47.506985,-22.708768],[-47.508581,-22.709822]],[[-47.549121,-22.708586],[-47.5497,-22.70846]],[[-47.549121,-22.708586],[-47.551529,-22.705792],[-47.550497,-22.703663]],[[-47.549115,-22.708586],[-47.549121,-22.708586]],[[-47.789507,-22.704571],[-47.788109,-22.70365]],[[-47.556476,-22.708455],[-47.553254,-22.711717],[-47.553329,-22.713392]],[[-47.889557,-22.702773],[-47.889689,-22.703477],[-47.889557,-22.702773]],[[-47.548675,-22.708556],[-47.548675,-22.708556]],[[-47.925989,-22.702059],[-47.925989,-22.702059]],[[-47.84309,-22.703542],[-47.84309,-22.703542]],[[-47.720709,-22.705629],[-47.721523,-22.706255]],[[-47.895074,-22.702565],[-47.895074,-22.702565]],[[-47.690304,-22.706127],[-47.68928,-22.708224],[-47.690756,-22.710097],[-47.6909,-22.711924],[-47.692874,-22.711928],[-47.694938,-22.713448]],[[-47.829281,-22.703697],[-47.829596,-22.703982]],[[-47.829281,-22.703697],[-47.829272,-22.703689]],[[-47.829272,-22.703689],[-47.829281,-22.703697]],[[-47.829272,-22.703689],[-47.82493,-22.700633],[-47.819179,-22.699039],[-47.815915,-22.699115]],[[-48.025565,-22.700082],[-48.02561,-22.700051]],[[-47.684787,-22.706147],[-47.68578,-22.706719]],[[-47.54883,-22.70836],[-47.54883,-22.70836]],[[-47.943115,-22.701568],[-47.941646,-22.700622]],[[-47.786231,-22.704375],[-47.78623,-22.704388]],[[-47.786231,-22.704375],[-47.784795,-22.704975],[-47.781235,-22.704368]],[[-47.762674,-22.704776],[-47.762674,-22.704776]],[[-48.013877,-22.700235],[-48.01384,-22.699663]],[[-47.742983,-22.705059],[-47.739819,-22.704634],[-47.735556,-22.70143],[-47.734335,-22.695837],[-47.731305,-22.696948]],[[-48.025682,-22.699956],[-48.0259,-22.699753]],[[-47.743009,-22.705045],[-47.749761,-22.704032],[-47.749348,-22.704603]],[[-47.717215,-22.705472],[-47.715728,-22.705069]],[[-47.549743,-22.70823],[-47.549743,-22.70823]],[[-47.742979,-22.705013],[-47.742295,-22.70787]],[[-47.781125,-22.704346],[-47.77855,-22.705104]],[[-47.727184,-22.705249],[-47.727184,-22.705249]],[[-47.89768,-22.702248],[-47.901171,-22.701731]],[[-47.814324,-22.703728],[-47.814324,-22.703728]],[[-47.650266,-22.706517],[-47.650536,-22.710839]],[[-47.755982,-22.70472],[-47.756692,-22.703184]],[[-47.758815,-22.704668],[-47.758429,-22.703857]],[[-47.72182,-22.705276],[-47.721856,-22.706078],[-47.724474,-22.706972]],[[-47.692914,-22.705749],[-47.692914,-22.705749]],[[-47.650214,-22.706462],[-47.645117,-22.705707],[-47.635557,-22.699114],[-47.634435,-22.697507],[-47.634552,-22.694145],[-47.632404,-22.694265],[-47.629964,-22.698241],[-47.630095,-22.699516]],[[-47.549524,-22.708099],[-47.549524,-22.708099]],[[-47.548896,-22.708082],[-47.548896,-22.708082]],[[-47.749215,-22.704759],[-47.748636,-22.705889]],[[-47.759031,-22.704585],[-47.759031,-22.704585]],[[-47.54432,-22.708101],[-47.542028,-22.708957]],[[-47.54432,-22.708101],[-47.54432,-22.7081]],[[-47.811327,-22.703624],[-47.811327,-22.703624]],[[-47.992838,-22.700305],[-47.987095,-22.701652]],[[-47.762747,-22.704444],[-47.762746,-22.704446]],[[-47.762747,-22.704444],[-47.762747,-22.704444]],[[-48.026019,-22.69967],[-48.03265,-22.696243],[-48.03824,-22.695645]],[[-47.762976,-22.704418],[-47.762747,-22.704444]],[[-47.500403,-22.708729],[-47.498175,-22.70599]],[[-47.548759,-22.707959],[-47.548759,-22.707959]],[[-47.549475,-22.707933],[-47.549475,-22.707933]],[[-47.982552,-22.700437],[-47.984658,-22.699456]],[[-47.548612,-22.707923],[-47.548612,-22.707923]],[[-47.860276,-22.70264],[-47.860022,-22.702602]],[[-47.998178,-22.700099],[-47.99981,-22.700438]],[[-47.76305,-22.704333],[-47.76305,-22.704333]],[[-47.920891,-22.701524],[-47.919123,-22.701345]],[[-48.003506,-22.699983],[-48.001957,-22.701298],[-48.002021,-22.703075]],[[-47.860022,-22.702602],[-47.860021,-22.702602]],[[-47.860022,-22.702602],[-47.856481,-22.699649]],[[-47.853937,-22.702708],[-47.853602,-22.701634],[-47.854857,-22.699368]],[[-47.860489,-22.702584],[-47.861275,-22.701204],[-47.868855,-22.69638]],[[-47.848519,-22.70273],[-47.848891,-22.70285]],[[-47.843508,-22.702794],[-47.844597,-22.70372]],[[-47.761574,-22.704198],[-47.762572,-22.704389]],[[-47.9354,-22.701094],[-47.935416,-22.7011]],[[-47.9354,-22.701094],[-47.934168,-22.702172]],[[-47.9354,-22.701094],[-47.943402,-22.697769],[-47.944939,-22.697486],[-47.947529,-22.699031],[-47.94913,-22.697553]],[[-47.601293,-22.706876],[-47.601242,-22.706093]],[[-47.830393,-22.702955],[-47.830393,-22.702955]],[[-48.058817,-22.698737],[-48.058439,-22.698477]],[[-47.844747,-22.702678],[-47.844597,-22.70372]],[[-47.830529,-22.702917],[-47.830633,-22.702783]],[[-47.788109,-22.70365],[-47.786231,-22.704375]],[[-47.788109,-22.70365],[-47.788108,-22.70365]],[[-47.668557,-22.70566],[-47.668879,-22.705587]],[[-47.668557,-22.70566],[-47.66888,-22.705576]],[[-47.801054,-22.703389],[-47.803783,-22.704906]],[[-47.76391,-22.704007],[-47.765391,-22.703134]],[[-47.549192,-22.707574],[-47.549083,-22.708223],[-47.549192,-22.707574]],[[-47.947917,-22.700715],[-47.947749,-22.698955]],[[-47.974175,-22.700227],[-47.974449,-22.700966]],[[-47.627472,-22.706292],[-47.625775,-22.708241]],[[-47.54975,-22.707541],[-47.54975,-22.707541]],[[-47.669221,-22.705573],[-47.671031,-22.704581],[-47.671787,-22.703404],[-47.671005,-22.702865]],[[-47.763508,-22.703969],[-47.763211,-22.704276]],[[-47.827675,-22.702829],[-47.829272,-22.703689]],[[-47.733972,-22.704429],[-47.733972,-22.704427]],[[-47.733972,-22.704429],[-47.733972,-22.704429]],[[-47.913663,-22.701249],[-47.913663,-22.701246]],[[-47.627541,-22.706184],[-47.628323,-22.70496],[-47.63118,-22.705966],[-47.630101,-22.699546]],[[-47.763782,-22.703872],[-47.763782,-22.703872]],[[-47.813728,-22.702996],[-47.813962,-22.702836]],[[-47.813728,-22.702996],[-47.813728,-22.702996]],[[-47.813724,-22.702994],[-47.813728,-22.702996]],[[-47.83063,-22.702687],[-47.830649,-22.702573]],[[-47.627466,-22.70614],[-47.628352,-22.704847],[-47.631132,-22.705959],[-47.629968,-22.699587]],[[-47.506478,-22.708067],[-47.50233,-22.711328]],[[-47.733958,-22.704337],[-47.734502,-22.703353]],[[-47.941646,-22.700622],[-47.941646,-22.70062]],[[-47.941646,-22.700622],[-47.941446,-22.698959]],[[-47.677276,-22.705242],[-47.678366,-22.705003]],[[-47.741829,-22.704142],[-47.742823,-22.704327],[-47.741829,-22.704142]],[[-47.963341,-22.700176],[-47.960796,-22.7013]],[[-47.830649,-22.702573],[-47.830651,-22.702571]],[[-47.830649,-22.702573],[-47.830649,-22.702573]],[[-48.058364,-22.698377],[-48.056448,-22.696127],[-48.05594,-22.693198]],[[-47.889528,-22.701492],[-47.889528,-22.701492]],[[-47.848786,-22.702204],[-47.849139,-22.701152]],[[-47.741157,-22.704061],[-47.741157,-22.704061]],[[-47.92708,-22.700751],[-47.927841,-22.700533]],[[-47.742221,-22.703974],[-47.742221,-22.703974]],[[-47.81327,-22.702736],[-47.811832,-22.703649]],[[-48.096651,-22.697485],[-48.095531,-22.6975]],[[-47.881441,-22.701503],[-47.884438,-22.703801]],[[-48.095531,-22.6975],[-48.093527,-22.702577]],[[-48.095531,-22.6975],[-48.095522,-22.697495]],[[-47.550234,-22.707119],[-47.550234,-22.707119]],[[-47.935746,-22.700492],[-47.936133,-22.697453]],[[-47.759088,-22.703607],[-47.756701,-22.703189],[-47.754356,-22.700711]],[[-47.551951,-22.70704],[-47.552747,-22.707711],[-47.554356,-22.706755]],[[-47.685752,-22.704848],[-47.684685,-22.706268],[-47.682547,-22.706836]],[[-47.694722,-22.704672],[-47.697218,-22.707257]],[[-47.60127,-22.706204],[-47.601301,-22.70687]],[[-47.60127,-22.706204],[-47.601302,-22.705836]],[[-47.913963,-22.700807],[-47.916944,-22.699104]],[[-47.960261,-22.69995],[-47.960258,-22.699954]],[[-47.960261,-22.69995],[-47.95903,-22.697203]],[[-47.901452,-22.701001],[-47.901875,-22.703128]],[[-47.984658,-22.699456],[-47.984666,-22.699453]],[[-47.984658,-22.699456],[-47.982815,-22.694213]],[[-47.814889,-22.702512],[-47.81711,-22.704605],[-47.814129,-22.708422],[-47.813926,-22.711835],[-47.812854,-22.713007]],[[-47.814889,-22.702512],[-47.814892,-22.70251]],[[-47.901549,-22.700962],[-47.903947,-22.699226]],[[-47.813934,-22.702496],[-47.813934,-22.702496]],[[-47.573646,-22.706534],[-47.575713,-22.709256],[-47.577054,-22.716874]],[[-47.601341,-22.706079],[-47.60127,-22.706204]],[[-47.813948,-22.702476],[-47.814889,-22.702512]],[[-47.72609,-22.70394],[-47.72609,-22.70394]],[[-47.716572,-22.704067],[-47.714422,-22.70679]],[[-47.716681,-22.704064],[-47.716681,-22.704064]],[[-47.830914,-22.702082],[-47.831042,-22.701714]],[[-47.551007,-22.70671],[-47.552802,-22.706716],[-47.554174,-22.704452]],[[-47.601336,-22.705844],[-47.601352,-22.705684]],[[-47.601302,-22.705836],[-47.601307,-22.705843]],[[-47.601302,-22.705836],[-47.601352,-22.705684]],[[-47.705977,-22.704094],[-47.706207,-22.704675],[-47.707382,-22.700306],[-47.707424,-22.69579],[-47.702858,-22.690628]],[[-47.886867,-22.700856],[-47.887151,-22.705182]],[[-47.7245,-22.703705],[-47.722395,-22.703687]],[[-47.794289,-22.702495],[-47.794289,-22.702495]],[[-47.705938,-22.704003],[-47.706022,-22.701305]],[[-47.70595,-22.703999],[-47.706106,-22.701128]],[[-47.86453,-22.701225],[-47.862391,-22.700698]],[[-47.601352,-22.705684],[-47.601352,-22.705565]],[[-47.601352,-22.705684],[-47.601684,-22.704997]],[[-47.716912,-22.703757],[-47.71671,-22.704068]],[[-47.697219,-22.704076],[-47.699103,-22.707112]],[[-47.891101,-22.700648],[-47.891101,-22.700648]],[[-47.734502,-22.703353],[-47.734503,-22.703346]],[[-47.734502,-22.703353],[-47.73578,-22.702192],[-47.734502,-22.703353]],[[-47.793297,-22.702331],[-47.788109,-22.70365]],[[-47.601352,-22.705565],[-47.601302,-22.705836]],[[-47.601352,-22.705565],[-47.601684,-22.704997]],[[-47.956758,-22.699387],[-47.957812,-22.69905]],[[-47.841671,-22.701452],[-47.841511,-22.69986]],[[-47.518705,-22.706839],[-47.5212,-22.705113],[-47.52454,-22.704548],[-47.525575,-22.702522]],[[-47.775399,-22.702584],[-47.776521,-22.701714],[-47.775942,-22.700388],[-47.778301,-22.698719]],[[-47.765615,-22.702752],[-47.765988,-22.703309]],[[-47.839047,-22.701431],[-47.842725,-22.698932]],[[-47.849139,-22.701153],[-47.849139,-22.701152]],[[-47.849139,-22.701152],[-47.849057,-22.701436]],[[-47.849139,-22.701152],[-47.849953,-22.699047]],[[-47.83092,-22.701461],[-47.83092,-22.701461]],[[-47.831134,-22.701456],[-47.831207,-22.701351]],[[-47.930905,-22.699651],[-47.9354,-22.701094]],[[-47.616722,-22.705093],[-47.615029,-22.709825]],[[-47.616722,-22.705093],[-47.616737,-22.704829]],[[-47.616722,-22.705093],[-47.616743,-22.704825]],[[-47.845278,-22.701128],[-47.848312,-22.699793]],[[-47.95787,-22.699046],[-47.959595,-22.698268]],[[-48.095788,-22.696401],[-48.095531,-22.6975]],[[-48.095788,-22.696401],[-48.095791,-22.6964]],[[-47.80717,-22.701722],[-47.803783,-22.704906]],[[-47.507154,-22.706681],[-47.506145,-22.70788],[-47.50745,-22.70731],[-47.507154,-22.706681]],[[-47.794374,-22.701912],[-47.794374,-22.701912]],[[-47.807576,-22.701661],[-47.807588,-22.701655]],[[-47.807576,-22.701661],[-47.807576,-22.701661]],[[-47.794435,-22.701881],[-47.795077,-22.701126]],[[-47.786652,-22.70201],[-47.786231,-22.704375]],[[-47.792918,-22.701882],[-47.792918,-22.701882]],[[-47.807077,-22.701618],[-47.805921,-22.701133]],[[-47.61666,-22.704806],[-47.616654,-22.704766]],[[-47.843325,-22.700934],[-47.842725,-22.698932]],[[-47.616678,-22.704803],[-47.616654,-22.704766]],[[-47.616654,-22.704766],[-47.616617,-22.704238]],[[-47.601684,-22.704997],[-47.601487,-22.704352]],[[-47.601684,-22.704997],[-47.60181,-22.704224]],[[-47.80794,-22.701504],[-47.808385,-22.705085]],[[-47.831209,-22.701062],[-47.831209,-22.701062]],[[-47.831152,-22.701057],[-47.832851,-22.699143],[-47.834323,-22.69901]],[[-47.977389,-22.698356],[-47.976683,-22.696244]],[[-48.093422,-22.696125],[-48.095788,-22.696401]],[[-47.69383,-22.703331],[-47.694921,-22.701997]],[[-47.911369,-22.699508],[-47.908824,-22.699305]],[[-47.988755,-22.698053],[-47.984682,-22.699243]],[[-47.947987,-22.698803],[-47.949596,-22.698781]],[[-47.917856,-22.699317],[-47.917437,-22.698824]],[[-47.644299,-22.704075],[-47.645874,-22.703652],[-47.646127,-22.702554]],[[-47.999042,-22.697812],[-48.000375,-22.698435]],[[-47.681456,-22.703424],[-47.678851,-22.701723]],[[-47.808279,-22.701123],[-47.807576,-22.701661]],[[-47.79134,-22.701392],[-47.790553,-22.703086]],[[-47.942022,-22.698688],[-47.944632,-22.701037]],[[-47.928274,-22.698915],[-47.927474,-22.697597]],[[-47.805873,-22.701096],[-47.799123,-22.700895]],[[-47.932667,-22.698759],[-47.935516,-22.696357]],[[-47.917095,-22.69891],[-47.917095,-22.69891]],[[-47.498175,-22.70599],[-47.491668,-22.711539],[-47.492215,-22.720956],[-47.491381,-22.722944]],[[-47.498175,-22.70599],[-47.498187,-22.705982]],[[-47.827761,-22.700493],[-47.825335,-22.700846]],[[-47.671664,-22.703172],[-47.671664,-22.703172]],[[-47.793065,-22.701087],[-47.793314,-22.702317],[-47.794076,-22.702017]],[[-47.917236,-22.698866],[-47.917552,-22.698564]],[[-47.735536,-22.702072],[-47.735934,-22.701798]],[[-47.689498,-22.702841],[-47.694921,-22.701997]],[[-47.75811,-22.701659],[-47.755973,-22.702153]],[[-47.671659,-22.703125],[-47.671659,-22.703125]],[[-47.980564,-22.69748],[-47.983083,-22.696679]],[[-47.961836,-22.69782],[-47.960261,-22.69995]],[[-47.917552,-22.698564],[-47.917559,-22.698563]],[[-47.917552,-22.698564],[-47.917563,-22.698552]],[[-48.057664,-22.695944],[-48.057664,-22.695944]],[[-47.670995,-22.702858],[-47.670575,-22.697407],[-47.669149,-22.697675]],[[-47.856484,-22.699646],[-47.853876,-22.698641],[-47.85461,-22.699227]],[[-47.856487,-22.699641],[-47.856745,-22.699142]],[[-47.917734,-22.698511],[-47.917799,-22.69843]],[[-47.848368,-22.699753],[-47.849679,-22.699425]],[[-47.917799,-22.69843],[-47.918178,-22.698249]],[[-47.760214,-22.701177],[-47.766167,-22.699997]],[[-47.810137,-22.700254],[-47.808318,-22.701067]],[[-47.886186,-22.698896],[-47.886867,-22.700856]],[[-47.889129,-22.698785],[-47.886867,-22.700856]],[[-47.918178,-22.698249],[-47.917799,-22.69843]],[[-47.918178,-22.698249],[-47.918307,-22.698083]],[[-47.918177,-22.698248],[-47.918178,-22.698249]],[[-47.698408,-22.702039],[-47.697415,-22.700339]],[[-47.944336,-22.697689],[-47.946447,-22.695665]],[[-47.891641,-22.698629],[-47.891641,-22.698629]],[[-48.059597,-22.695491],[-48.06316,-22.695372],[-48.065803,-22.693715]],[[-47.916643,-22.698153],[-47.917552,-22.698564]],[[-47.694921,-22.701997],[-47.694922,-22.701997]],[[-47.694921,-22.701997],[-47.696815,-22.701459],[-47.697415,-22.700339]],[[-47.928504,-22.697847],[-47.9256,-22.695558],[-47.922446,-22.696079]],[[-48.033173,-22.69587],[-48.033173,-22.69587]],[[-48.056367,-22.695421],[-48.059521,-22.695454]],[[-47.794945,-22.700193],[-47.794945,-22.700193]],[[-47.932088,-22.697737],[-47.934054,-22.697662]],[[-47.856767,-22.699079],[-47.859357,-22.695431]],[[-47.979304,-22.696837],[-47.979542,-22.694784]],[[-47.795142,-22.700162],[-47.795142,-22.700162]],[[-47.95903,-22.697203],[-47.959029,-22.697204]],[[-47.95903,-22.697203],[-47.958033,-22.694657]],[[-47.865846,-22.698898],[-47.867873,-22.699882]],[[-47.672176,-22.702251],[-47.676358,-22.705887],[-47.677645,-22.715558],[-47.676875,-22.718053],[-47.669879,-22.724375]],[[-47.672176,-22.702251],[-47.672168,-22.702257]],[[-47.789373,-22.700204],[-47.788891,-22.703465]],[[-47.838576,-22.699315],[-47.837969,-22.697926],[-47.835881,-22.697041]],[[-47.753054,-22.700805],[-47.749755,-22.703257],[-47.743339,-22.704187],[-47.74021,-22.703716],[-47.737019,-22.701782],[-47.735973,-22.700247],[-47.734076,-22.689815],[-47.729439,-22.685909]],[[-47.860693,-22.698901],[-47.858268,-22.697341]],[[-47.714824,-22.701437],[-47.714824,-22.701437]],[[-47.849953,-22.699047],[-47.849955,-22.69905]],[[-47.849953,-22.699047],[-47.849953,-22.699047]],[[-47.918611,-22.697779],[-47.919125,-22.696312]],[[-47.936133,-22.697453],[-47.93551,-22.694535],[-47.935174,-22.695054]],[[-47.936133,-22.697453],[-47.940903,-22.694261]],[[-47.916562,-22.697803],[-47.916621,-22.698044]],[[-47.93612,-22.697443],[-47.936133,-22.697453]],[[-47.725513,-22.701059],[-47.719863,-22.702597]],[[-47.675607,-22.701862],[-47.672176,-22.702251]],[[-47.814508,-22.699473],[-47.814889,-22.702512]],[[-47.814508,-22.699473],[-47.814508,-22.699476]],[[-47.842725,-22.698932],[-47.842724,-22.698931]],[[-47.842725,-22.698932],[-47.845469,-22.696985]],[[-47.689871,-22.701548],[-47.691474,-22.702245]],[[-47.678851,-22.701723],[-47.67885,-22.701721]],[[-47.678851,-22.701723],[-47.675952,-22.701798]],[[-47.7584,-22.700365],[-47.756088,-22.697975]],[[-47.834323,-22.69901],[-47.834326,-22.69901]],[[-47.834323,-22.69901],[-47.835779,-22.696282]],[[-47.813671,-22.699358],[-47.814508,-22.699473]],[[-47.853866,-22.69864],[-47.853848,-22.698625]],[[-47.951806,-22.696815],[-47.953238,-22.695646],[-47.958033,-22.694657]],[[-47.850032,-22.698605],[-47.849858,-22.698383]],[[-47.550497,-22.703663],[-47.54888,-22.706563],[-47.54432,-22.708101]],[[-47.550497,-22.703663],[-47.550495,-22.703663]],[[-47.813525,-22.699244],[-47.813591,-22.699275]],[[-47.855011,-22.698504],[-47.855011,-22.698504]],[[-47.894849,-22.697732],[-47.896052,-22.695281]],[[-47.815849,-22.699115],[-47.814508,-22.699473]],[[-47.766256,-22.699958],[-47.767522,-22.698033]],[[-47.853461,-22.698409],[-47.853317,-22.698318]],[[-47.646059,-22.701966],[-47.646055,-22.702099]],[[-47.646059,-22.701966],[-47.646013,-22.702104]],[[-47.849858,-22.698383],[-47.849858,-22.698392]],[[-47.849858,-22.698383],[-47.849691,-22.697762]],[[-48.030692,-22.695039],[-48.031578,-22.696632]],[[-47.85318,-22.698275],[-47.853164,-22.698268]],[[-47.850354,-22.69829],[-47.849858,-22.698383]],[[-47.911215,-22.697193],[-47.911623,-22.700076],[-47.913692,-22.701085]],[[-47.812766,-22.698935],[-47.813265,-22.699207]],[[-47.961463,-22.696215],[-47.95903,-22.697203]],[[-47.727575,-22.70035],[-47.728291,-22.702902],[-47.7245,-22.703705]],[[-47.727575,-22.70035],[-47.725651,-22.701283]],[[-47.812503,-22.698876],[-47.812713,-22.69888]],[[-47.815666,-22.698804],[-47.814526,-22.69939]],[[-47.930943,-22.696703],[-47.935174,-22.695054]],[[-47.850805,-22.698145],[-47.850805,-22.698145]],[[-47.850805,-22.698145],[-47.850808,-22.698145]],[[-47.600909,-22.702384],[-47.604488,-22.701288]],[[-47.600909,-22.702384],[-47.596714,-22.702427],[-47.593942,-22.700874],[-47.590117,-22.694116],[-47.581289,-22.687417],[-47.58046,-22.685057]],[[-47.850878,-22.698095],[-47.850805,-22.698145]],[[-47.712932,-22.700467],[-47.712431,-22.700813],[-47.712932,-22.700467]],[[-47.852724,-22.697998],[-47.852717,-22.698]],[[-47.812427,-22.69871],[-47.810568,-22.699911]],[[-47.759355,-22.699629],[-47.756268,-22.698151]],[[-47.921845,-22.696703],[-47.9209,-22.695908],[-47.919399,-22.696244]],[[-47.815871,-22.698561],[-47.815772,-22.698543]],[[-47.815772,-22.698543],[-47.815869,-22.698563]],[[-47.696149,-22.700571],[-47.696818,-22.70122]],[[-47.852329,-22.69786],[-47.851533,-22.697707],[-47.852185,-22.697773]],[[-47.589153,-22.702335],[-47.587832,-22.703937],[-47.589175,-22.702325]],[[-47.695534,-22.700536],[-47.695952,-22.700608]],[[-47.815885,-22.698449],[-47.816046,-22.698336]],[[-47.680428,-22.700732],[-47.678851,-22.701723]],[[-47.851443,-22.697758],[-47.85088,-22.698094],[-47.851443,-22.697758]],[[-47.892615,-22.697011],[-47.896812,-22.694709],[-47.899907,-22.695449]],[[-47.914531,-22.696609],[-47.916488,-22.697754]],[[-47.851537,-22.697716],[-47.851443,-22.697758]],[[-48.065799,-22.693705],[-48.07015,-22.691775],[-48.071624,-22.689055]],[[-47.697415,-22.700339],[-47.697414,-22.700336]],[[-47.697415,-22.700339],[-47.698631,-22.698291]],[[-47.816044,-22.698265],[-47.816588,-22.696734]],[[-47.718862,-22.699939],[-47.718173,-22.698344]],[[-47.849638,-22.697652],[-47.847151,-22.696149]],[[-47.851988,-22.697583],[-47.855606,-22.693891]],[[-47.589491,-22.702049],[-47.589864,-22.701724]],[[-47.812538,-22.698246],[-47.812521,-22.698234]],[[-47.855571,-22.697443],[-47.854426,-22.699132]],[[-47.787369,-22.698645],[-47.784805,-22.698801],[-47.782479,-22.700238],[-47.779336,-22.697997]],[[-47.966389,-22.695422],[-47.963947,-22.684843],[-47.96854,-22.678926],[-47.970807,-22.678481]],[[-47.646111,-22.700994],[-47.646059,-22.701966]],[[-47.646111,-22.700994],[-47.646059,-22.701966]],[[-47.972926,-22.695212],[-47.973651,-22.697267]],[[-47.946447,-22.695665],[-47.946433,-22.695671]],[[-47.946447,-22.695665],[-47.946987,-22.694476]],[[-47.510581,-22.70308],[-47.510029,-22.703471]],[[-47.501715,-22.703207],[-47.501715,-22.703207]],[[-47.922337,-22.696058],[-47.921508,-22.696173]],[[-47.589888,-22.701737],[-47.589512,-22.702069]],[[-47.58996,-22.701688],[-47.592526,-22.700367],[-47.595563,-22.702888],[-47.600337,-22.703316],[-47.604369,-22.701783],[-47.611276,-22.70125],[-47.615251,-22.698601],[-47.62218,-22.698137],[-47.631682,-22.693333],[-47.634548,-22.693898],[-47.632144,-22.694526]],[[-47.983129,-22.694821],[-47.990123,-22.694516],[-47.992765,-22.695758]],[[-47.975321,-22.694956],[-47.975929,-22.696353]],[[-47.979011,-22.694865],[-47.979015,-22.694871]],[[-47.979011,-22.694865],[-47.979542,-22.694784]],[[-47.916778,-22.695974],[-47.918115,-22.695407]],[[-47.71697,-22.699477],[-47.717314,-22.700377]],[[-47.71697,-22.699477],[-47.71697,-22.699477]],[[-47.71697,-22.699476],[-47.71697,-22.699477]],[[-47.979542,-22.694784],[-47.979549,-22.694776]],[[-47.979542,-22.694784],[-47.982815,-22.694213]],[[-47.604488,-22.701288],[-47.611066,-22.700583],[-47.615408,-22.697891],[-47.620848,-22.697899],[-47.625884,-22.695498]],[[-47.717051,-22.699411],[-47.717971,-22.700047]],[[-47.918954,-22.695845],[-47.915542,-22.692496],[-47.912257,-22.692784],[-47.907918,-22.690646],[-47.905512,-22.687218],[-47.903786,-22.681148],[-47.905444,-22.678266],[-47.910354,-22.67571],[-47.919875,-22.66844],[-47.920357,-22.662638],[-47.919312,-22.659616],[-47.916969,-22.658342],[-47.908937,-22.662922],[-47.905331,-22.662812],[-47.892343,-22.65841],[-47.880187,-22.648675],[-47.87114,-22.648343],[-47.862522,-22.658563],[-47.859354,-22.659342],[-47.850572,-22.659144],[-47.845544,-22.66439],[-47.841054,-22.665347],[-47.838936,-22.667162],[-47.837198,-22.66694],[-47.83616,-22.668179],[-47.837901,-22.669274],[-47.837703,-22.670934],[-47.837693,-22.669079],[-47.836103,-22.668096],[-47.840698,-22.665337],[-47.836964,-22.66608],[-47.822017,-22.673946]],[[-47.802854,-22.697921],[-47.802461,-22.69636]],[[-47.525575,-22.702522],[-47.525576,-22.702521]],[[-47.525575,-22.702522],[-47.521827,-22.698257],[-47.51917,-22.696846]],[[-48.052635,-22.693287],[-48.054987,-22.690864]],[[-47.682414,-22.699923],[-47.680688,-22.700533]],[[-48.05594,-22.693198],[-48.05594,-22.6932]],[[-48.05594,-22.693198],[-48.055661,-22.692546],[-48.05594,-22.693198]],[[-47.719538,-22.699227],[-47.718173,-22.698344]],[[-47.716908,-22.699249],[-47.71634,-22.697381]],[[-48.041892,-22.693378],[-48.040588,-22.692066]],[[-47.845563,-22.696928],[-47.845563,-22.696928]],[[-48.052265,-22.69311],[-48.052265,-22.69311]],[[-47.940468,-22.695161],[-47.94194,-22.695101]],[[-47.616287,-22.700777],[-47.61658,-22.703774]],[[-47.646133,-22.700241],[-47.646111,-22.700994]],[[-47.646133,-22.700241],[-47.646111,-22.700994]],[[-47.845733,-22.69681],[-47.847064,-22.696021]],[[-47.918957,-22.695484],[-47.918814,-22.696175]],[[-47.918957,-22.695484],[-47.918957,-22.695485]],[[-47.761929,-22.698261],[-47.767165,-22.697616]],[[-47.540329,-22.701927],[-47.543077,-22.701437],[-47.545241,-22.698759],[-47.546419,-22.698639]],[[-47.646136,-22.700205],[-47.646133,-22.700241]],[[-47.646136,-22.700205],[-47.646133,-22.700241]],[[-47.947821,-22.694918],[-47.946447,-22.695665]],[[-47.520925,-22.702209],[-47.523618,-22.700338]],[[-47.818612,-22.697223],[-47.818612,-22.697223]],[[-47.862713,-22.696429],[-47.859357,-22.695431]],[[-47.68736,-22.699468],[-47.688034,-22.700545]],[[-47.982815,-22.694213],[-47.983204,-22.691229]],[[-47.958033,-22.694657],[-47.958034,-22.694656]],[[-47.958033,-22.694657],[-47.956479,-22.690368],[-47.95656,-22.686481]],[[-47.797248,-22.697546],[-47.798069,-22.696967]],[[-47.858786,-22.696458],[-47.862606,-22.697492]],[[-47.935174,-22.695054],[-47.935218,-22.695107]],[[-47.935174,-22.695054],[-47.935176,-22.695053]],[[-47.751625,-22.698305],[-47.752191,-22.700532],[-47.753054,-22.700805]],[[-47.808015,-22.697285],[-47.808664,-22.69562]],[[-47.646147,-22.700032],[-47.646136,-22.700205]],[[-47.646147,-22.700032],[-47.646136,-22.700205]],[[-47.805787,-22.697274],[-47.807661,-22.695422]],[[-47.790546,-22.69752],[-47.789494,-22.695701],[-47.789455,-22.692795],[-47.787724,-22.691012]],[[-47.843419,-22.696564],[-47.843419,-22.696564]],[[-47.673451,-22.699449],[-47.673856,-22.699016]],[[-47.944634,-22.694663],[-47.945146,-22.696599]],[[-47.542816,-22.701534],[-47.542486,-22.702579]],[[-47.899907,-22.695449],[-47.901398,-22.700855]],[[-47.899907,-22.695449],[-47.899905,-22.695457]],[[-48.055639,-22.692533],[-48.055611,-22.692477]],[[-47.756088,-22.697975],[-47.754643,-22.700446],[-47.749351,-22.704597]],[[-47.756088,-22.697975],[-47.756052,-22.69794]],[[-47.792988,-22.697328],[-47.792023,-22.694504]],[[-47.646166,-22.699798],[-47.646147,-22.700032]],[[-47.646166,-22.699798],[-47.646147,-22.700032]],[[-48.09499,-22.691702],[-48.097425,-22.691661]],[[-47.779289,-22.697481],[-47.779316,-22.697798]],[[-47.600599,-22.700481],[-47.600909,-22.702384]],[[-47.646177,-22.699717],[-47.646166,-22.699798]],[[-47.646177,-22.699717],[-47.646166,-22.699798]],[[-47.630008,-22.69997],[-47.630008,-22.69997]],[[-48.102824,-22.691466],[-48.103018,-22.689007]],[[-47.646183,-22.699671],[-47.646177,-22.699717]],[[-47.646183,-22.699671],[-47.646177,-22.699717]],[[-47.794702,-22.697121],[-47.793502,-22.695214]],[[-47.646189,-22.699617],[-47.646183,-22.699671]],[[-47.646189,-22.699617],[-47.646183,-22.699671]],[[-47.840808,-22.696273],[-47.839388,-22.694101]],[[-47.800644,-22.696952],[-47.798374,-22.696904]],[[-47.935507,-22.694529],[-47.934031,-22.692938],[-47.933063,-22.688696],[-47.933643,-22.690376]],[[-47.718173,-22.698344],[-47.718177,-22.698341]],[[-47.718173,-22.698344],[-47.717863,-22.697472]],[[-47.835779,-22.696282],[-47.835787,-22.696281]],[[-47.835779,-22.696282],[-47.835779,-22.696282]],[[-47.798374,-22.696904],[-47.798374,-22.696905]],[[-47.798374,-22.696904],[-47.798294,-22.696851]],[[-47.798083,-22.696901],[-47.798374,-22.696904]],[[-47.798083,-22.696901],[-47.796544,-22.696587]],[[-48.055525,-22.692189],[-48.055524,-22.692168]],[[-47.816642,-22.696567],[-47.817082,-22.696171]],[[-47.930747,-22.694514],[-47.933894,-22.692051]],[[-47.800858,-22.69684],[-47.800858,-22.69684]],[[-47.759224,-22.697563],[-47.756666,-22.698276]],[[-48.055524,-22.692168],[-48.055476,-22.692217]],[[-48.055524,-22.692168],[-48.055524,-22.692168]],[[-47.797581,-22.696884],[-47.797581,-22.696884]],[[-47.697829,-22.698579],[-47.697829,-22.698579]],[[-47.798294,-22.696851],[-47.798294,-22.696852]],[[-47.798294,-22.696851],[-47.798083,-22.696901]],[[-47.836212,-22.696169],[-47.83625,-22.696121]],[[-47.800932,-22.696761],[-47.803121,-22.696157]],[[-47.902664,-22.694932],[-47.901888,-22.696805],[-47.900397,-22.697283]],[[-47.83625,-22.696121],[-47.83625,-22.696121]],[[-47.836242,-22.696064],[-47.836443,-22.695607]],[[-48.055529,-22.69202],[-48.055095,-22.691244],[-48.055491,-22.692027]],[[-47.505788,-22.701558],[-47.505201,-22.699185],[-47.503592,-22.698278]],[[-47.674001,-22.69883],[-47.673666,-22.696352]],[[-47.812012,-22.696405],[-47.807661,-22.695422]],[[-47.604404,-22.699916],[-47.604488,-22.701288]],[[-47.646376,-22.699223],[-47.646189,-22.699617]],[[-47.827925,-22.696115],[-47.821678,-22.699597]],[[-47.59563,-22.700019],[-47.59463,-22.701325]],[[-48.006722,-22.692801],[-48.007398,-22.690491],[-48.006805,-22.686307]],[[-47.698632,-22.698292],[-47.698631,-22.698291]],[[-47.698631,-22.698291],[-47.695247,-22.698333]],[[-47.698631,-22.698291],[-47.70009,-22.697646],[-47.701032,-22.695298]],[[-47.646288,-22.699165],[-47.646189,-22.699617]],[[-47.847124,-22.695701],[-47.847173,-22.69504]],[[-47.863946,-22.695378],[-47.85971,-22.694002]],[[-47.69241,-22.698343],[-47.693152,-22.699088]],[[-47.859357,-22.695431],[-47.859356,-22.695431]],[[-47.859357,-22.695431],[-47.860718,-22.692506],[-47.866923,-22.689744]],[[-47.516957,-22.701172],[-47.517243,-22.70279]],[[-47.917626,-22.694262],[-47.918957,-22.695484]],[[-47.917626,-22.694262],[-47.91762,-22.694263]],[[-47.925915,-22.69409],[-47.927863,-22.691269]],[[-47.935516,-22.693899],[-47.937913,-22.692953]],[[-47.787464,-22.696547],[-47.785473,-22.695701],[-47.782859,-22.692689]],[[-47.513891,-22.701062],[-47.510572,-22.703808]],[[-47.957988,-22.693459],[-47.961895,-22.693614]],[[-47.688362,-22.698189],[-47.689872,-22.69869]],[[-47.836444,-22.695608],[-47.836443,-22.695607]],[[-47.836444,-22.695608],[-47.836444,-22.695608]],[[-47.836443,-22.695607],[-47.836444,-22.695608]],[[-47.836443,-22.695607],[-47.836442,-22.695607]],[[-47.731706,-22.697411],[-47.731706,-22.697411]],[[-47.803121,-22.696157],[-47.80312,-22.696159]],[[-47.803121,-22.696157],[-47.803125,-22.696156]],[[-47.817183,-22.695892],[-47.817669,-22.695359]],[[-47.857507,-22.695127],[-47.858383,-22.696897]],[[-47.699065,-22.697811],[-47.699065,-22.697811]],[[-47.974997,-22.692876],[-47.976862,-22.692828],[-47.979011,-22.694865]],[[-47.596205,-22.699465],[-47.595774,-22.699698]],[[-47.646213,-22.698626],[-47.646156,-22.698533]],[[-47.732386,-22.697135],[-47.732386,-22.697135]],[[-47.78253,-22.696258],[-47.78052,-22.696017]],[[-47.604399,-22.699247],[-47.602336,-22.697681]],[[-47.649074,-22.698501],[-47.648033,-22.700517]],[[-47.732111,-22.697093],[-47.732111,-22.697093]],[[-47.646156,-22.698533],[-47.646271,-22.698674]],[[-47.646156,-22.698533],[-47.646155,-22.698532]],[[-47.646155,-22.698532],[-47.646156,-22.698533]],[[-47.646155,-22.698532],[-47.646041,-22.698381]],[[-47.698914,-22.697645],[-47.698914,-22.697645]],[[-48.055117,-22.691232],[-48.055016,-22.690729]],[[-47.979693,-22.69265],[-47.981723,-22.690793],[-47.983012,-22.691418]],[[-47.689283,-22.697772],[-47.687038,-22.697922],[-47.68615,-22.696926]],[[-47.698394,-22.697595],[-47.698394,-22.697595]],[[-47.731305,-22.696948],[-47.731306,-22.696945]],[[-47.646041,-22.698381],[-47.646155,-22.698532]],[[-47.646041,-22.698381],[-47.645787,-22.698042]],[[-47.731306,-22.696945],[-47.731305,-22.696948]],[[-47.731306,-22.696945],[-47.731306,-22.696945]],[[-47.919734,-22.693607],[-47.918957,-22.695484]],[[-47.607817,-22.698997],[-47.608267,-22.699437]],[[-47.717716,-22.697142],[-47.717591,-22.696889]],[[-47.717812,-22.697109],[-47.717812,-22.697109]],[[-47.795325,-22.695753],[-47.793502,-22.695214]],[[-47.805478,-22.695564],[-47.804075,-22.697055]],[[-47.597012,-22.699083],[-47.59877,-22.696663],[-47.598895,-22.694603],[-47.597511,-22.692823],[-47.598221,-22.691885]],[[-47.847297,-22.694806],[-47.847297,-22.694806]],[[-47.498472,-22.70058],[-47.499676,-22.700553],[-47.500946,-22.702442],[-47.502888,-22.698742],[-47.501265,-22.693399],[-47.502111,-22.69015],[-47.505637,-22.689507],[-47.511374,-22.69098],[-47.510467,-22.687198]],[[-47.596883,-22.699006],[-47.596883,-22.699006]],[[-47.807661,-22.695422],[-47.807665,-22.695418]],[[-47.807661,-22.695422],[-47.803121,-22.696157]],[[-47.836985,-22.694892],[-47.836986,-22.694891]],[[-47.836986,-22.694891],[-47.83654,-22.695416],[-47.836986,-22.694891]],[[-47.836986,-22.694891],[-47.839419,-22.694099]],[[-47.591189,-22.699053],[-47.591626,-22.699014]],[[-47.699222,-22.697262],[-47.699851,-22.697588],[-47.699222,-22.697262]],[[-47.847301,-22.694685],[-47.847359,-22.694632]],[[-47.591626,-22.699014],[-47.592232,-22.700825],[-47.589931,-22.70168]],[[-47.591626,-22.699014],[-47.589665,-22.694545],[-47.581496,-22.688337],[-47.568985,-22.685523]],[[-47.921906,-22.693315],[-47.921564,-22.69613]],[[-47.830431,-22.694957],[-47.836933,-22.694981]],[[-47.990362,-22.69204],[-47.988946,-22.691448]],[[-47.899054,-22.693678],[-47.899054,-22.693678]],[[-47.669109,-22.697681],[-47.669015,-22.697525]],[[-47.937913,-22.692953],[-47.937913,-22.692955]],[[-47.937913,-22.692953],[-47.939841,-22.692817]],[[-47.699832,-22.697142],[-47.699832,-22.697142]],[[-47.645787,-22.698042],[-47.646041,-22.698381]],[[-47.645787,-22.698042],[-47.645465,-22.697734]],[[-47.990624,-22.691936],[-47.990624,-22.691936]],[[-47.588261,-22.698951],[-47.588959,-22.69845]],[[-47.951973,-22.692593],[-47.954413,-22.688819],[-47.95573,-22.688242]],[[-47.847333,-22.694481],[-47.848035,-22.691999]],[[-47.617083,-22.698408],[-47.617083,-22.698408]],[[-47.686217,-22.697226],[-47.686869,-22.698185],[-47.686323,-22.700135]],[[-47.669007,-22.69751],[-47.670658,-22.697362],[-47.671609,-22.695961],[-47.674322,-22.694808],[-47.675918,-22.690649],[-47.674963,-22.691595],[-47.674613,-22.690305],[-47.673314,-22.690573]],[[-47.516066,-22.699975],[-47.516957,-22.701172]],[[-47.516066,-22.699975],[-47.51607,-22.699975]],[[-47.915722,-22.693182],[-47.914072,-22.693503],[-47.913025,-22.695082]],[[-47.699984,-22.696946],[-47.699984,-22.696946]],[[-47.686259,-22.697156],[-47.68615,-22.696926]],[[-47.921043,-22.693035],[-47.921747,-22.694049]],[[-47.797632,-22.695238],[-47.798294,-22.696851]],[[-47.797632,-22.695238],[-47.797632,-22.695238]],[[-47.79762,-22.695235],[-47.797632,-22.695238]],[[-48.054958,-22.690499],[-48.054558,-22.689621]],[[-47.865505,-22.693962],[-47.863523,-22.691571]],[[-47.793502,-22.695214],[-47.793496,-22.695218]],[[-47.793502,-22.695214],[-47.789248,-22.692596]],[[-47.901662,-22.693275],[-47.899907,-22.695449]],[[-47.978871,-22.691836],[-47.981125,-22.691482]],[[-47.999847,-22.691438],[-47.999811,-22.686483],[-48.001038,-22.682931]],[[-47.907004,-22.693141],[-47.907004,-22.693141]],[[-47.645508,-22.697673],[-47.645787,-22.698042]],[[-47.68615,-22.696926],[-47.686137,-22.696906]],[[-47.68615,-22.696926],[-47.686014,-22.695529]],[[-47.942039,-22.692405],[-47.941628,-22.689924]],[[-47.98769,-22.691542],[-47.987954,-22.691507]],[[-47.972148,-22.691832],[-47.969112,-22.684045]],[[-47.988025,-22.691518],[-47.988946,-22.691448]],[[-47.987954,-22.691507],[-47.987954,-22.691507]],[[-47.987954,-22.691507],[-47.987957,-22.691507]],[[-47.762695,-22.69553],[-47.765,-22.693783]],[[-47.780275,-22.695216],[-47.78041,-22.696153],[-47.778209,-22.698542],[-47.778892,-22.698673],[-47.778185,-22.699816],[-47.778706,-22.701268],[-47.777631,-22.702197],[-47.777921,-22.705123],[-47.780289,-22.706262],[-47.779387,-22.707971],[-47.780074,-22.709563],[-47.776064,-22.711605]],[[-47.988946,-22.691448],[-47.989972,-22.690915]],[[-47.694583,-22.696666],[-47.696828,-22.697919]],[[-47.589094,-22.698385],[-47.590266,-22.698453],[-47.590808,-22.697033]],[[-47.700249,-22.696532],[-47.700249,-22.696532]],[[-47.896766,-22.693081],[-47.899492,-22.691969],[-47.896766,-22.693081]],[[-47.58727,-22.69837],[-47.588138,-22.698928]],[[-47.780282,-22.695121],[-47.778198,-22.695276],[-47.773508,-22.698779],[-47.767937,-22.698308],[-47.762661,-22.690333],[-47.76213,-22.68511],[-47.757173,-22.675913],[-47.753635,-22.675089],[-47.751134,-22.677699]],[[-48.103413,-22.689152],[-48.105653,-22.69248]],[[-47.884312,-22.693232],[-47.88437,-22.68855]],[[-47.587215,-22.698303],[-47.5814,-22.697727]],[[-47.587417,-22.698283],[-47.587417,-22.698283]],[[-47.839142,-22.694003],[-47.841046,-22.691556],[-47.845181,-22.690179]],[[-47.512686,-22.699389],[-47.516066,-22.699975]],[[-47.858307,-22.693579],[-47.859573,-22.694228]],[[-48.098408,-22.689105],[-48.103018,-22.689007]],[[-47.862587,-22.693492],[-47.862587,-22.693492]],[[-48.103018,-22.689007],[-48.103996,-22.689137]],[[-48.103018,-22.689007],[-48.103018,-22.689006]],[[-47.906438,-22.692671],[-47.907661,-22.690253]],[[-47.983204,-22.691229],[-47.983191,-22.691232]],[[-47.983204,-22.691229],[-47.982035,-22.687884]],[[-47.866569,-22.693358],[-47.86472,-22.690988]],[[-47.645656,-22.697145],[-47.646793,-22.695887]],[[-47.951062,-22.691798],[-47.95301,-22.688925]],[[-47.800983,-22.694425],[-47.803119,-22.69615]],[[-47.800983,-22.694425],[-47.79972,-22.694668]],[[-47.579555,-22.698122],[-47.574809,-22.700837],[-47.572925,-22.707587],[-47.566138,-22.709873],[-47.563566,-22.712178],[-47.563013,-22.713858]],[[-47.579555,-22.698122],[-47.579734,-22.698083]],[[-47.818622,-22.694072],[-47.817693,-22.69527]],[[-47.563499,-22.698331],[-47.562904,-22.699684],[-47.563499,-22.698331]],[[-47.818634,-22.694033],[-47.819477,-22.69379],[-47.818634,-22.694033]],[[-47.977967,-22.691097],[-47.978685,-22.689794]],[[-48.054558,-22.689621],[-48.054559,-22.689623]],[[-48.054558,-22.689621],[-48.054558,-22.689621]],[[-47.794606,-22.694353],[-47.793044,-22.695254]],[[-48.082033,-22.689035],[-48.079608,-22.693115],[-48.078375,-22.693236],[-48.078106,-22.695376]],[[-48.054495,-22.689472],[-48.054193,-22.688543]],[[-48.037983,-22.689754],[-48.041635,-22.691134]],[[-47.956733,-22.691268],[-47.958843,-22.690166]],[[-47.624487,-22.697054],[-47.624487,-22.697054]],[[-47.581095,-22.697749],[-47.580341,-22.697707]],[[-47.581095,-22.697749],[-47.5814,-22.697727]],[[-47.700494,-22.695777],[-47.700335,-22.69643],[-47.700494,-22.695777]],[[-47.5814,-22.697727],[-47.581399,-22.697728]],[[-47.5814,-22.697727],[-47.581095,-22.697749]],[[-47.919044,-22.691895],[-47.917626,-22.694262]],[[-47.93794,-22.691539],[-47.937913,-22.692953]],[[-47.580341,-22.697707],[-47.580304,-22.697702]],[[-47.580341,-22.697707],[-47.579555,-22.698122]],[[-47.580574,-22.697696],[-47.580824,-22.697772]],[[-48.01662,-22.690029],[-48.01662,-22.690029]],[[-48.093579,-22.688545],[-48.096496,-22.685949],[-48.095605,-22.683983]],[[-47.580311,-22.697624],[-47.580311,-22.697624]],[[-48.016734,-22.689908],[-48.017543,-22.683641],[-48.016717,-22.683177],[-48.014438,-22.673792]],[[-47.867062,-22.692627],[-47.867062,-22.692627]],[[-47.987859,-22.6904],[-47.987859,-22.6904]],[[-47.800253,-22.69374],[-47.800983,-22.694425]],[[-47.958437,-22.690861],[-47.959479,-22.691075]],[[-47.800135,-22.693703],[-47.798911,-22.693791]],[[-47.758666,-22.694395],[-47.75649,-22.694583]],[[-48.09419,-22.688241],[-48.094235,-22.689533]],[[-47.976882,-22.690466],[-47.978685,-22.689794]],[[-47.800079,-22.693645],[-47.800081,-22.693649]],[[-47.800079,-22.693645],[-47.800079,-22.693645]],[[-47.927861,-22.69127],[-47.927863,-22.691269]],[[-47.927863,-22.691269],[-47.928094,-22.69098]],[[-47.927863,-22.691269],[-47.927825,-22.691187]],[[-47.801789,-22.693524],[-47.801791,-22.695116]],[[-48.094194,-22.688091],[-48.093139,-22.688194]],[[-47.68614,-22.695463],[-47.684952,-22.691859]],[[-47.809836,-22.693326],[-47.812375,-22.692614]],[[-47.790351,-22.693653],[-47.792378,-22.693283]],[[-47.988618,-22.690052],[-47.987358,-22.691759],[-47.983204,-22.691229]],[[-47.968292,-22.690424],[-47.967478,-22.687394],[-47.967906,-22.684986],[-47.969109,-22.684052]],[[-47.701098,-22.695124],[-47.702022,-22.693397]],[[-47.780168,-22.693768],[-47.780168,-22.693768]],[[-47.9281,-22.691059],[-47.9281,-22.691059]],[[-47.904065,-22.69145],[-47.904065,-22.69145]],[[-47.564046,-22.697228],[-47.565443,-22.69696],[-47.565796,-22.695434],[-47.564532,-22.694287],[-47.563336,-22.695782],[-47.564046,-22.697228]],[[-47.825983,-22.692803],[-47.824395,-22.69183]],[[-47.761478,-22.69391],[-47.761234,-22.694442]],[[-47.928191,-22.690917],[-47.932978,-22.688658]],[[-48.054193,-22.688543],[-48.054192,-22.688543]],[[-48.054193,-22.688543],[-48.054193,-22.688543]],[[-47.795243,-22.693237],[-47.793894,-22.691631]],[[-47.631127,-22.695992],[-47.629959,-22.699558]],[[-47.921901,-22.690898],[-47.924978,-22.690427]],[[-48.054153,-22.688424],[-48.054015,-22.688168]],[[-47.830922,-22.69253],[-47.837563,-22.694254]],[[-47.857266,-22.692032],[-47.857406,-22.690637]],[[-47.978685,-22.689794],[-47.978686,-22.689794]],[[-47.978685,-22.689794],[-47.979244,-22.688628],[-47.982035,-22.687884]],[[-47.84672,-22.692182],[-47.845181,-22.690179]],[[-47.805135,-22.692915],[-47.811262,-22.690505]],[[-47.799622,-22.692998],[-47.800079,-22.693645]],[[-47.904187,-22.691132],[-47.904187,-22.691132]],[[-47.779203,-22.693316],[-47.779915,-22.692778]],[[-47.859144,-22.691899],[-47.860018,-22.693261]],[[-47.861203,-22.691847],[-47.861203,-22.691847]],[[-47.537992,-22.697294],[-47.542909,-22.695956],[-47.545118,-22.69627]],[[-47.799314,-22.692886],[-47.799314,-22.692886]],[[-47.799335,-22.69279],[-47.799366,-22.692386]],[[-47.811929,-22.692564],[-47.811929,-22.692564]],[[-48.053932,-22.688101],[-48.053744,-22.687868]],[[-47.778281,-22.693097],[-47.77785,-22.694738],[-47.774087,-22.697797],[-47.770489,-22.698338],[-47.768209,-22.697659],[-47.763468,-22.690135],[-47.762856,-22.684968]],[[-47.903887,-22.690829],[-47.903887,-22.690829]],[[-47.778268,-22.693046],[-47.778342,-22.68733],[-47.776166,-22.683934],[-47.774418,-22.678011],[-47.774455,-22.674839],[-47.771296,-22.673373]],[[-47.924978,-22.690427],[-47.924975,-22.690425]],[[-47.924978,-22.690427],[-47.924978,-22.690427]],[[-47.925097,-22.690389],[-47.925668,-22.69024]],[[-47.798551,-22.692624],[-47.799342,-22.69312]],[[-47.823821,-22.692172],[-47.818879,-22.6942]],[[-47.625884,-22.695498],[-47.626131,-22.695363]],[[-48.018809,-22.688534],[-48.017583,-22.686644]],[[-47.849283,-22.691632],[-47.846725,-22.692184]],[[-47.778768,-22.692866],[-47.778489,-22.695061],[-47.779373,-22.694429],[-47.780392,-22.695064]],[[-47.798488,-22.692514],[-47.798488,-22.692514]],[[-47.849309,-22.691595],[-47.849309,-22.691595]],[[-47.855569,-22.691462],[-47.855321,-22.689741]],[[-47.626131,-22.695363],[-47.626818,-22.694798]],[[-48.053715,-22.687751],[-48.05375,-22.687587]],[[-47.782874,-22.692689],[-47.785147,-22.692444]],[[-47.858028,-22.691331],[-47.857454,-22.690711]],[[-47.795262,-22.692435],[-47.795262,-22.692435]],[[-47.780132,-22.692678],[-47.782256,-22.692489]],[[-47.941576,-22.689773],[-47.941429,-22.689712]],[[-47.941587,-22.689743],[-47.94498,-22.691821]],[[-47.820879,-22.691899],[-47.820879,-22.691899]],[[-47.941429,-22.689712],[-47.941431,-22.689712]],[[-47.941429,-22.689712],[-47.941429,-22.689712]],[[-47.763819,-22.692868],[-47.764648,-22.69395],[-47.763819,-22.692868]],[[-47.853257,-22.691291],[-47.85239,-22.69104]],[[-47.782326,-22.692522],[-47.782314,-22.692553]],[[-47.631717,-22.695058],[-47.631134,-22.695964]],[[-47.785147,-22.692444],[-47.787113,-22.694649]],[[-47.785147,-22.692444],[-47.789075,-22.6907]],[[-47.503534,-22.697099],[-47.503536,-22.697103]],[[-47.503534,-22.697099],[-47.50231,-22.701339],[-47.498175,-22.70599]],[[-47.785147,-22.69244],[-47.785147,-22.692444]],[[-47.51917,-22.696846],[-47.518791,-22.698262],[-47.516172,-22.698959],[-47.516066,-22.699975]],[[-47.51917,-22.696846],[-47.515553,-22.695481],[-47.510365,-22.690908],[-47.505722,-22.690069],[-47.502108,-22.691183],[-47.50217,-22.695188],[-47.503534,-22.697099]],[[-47.519172,-22.696843],[-47.51917,-22.696846]],[[-47.631665,-22.695015],[-47.631717,-22.695058]],[[-47.976949,-22.688944],[-47.977694,-22.689673]],[[-47.941393,-22.689601],[-47.940466,-22.688596]],[[-47.625547,-22.695041],[-47.625884,-22.695498]],[[-47.545118,-22.69627],[-47.545119,-22.69627]],[[-47.545118,-22.69627],[-47.544441,-22.692746],[-47.548666,-22.689405]],[[-47.625872,-22.694914],[-47.626131,-22.695363]],[[-48.053698,-22.687273],[-48.053697,-22.687253]],[[-47.692345,-22.693731],[-47.692888,-22.689992]],[[-47.953064,-22.689127],[-47.95573,-22.688242]],[[-47.626818,-22.694798],[-47.628249,-22.694194]],[[-47.852043,-22.690936],[-47.851107,-22.690495],[-47.849787,-22.69162]],[[-48.053614,-22.687205],[-48.053591,-22.68701]],[[-47.852083,-22.690912],[-47.852083,-22.690912]],[[-47.859749,-22.690726],[-47.859748,-22.690725]],[[-47.859748,-22.690725],[-47.859748,-22.690725]],[[-47.859748,-22.690725],[-47.859707,-22.6888]],[[-47.863222,-22.690638],[-47.863327,-22.691621]],[[-47.632144,-22.694526],[-47.631717,-22.695058]],[[-47.948722,-22.688994],[-47.949886,-22.688109],[-47.953002,-22.68894]],[[-47.868123,-22.690424],[-47.871236,-22.688343]],[[-47.702097,-22.693273],[-47.702642,-22.691156]],[[-47.631675,-22.694439],[-47.632144,-22.694526]],[[-47.626749,-22.69449],[-47.626818,-22.694798]],[[-48.053554,-22.686895],[-48.053552,-22.686909]],[[-47.859095,-22.690367],[-47.859095,-22.690367]],[[-47.862452,-22.690287],[-47.862452,-22.690287]],[[-48.096529,-22.685919],[-48.098438,-22.689013],[-48.095788,-22.696401]],[[-47.628249,-22.694194],[-47.629469,-22.693581]],[[-48.040965,-22.686872],[-48.043257,-22.688885]],[[-48.053421,-22.686619],[-48.053379,-22.686535]],[[-47.982035,-22.687884],[-47.982039,-22.687885]],[[-47.982035,-22.687884],[-47.982246,-22.68184]],[[-48.053379,-22.686535],[-48.053376,-22.686534]],[[-48.053379,-22.686535],[-48.053297,-22.686351]],[[-47.940466,-22.688596],[-47.94047,-22.688607]],[[-47.940466,-22.688596],[-47.940465,-22.688596]],[[-47.628181,-22.694021],[-47.628249,-22.694194]],[[-47.933043,-22.68869],[-47.933541,-22.686455]],[[-47.95573,-22.688242],[-47.955784,-22.688247]],[[-47.95573,-22.688242],[-47.95656,-22.686481]],[[-48.053297,-22.686351],[-48.053379,-22.686535]],[[-48.053297,-22.686351],[-48.053297,-22.686351]],[[-48.053297,-22.686351],[-48.053297,-22.686351]],[[-47.845181,-22.690179],[-47.845193,-22.690176]],[[-47.845181,-22.690179],[-47.845108,-22.689912]],[[-47.995421,-22.687421],[-47.995314,-22.682249],[-47.996281,-22.680452]],[[-47.866923,-22.689744],[-47.869759,-22.691169],[-47.871948,-22.695139]],[[-47.866923,-22.689744],[-47.868358,-22.687006],[-47.867769,-22.685635]],[[-47.866888,-22.689726],[-47.866923,-22.689744]],[[-47.628027,-22.693808],[-47.628181,-22.694021]],[[-47.628035,-22.693803],[-47.628181,-22.694021]],[[-47.857302,-22.689851],[-47.857436,-22.690713],[-47.857302,-22.689851]],[[-47.924472,-22.68863],[-47.926706,-22.691534],[-47.927821,-22.691336]],[[-47.940032,-22.688331],[-47.940033,-22.68833]],[[-47.940033,-22.68833],[-47.940466,-22.688596]],[[-47.940033,-22.68833],[-47.941862,-22.687534],[-47.942075,-22.685763]],[[-47.850255,-22.689876],[-47.850255,-22.689876]],[[-47.85724,-22.689744],[-47.856893,-22.68859]],[[-47.763311,-22.691367],[-47.76156,-22.693862],[-47.760368,-22.694112]],[[-47.865185,-22.689569],[-47.865947,-22.690808]],[[-47.855321,-22.689741],[-47.855321,-22.689737]],[[-47.855321,-22.689741],[-47.855321,-22.689741]],[[-47.805347,-22.690605],[-47.811268,-22.689273]],[[-47.550824,-22.694858],[-47.549465,-22.693061]],[[-47.629469,-22.693581],[-47.630137,-22.693188]],[[-48.053139,-22.686051],[-48.053118,-22.68599]],[[-47.813449,-22.690421],[-47.811386,-22.688613]],[[-47.845021,-22.689849],[-47.844567,-22.687958]],[[-48.094619,-22.685062],[-48.095605,-22.683983]],[[-47.789144,-22.690668],[-47.796185,-22.690992]],[[-47.855167,-22.68946],[-47.855205,-22.688398]],[[-48.052926,-22.685801],[-48.052901,-22.685704]],[[-47.903631,-22.688512],[-47.905129,-22.686181]],[[-47.943509,-22.687775],[-47.946692,-22.687707]],[[-47.629243,-22.693232],[-47.629469,-22.693581]],[[-47.630137,-22.693188],[-47.630105,-22.693166]],[[-47.630105,-22.693166],[-47.630137,-22.693188]],[[-47.630105,-22.693166],[-47.630048,-22.693118]],[[-47.630048,-22.693118],[-47.630105,-22.693166]],[[-47.630048,-22.693118],[-47.630013,-22.693083]],[[-47.755353,-22.691007],[-47.755009,-22.691006]],[[-47.755353,-22.691007],[-47.755671,-22.690139]],[[-47.978888,-22.686993],[-47.980275,-22.685546]],[[-47.746456,-22.691132],[-47.74881,-22.68909]],[[-47.630013,-22.693083],[-47.630048,-22.693118]],[[-47.630013,-22.693083],[-47.630005,-22.693076]],[[-47.630005,-22.693076],[-47.630013,-22.693083]],[[-47.630005,-22.693076],[-47.629998,-22.693069]],[[-47.629998,-22.693069],[-47.630005,-22.693076]],[[-47.629998,-22.693069],[-47.629981,-22.693052]],[[-47.629981,-22.693052],[-47.629998,-22.693069]],[[-47.629981,-22.693052],[-47.629937,-22.693009]],[[-48.052764,-22.685516],[-48.052657,-22.685397]],[[-47.88476,-22.688618],[-47.88476,-22.688618]],[[-48.046093,-22.685627],[-48.04609,-22.685626]],[[-48.046093,-22.685627],[-48.046093,-22.685627]],[[-47.629937,-22.693009],[-47.629981,-22.693052]],[[-47.629937,-22.693009],[-47.629709,-22.692973]],[[-47.629914,-22.692986],[-47.629937,-22.693009]],[[-47.629914,-22.692986],[-47.632371,-22.692418]],[[-47.629905,-22.692977],[-47.629914,-22.692986]],[[-47.941883,-22.687541],[-47.944924,-22.68905]],[[-48.046146,-22.685589],[-48.049277,-22.682373]],[[-47.629725,-22.692966],[-47.629914,-22.692986]],[[-47.814237,-22.689821],[-47.812137,-22.689392]],[[-47.942784,-22.687493],[-47.944238,-22.685924]],[[-47.756284,-22.690796],[-47.755353,-22.691007]],[[-48.052618,-22.68539],[-48.051641,-22.68426]],[[-48.006776,-22.68622],[-48.005882,-22.67907],[-48.007287,-22.676093],[-48.010122,-22.673671],[-48.010071,-22.670885]],[[-47.692527,-22.6917],[-47.693763,-22.692837]],[[-47.826287,-22.689377],[-47.823888,-22.692094]],[[-47.884362,-22.688299],[-47.883956,-22.686067],[-47.885079,-22.682347]],[[-47.859276,-22.68873],[-47.857313,-22.687417]],[[-47.85454,-22.68869],[-47.85454,-22.68869]],[[-47.86091,-22.688542],[-47.862395,-22.69021]],[[-47.629479,-22.692505],[-47.631866,-22.689496]],[[-47.865725,-22.688422],[-47.866985,-22.688908]],[[-47.85695,-22.688499],[-47.85695,-22.688499]],[[-47.857077,-22.688486],[-47.857313,-22.687417]],[[-48.095605,-22.683983],[-48.095551,-22.683922]],[[-47.63238,-22.692271],[-47.632371,-22.692418]],[[-47.632409,-22.692264],[-47.635138,-22.693683],[-47.635692,-22.698484],[-47.644299,-22.704075]],[[-47.859581,-22.688357],[-47.859581,-22.688357]],[[-47.864247,-22.688264],[-47.859654,-22.688346]],[[-47.821319,-22.689017],[-47.821074,-22.692927]],[[-47.631581,-22.69225],[-47.632371,-22.692418]],[[-47.702646,-22.691056],[-47.702858,-22.690628]],[[-47.896463,-22.687634],[-47.897478,-22.683502],[-47.89979,-22.682651],[-47.901351,-22.683763]],[[-47.977658,-22.686142],[-47.979344,-22.684822]],[[-47.95656,-22.686481],[-47.956564,-22.68648]],[[-47.95656,-22.686481],[-47.956888,-22.685699]],[[-47.855163,-22.688264],[-47.855163,-22.688264]],[[-47.855141,-22.688229],[-47.855355,-22.685336]],[[-47.758757,-22.689901],[-47.762444,-22.689766]],[[-47.884791,-22.687646],[-47.884791,-22.687646]],[[-47.926615,-22.686833],[-47.927915,-22.687563]],[[-47.926615,-22.686833],[-47.926615,-22.686833]],[[-47.926609,-22.686825],[-47.926615,-22.686833]],[[-48.052042,-22.684421],[-48.052134,-22.684775]],[[-47.631456,-22.691889],[-47.63061,-22.692083]],[[-47.936529,-22.686569],[-47.940033,-22.68833]],[[-47.982502,-22.685713],[-47.979344,-22.684822]],[[-47.702858,-22.690628],[-47.693035,-22.689259]],[[-47.936389,-22.686486],[-47.935229,-22.685011]],[[-47.632373,-22.691774],[-47.632785,-22.691208],[-47.632356,-22.691773]],[[-47.933829,-22.68647],[-47.935201,-22.6851],[-47.935622,-22.68138]],[[-48.051638,-22.684255],[-48.051428,-22.683961]],[[-47.548961,-22.693037],[-47.548905,-22.693044]],[[-47.548879,-22.693027],[-47.547998,-22.6905]],[[-47.566465,-22.692703],[-47.566119,-22.69388],[-47.564641,-22.694314]],[[-47.900725,-22.686985],[-47.901464,-22.683911],[-47.904265,-22.683531]],[[-47.821565,-22.6884],[-47.821153,-22.688929],[-47.821528,-22.688457]],[[-47.816111,-22.688406],[-47.814294,-22.689777]],[[-47.566504,-22.692592],[-47.567518,-22.691957],[-47.568985,-22.685523]],[[-47.627917,-22.691548],[-47.629507,-22.692682]],[[-47.687171,-22.690515],[-47.687653,-22.693704],[-47.689391,-22.695471]],[[-47.62802,-22.691479],[-47.629573,-22.692692]],[[-47.821689,-22.68818],[-47.821689,-22.68818]],[[-47.821689,-22.68818],[-47.82169,-22.688178]],[[-48.051428,-22.683961],[-48.051427,-22.683959]],[[-48.051428,-22.683961],[-48.051428,-22.683961]],[[-47.956414,-22.685713],[-47.956881,-22.685696]],[[-47.844557,-22.687735],[-47.844451,-22.687205]],[[-47.598264,-22.691863],[-47.597822,-22.69145]],[[-47.834302,-22.687835],[-47.841441,-22.691415]],[[-48.051296,-22.683835],[-48.051272,-22.683795]],[[-47.857313,-22.687417],[-47.857312,-22.687417]],[[-47.857313,-22.687417],[-47.855355,-22.685165]],[[-47.627622,-22.691335],[-47.627611,-22.691314]],[[-47.673225,-22.69056],[-47.673204,-22.690558]],[[-47.627611,-22.691314],[-47.627628,-22.691329]],[[-47.627611,-22.691314],[-47.627583,-22.691289]],[[-47.627644,-22.691308],[-47.627487,-22.691197]],[[-47.627583,-22.691289],[-47.627611,-22.691314]],[[-47.627583,-22.691289],[-47.62747,-22.691211]],[[-47.632788,-22.691201],[-47.633023,-22.690893]],[[-47.673204,-22.690501],[-47.673225,-22.690503]],[[-47.68389,-22.690318],[-47.68389,-22.690318]],[[-47.673107,-22.69048],[-47.671986,-22.690483],[-47.671851,-22.692074],[-47.669848,-22.691746],[-47.669449,-22.689215],[-47.668309,-22.688666]],[[-48.051261,-22.683713],[-48.050912,-22.683359]],[[-47.627501,-22.691218],[-47.627583,-22.691289]],[[-47.850273,-22.687368],[-47.850136,-22.686973]],[[-47.707411,-22.689847],[-47.707159,-22.692688]],[[-47.627438,-22.69116],[-47.62524,-22.690964]],[[-47.687173,-22.690154],[-47.687232,-22.689716]],[[-47.654648,-22.690658],[-47.652994,-22.69065]],[[-47.674466,-22.69028],[-47.674466,-22.69028]],[[-47.927716,-22.685833],[-47.927961,-22.687668],[-47.929807,-22.689841]],[[-47.748975,-22.688987],[-47.751763,-22.687557]],[[-47.632982,-22.690936],[-47.633383,-22.689087]],[[-47.979344,-22.684822],[-47.979348,-22.684819]],[[-47.979344,-22.684822],[-47.977499,-22.683812]],[[-47.62524,-22.690964],[-47.627419,-22.691174]],[[-47.62524,-22.690964],[-47.623813,-22.68985]],[[-47.692976,-22.68983],[-47.693035,-22.689259]],[[-47.59784,-22.691361],[-47.598201,-22.68972],[-47.597278,-22.688099]],[[-47.856799,-22.686857],[-47.860033,-22.684698]],[[-47.684735,-22.689829],[-47.684651,-22.691493]],[[-47.80559,-22.68774],[-47.808243,-22.686154],[-47.812237,-22.685671]],[[-47.684352,-22.689795],[-47.684352,-22.689795]],[[-47.68441,-22.689781],[-47.684451,-22.689742]],[[-47.684369,-22.689777],[-47.684858,-22.689362]],[[-47.976602,-22.684594],[-47.977499,-22.683812]],[[-47.840661,-22.68706],[-47.843567,-22.687049],[-47.844351,-22.686223]],[[-47.956717,-22.684903],[-47.957967,-22.684349],[-47.957575,-22.683121]],[[-47.82228,-22.68728],[-47.821689,-22.68818]],[[-48.050695,-22.683082],[-48.050618,-22.682915]],[[-47.850044,-22.686782],[-47.849704,-22.685979]],[[-47.822275,-22.687267],[-47.82235,-22.687047]],[[-47.822275,-22.687267],[-47.822335,-22.687033]],[[-47.861022,-22.68657],[-47.861556,-22.686642]],[[-48.05041,-22.68304],[-48.049907,-22.682949]],[[-47.621835,-22.690596],[-47.623759,-22.689823]],[[-47.939806,-22.685043],[-47.937385,-22.684043]],[[-47.844463,-22.686766],[-47.844351,-22.686223]],[[-47.860945,-22.686467],[-47.860945,-22.686467]],[[-47.960703,-22.684626],[-47.963914,-22.68271],[-47.964721,-22.683176]],[[-47.956134,-22.684665],[-47.956407,-22.68571],[-47.956134,-22.684665]],[[-47.860534,-22.686378],[-47.860855,-22.687022]],[[-47.82235,-22.687047],[-47.822275,-22.687267]],[[-47.82235,-22.687047],[-47.822275,-22.687267]],[[-47.822376,-22.687041],[-47.822409,-22.686961]],[[-47.822335,-22.687033],[-47.82235,-22.687047]],[[-47.693035,-22.689259],[-47.693037,-22.689256]],[[-47.693035,-22.689259],[-47.684858,-22.689362]],[[-47.684858,-22.689362],[-47.681437,-22.687424],[-47.677852,-22.687885],[-47.674624,-22.695784],[-47.671826,-22.696617],[-47.671194,-22.697677],[-47.670938,-22.700128],[-47.672176,-22.702251]],[[-48.049795,-22.682792],[-48.049534,-22.682684]],[[-47.822409,-22.686961],[-47.822335,-22.687033]],[[-47.822409,-22.686961],[-47.822427,-22.686944]],[[-47.822427,-22.686944],[-47.822409,-22.686961]],[[-47.822427,-22.686944],[-47.822441,-22.68693]],[[-47.822441,-22.68693],[-47.822427,-22.686944]],[[-47.822441,-22.68693],[-47.822541,-22.686812]],[[-47.86018,-22.686227],[-47.860872,-22.68648]],[[-47.86018,-22.686227],[-47.86018,-22.686227]],[[-47.860178,-22.686225],[-47.86018,-22.686227]],[[-47.637452,-22.690031],[-47.63544,-22.690813]],[[-47.630258,-22.690132],[-47.630252,-22.690136]],[[-47.822541,-22.686812],[-47.822441,-22.68693]],[[-47.822541,-22.686812],[-47.822547,-22.686804]],[[-47.822547,-22.686804],[-47.822541,-22.686812]],[[-47.822547,-22.686804],[-47.822685,-22.686482]],[[-48.049464,-22.682555],[-48.049277,-22.682373]],[[-47.616518,-22.690174],[-47.618156,-22.691177],[-47.621796,-22.690604]],[[-47.977499,-22.683812],[-47.977504,-22.683811]],[[-47.977499,-22.683812],[-47.976662,-22.683876]],[[-47.75885,-22.687721],[-47.761992,-22.687106]],[[-47.844351,-22.686223],[-47.84437,-22.686223]],[[-47.844351,-22.686223],[-47.844381,-22.683031]],[[-47.859985,-22.685885],[-47.863942,-22.68526]],[[-47.828245,-22.686442],[-47.829413,-22.685173]],[[-48.049277,-22.682373],[-48.049282,-22.682369]],[[-48.049277,-22.682373],[-48.04928,-22.682369]],[[-47.819117,-22.686512],[-47.818216,-22.687471]],[[-47.822844,-22.686437],[-47.822547,-22.686804]],[[-47.867769,-22.685635],[-47.867775,-22.685635]],[[-47.867769,-22.685635],[-47.868082,-22.684751]],[[-47.812009,-22.686602],[-47.818201,-22.687472]],[[-47.812009,-22.686602],[-47.811267,-22.691118],[-47.813242,-22.693427],[-47.811927,-22.6959],[-47.812517,-22.698128]],[[-47.812008,-22.686601],[-47.812009,-22.686602]],[[-47.84965,-22.685904],[-47.848566,-22.683531]],[[-48.049074,-22.6822],[-48.04907,-22.682197]],[[-48.04907,-22.682197],[-48.049072,-22.682199]],[[-48.04907,-22.682197],[-48.049067,-22.682194]],[[-48.049067,-22.682194],[-48.04907,-22.682197]],[[-48.049067,-22.682194],[-48.049387,-22.679695],[-48.048478,-22.678873],[-48.049437,-22.679823],[-48.049067,-22.682194]],[[-47.858775,-22.685674],[-47.859961,-22.685921]],[[-47.818883,-22.686362],[-47.818883,-22.686362]],[[-47.866827,-22.685472],[-47.867769,-22.685635]],[[-47.832361,-22.686075],[-47.833081,-22.683972]],[[-47.898484,-22.684855],[-47.901351,-22.683763]],[[-47.673993,-22.688753],[-47.674517,-22.690187]],[[-48.001038,-22.682931],[-48.001038,-22.682931]],[[-47.937385,-22.684043],[-47.937392,-22.684044]],[[-47.937385,-22.684043],[-47.937385,-22.684043]],[[-47.784738,-22.686665],[-47.787853,-22.684341],[-47.786479,-22.680706],[-47.78646,-22.676255],[-47.787418,-22.673773]],[[-48.00092,-22.68272],[-47.998936,-22.677016]],[[-47.668083,-22.688598],[-47.669393,-22.689213],[-47.669578,-22.691695],[-47.671894,-22.692095],[-47.672038,-22.690512],[-47.673107,-22.690556]],[[-47.937151,-22.683876],[-47.93612,-22.682538]],[[-47.667811,-22.688545],[-47.665627,-22.687876]],[[-47.667848,-22.688504],[-47.666768,-22.687761]],[[-47.835522,-22.68556],[-47.833991,-22.683716]],[[-47.664953,-22.688469],[-47.66295,-22.687013]],[[-47.855347,-22.685167],[-47.85381,-22.683195]],[[-48.094743,-22.680567],[-48.091567,-22.681813],[-48.082076,-22.689004],[-48.078103,-22.688724]],[[-47.801855,-22.685964],[-47.802834,-22.683847],[-47.801837,-22.681936]],[[-47.826332,-22.685529],[-47.825568,-22.684433]],[[-47.957575,-22.683121],[-47.95798,-22.684398],[-47.956665,-22.684681]],[[-47.957575,-22.683121],[-47.95818,-22.679586],[-47.959223,-22.678468],[-47.959115,-22.675943]],[[-47.812237,-22.685671],[-47.812009,-22.686602]],[[-47.754784,-22.686554],[-47.753877,-22.686744]],[[-47.836566,-22.685063],[-47.835286,-22.681553]],[[-47.860194,-22.684636],[-47.862806,-22.684016]],[[-47.829413,-22.685173],[-47.829418,-22.685161]],[[-47.829413,-22.685173],[-47.829697,-22.685066]],[[-47.583206,-22.689244],[-47.583167,-22.689298]],[[-47.829697,-22.685066],[-47.829698,-22.685069]],[[-47.829697,-22.685066],[-47.833081,-22.683972]],[[-47.792596,-22.685716],[-47.790267,-22.685575]],[[-47.901351,-22.683763],[-47.901464,-22.6839]],[[-47.583297,-22.689119],[-47.583226,-22.689217]],[[-47.827939,-22.684929],[-47.829413,-22.685173]],[[-47.790184,-22.685558],[-47.787796,-22.684459]],[[-47.667017,-22.687656],[-47.668072,-22.688252],[-47.669189,-22.687402]],[[-47.816801,-22.685078],[-47.812391,-22.683641]],[[-48.046079,-22.680716],[-48.049262,-22.679503]],[[-47.548666,-22.689405],[-47.548666,-22.689405]],[[-47.548666,-22.689405],[-47.548902,-22.689217]],[[-47.940005,-22.682648],[-47.937182,-22.681921],[-47.93612,-22.682538]],[[-47.982246,-22.68184],[-47.986816,-22.680521],[-47.987564,-22.682301]],[[-47.982246,-22.68184],[-47.981485,-22.680433],[-47.982116,-22.677599]],[[-47.982243,-22.681841],[-47.982246,-22.68184]],[[-47.825397,-22.684616],[-47.825397,-22.684616]],[[-47.825518,-22.68459],[-47.825568,-22.684433]],[[-47.548902,-22.689217],[-47.548904,-22.689227]],[[-47.548902,-22.689217],[-47.552946,-22.683024]],[[-47.742195,-22.686004],[-47.744939,-22.683529]],[[-47.93612,-22.682538],[-47.936116,-22.68255]],[[-47.93612,-22.682538],[-47.935899,-22.682368]],[[-47.633266,-22.687806],[-47.633156,-22.688213]],[[-47.633263,-22.687796],[-47.632929,-22.679474]],[[-47.819413,-22.684612],[-47.819413,-22.684612]],[[-47.819456,-22.68461],[-47.817316,-22.683253],[-47.816566,-22.68152]],[[-47.827081,-22.684456],[-47.825574,-22.68208]],[[-47.799913,-22.684926],[-47.800424,-22.682787]],[[-47.779893,-22.685259],[-47.781254,-22.685753]],[[-47.779893,-22.685259],[-47.781414,-22.68412]],[[-47.825568,-22.684433],[-47.825568,-22.684432]],[[-47.825568,-22.684433],[-47.825266,-22.682885],[-47.826515,-22.680506]],[[-47.66299,-22.687053],[-47.664924,-22.688513]],[[-47.820406,-22.684332],[-47.820664,-22.681811],[-47.818568,-22.680937]],[[-47.662937,-22.687024],[-47.656527,-22.68742],[-47.656863,-22.684714],[-47.655835,-22.684086]],[[-47.597278,-22.688099],[-47.596081,-22.687945],[-47.595951,-22.687052]],[[-47.597278,-22.688099],[-47.597373,-22.686803]],[[-47.729393,-22.685861],[-47.72931,-22.685914]],[[-47.820466,-22.684281],[-47.820466,-22.684281]],[[-47.833081,-22.683972],[-47.833087,-22.683958]],[[-47.833081,-22.683972],[-47.835345,-22.681231]],[[-47.839773,-22.683734],[-47.840992,-22.682041]],[[-47.633973,-22.68725],[-47.634206,-22.687272]],[[-47.633973,-22.68725],[-47.633468,-22.687662],[-47.634206,-22.687272]],[[-47.553702,-22.688521],[-47.553927,-22.689307]],[[-47.553698,-22.688515],[-47.553079,-22.687697],[-47.553721,-22.688543]],[[-47.829146,-22.683874],[-47.829697,-22.685066]],[[-47.762856,-22.684968],[-47.76284,-22.684996]],[[-47.762856,-22.684968],[-47.761023,-22.680185],[-47.757182,-22.674847],[-47.752666,-22.674444],[-47.75223,-22.673672]],[[-47.634023,-22.687077],[-47.633973,-22.68725]],[[-47.777316,-22.68464],[-47.777324,-22.684637]],[[-47.777324,-22.684637],[-47.779118,-22.687555],[-47.778744,-22.692818]],[[-47.777324,-22.684637],[-47.779893,-22.685259]],[[-47.984585,-22.680885],[-47.986426,-22.682065]],[[-47.754682,-22.684966],[-47.753245,-22.685807]],[[-47.63612,-22.686891],[-47.634206,-22.687272]],[[-47.831188,-22.68341],[-47.831836,-22.684356]],[[-47.761229,-22.684628],[-47.761615,-22.685903],[-47.761229,-22.684628]],[[-47.885079,-22.682347],[-47.885098,-22.681918]],[[-47.8758,-22.682478],[-47.885079,-22.682347]],[[-47.935622,-22.68138],[-47.935624,-22.681379]],[[-47.935622,-22.68138],[-47.935622,-22.68138]],[[-47.824458,-22.683237],[-47.825266,-22.682893]],[[-47.837277,-22.683],[-47.836624,-22.680144]],[[-47.844666,-22.682783],[-47.844667,-22.682782]],[[-47.844666,-22.682783],[-47.844666,-22.682783]],[[-47.854482,-22.682606],[-47.854485,-22.68261]],[[-47.854482,-22.682606],[-47.853651,-22.683207],[-47.851485,-22.682546]],[[-47.935552,-22.681083],[-47.935178,-22.679825]],[[-47.844682,-22.682716],[-47.84439,-22.682343]],[[-47.553168,-22.68757],[-47.552843,-22.686091],[-47.551537,-22.686261]],[[-47.896704,-22.681699],[-47.898379,-22.683004]],[[-48.048471,-22.67887],[-48.048348,-22.678719]],[[-47.85105,-22.682487],[-47.848451,-22.683572],[-47.844666,-22.682783]],[[-47.885068,-22.681875],[-47.885081,-22.681781]],[[-47.819068,-22.683035],[-47.818568,-22.680937]],[[-48.048348,-22.678719],[-48.048347,-22.678721]],[[-48.048348,-22.678719],[-48.048348,-22.678719]],[[-47.860352,-22.682182],[-47.861895,-22.683087]],[[-47.885122,-22.681727],[-47.88614,-22.677369],[-47.88907,-22.674817],[-47.901481,-22.674998],[-47.906922,-22.672756],[-47.910018,-22.67245],[-47.912041,-22.673282],[-47.914464,-22.672532]],[[-47.676738,-22.685328],[-47.677771,-22.687096],[-47.675985,-22.690509],[-47.675039,-22.691496],[-47.674549,-22.690202],[-47.673314,-22.690508]],[[-47.532973,-22.687655],[-47.535602,-22.686684]],[[-47.677005,-22.685274],[-47.678117,-22.686877],[-47.68078,-22.686511],[-47.685622,-22.688852],[-47.688865,-22.688609],[-47.689824,-22.68754],[-47.689008,-22.68418],[-47.689719,-22.682803]],[[-47.666747,-22.685422],[-47.665617,-22.687665]],[[-47.705328,-22.684717],[-47.707015,-22.688691]],[[-47.844315,-22.68225],[-47.844146,-22.681939]],[[-47.565699,-22.686956],[-47.565699,-22.686956]],[[-47.676963,-22.685057],[-47.675593,-22.681296]],[[-47.582027,-22.686557],[-47.581584,-22.686753]],[[-47.796975,-22.68293],[-47.800233,-22.683009]],[[-48.048373,-22.678309],[-48.048562,-22.677903]],[[-47.533988,-22.687273],[-47.533213,-22.685541]],[[-47.800429,-22.682777],[-47.80203,-22.681728],[-47.802345,-22.678604]],[[-47.828558,-22.682229],[-47.829313,-22.680386]],[[-47.854625,-22.681763],[-47.854482,-22.682606]],[[-47.854625,-22.681763],[-47.854625,-22.681763]],[[-47.840998,-22.681974],[-47.840553,-22.679804]],[[-47.829921,-22.682158],[-47.829313,-22.680386]],[[-47.997033,-22.679097],[-47.996291,-22.679053],[-47.996182,-22.680413],[-47.997033,-22.679097]],[[-47.6318,-22.685455],[-47.632924,-22.68545]],[[-47.827469,-22.682104],[-47.826515,-22.680506]],[[-47.744939,-22.683529],[-47.74447,-22.682924]],[[-47.744939,-22.683529],[-47.748833,-22.682507]],[[-47.671293,-22.684768],[-47.672875,-22.685068]],[[-47.808931,-22.682381],[-47.808931,-22.682381]],[[-47.997001,-22.678938],[-47.997826,-22.676329]],[[-47.843991,-22.681716],[-47.843881,-22.681626]],[[-47.935038,-22.679992],[-47.935038,-22.679992]],[[-47.820769,-22.68204],[-47.821516,-22.682697]],[[-47.843881,-22.681626],[-47.843882,-22.681627]],[[-47.843881,-22.681626],[-47.843881,-22.681626]],[[-47.934852,-22.679978],[-47.93277,-22.678899]],[[-47.807055,-22.682242],[-47.811875,-22.683231]],[[-47.67173,-22.684548],[-47.671327,-22.684502]],[[-47.510643,-22.686998],[-47.51148,-22.691082],[-47.51622,-22.695226],[-47.52212,-22.697769],[-47.528467,-22.704719],[-47.536028,-22.710024],[-47.538842,-22.716631],[-47.540343,-22.716009],[-47.541475,-22.708522],[-47.548059,-22.706387],[-47.549739,-22.704538],[-47.549461,-22.702315],[-47.545118,-22.69627]],[[-48.048562,-22.677582],[-48.048583,-22.677538]],[[-47.935049,-22.679702],[-47.935038,-22.679992]],[[-47.843655,-22.681324],[-47.843566,-22.681286]],[[-47.535662,-22.686495],[-47.539729,-22.682826],[-47.542293,-22.682081],[-47.543713,-22.685865],[-47.546382,-22.688423],[-47.548354,-22.688102],[-47.548902,-22.689217]],[[-47.824893,-22.681587],[-47.826017,-22.68134]],[[-48.048562,-22.677438],[-48.048539,-22.677376]],[[-47.843467,-22.681213],[-47.843454,-22.681209]],[[-47.74447,-22.682924],[-47.740921,-22.684781]],[[-47.74447,-22.682924],[-47.742519,-22.682235]],[[-47.843494,-22.681156],[-47.843493,-22.681154]],[[-47.78701,-22.682113],[-47.791385,-22.683753]],[[-47.835345,-22.681231],[-47.835344,-22.681232]],[[-47.835345,-22.681231],[-47.835345,-22.681231]],[[-47.843288,-22.681081],[-47.843236,-22.681015]],[[-47.77652,-22.682248],[-47.780143,-22.682591]],[[-47.77652,-22.682248],[-47.777324,-22.684637]],[[-47.816566,-22.68152],[-47.816566,-22.68152]],[[-47.816566,-22.68152],[-47.81656,-22.681483]],[[-47.826017,-22.68134],[-47.826018,-22.68134]],[[-47.826017,-22.68134],[-47.826163,-22.681377]],[[-47.857389,-22.680752],[-47.860437,-22.682168],[-47.863665,-22.681028]],[[-47.760551,-22.682424],[-47.760551,-22.682424]],[[-47.762856,-22.682379],[-47.762856,-22.684968]],[[-47.835489,-22.68105],[-47.836015,-22.680265]],[[-47.621206,-22.684693],[-47.623823,-22.689813]],[[-47.655844,-22.684118],[-47.656819,-22.684711],[-47.656411,-22.687412],[-47.658788,-22.686998],[-47.656697,-22.688666],[-47.65881,-22.687007],[-47.662973,-22.687061]],[[-47.568985,-22.685523],[-47.568985,-22.685521]],[[-47.568985,-22.685523],[-47.565272,-22.686434],[-47.558945,-22.68326],[-47.554449,-22.683037],[-47.55298,-22.68383],[-47.550138,-22.689084],[-47.545022,-22.692999],[-47.545562,-22.695978],[-47.550497,-22.703663]],[[-47.655831,-22.684088],[-47.657699,-22.681726],[-47.653606,-22.68303]],[[-47.748833,-22.682507],[-47.753276,-22.687103],[-47.753669,-22.690175],[-47.755735,-22.694423],[-47.755734,-22.697045],[-47.753054,-22.700805]],[[-47.748833,-22.682507],[-47.749254,-22.67884]],[[-47.843156,-22.680849],[-47.843079,-22.680641]],[[-47.816655,-22.681267],[-47.816731,-22.68086]],[[-48.048166,-22.676989],[-48.047902,-22.676777]],[[-47.580412,-22.685014],[-47.581213,-22.687362],[-47.567878,-22.685044]],[[-47.84282,-22.680551],[-47.841279,-22.680239],[-47.842418,-22.680501]],[[-47.93277,-22.678899],[-47.932772,-22.67891]],[[-47.93277,-22.678899],[-47.932129,-22.678614],[-47.93277,-22.678899]],[[-47.824865,-22.680831],[-47.826017,-22.68134]],[[-47.818568,-22.680937],[-47.815142,-22.680254],[-47.813188,-22.678834]],[[-47.580537,-22.684951],[-47.580564,-22.684924]],[[-48.047874,-22.676725],[-48.047763,-22.67654]],[[-47.566104,-22.685178],[-47.566104,-22.685178]],[[-47.742519,-22.682235],[-47.742505,-22.682121]],[[-47.742519,-22.682235],[-47.741279,-22.681467]],[[-47.580506,-22.684923],[-47.58053,-22.684893]],[[-47.580676,-22.684847],[-47.580192,-22.682242],[-47.57729,-22.681231],[-47.57677,-22.678509],[-47.574382,-22.680189],[-47.573544,-22.679573]],[[-47.567878,-22.685044],[-47.56782,-22.685065]],[[-47.59638,-22.684555],[-47.596309,-22.684663]],[[-47.816805,-22.680807],[-47.816805,-22.680807]],[[-47.816834,-22.680792],[-47.816852,-22.680731]],[[-47.931961,-22.678708],[-47.930352,-22.679679],[-47.931086,-22.678305],[-47.930411,-22.677311]],[[-48.093202,-22.675667],[-48.095283,-22.677785],[-48.094573,-22.680296],[-48.095576,-22.68393]],[[-47.811347,-22.680827],[-47.812237,-22.685671]],[[-47.932093,-22.678659],[-47.930433,-22.677291]],[[-47.826515,-22.680506],[-47.82757,-22.678168],[-47.827221,-22.675798]],[[-48.047721,-22.676439],[-48.047586,-22.675544]],[[-47.841268,-22.680236],[-47.841096,-22.680168]],[[-47.5988,-22.684346],[-47.597511,-22.686495]],[[-47.595888,-22.684361],[-47.595266,-22.686307],[-47.595941,-22.687049]],[[-47.689739,-22.682802],[-47.689236,-22.688556],[-47.702458,-22.689514],[-47.7075,-22.694393],[-47.708455,-22.698691],[-47.707095,-22.705295],[-47.709159,-22.707455],[-47.712187,-22.705591],[-47.710728,-22.70201],[-47.711265,-22.699781],[-47.717605,-22.695991],[-47.72161,-22.690573],[-47.726863,-22.687831],[-47.730526,-22.687658],[-47.729302,-22.685933]],[[-47.829313,-22.680386],[-47.829313,-22.680384]],[[-47.829313,-22.680386],[-47.827565,-22.677759]],[[-47.836015,-22.680265],[-47.836027,-22.680263]],[[-47.836015,-22.680265],[-47.836446,-22.680037]],[[-47.841096,-22.680168],[-47.841099,-22.680167]],[[-47.841096,-22.680168],[-47.841096,-22.680168]],[[-47.81495,-22.680612],[-47.81495,-22.680612]],[[-47.863449,-22.67975],[-47.861757,-22.678237],[-47.860502,-22.678341]],[[-47.981677,-22.677569],[-47.980979,-22.673784]],[[-47.840927,-22.680098],[-47.840896,-22.680084]],[[-47.840896,-22.680084],[-47.840896,-22.680084]],[[-47.836657,-22.680105],[-47.836677,-22.680102]],[[-47.840814,-22.680026],[-47.840072,-22.678955],[-47.840819,-22.680031]],[[-47.836594,-22.680079],[-47.836594,-22.680079]],[[-47.836493,-22.680037],[-47.836594,-22.680079]],[[-47.836808,-22.680007],[-47.838329,-22.677334]],[[-47.8087,-22.680474],[-47.811487,-22.680734]],[[-47.808678,-22.680473],[-47.808678,-22.680473]],[[-47.862336,-22.679502],[-47.860502,-22.678341]],[[-47.998803,-22.676975],[-47.998719,-22.676611]],[[-47.653614,-22.683051],[-47.65767,-22.681751],[-47.655839,-22.684123]],[[-47.858238,-22.679518],[-47.858237,-22.679519]],[[-47.858238,-22.679518],[-47.854482,-22.682606]],[[-47.807741,-22.680412],[-47.807741,-22.680412]],[[-47.689643,-22.682435],[-47.690442,-22.679546]],[[-47.689664,-22.682431],[-47.690509,-22.679565]],[[-47.653504,-22.683032],[-47.649835,-22.682881],[-47.64943,-22.681251]],[[-47.832004,-22.679945],[-47.832466,-22.680618],[-47.836015,-22.680265]],[[-47.596693,-22.683903],[-47.596527,-22.684394]],[[-47.984263,-22.67713],[-47.982111,-22.677514]],[[-48.069626,-22.675405],[-48.070031,-22.673188]],[[-47.537491,-22.684671],[-47.536086,-22.683201]],[[-47.95475,-22.677389],[-47.956279,-22.673834],[-47.954981,-22.665954]],[[-47.998683,-22.676568],[-47.998246,-22.675943]],[[-48.047586,-22.675544],[-48.047713,-22.676115]],[[-48.047586,-22.675544],[-48.04759,-22.675524]],[[-48.04759,-22.675524],[-48.047586,-22.675544]],[[-48.04759,-22.675524],[-48.04759,-22.675524]],[[-48.050896,-22.6754],[-48.047784,-22.674205]],[[-48.04759,-22.675411],[-48.047456,-22.6725]],[[-47.759652,-22.680595],[-47.759652,-22.680595]],[[-47.854736,-22.678902],[-47.854625,-22.681763]],[[-47.997851,-22.676272],[-48.000031,-22.673708],[-48.000538,-22.671104]],[[-47.624406,-22.68274],[-47.622271,-22.683337]],[[-47.824946,-22.679319],[-47.827221,-22.675798]],[[-47.820432,-22.679383],[-47.819701,-22.67667]],[[-47.840064,-22.679012],[-47.84006,-22.67901]],[[-47.839908,-22.678997],[-47.839794,-22.676885],[-47.838863,-22.676513],[-47.83974,-22.676947],[-47.839908,-22.679002]],[[-47.828598,-22.679164],[-47.830492,-22.679032]],[[-47.930433,-22.677291],[-47.923051,-22.687516],[-47.91586,-22.69236],[-47.917626,-22.694262]],[[-47.930433,-22.677291],[-47.930432,-22.67729]],[[-47.583703,-22.683233],[-47.582606,-22.686047]],[[-47.655825,-22.682038],[-47.653208,-22.679507]],[[-47.561439,-22.683518],[-47.565373,-22.685851],[-47.567878,-22.685044]],[[-47.561439,-22.683518],[-47.561429,-22.683522]],[[-47.992894,-22.675969],[-47.995764,-22.6732],[-47.996281,-22.671134]],[[-47.625437,-22.682389],[-47.624584,-22.68271]],[[-47.860502,-22.678341],[-47.860485,-22.678335]],[[-47.860502,-22.678341],[-47.858238,-22.679518]],[[-47.675168,-22.681349],[-47.676683,-22.685113]],[[-47.675605,-22.681162],[-47.675601,-22.681215]],[[-47.812666,-22.678801],[-47.812666,-22.678801]],[[-47.675612,-22.68113],[-47.675712,-22.679264]],[[-47.675201,-22.681115],[-47.675162,-22.681269]],[[-47.626342,-22.681921],[-47.625695,-22.682249]],[[-47.8326,-22.678399],[-47.834469,-22.67683],[-47.836654,-22.676603],[-47.836788,-22.67549]],[[-47.56242,-22.682949],[-47.561681,-22.683405]],[[-47.958605,-22.676087],[-47.958605,-22.676087]],[[-47.646932,-22.681526],[-47.643882,-22.680846],[-47.642732,-22.678655],[-47.64431,-22.67881],[-47.644453,-22.679911],[-47.646932,-22.681526]],[[-47.647049,-22.681522],[-47.649409,-22.681355]],[[-47.552946,-22.683024],[-47.553004,-22.683043]],[[-47.552946,-22.683024],[-47.557824,-22.682669]],[[-47.75044,-22.679723],[-47.750008,-22.681716],[-47.75044,-22.679723]],[[-48.027084,-22.674688],[-48.026297,-22.672654]],[[-47.959115,-22.675943],[-47.959109,-22.675941]],[[-47.959115,-22.675943],[-47.959115,-22.675943]],[[-47.649426,-22.681365],[-47.649807,-22.682952],[-47.653512,-22.683057]],[[-47.959016,-22.675822],[-47.95976,-22.671482],[-47.960966,-22.669874],[-47.962795,-22.669332],[-47.962878,-22.667227]],[[-47.557826,-22.682674],[-47.557824,-22.682669]],[[-47.557824,-22.682669],[-47.561439,-22.683518]],[[-47.557824,-22.682669],[-47.558752,-22.679502]],[[-47.945806,-22.675995],[-47.945806,-22.675995]],[[-47.830838,-22.678069],[-47.828517,-22.675413],[-47.826621,-22.67498]],[[-47.844985,-22.677786],[-47.844859,-22.680637],[-47.842992,-22.680513]],[[-47.802331,-22.678531],[-47.80161,-22.671673]],[[-47.951497,-22.675738],[-47.949897,-22.674437]],[[-47.862431,-22.677275],[-47.860505,-22.678051]],[[-47.842793,-22.677574],[-47.839966,-22.677831]],[[-47.640631,-22.681015],[-47.638962,-22.681853]],[[-47.640631,-22.681015],[-47.640809,-22.680284],[-47.640527,-22.680968]],[[-47.640527,-22.680968],[-47.640631,-22.681015]],[[-47.640527,-22.680968],[-47.640536,-22.680965]],[[-47.619489,-22.68128],[-47.616094,-22.680417]],[[-47.758701,-22.6789],[-47.756403,-22.67586],[-47.758701,-22.6789]],[[-47.838298,-22.677466],[-47.838327,-22.677389]],[[-47.561866,-22.682092],[-47.561439,-22.683518]],[[-47.837505,-22.677409],[-47.837505,-22.677409]],[[-47.638635,-22.680786],[-47.640527,-22.680968]],[[-47.837724,-22.677319],[-47.837724,-22.677319]],[[-48.070101,-22.673029],[-48.071359,-22.670726],[-48.07591,-22.667011],[-48.079037,-22.661861],[-48.079138,-22.660102]],[[-48.069966,-22.673009],[-48.069966,-22.673009]],[[-47.749254,-22.67884],[-47.747647,-22.67787]],[[-47.857695,-22.676891],[-47.858238,-22.679518]],[[-47.727925,-22.679099],[-47.729523,-22.68143],[-47.729433,-22.685844]],[[-47.727947,-22.679079],[-47.729545,-22.681431],[-47.729481,-22.685896]],[[-47.573551,-22.681628],[-47.574197,-22.680176]],[[-47.81382,-22.67756],[-47.812507,-22.681326],[-47.81166,-22.680834]],[[-47.542302,-22.682075],[-47.54245,-22.680482]],[[-47.838117,-22.677098],[-47.838117,-22.677098]],[[-47.838028,-22.677025],[-47.836727,-22.675412],[-47.837254,-22.674874]],[[-47.690515,-22.679513],[-47.691337,-22.678294],[-47.689846,-22.676315]],[[-47.81391,-22.677381],[-47.81391,-22.677381]],[[-47.643474,-22.680254],[-47.641084,-22.680489]],[[-48.014386,-22.673631],[-48.01023,-22.672144]],[[-47.72255,-22.678751],[-47.719955,-22.680442]],[[-48.028799,-22.67324],[-48.02871,-22.670235]],[[-47.776571,-22.677805],[-47.777438,-22.680898],[-47.776571,-22.677805]],[[-48.021291,-22.673366],[-48.019489,-22.670019]],[[-47.83247,-22.676818],[-47.834145,-22.677144]],[[-47.743499,-22.678318],[-47.74444,-22.678473]],[[-47.609238,-22.680538],[-47.604181,-22.679097]],[[-47.824836,-22.676832],[-47.827165,-22.675597]],[[-47.861222,-22.676138],[-47.860403,-22.678349]],[[-47.757588,-22.677949],[-47.757588,-22.677949]],[[-47.838831,-22.676522],[-47.836689,-22.673348],[-47.837692,-22.671006],[-47.83664,-22.673365],[-47.83883,-22.676525]],[[-47.675201,-22.67933],[-47.675214,-22.681084]],[[-47.949608,-22.674421],[-47.949098,-22.671012]],[[-48.04434,-22.672629],[-48.046478,-22.671662]],[[-47.980979,-22.673784],[-47.980963,-22.673778]],[[-47.980979,-22.673784],[-47.981096,-22.673193],[-47.980979,-22.673784]],[[-47.949753,-22.674339],[-47.949753,-22.674339]],[[-48.047456,-22.6725],[-48.047452,-22.6725]],[[-48.047456,-22.6725],[-48.046201,-22.664981],[-48.049311,-22.664105],[-48.050949,-22.661643],[-48.056016,-22.659078],[-48.058213,-22.653186]],[[-48.047456,-22.6725],[-48.046305,-22.671369],[-48.044554,-22.6648],[-48.042072,-22.664589]],[[-47.819701,-22.67667],[-47.819695,-22.676668]],[[-47.819701,-22.67667],[-47.819376,-22.675795]],[[-47.747647,-22.67787],[-47.745372,-22.678586]],[[-47.747647,-22.67787],[-47.746451,-22.677214]],[[-47.751107,-22.677792],[-47.74929,-22.68139],[-47.754158,-22.687352],[-47.75646,-22.694315],[-47.756088,-22.697975]],[[-47.723789,-22.678245],[-47.72263,-22.678729]],[[-47.723789,-22.678245],[-47.725422,-22.67853],[-47.726749,-22.677327],[-47.727866,-22.678873]],[[-47.820977,-22.676527],[-47.819701,-22.67667]],[[-47.653037,-22.679382],[-47.65061,-22.677461]],[[-47.632923,-22.679477],[-47.633136,-22.688227]],[[-47.632887,-22.679442],[-47.632918,-22.679462]],[[-47.632887,-22.679442],[-47.632913,-22.679464]],[[-47.614268,-22.679646],[-47.615994,-22.680412]],[[-47.813627,-22.676265],[-47.813602,-22.677383]],[[-47.750304,-22.677358],[-47.749254,-22.67884]],[[-47.612515,-22.679638],[-47.60931,-22.680563]],[[-47.981104,-22.673195],[-47.981116,-22.672641]],[[-47.612556,-22.679627],[-47.614268,-22.679646]],[[-48.026176,-22.672249],[-48.026253,-22.671529]],[[-47.587382,-22.679924],[-47.585728,-22.682395],[-47.583903,-22.683158]],[[-47.722956,-22.677616],[-47.723789,-22.678245]],[[-47.722998,-22.677608],[-47.725369,-22.678527],[-47.726751,-22.677307],[-47.727882,-22.678852]],[[-47.827221,-22.675798],[-47.827222,-22.675797]],[[-47.827221,-22.675798],[-47.827165,-22.675597]],[[-47.828779,-22.675698],[-47.831123,-22.675441]],[[-47.632595,-22.679017],[-47.632887,-22.679442]],[[-47.632595,-22.679017],[-47.632586,-22.678984]],[[-47.632595,-22.679013],[-47.632595,-22.679017]],[[-47.632586,-22.678984],[-47.632231,-22.678889]],[[-47.632586,-22.678984],[-47.631443,-22.675874]],[[-47.814478,-22.675859],[-47.814478,-22.675859]],[[-47.542451,-22.680383],[-47.542713,-22.679933]],[[-47.827165,-22.675597],[-47.827168,-22.675595]],[[-47.827165,-22.675597],[-47.826353,-22.674438]],[[-47.819378,-22.675731],[-47.819629,-22.675053]],[[-47.632077,-22.678894],[-47.629802,-22.678894]],[[-47.642674,-22.678689],[-47.642501,-22.677095],[-47.643602,-22.676367],[-47.640267,-22.672306],[-47.638929,-22.668329],[-47.636158,-22.665669]],[[-47.814153,-22.675716],[-47.814153,-22.675716]],[[-47.861874,-22.674847],[-47.860974,-22.673322],[-47.857809,-22.671646]],[[-47.841994,-22.675153],[-47.839801,-22.676884]],[[-47.814623,-22.675632],[-47.815525,-22.676559],[-47.814623,-22.675632]],[[-47.726424,-22.677144],[-47.726535,-22.677308]],[[-47.741745,-22.676849],[-47.742433,-22.676805]],[[-47.722889,-22.677162],[-47.722576,-22.675623],[-47.721226,-22.675559],[-47.719888,-22.673146]],[[-47.573494,-22.679629],[-47.574407,-22.680217],[-47.576785,-22.678649],[-47.577252,-22.681244],[-47.580169,-22.682257],[-47.580619,-22.684796]],[[-47.573554,-22.679573],[-47.571907,-22.678996]],[[-47.742506,-22.676752],[-47.74476,-22.676282]],[[-48.024939,-22.671661],[-48.02416,-22.668741]],[[-47.742476,-22.676741],[-47.742476,-22.676741]],[[-47.981019,-22.672423],[-47.98098,-22.672391]],[[-47.745035,-22.676526],[-47.74625,-22.676992]],[[-47.570438,-22.6794],[-47.571907,-22.678996]],[[-47.753026,-22.676308],[-47.753026,-22.676308]],[[-47.821875,-22.675086],[-47.822824,-22.67649],[-47.822795,-22.679905]],[[-47.981124,-22.672152],[-47.982088,-22.669922],[-47.981477,-22.668383]],[[-47.937601,-22.672876],[-47.937656,-22.674876],[-47.938241,-22.674052],[-47.937601,-22.672876]],[[-47.736748,-22.676405],[-47.736751,-22.676405]],[[-47.736748,-22.676405],[-47.736748,-22.676405]],[[-47.668279,-22.677546],[-47.668785,-22.676569],[-47.671394,-22.678877],[-47.675623,-22.672488],[-47.678872,-22.671723],[-47.680713,-22.675229],[-47.675299,-22.676968],[-47.675224,-22.679197]],[[-47.668269,-22.67754],[-47.668761,-22.676548],[-47.667531,-22.673893]],[[-47.542408,-22.679559],[-47.542983,-22.679844],[-47.543588,-22.678377],[-47.542408,-22.679559]],[[-47.819898,-22.674837],[-47.819897,-22.674839]],[[-47.819898,-22.674837],[-47.819898,-22.674837]],[[-47.571907,-22.678996],[-47.571913,-22.678995]],[[-47.571907,-22.678996],[-47.572631,-22.677655],[-47.570513,-22.677297],[-47.570077,-22.672605]],[[-47.744777,-22.676119],[-47.744777,-22.676119]],[[-48.026164,-22.670999],[-48.024798,-22.668818],[-48.023447,-22.668346]],[[-47.554445,-22.679184],[-47.552264,-22.68239]],[[-47.831839,-22.674351],[-47.831674,-22.673711]],[[-47.836842,-22.674244],[-47.833006,-22.675034]],[[-47.826403,-22.674312],[-47.825751,-22.672101]],[[-47.775619,-22.675191],[-47.775749,-22.67752],[-47.775619,-22.675191]],[[-47.857557,-22.673707],[-47.857909,-22.671949]],[[-47.735871,-22.675816],[-47.736748,-22.676405]],[[-47.996195,-22.671051],[-47.996195,-22.670713]],[[-47.817176,-22.674184],[-47.817708,-22.674657],[-47.817176,-22.674184]],[[-47.689814,-22.676327],[-47.691313,-22.678346],[-47.690439,-22.679493]],[[-47.73425,-22.675564],[-47.734743,-22.674854],[-47.735685,-22.675489]],[[-47.820158,-22.673998],[-47.819898,-22.674837]],[[-47.820158,-22.673998],[-47.813561,-22.672197],[-47.812789,-22.673023],[-47.813673,-22.676274]],[[-47.820158,-22.673997],[-47.820158,-22.673998]],[[-47.821997,-22.673955],[-47.821892,-22.674963]],[[-47.821997,-22.673955],[-47.820158,-22.673998]],[[-47.822017,-22.673946],[-47.821997,-22.673955]],[[-47.822017,-22.673946],[-47.821997,-22.673955]],[[-47.689758,-22.67621],[-47.68956,-22.674093]],[[-47.822056,-22.673931],[-47.822017,-22.673946]],[[-48.028756,-22.670148],[-48.029353,-22.668835]],[[-48.009942,-22.670462],[-48.010001,-22.669917]],[[-47.996195,-22.670713],[-47.996195,-22.670714]],[[-47.996195,-22.670713],[-47.996164,-22.670752]],[[-47.996216,-22.670676],[-47.996224,-22.670659]],[[-47.831612,-22.673642],[-47.830909,-22.671419]],[[-47.815756,-22.673911],[-47.816769,-22.674167],[-47.815756,-22.673911]],[[-48.00755,-22.670295],[-48.00755,-22.670295]],[[-47.543482,-22.678334],[-47.543922,-22.677375],[-47.543085,-22.676538]],[[-48.019489,-22.670019],[-48.019492,-22.670014]],[[-48.019489,-22.670019],[-48.013131,-22.669677],[-48.016635,-22.667158],[-48.01863,-22.664127],[-48.016249,-22.662778],[-48.015227,-22.664861],[-48.011918,-22.663108],[-48.013999,-22.662183]],[[-48.090543,-22.668643],[-48.092935,-22.672535],[-48.093105,-22.675557]],[[-48.031606,-22.66968],[-48.02944,-22.668773]],[[-47.709139,-22.675454],[-47.717239,-22.67388]],[[-47.735,-22.674921],[-47.736114,-22.674088]],[[-47.740052,-22.674695],[-47.740025,-22.674801]],[[-48.009007,-22.669769],[-48.009007,-22.669769]],[[-47.948861,-22.670832],[-47.948861,-22.670832]],[[-47.825509,-22.673049],[-47.825509,-22.673049]],[[-47.948983,-22.670795],[-47.950103,-22.667004],[-47.953588,-22.665821]],[[-47.568859,-22.677306],[-47.570287,-22.676698]],[[-47.951827,-22.670645],[-47.951625,-22.672039],[-47.952957,-22.672395],[-47.953344,-22.67088],[-47.951827,-22.670645]],[[-47.668375,-22.675609],[-47.668375,-22.675609]],[[-47.832565,-22.672776],[-47.831747,-22.672439]],[[-47.619197,-22.676253],[-47.617971,-22.677898]],[[-47.772113,-22.673667],[-47.772113,-22.673667]],[[-48.002709,-22.669476],[-48.002709,-22.669476]],[[-47.830995,-22.672559],[-47.830909,-22.671419]],[[-48.000841,-22.669437],[-47.998141,-22.668496],[-48.000841,-22.669437]],[[-48.001646,-22.669408],[-48.001646,-22.669408]],[[-48.029353,-22.668835],[-48.029352,-22.668835]],[[-48.029353,-22.668835],[-48.029353,-22.668835]],[[-48.007607,-22.669148],[-48.006568,-22.67011],[-48.007607,-22.669148]],[[-47.752189,-22.673679],[-47.752531,-22.674489],[-47.750366,-22.677281]],[[-47.771145,-22.673278],[-47.771177,-22.673307]],[[-47.728231,-22.673993],[-47.72645,-22.676648]],[[-48.002589,-22.669073],[-48.002589,-22.669073]],[[-47.771247,-22.673239],[-47.771216,-22.673208]],[[-47.614349,-22.675866],[-47.613634,-22.677071],[-47.614349,-22.675866]],[[-47.771086,-22.67322],[-47.769888,-22.670669],[-47.770899,-22.669249]],[[-48.090558,-22.667361],[-48.090127,-22.664645],[-48.090931,-22.662434],[-48.093905,-22.662966],[-48.093288,-22.661316],[-48.096333,-22.658023],[-48.094541,-22.651158],[-48.089957,-22.647307]],[[-48.090558,-22.667361],[-48.091186,-22.668494],[-48.089704,-22.668888],[-48.089667,-22.667582],[-48.090468,-22.668181],[-48.090483,-22.667363]],[[-48.090483,-22.667363],[-48.090558,-22.667361]],[[-48.090483,-22.667363],[-48.090558,-22.667361]],[[-48.090483,-22.667363],[-48.088833,-22.667206],[-48.08894,-22.663681],[-48.087352,-22.661206],[-48.081449,-22.658763],[-48.080149,-22.659385]],[[-47.771134,-22.673174],[-47.769963,-22.670704],[-47.770903,-22.669269]],[[-47.857809,-22.671646],[-47.857811,-22.671646]],[[-47.857809,-22.671646],[-47.857809,-22.671646]],[[-47.72829,-22.673896],[-47.728289,-22.673897]],[[-47.72829,-22.673896],[-47.72829,-22.673896]],[[-48.041435,-22.668226],[-48.042072,-22.664589]],[[-47.83278,-22.672014],[-47.831692,-22.672193]],[[-47.550127,-22.676749],[-47.550666,-22.680189],[-47.552946,-22.683024]],[[-47.857777,-22.67153],[-47.857103,-22.669606]],[[-47.993557,-22.668968],[-47.992878,-22.669329],[-47.993557,-22.668968]],[[-47.751958,-22.673272],[-47.750974,-22.671573]],[[-47.751968,-22.673271],[-47.750974,-22.671573]],[[-47.811662,-22.672233],[-47.811662,-22.672233]],[[-47.996395,-22.668857],[-47.996195,-22.670713]],[[-47.996395,-22.668857],[-47.994103,-22.669889],[-47.991984,-22.668793],[-47.98763,-22.66862],[-47.987514,-22.666818],[-47.98555,-22.663974],[-47.983276,-22.66643],[-47.981053,-22.667036],[-47.980319,-22.666156],[-47.981733,-22.664554],[-47.982555,-22.665034],[-47.984562,-22.663396],[-47.985632,-22.663862],[-47.984849,-22.663394],[-47.98584,-22.663241],[-47.986002,-22.659628],[-47.988442,-22.657898],[-47.991977,-22.658658],[-47.990616,-22.660204],[-47.992618,-22.658737],[-47.993061,-22.659761],[-47.995751,-22.660386],[-47.996337,-22.663427]],[[-47.996394,-22.668856],[-47.996395,-22.668857]],[[-47.717306,-22.67379],[-47.717631,-22.67364]],[[-48.009482,-22.668518],[-48.009007,-22.666538],[-48.005322,-22.666949],[-48.008999,-22.666864],[-48.009482,-22.668518]],[[-47.993897,-22.668754],[-47.993897,-22.668754]],[[-47.794627,-22.672357],[-47.796367,-22.672212],[-47.794627,-22.672357]],[[-47.599186,-22.675646],[-47.604046,-22.679022]],[[-47.543059,-22.676513],[-47.538346,-22.671991]],[[-47.717633,-22.673641],[-47.717631,-22.67364]],[[-47.717631,-22.67364],[-47.717631,-22.673639]],[[-47.717631,-22.67364],[-47.718212,-22.672974]],[[-47.642972,-22.674887],[-47.642608,-22.675376]],[[-48.028909,-22.668026],[-48.029346,-22.668787]],[[-47.689605,-22.674083],[-47.689785,-22.676199]],[[-48.028568,-22.667992],[-48.028571,-22.66799]],[[-48.028568,-22.667992],[-48.028568,-22.667992]],[[-47.729533,-22.673252],[-47.72829,-22.673896]],[[-47.810158,-22.671818],[-47.809355,-22.672013],[-47.810158,-22.671818]],[[-47.830909,-22.671419],[-47.830911,-22.67141]],[[-47.830909,-22.671419],[-47.831196,-22.669432]],[[-47.689499,-22.673823],[-47.689275,-22.672621]],[[-47.860295,-22.670854],[-47.858288,-22.670522]],[[-47.79026,-22.672083],[-47.791803,-22.6719],[-47.79026,-22.672083]],[[-47.735128,-22.672964],[-47.734702,-22.674951]],[[-47.719865,-22.673151],[-47.721251,-22.675599],[-47.722533,-22.675626],[-47.72287,-22.677168]],[[-48.039434,-22.667351],[-48.03882,-22.665011]],[[-47.80161,-22.671673],[-47.80161,-22.671672]],[[-47.80161,-22.671673],[-47.778129,-22.67089],[-47.776411,-22.67229],[-47.775018,-22.676442],[-47.77652,-22.682248]],[[-47.981399,-22.668355],[-47.980646,-22.667807]],[[-47.667548,-22.67388],[-47.667539,-22.673876]],[[-47.667548,-22.67388],[-47.661524,-22.672902],[-47.659578,-22.671538]],[[-47.667548,-22.67388],[-47.668316,-22.671441],[-47.670105,-22.670367],[-47.669293,-22.669343],[-47.662614,-22.667756],[-47.659844,-22.665804]],[[-47.994319,-22.668088],[-47.994779,-22.668717],[-47.994319,-22.668088]],[[-47.729837,-22.672813],[-47.729837,-22.67282]],[[-47.729837,-22.672813],[-47.729851,-22.673705],[-47.733608,-22.675166]],[[-47.858235,-22.670537],[-47.857103,-22.669606]],[[-47.718212,-22.672974],[-47.719876,-22.673169]],[[-47.718212,-22.672974],[-47.716575,-22.671767],[-47.716794,-22.670098],[-47.715213,-22.66885],[-47.716649,-22.66601]],[[-48.011986,-22.667686],[-48.01081,-22.668008],[-48.012181,-22.668285],[-48.011106,-22.669331],[-48.01143,-22.66506],[-48.011021,-22.666143],[-48.008769,-22.66433],[-48.008705,-22.665045],[-48.007777,-22.664343],[-48.00554,-22.665441],[-48.002626,-22.664279],[-48.003833,-22.664927],[-48.002683,-22.663826],[-48.003641,-22.664493],[-48.003213,-22.663714],[-48.005064,-22.663157],[-48.006559,-22.664304],[-48.006016,-22.663114],[-48.008107,-22.661882],[-48.009806,-22.661675],[-48.010092,-22.662491],[-48.009555,-22.66091],[-48.00844,-22.660693],[-48.005845,-22.662843],[-48.001376,-22.66416],[-48.001747,-22.665266],[-48.003984,-22.6661],[-48.009548,-22.666026],[-48.010954,-22.669649],[-48.014461,-22.666274],[-48.010771,-22.662982],[-48.01065,-22.664155],[-48.013715,-22.665832],[-48.013784,-22.667086],[-48.012179,-22.667752],[-48.012204,-22.66696],[-48.011986,-22.667686]],[[-48.027798,-22.667342],[-48.028568,-22.667992]],[[-47.63201,-22.674337],[-47.632007,-22.674458]],[[-48.008185,-22.667626],[-48.008889,-22.668043],[-48.008185,-22.667626]],[[-48.027635,-22.667257],[-48.027615,-22.667249]],[[-48.027615,-22.667249],[-48.019489,-22.670019]],[[-48.027615,-22.667249],[-48.027614,-22.667248]],[[-47.994217,-22.667805],[-47.994217,-22.667805]],[[-47.840936,-22.670496],[-47.837637,-22.671242]],[[-47.787825,-22.671423],[-47.786248,-22.67194],[-47.787416,-22.673774]],[[-47.994755,-22.667666],[-47.994755,-22.667666]],[[-47.864545,-22.67001],[-47.863288,-22.669006]],[[-47.980646,-22.667807],[-47.980842,-22.667935]],[[-47.980646,-22.667807],[-47.979476,-22.666545],[-47.981247,-22.665065],[-47.981779,-22.662833]],[[-47.980656,-22.667807],[-47.980646,-22.667807]],[[-47.993695,-22.667352],[-47.993602,-22.668364],[-47.993695,-22.667352]],[[-47.994466,-22.667264],[-47.994466,-22.667264]],[[-47.68931,-22.672608],[-47.689529,-22.673816]],[[-47.750955,-22.671556],[-47.750974,-22.671573]],[[-47.645729,-22.673327],[-47.64304,-22.674748]],[[-48.005262,-22.666937],[-48.004795,-22.667526],[-48.003635,-22.666882],[-48.00383,-22.66811],[-48.002549,-22.669018],[-48.003593,-22.667888],[-48.002907,-22.666522],[-48.005262,-22.666937]],[[-47.689264,-22.672546],[-47.689392,-22.671101]],[[-47.712807,-22.672144],[-47.715706,-22.67207]],[[-47.857103,-22.669606],[-47.857103,-22.669617]],[[-48.00721,-22.666816],[-48.006987,-22.667778],[-48.00721,-22.666816]],[[-47.857016,-22.66956],[-47.853056,-22.666977]],[[-47.750763,-22.671421],[-47.747801,-22.670986]],[[-47.994735,-22.667038],[-47.994735,-22.667038]],[[-47.80888,-22.670357],[-47.808859,-22.670355]],[[-47.808859,-22.670355],[-47.813375,-22.672105],[-47.812601,-22.672958],[-47.813634,-22.67623]],[[-47.808859,-22.670355],[-47.80161,-22.671673]],[[-47.996974,-22.666896],[-47.996099,-22.667832],[-47.996974,-22.666896]],[[-47.742695,-22.671324],[-47.740246,-22.674489]],[[-47.995323,-22.666757],[-47.994943,-22.667725],[-47.995323,-22.666757]],[[-47.993937,-22.666757],[-47.993937,-22.666757]],[[-47.74335,-22.671209],[-47.738742,-22.670823]],[[-47.74507,-22.671144],[-47.742682,-22.674349]],[[-47.802196,-22.670153],[-47.800578,-22.670376],[-47.802196,-22.670153]],[[-47.745071,-22.671142],[-47.747678,-22.670815]],[[-47.74504,-22.671137],[-47.743491,-22.671189]],[[-47.737723,-22.671208],[-47.738473,-22.671156]],[[-48.019199,-22.665994],[-48.017932,-22.668051],[-48.019199,-22.665994]],[[-47.727739,-22.671219],[-47.729837,-22.672813]],[[-47.979509,-22.666688],[-47.97734,-22.667681],[-47.97416,-22.671958],[-47.972996,-22.675548],[-47.970908,-22.678163],[-47.969123,-22.684058]],[[-47.864079,-22.668765],[-47.861848,-22.668592],[-47.858327,-22.665422]],[[-47.736503,-22.67094],[-47.736503,-22.67094]],[[-47.738742,-22.670823],[-47.738742,-22.670823]],[[-47.738742,-22.670823],[-47.738741,-22.670821]],[[-47.782438,-22.670031],[-47.77748,-22.670311],[-47.774426,-22.674752],[-47.771355,-22.673316]],[[-47.782438,-22.670031],[-47.78152,-22.668731]],[[-48.029852,-22.665497],[-48.029852,-22.665497]],[[-47.995265,-22.666032],[-47.996542,-22.665934],[-47.995265,-22.666032]],[[-47.863977,-22.668409],[-47.863977,-22.668409]],[[-48.045756,-22.665021],[-48.044931,-22.665013],[-48.045083,-22.666632],[-48.045756,-22.665021]],[[-47.750918,-22.670355],[-47.754647,-22.668341],[-47.755571,-22.664406]],[[-47.863652,-22.668292],[-47.863652,-22.668292]],[[-47.75088,-22.670257],[-47.750872,-22.671443]],[[-47.750858,-22.670255],[-47.749093,-22.668451]],[[-47.750883,-22.670251],[-47.750879,-22.671437]],[[-48.03882,-22.665011],[-48.038818,-22.665001]],[[-48.03882,-22.665011],[-48.030848,-22.665207],[-48.027615,-22.667249]],[[-48.028069,-22.665195],[-48.028069,-22.665195]],[[-47.689425,-22.67114],[-47.689283,-22.672538]],[[-48.030222,-22.665047],[-48.030222,-22.665047]],[[-47.863286,-22.6681],[-47.863286,-22.6681]],[[-47.963366,-22.666251],[-47.963597,-22.666052]],[[-47.659497,-22.671493],[-47.657215,-22.670486]],[[-47.586567,-22.672661],[-47.583825,-22.668645],[-47.576258,-22.668801],[-47.574084,-22.669765],[-47.571374,-22.669168]],[[-47.731861,-22.670242],[-47.733932,-22.669899]],[[-48.042072,-22.664589],[-48.042072,-22.664588]],[[-48.042072,-22.664589],[-48.03882,-22.665011]],[[-48.031207,-22.664731],[-48.031207,-22.664731]],[[-48.011169,-22.665087],[-48.011169,-22.665087]],[[-48.031874,-22.664602],[-48.031874,-22.664602]],[[-47.570077,-22.672605],[-47.570257,-22.67272]],[[-47.570077,-22.672605],[-47.569906,-22.6724]],[[-47.72281,-22.670072],[-47.720878,-22.667692]],[[-47.852691,-22.667702],[-47.852691,-22.667702]],[[-48.034693,-22.664336],[-48.031948,-22.664565],[-48.034693,-22.664336]],[[-47.861322,-22.667477],[-47.861322,-22.667477]],[[-47.569906,-22.6724],[-47.569914,-22.672398]],[[-47.569906,-22.6724],[-47.569906,-22.6724]],[[-47.85237,-22.667522],[-47.85237,-22.667522]],[[-47.861058,-22.667318],[-47.861058,-22.667318]],[[-48.063332,-22.663554],[-48.063332,-22.663554]],[[-48.011022,-22.664491],[-48.011022,-22.664491]],[[-47.570053,-22.672131],[-47.57011,-22.672004]],[[-47.863651,-22.66712],[-47.863651,-22.66712]],[[-47.863783,-22.667106],[-47.863783,-22.667106]],[[-47.57011,-22.672004],[-47.570106,-22.672004]],[[-47.57011,-22.672004],[-47.570112,-22.672003]],[[-47.570098,-22.671996],[-47.570753,-22.671393],[-47.569701,-22.671319],[-47.56897,-22.669628],[-47.570513,-22.669395],[-47.569294,-22.66789],[-47.569293,-22.668565],[-47.562787,-22.668193]],[[-47.864038,-22.666991],[-47.864038,-22.666991]],[[-48.045257,-22.663616],[-48.043302,-22.663834],[-48.044966,-22.663294],[-48.043591,-22.662187],[-48.042548,-22.663655],[-48.046259,-22.664516],[-48.045257,-22.663616]],[[-48.010743,-22.664215],[-48.009233,-22.664231],[-48.010312,-22.664915],[-48.010743,-22.664215]],[[-47.708431,-22.669509],[-47.708431,-22.669509]],[[-47.853056,-22.666977],[-47.853057,-22.666978]],[[-47.853056,-22.666977],[-47.853056,-22.666977]],[[-47.852967,-22.6669],[-47.852778,-22.666702]],[[-47.864289,-22.666697],[-47.864289,-22.666697]],[[-47.963521,-22.664849],[-47.963521,-22.664849]],[[-48.022207,-22.663668],[-48.022321,-22.664614],[-48.022207,-22.663668]],[[-47.996443,-22.664099],[-47.995759,-22.664755],[-47.996695,-22.66447],[-47.996239,-22.665198],[-47.997214,-22.666013],[-47.995553,-22.66666],[-47.997103,-22.666806],[-47.997439,-22.665392],[-47.996443,-22.664099]],[[-48.046903,-22.6631],[-48.045399,-22.6636],[-48.048534,-22.662442],[-48.046903,-22.6631]],[[-47.852723,-22.66665],[-47.852655,-22.664657]],[[-47.723846,-22.668878],[-47.721536,-22.667579]],[[-47.754663,-22.668339],[-47.757118,-22.66831]],[[-48.065495,-22.662673],[-48.065495,-22.662673]],[[-47.853184,-22.666593],[-47.853184,-22.666593]],[[-47.690806,-22.6693],[-47.689939,-22.669928]],[[-47.853051,-22.66648],[-47.853051,-22.66648]],[[-47.728494,-22.66859],[-47.730668,-22.671569]],[[-47.749013,-22.668228],[-47.74901,-22.668219]],[[-48.037429,-22.663002],[-48.038605,-22.663025],[-48.037305,-22.662068],[-48.037429,-22.663002]],[[-47.531623,-22.671776],[-47.529533,-22.670351],[-47.524518,-22.670848]],[[-47.771742,-22.667681],[-47.771861,-22.667572]],[[-47.596745,-22.67059],[-47.598716,-22.674896]],[[-47.596745,-22.67059],[-47.595078,-22.668246]],[[-47.771402,-22.667602],[-47.770465,-22.66591],[-47.771708,-22.665196],[-47.770686,-22.664042],[-47.771481,-22.662949],[-47.770724,-22.661928],[-47.771592,-22.661376],[-47.771976,-22.662142],[-47.77149,-22.661509],[-47.771099,-22.662428],[-47.771861,-22.663917],[-47.770911,-22.664107],[-47.771802,-22.665196],[-47.770516,-22.665904],[-47.771421,-22.667578]],[[-47.748916,-22.667982],[-47.746917,-22.667508]],[[-47.771861,-22.667572],[-47.77175,-22.667689]],[[-47.771861,-22.667572],[-47.772598,-22.667003]],[[-47.962598,-22.664095],[-47.963123,-22.667328],[-47.962598,-22.664095]],[[-47.996343,-22.663462],[-47.996337,-22.663427]],[[-48.040709,-22.662591],[-48.038473,-22.663205],[-48.040437,-22.6634],[-48.041253,-22.662892],[-48.040709,-22.662591]],[[-47.996337,-22.663427],[-47.997136,-22.660926],[-47.994106,-22.658893],[-47.9921,-22.655474],[-47.990415,-22.654769],[-47.985602,-22.655441],[-47.984725,-22.661465],[-47.981779,-22.662833]],[[-47.73199,-22.668118],[-47.73173,-22.670945],[-47.729837,-22.672813]],[[-48.077512,-22.661835],[-48.080149,-22.659385]],[[-47.963195,-22.663988],[-47.963195,-22.663988]],[[-48.087836,-22.661629],[-48.088441,-22.66193],[-48.087836,-22.661629]],[[-48.039321,-22.662551],[-48.039321,-22.662551]],[[-47.693355,-22.668715],[-47.692819,-22.668574]],[[-47.693845,-22.668703],[-47.693443,-22.668699]],[[-48.039541,-22.66249],[-48.039541,-22.66249]],[[-47.96349,-22.663814],[-47.963604,-22.666055],[-47.96349,-22.663814]],[[-47.692133,-22.668532],[-47.691451,-22.66892]],[[-47.689765,-22.668553],[-47.689505,-22.671037]],[[-47.692545,-22.668504],[-47.692218,-22.668512]],[[-47.689662,-22.668549],[-47.689488,-22.671018]],[[-47.668902,-22.668889],[-47.668803,-22.669083]],[[-47.668902,-22.668889],[-47.669665,-22.667535],[-47.667064,-22.664029]],[[-48.087863,-22.661342],[-48.087863,-22.661342]],[[-48.041893,-22.662221],[-48.041893,-22.662221]],[[-47.746917,-22.667508],[-47.74692,-22.667508]],[[-47.746917,-22.667508],[-47.746917,-22.667508]],[[-47.689741,-22.668423],[-47.690607,-22.666908],[-47.692027,-22.666935],[-47.69308,-22.665745]],[[-47.746839,-22.667406],[-47.745333,-22.666127]],[[-48.087668,-22.661186],[-48.087668,-22.661186]],[[-47.772735,-22.666914],[-47.774098,-22.665943]],[[-47.524468,-22.67099],[-47.522449,-22.674397],[-47.521677,-22.679741],[-47.523352,-22.684996],[-47.52507,-22.687352],[-47.527011,-22.688149],[-47.53294,-22.687725]],[[-47.858321,-22.665347],[-47.858059,-22.665221]],[[-48.043189,-22.661891],[-48.044163,-22.660844],[-48.041729,-22.662636],[-48.042613,-22.662378],[-48.042641,-22.663141],[-48.043189,-22.661891]],[[-48.037755,-22.661991],[-48.038696,-22.662572],[-48.037755,-22.661991]],[[-48.021024,-22.662271],[-48.019452,-22.665854],[-48.018833,-22.664391],[-48.019705,-22.663874],[-48.01751,-22.662843],[-48.021024,-22.662271]],[[-47.524518,-22.670848],[-47.524473,-22.670857]],[[-47.524518,-22.670848],[-47.524508,-22.670854]],[[-47.858059,-22.665221],[-47.858052,-22.66522]],[[-47.858059,-22.665221],[-47.858059,-22.665221]],[[-48.038198,-22.661877],[-48.038198,-22.661877]],[[-48.038198,-22.661877],[-48.037179,-22.660655],[-48.038198,-22.661877]],[[-47.858,-22.665152],[-47.857277,-22.664629]],[[-47.981779,-22.662833],[-47.978928,-22.665697],[-47.974426,-22.667207],[-47.970264,-22.667196],[-47.963556,-22.662692],[-47.95983,-22.665384],[-47.960428,-22.665571],[-47.954536,-22.66607],[-47.948603,-22.663788],[-47.943349,-22.663182],[-47.94095,-22.658421],[-47.934489,-22.662014],[-47.935333,-22.662951],[-47.934895,-22.662091],[-47.93848,-22.660462],[-47.939683,-22.660804],[-47.939962,-22.659634],[-47.941097,-22.661004],[-47.940109,-22.65993],[-47.940217,-22.660945],[-47.941613,-22.661576],[-47.941146,-22.66226],[-47.942305,-22.662353],[-47.942171,-22.663372],[-47.93703,-22.662755],[-47.932124,-22.665602],[-47.931258,-22.66841],[-47.932251,-22.664741],[-47.931456,-22.664512],[-47.933402,-22.662667],[-47.932458,-22.662242],[-47.934874,-22.663104],[-47.934306,-22.661522],[-47.932232,-22.661234],[-47.92978,-22.659343],[-47.930253,-22.653627],[-47.929332,-22.653016],[-47.926949,-22.656113],[-47.929756,-22.662936],[-47.930433,-22.677291]],[[-47.981779,-22.662833],[-47.981779,-22.662832]],[[-47.703166,-22.667779],[-47.70159,-22.666767]],[[-48.086235,-22.660837],[-48.086235,-22.660837]],[[-48.013999,-22.662183],[-48.013999,-22.662183]],[[-48.013999,-22.662183],[-48.01632,-22.661686],[-48.01545,-22.662741],[-48.020466,-22.659798],[-48.024101,-22.660605],[-48.025439,-22.662306],[-48.024157,-22.663113],[-48.022007,-22.661676],[-48.021417,-22.662892],[-48.025912,-22.665064],[-48.029601,-22.664956],[-48.025708,-22.664112],[-48.025061,-22.659493],[-48.020001,-22.659043],[-48.011541,-22.662413],[-48.011749,-22.663643],[-48.015035,-22.665905],[-48.01688,-22.664689],[-48.011442,-22.670086],[-48.010251,-22.670262],[-48.009079,-22.668522],[-48.009638,-22.670043],[-48.006623,-22.671432],[-48.004412,-22.669798],[-48.004177,-22.672095],[-48.004392,-22.668896],[-48.002605,-22.671396],[-48.00216,-22.669444],[-48.000634,-22.671141],[-48.000077,-22.669468],[-47.996395,-22.668857]],[[-47.722571,-22.667276],[-47.724764,-22.668133]],[[-47.73773,-22.667008],[-47.736417,-22.668613]],[[-48.089823,-22.660586],[-48.089823,-22.660586]],[[-47.665186,-22.668136],[-47.66422,-22.667802]],[[-47.689718,-22.667713],[-47.689667,-22.668426]],[[-47.61308,-22.668956],[-47.615364,-22.672179],[-47.614268,-22.679646]],[[-47.766509,-22.66635],[-47.763099,-22.669963]],[[-47.737899,-22.666791],[-47.7379,-22.666791]],[[-47.737899,-22.666791],[-47.737899,-22.666791]],[[-47.963463,-22.66273],[-47.963565,-22.66393]],[[-47.737988,-22.666734],[-47.740172,-22.665388],[-47.741276,-22.665905]],[[-47.735001,-22.666753],[-47.737899,-22.666791]],[[-47.732042,-22.666794],[-47.73199,-22.668118]],[[-47.732021,-22.666769],[-47.732021,-22.666769]],[[-47.857201,-22.664582],[-47.856542,-22.664229]],[[-47.852601,-22.664646],[-47.851508,-22.663405],[-47.852116,-22.660845],[-47.853197,-22.659988],[-47.854246,-22.66079],[-47.854974,-22.659324]],[[-47.66422,-22.667802],[-47.66422,-22.6678]],[[-47.66422,-22.667802],[-47.662484,-22.666908],[-47.660603,-22.663186],[-47.656833,-22.662747]],[[-47.723513,-22.666676],[-47.725681,-22.666382]],[[-48.037113,-22.661019],[-48.037113,-22.661019]],[[-47.571374,-22.669168],[-47.57099,-22.668847]],[[-48.032547,-22.661076],[-48.031721,-22.661593],[-48.034975,-22.661858],[-48.032547,-22.661076]],[[-47.770498,-22.665796],[-47.76916,-22.665057],[-47.765755,-22.666653],[-47.762686,-22.666729]],[[-47.684151,-22.667236],[-47.682603,-22.666073]],[[-47.679122,-22.667306],[-47.679352,-22.66343]],[[-47.745333,-22.666127],[-47.741283,-22.665909],[-47.739502,-22.667859]],[[-47.745333,-22.666127],[-47.745111,-22.663969],[-47.744062,-22.662983]],[[-47.571203,-22.669002],[-47.571224,-22.669001]],[[-47.571201,-22.669002],[-47.57099,-22.668847]],[[-47.571224,-22.669001],[-47.571374,-22.669168]],[[-47.571224,-22.669001],[-47.57265,-22.666686],[-47.57234,-22.659958]],[[-48.090604,-22.659814],[-48.090604,-22.659814]],[[-47.85611,-22.664092],[-47.854719,-22.663098],[-47.854749,-22.660527]],[[-47.57099,-22.668847],[-47.570987,-22.668845]],[[-47.57099,-22.668847],[-47.570547,-22.669323]],[[-47.583762,-22.668627],[-47.584462,-22.668212]],[[-48.090591,-22.659633],[-48.090591,-22.659633]],[[-48.036474,-22.660644],[-48.036474,-22.660644]],[[-48.043347,-22.660508],[-48.043347,-22.660508]],[[-47.673259,-22.667069],[-47.670177,-22.670291],[-47.665186,-22.668136]],[[-47.673259,-22.667069],[-47.670393,-22.666292],[-47.668734,-22.662938],[-47.66881,-22.66067]],[[-48.056131,-22.660152],[-48.056978,-22.660272]],[[-47.678677,-22.666882],[-47.678357,-22.667682],[-47.678914,-22.667087]],[[-47.661699,-22.667146],[-47.665186,-22.668136]],[[-48.055952,-22.660103],[-48.055643,-22.659383]],[[-48.043936,-22.660331],[-48.043936,-22.660331]],[[-48.007414,-22.660995],[-48.007336,-22.656037],[-48.004776,-22.654559],[-48.002615,-22.655069],[-48.000455,-22.65802],[-47.9966,-22.660054],[-47.996992,-22.66067],[-47.997072,-22.659828],[-47.999867,-22.659817],[-48.001149,-22.658469],[-48.000613,-22.660638],[-47.998336,-22.660499],[-48.000704,-22.66092],[-48.002518,-22.65611],[-48.003036,-22.656617],[-48.002674,-22.655838],[-48.00391,-22.65644],[-48.00386,-22.658106],[-48.004083,-22.655855],[-48.005012,-22.6578],[-48.004961,-22.656417],[-48.006159,-22.65779],[-48.004455,-22.655443],[-48.006351,-22.657699],[-48.005111,-22.661105],[-48.006902,-22.6595],[-48.00718,-22.657973],[-48.006051,-22.655978],[-48.006607,-22.656429],[-48.007219,-22.659126],[-48.006282,-22.661204],[-47.999545,-22.663334],[-48.001336,-22.666892],[-48.002656,-22.666777],[-48.000765,-22.664998],[-48.001306,-22.663099],[-48.007414,-22.660995]],[[-47.595078,-22.668204],[-47.595063,-22.668197]],[[-47.595063,-22.668197],[-47.595062,-22.668196]],[[-47.595063,-22.668197],[-47.595062,-22.668196]],[[-47.595062,-22.668196],[-47.595049,-22.66819]],[[-47.595062,-22.668196],[-47.59386,-22.662249]],[[-48.055988,-22.660057],[-48.055988,-22.660057]],[[-47.700831,-22.666435],[-47.697947,-22.665146],[-47.696241,-22.66537]],[[-47.689897,-22.666609],[-47.689718,-22.667713]],[[-47.660107,-22.667045],[-47.660666,-22.667013]],[[-48.088641,-22.659341],[-48.088641,-22.659341]],[[-48.009594,-22.66084],[-48.01043,-22.662865],[-48.013776,-22.661172],[-48.01617,-22.659251],[-48.013818,-22.660024],[-48.015636,-22.655339],[-48.01915,-22.656103],[-48.01907,-22.655127],[-48.02037,-22.654868],[-48.020153,-22.653715],[-48.021744,-22.654305],[-48.022705,-22.658235],[-48.021973,-22.654157],[-48.023503,-22.653072],[-48.019863,-22.653596],[-48.017739,-22.655068],[-48.015081,-22.655041],[-48.013357,-22.659773],[-48.009594,-22.66084]],[[-47.729107,-22.665826],[-47.73199,-22.668118]],[[-47.716649,-22.66601],[-47.716662,-22.666012]],[[-47.716649,-22.66601],[-47.717486,-22.664876],[-47.715354,-22.659303]],[[-48.080149,-22.659385],[-48.080152,-22.659373]],[[-48.080149,-22.659385],[-48.079957,-22.657554],[-48.07861,-22.656156],[-48.076596,-22.656224],[-48.078047,-22.655389],[-48.074576,-22.652058],[-48.069089,-22.649827],[-48.065346,-22.646802],[-48.063913,-22.64665],[-48.061141,-22.648411],[-48.058213,-22.653186]],[[-47.729055,-22.665631],[-47.729055,-22.665631]],[[-48.031424,-22.660178],[-48.032853,-22.660435],[-48.031424,-22.660178]],[[-47.723871,-22.665701],[-47.722353,-22.66738],[-47.716558,-22.668889],[-47.715997,-22.669881]],[[-47.723871,-22.665701],[-47.723865,-22.665705]],[[-47.562695,-22.668331],[-47.561362,-22.670277]],[[-47.740179,-22.665382],[-47.737841,-22.661605],[-47.739187,-22.659555],[-47.738742,-22.658105]],[[-48.037428,-22.660013],[-48.03768,-22.660627],[-48.037428,-22.660013]],[[-48.034396,-22.660029],[-48.03509,-22.660615],[-48.034396,-22.660029]],[[-47.562822,-22.668182],[-47.569295,-22.668529],[-47.569319,-22.667831],[-47.570542,-22.66933],[-47.569023,-22.669588],[-47.569658,-22.671215],[-47.570809,-22.671353],[-47.57011,-22.672004]],[[-47.562754,-22.668137],[-47.563279,-22.667081],[-47.559948,-22.665739],[-47.559423,-22.664035],[-47.559316,-22.665156],[-47.557884,-22.664599],[-47.555458,-22.658149],[-47.552945,-22.655699],[-47.553841,-22.655364],[-47.553664,-22.65425]],[[-47.728916,-22.66538],[-47.728916,-22.66538]],[[-47.713248,-22.66564],[-47.713906,-22.665224]],[[-47.713247,-22.665637],[-47.712844,-22.665538]],[[-47.775698,-22.664553],[-47.774109,-22.665935]],[[-48.061789,-22.659287],[-48.06311,-22.658472],[-48.061799,-22.658399],[-48.061789,-22.659287]],[[-47.733716,-22.665214],[-47.735757,-22.664555]],[[-47.682603,-22.666073],[-47.682608,-22.666996]],[[-47.682603,-22.666073],[-47.681862,-22.663969]],[[-47.712838,-22.665537],[-47.710493,-22.665321]],[[-47.659123,-22.666411],[-47.659565,-22.666459]],[[-48.064342,-22.659154],[-48.06387,-22.661032],[-48.065356,-22.661963],[-48.066609,-22.661544],[-48.066522,-22.660476],[-48.064342,-22.659154]],[[-47.763453,-22.66463],[-47.768831,-22.662318]],[[-48.026264,-22.659852],[-48.028032,-22.662489],[-48.027819,-22.664079],[-48.025819,-22.663875],[-48.026216,-22.661144],[-48.025893,-22.661811],[-48.02534,-22.660032],[-48.026264,-22.659852]],[[-47.69308,-22.665745],[-47.689718,-22.667713]],[[-47.69308,-22.665745],[-47.695076,-22.664657]],[[-47.710284,-22.665375],[-47.709437,-22.665494]],[[-47.710284,-22.665375],[-47.710341,-22.665341]],[[-47.658443,-22.666227],[-47.659062,-22.665893]],[[-48.03643,-22.659492],[-48.036992,-22.660117],[-48.035266,-22.657488],[-48.036212,-22.659032],[-48.035634,-22.659505],[-48.03643,-22.659492]],[[-47.982159,-22.660489],[-47.982628,-22.661362],[-47.9843,-22.660657],[-47.983811,-22.655205],[-47.986417,-22.654278],[-47.991846,-22.654322],[-47.994604,-22.658148],[-47.99625,-22.658943],[-47.999181,-22.657904],[-48.001014,-22.655853],[-47.998528,-22.657723],[-47.999228,-22.656551],[-47.995178,-22.657933],[-47.996629,-22.65761],[-47.994783,-22.657149],[-47.99719,-22.656659],[-47.997325,-22.655445],[-47.995026,-22.656912],[-47.995706,-22.655662],[-47.993947,-22.655921],[-47.995227,-22.655563],[-47.995136,-22.654594],[-47.993117,-22.654572],[-47.990972,-22.653041],[-47.988714,-22.653827],[-47.987912,-22.652843]],[[-47.713987,-22.665254],[-47.716649,-22.66601]],[[-47.710214,-22.665254],[-47.710284,-22.665375]],[[-47.561558,-22.667542],[-47.562233,-22.667192]],[[-47.659062,-22.665893],[-47.658524,-22.665643]],[[-47.696039,-22.665256],[-47.695076,-22.664657]],[[-48.053104,-22.658836],[-48.053704,-22.659152],[-48.048488,-22.659692],[-48.046212,-22.661238],[-48.048898,-22.661808],[-48.047334,-22.662528],[-48.046155,-22.661875],[-48.046945,-22.662585],[-48.045559,-22.66334],[-48.043937,-22.661911],[-48.049447,-22.658384],[-48.053104,-22.658836]],[[-47.735757,-22.664555],[-47.735756,-22.664558]],[[-47.735757,-22.664555],[-47.735757,-22.664555]],[[-47.736004,-22.66455],[-47.737212,-22.663699]],[[-48.063151,-22.658611],[-48.064259,-22.657941]],[[-47.659844,-22.665804],[-47.659062,-22.665893]],[[-47.659844,-22.665804],[-47.658535,-22.665637]],[[-47.943853,-22.660827],[-47.943856,-22.660827]],[[-47.943853,-22.660827],[-47.944364,-22.66273],[-47.948809,-22.662878],[-47.955086,-22.665193],[-47.959638,-22.664377],[-47.96338,-22.661505],[-47.969335,-22.665855],[-47.972834,-22.666536],[-47.977459,-22.66539],[-47.982442,-22.66146],[-47.982103,-22.660473]],[[-47.717584,-22.664827],[-47.721487,-22.662446]],[[-48.027501,-22.659245],[-48.026759,-22.659736],[-48.02871,-22.664406],[-48.042153,-22.663267],[-48.029537,-22.66372],[-48.030039,-22.664315],[-48.028723,-22.66388],[-48.029541,-22.662626],[-48.028556,-22.663221],[-48.027501,-22.659245]],[[-47.656695,-22.665682],[-47.655614,-22.665639]],[[-47.658524,-22.665643],[-47.658523,-22.665641]],[[-47.658524,-22.665643],[-47.656894,-22.665642]],[[-47.658533,-22.665642],[-47.658524,-22.665643]],[[-48.026588,-22.659096],[-48.024954,-22.660114],[-48.025631,-22.663752],[-48.02658,-22.664344],[-48.027948,-22.664144],[-48.028101,-22.662691],[-48.026588,-22.659096]],[[-47.655566,-22.665666],[-47.653683,-22.665563]],[[-48.029425,-22.659024],[-48.03037,-22.659521],[-48.029425,-22.659024]],[[-47.655622,-22.665654],[-47.656692,-22.665705]],[[-47.659615,-22.665571],[-47.659491,-22.665537]],[[-47.689466,-22.665036],[-47.689387,-22.665474]],[[-48.028279,-22.65898],[-48.028279,-22.65898]],[[-47.635884,-22.665911],[-47.636023,-22.665779]],[[-47.635867,-22.665906],[-47.636003,-22.665769]],[[-47.635687,-22.665884],[-47.633101,-22.664751],[-47.629774,-22.664697]],[[-47.653663,-22.665558],[-47.651792,-22.665065]],[[-47.653679,-22.665547],[-47.655555,-22.665639]],[[-47.637615,-22.665785],[-47.636343,-22.665628],[-47.637615,-22.665785]],[[-47.689502,-22.6649],[-47.689501,-22.66491]],[[-47.689502,-22.6649],[-47.689498,-22.664906]],[[-48.016471,-22.659066],[-48.018135,-22.658736],[-48.014155,-22.661018],[-48.019011,-22.658422],[-48.023356,-22.658896],[-48.019919,-22.658055],[-48.016471,-22.659066]],[[-47.727439,-22.664196],[-47.723871,-22.665701]],[[-47.65651,-22.66536],[-47.656876,-22.665273]],[[-47.789382,-22.663067],[-47.789543,-22.66302]],[[-47.695076,-22.664657],[-47.696856,-22.661798]],[[-47.789543,-22.66302],[-47.789378,-22.663021]],[[-48.056093,-22.658133],[-48.053101,-22.658654],[-48.056093,-22.658133]],[[-47.784704,-22.663072],[-47.787113,-22.662963]],[[-47.790818,-22.662928],[-47.789543,-22.66302]],[[-48.064287,-22.657921],[-48.064545,-22.657658]],[[-47.787113,-22.662963],[-47.787854,-22.662866]],[[-47.738437,-22.663789],[-47.739103,-22.663566]],[[-47.609969,-22.665845],[-47.613038,-22.668941]],[[-47.787866,-22.662826],[-47.787113,-22.662963]],[[-47.737212,-22.663699],[-47.736804,-22.663878]],[[-47.737212,-22.663699],[-47.737774,-22.663498]],[[-47.689587,-22.664498],[-47.689502,-22.6649]],[[-47.689593,-22.66447],[-47.689502,-22.6649]],[[-47.73912,-22.663587],[-47.740358,-22.66194]],[[-47.651629,-22.665046],[-47.650328,-22.664339],[-47.649396,-22.661808]],[[-47.728824,-22.663743],[-47.737774,-22.663498]],[[-48.049156,-22.657944],[-48.047473,-22.657898],[-48.046502,-22.659657],[-48.049156,-22.657944]],[[-48.064544,-22.65761],[-48.064933,-22.656568]],[[-47.664555,-22.664763],[-47.663906,-22.667213],[-47.668902,-22.668889]],[[-47.685717,-22.664388],[-47.684826,-22.663338]],[[-47.850038,-22.661543],[-47.850038,-22.661543]],[[-47.737774,-22.663498],[-47.73778,-22.663501]],[[-47.737774,-22.663498],[-47.737879,-22.663525]],[[-47.520184,-22.667018],[-47.524518,-22.670431]],[[-47.689811,-22.664249],[-47.689729,-22.66431]],[[-47.689911,-22.664171],[-47.689854,-22.664224]],[[-47.738108,-22.663296],[-47.738296,-22.663867],[-47.738108,-22.663296]],[[-47.738287,-22.66328],[-47.738246,-22.663287]],[[-47.650585,-22.664662],[-47.648592,-22.665508],[-47.645576,-22.664967]],[[-48.065519,-22.657249],[-48.065519,-22.657249]],[[-47.909731,-22.660152],[-47.911521,-22.660447],[-47.916694,-22.65754],[-47.919514,-22.658771],[-47.921097,-22.662976],[-47.921134,-22.667335],[-47.920098,-22.669143],[-47.904792,-22.680064],[-47.904742,-22.683173],[-47.907405,-22.688993],[-47.910003,-22.69109],[-47.913771,-22.692061],[-47.916553,-22.691212],[-47.922671,-22.686619],[-47.929731,-22.676742],[-47.928854,-22.663],[-47.926051,-22.656599],[-47.927065,-22.653759],[-47.930502,-22.651648],[-47.931726,-22.652244],[-47.930356,-22.657746],[-47.932369,-22.660338],[-47.935767,-22.660291],[-47.941447,-22.65745],[-47.943853,-22.660827]],[[-47.760513,-22.662644],[-47.761913,-22.657822]],[[-47.681862,-22.663969],[-47.681861,-22.66397]],[[-47.681862,-22.663969],[-47.677765,-22.662275]],[[-47.690263,-22.663806],[-47.689938,-22.66415]],[[-47.635672,-22.664575],[-47.635918,-22.665645]],[[-47.768836,-22.662316],[-47.766478,-22.657745]],[[-47.682723,-22.663735],[-47.681862,-22.663969]],[[-47.764007,-22.662322],[-47.766322,-22.661481],[-47.768406,-22.661997]],[[-47.756497,-22.662399],[-47.758973,-22.660153]],[[-48.074876,-22.656586],[-48.076596,-22.656223]],[[-47.720569,-22.662979],[-47.720804,-22.66225]],[[-47.701515,-22.663294],[-47.697977,-22.662278]],[[-47.690621,-22.663447],[-47.690387,-22.663684]],[[-47.676024,-22.663685],[-47.673259,-22.667069]],[[-47.676024,-22.663685],[-47.675095,-22.66324]],[[-47.690807,-22.663301],[-47.691021,-22.65958]],[[-48.064933,-22.656568],[-48.064933,-22.656568]],[[-47.684665,-22.663391],[-47.682826,-22.663731]],[[-48.034853,-22.657121],[-48.033554,-22.656176],[-48.034957,-22.656072],[-48.034853,-22.657121]],[[-47.743656,-22.662323],[-47.743654,-22.662318]],[[-47.743654,-22.662318],[-47.744295,-22.662787],[-47.743654,-22.662318]],[[-47.743654,-22.662318],[-47.742885,-22.659233]],[[-47.769442,-22.661798],[-47.768844,-22.662319]],[[-48.055834,-22.656577],[-48.053013,-22.656458],[-48.05414,-22.657399],[-48.055834,-22.656577]],[[-47.634709,-22.66406],[-47.635152,-22.664422]],[[-47.769468,-22.661773],[-47.771146,-22.661553]],[[-47.769469,-22.661771],[-47.768293,-22.661381],[-47.766505,-22.657708]],[[-47.526712,-22.665775],[-47.524518,-22.670848]],[[-48.064933,-22.656349],[-48.066065,-22.655751],[-48.065416,-22.655657]],[[-48.05176,-22.65654],[-48.053089,-22.65713],[-48.05176,-22.65654]],[[-47.63439,-22.663922],[-47.637816,-22.662234],[-47.638689,-22.66004]],[[-47.675095,-22.66324],[-47.673164,-22.663188],[-47.671749,-22.661031]],[[-47.675095,-22.66324],[-47.673971,-22.662634],[-47.673398,-22.65993]],[[-47.634195,-22.663899],[-47.634186,-22.663897]],[[-47.803636,-22.660991],[-47.803748,-22.66215],[-47.801967,-22.663588],[-47.802618,-22.666606],[-47.804276,-22.667627],[-47.806028,-22.667022],[-47.80816,-22.669582],[-47.814541,-22.671851],[-47.822097,-22.673206],[-47.837298,-22.665083],[-47.844729,-22.664049],[-47.85001,-22.658586],[-47.862394,-22.657805],[-47.869812,-22.648024],[-47.868958,-22.647347],[-47.866159,-22.648272]],[[-47.803513,-22.660979],[-47.803675,-22.662061],[-47.801885,-22.663733],[-47.802322,-22.66632],[-47.804258,-22.667711],[-47.806063,-22.667116],[-47.807903,-22.669599],[-47.801582,-22.671005],[-47.795398,-22.670186],[-47.795183,-22.668431],[-47.791252,-22.666412],[-47.792345,-22.664884],[-47.791114,-22.663067],[-47.792128,-22.662006],[-47.791184,-22.660468],[-47.791827,-22.659514],[-47.789771,-22.657046],[-47.78823,-22.656909]],[[-47.803601,-22.660939],[-47.801738,-22.659907],[-47.801994,-22.657698],[-47.801241,-22.657041]],[[-47.803516,-22.660935],[-47.801601,-22.659901],[-47.801248,-22.654543]],[[-48.026478,-22.656822],[-48.026472,-22.65824],[-48.023931,-22.65843],[-48.026777,-22.658226],[-48.026478,-22.656822]],[[-48.045717,-22.656448],[-48.044768,-22.659144],[-48.046832,-22.657344],[-48.045717,-22.656448]],[[-47.725694,-22.662109],[-47.724059,-22.663139]],[[-48.029247,-22.656636],[-48.032614,-22.656082],[-48.029247,-22.656636]],[[-48.035091,-22.656517],[-48.037442,-22.659852],[-48.039209,-22.659175],[-48.040817,-22.655557],[-48.043423,-22.653021],[-48.040837,-22.654385],[-48.038727,-22.653703],[-48.041105,-22.654525],[-48.038892,-22.658932],[-48.037678,-22.65912],[-48.035091,-22.656517]],[[-47.724236,-22.662049],[-47.726386,-22.660337]],[[-48.073045,-22.655714],[-48.074712,-22.656436]],[[-48.07293,-22.655694],[-48.07293,-22.655694]],[[-48.035745,-22.656396],[-48.037667,-22.657367],[-48.035745,-22.656396]],[[-47.713246,-22.662154],[-47.715923,-22.662628]],[[-48.028079,-22.656498],[-48.028871,-22.656493],[-48.027311,-22.65539],[-48.028079,-22.656498]],[[-48.066066,-22.655709],[-48.07222,-22.655561]],[[-48.072304,-22.655571],[-48.07293,-22.655694]],[[-47.704524,-22.662195],[-47.705181,-22.663723]],[[-47.737836,-22.6616],[-47.736912,-22.661078],[-47.737276,-22.658474]],[[-48.033089,-22.656231],[-48.033089,-22.656231]],[[-47.770466,-22.660988],[-47.770648,-22.66115]],[[-47.770466,-22.660988],[-47.770466,-22.660988]],[[-47.770461,-22.660987],[-47.770466,-22.660988]],[[-47.697866,-22.662224],[-47.696856,-22.661798]],[[-48.035374,-22.656111],[-48.035374,-22.656111]],[[-47.716008,-22.661802],[-47.7198,-22.660511],[-47.720762,-22.659159]],[[-47.746303,-22.661278],[-47.746481,-22.662177]],[[-47.656833,-22.662747],[-47.656783,-22.662721]],[[-47.656777,-22.662736],[-47.656833,-22.662747]],[[-47.711332,-22.661787],[-47.713083,-22.662159]],[[-48.032879,-22.656006],[-48.032879,-22.656006]],[[-48.03552,-22.655953],[-48.038204,-22.658095],[-48.03977,-22.657831],[-48.037846,-22.657641],[-48.034593,-22.652891],[-48.03552,-22.655953]],[[-47.710741,-22.661768],[-47.711263,-22.661778]],[[-48.033424,-22.65597],[-48.032889,-22.654981],[-48.033424,-22.65597]],[[-47.65655,-22.662663],[-47.653259,-22.66048]],[[-47.656623,-22.662648],[-47.656291,-22.661808]],[[-47.74775,-22.6611],[-47.745136,-22.664375]],[[-47.736936,-22.661265],[-47.732858,-22.659397],[-47.733328,-22.660208]],[[-47.770777,-22.660654],[-47.770777,-22.660654]],[[-47.770777,-22.660654],[-47.770282,-22.661035]],[[-47.677426,-22.662218],[-47.677714,-22.662266]],[[-48.016046,-22.656132],[-48.016556,-22.656614],[-48.015647,-22.657156],[-48.016046,-22.656132]],[[-47.696856,-22.661798],[-47.697123,-22.661538]],[[-47.707356,-22.661599],[-47.704524,-22.662195]],[[-48.03348,-22.655732],[-48.03348,-22.655732]],[[-48.027005,-22.655599],[-48.027005,-22.655599]],[[-47.735785,-22.660758],[-47.73587,-22.65817]],[[-47.697108,-22.661402],[-47.699312,-22.660449]],[[-48.025021,-22.655499],[-48.026406,-22.656689],[-48.025021,-22.655499]],[[-48.019703,-22.655505],[-48.021133,-22.657817],[-48.019703,-22.655505]],[[-47.758973,-22.660153],[-47.758772,-22.661958]],[[-47.758973,-22.660153],[-47.76169,-22.65843]],[[-47.758974,-22.660145],[-47.758973,-22.660153]],[[-48.033367,-22.655047],[-48.033367,-22.655047]],[[-47.685147,-22.66114],[-47.685146,-22.661142]],[[-47.685147,-22.66114],[-47.683777,-22.66249],[-47.684693,-22.663346]],[[-47.649394,-22.66171],[-47.649407,-22.661395]],[[-47.527528,-22.663539],[-47.526769,-22.665618]],[[-48.033386,-22.654732],[-48.033386,-22.654732]],[[-47.699831,-22.660677],[-47.703018,-22.66084],[-47.704524,-22.662195]],[[-48.026227,-22.654773],[-48.026831,-22.655531],[-48.026227,-22.654773]],[[-48.033614,-22.654602],[-48.033614,-22.654602]],[[-47.775217,-22.659272],[-47.775217,-22.659272]],[[-47.649407,-22.661395],[-47.649263,-22.661049]],[[-47.649407,-22.661395],[-47.646287,-22.661349],[-47.645841,-22.660415]],[[-47.59386,-22.662249],[-47.593512,-22.660437],[-47.590564,-22.659381]],[[-47.59386,-22.662249],[-47.59598,-22.657824]],[[-47.6994,-22.6605],[-47.699394,-22.660494]],[[-47.687977,-22.660613],[-47.685147,-22.66114]],[[-48.024552,-22.654595],[-48.024552,-22.654595]],[[-48.060167,-22.653891],[-48.05876,-22.653097]],[[-47.649263,-22.661049],[-47.649261,-22.661056]],[[-47.649263,-22.661049],[-47.649273,-22.661005]],[[-47.649273,-22.661005],[-47.649263,-22.661049]],[[-47.732732,-22.659572],[-47.727861,-22.662167]],[[-47.732828,-22.659525],[-47.732732,-22.659572]],[[-48.033186,-22.654092],[-48.033262,-22.654729],[-48.033186,-22.654092]],[[-48.053919,-22.65353],[-48.053098,-22.654984],[-48.054154,-22.654416],[-48.05443,-22.655059],[-48.053919,-22.65353]],[[-47.664027,-22.660455],[-47.662171,-22.662557]],[[-47.68077,-22.660164],[-47.678586,-22.659254]],[[-48.031983,-22.65388],[-48.031106,-22.653525],[-48.031983,-22.65388]],[[-48.024373,-22.654005],[-48.025211,-22.653559],[-48.024373,-22.654005]],[[-48.032454,-22.653768],[-48.032454,-22.653768]],[[-48.038014,-22.653657],[-48.038731,-22.65399],[-48.038014,-22.653657]],[[-47.653259,-22.66048],[-47.651897,-22.659882]],[[-48.024581,-22.653831],[-48.024581,-22.653831]],[[-48.058213,-22.653186],[-48.058207,-22.653188]],[[-47.649494,-22.660462],[-47.649273,-22.661005]],[[-47.744979,-22.658853],[-47.744979,-22.658853]],[[-48.048648,-22.653336],[-48.047558,-22.653475],[-48.050913,-22.65524],[-48.052704,-22.655002],[-48.051844,-22.653734],[-48.05121,-22.654441],[-48.048648,-22.653336]],[[-48.044285,-22.653347],[-48.042414,-22.653784],[-48.039658,-22.658874],[-48.03759,-22.659675],[-48.038764,-22.661709],[-48.040858,-22.66226],[-48.042187,-22.661586],[-48.043215,-22.66058],[-48.04273,-22.657186],[-48.043356,-22.660418],[-48.04386,-22.65743],[-48.045563,-22.656043],[-48.0466,-22.656169],[-48.044033,-22.657214],[-48.043639,-22.66032],[-48.046413,-22.659771],[-48.047953,-22.657582],[-48.052582,-22.658188],[-48.048491,-22.657289],[-48.045364,-22.655355],[-48.050417,-22.656904],[-48.046783,-22.654918],[-48.050405,-22.656224],[-48.048498,-22.654378],[-48.043684,-22.654869],[-48.046233,-22.653976],[-48.044529,-22.653756],[-48.041775,-22.656427],[-48.042061,-22.659322],[-48.040763,-22.660219],[-48.042431,-22.659272],[-48.042511,-22.659897],[-48.039674,-22.661463],[-48.039599,-22.660614],[-48.041744,-22.660285],[-48.039981,-22.660526],[-48.040731,-22.660282],[-48.04001,-22.659892],[-48.042272,-22.654127],[-48.044348,-22.65336]],[[-47.649453,-22.660364],[-47.649479,-22.660239]],[[-48.05861,-22.653058],[-48.058213,-22.653186]],[[-47.755945,-22.658518],[-47.758081,-22.655316]],[[-48.044702,-22.653279],[-48.044702,-22.653279]],[[-47.723678,-22.659058],[-47.723871,-22.665701]],[[-48.049147,-22.653147],[-48.049147,-22.653147]],[[-47.715293,-22.659155],[-47.71535,-22.659304]],[[-47.662232,-22.660041],[-47.66256,-22.662102],[-47.661158,-22.663827]],[[-48.032414,-22.653439],[-48.033505,-22.654496],[-48.032414,-22.653439]],[[-47.772355,-22.658113],[-47.770777,-22.660654]],[[-47.698147,-22.659374],[-47.696954,-22.661219]],[[-48.055633,-22.652918],[-48.055486,-22.654678],[-48.053471,-22.655491],[-48.056336,-22.654787],[-48.055633,-22.652918]],[[-48.03739,-22.653238],[-48.034611,-22.652817],[-48.03739,-22.653238]],[[-48.044332,-22.653106],[-48.044332,-22.653106]],[[-47.731425,-22.658734],[-47.732732,-22.659572]],[[-48.043738,-22.65309],[-48.043738,-22.65309]],[[-47.585317,-22.661093],[-47.585317,-22.661093]],[[-48.031702,-22.653232],[-48.032565,-22.654155],[-48.031702,-22.653232]],[[-47.678392,-22.659519],[-47.678133,-22.659203]],[[-48.026304,-22.65331],[-48.02522,-22.65452],[-48.028202,-22.658181],[-48.02722,-22.659182],[-48.0282,-22.658602],[-48.029493,-22.659289],[-48.027802,-22.657356],[-48.029224,-22.656694],[-48.027723,-22.657003],[-48.025491,-22.654477],[-48.027066,-22.65293],[-48.026344,-22.654277],[-48.027906,-22.652759],[-48.031803,-22.652923],[-48.026304,-22.65331]],[[-47.753175,-22.658208],[-47.754684,-22.654297]],[[-48.03198,-22.6531],[-48.03198,-22.6531]],[[-48.025282,-22.653208],[-48.024008,-22.653277],[-48.025282,-22.653208]],[[-48.042504,-22.652857],[-48.042504,-22.652857]],[[-48.042053,-22.652813],[-48.04027,-22.653916],[-48.036434,-22.652018],[-48.042053,-22.652813]],[[-47.556384,-22.66125],[-47.553163,-22.662961]],[[-47.732751,-22.658336],[-47.732869,-22.659397]],[[-47.9987,-22.653574],[-47.9987,-22.653574]],[[-48.031994,-22.65294],[-48.034054,-22.654328],[-48.034224,-22.653585],[-48.034888,-22.653937],[-48.035165,-22.655914],[-48.035415,-22.654651],[-48.034219,-22.652929],[-48.031994,-22.65294]],[[-47.766409,-22.657735],[-47.763294,-22.657081]],[[-47.678133,-22.659203],[-47.676089,-22.664561],[-47.668078,-22.672819],[-47.668479,-22.675639],[-47.671305,-22.678618],[-47.675701,-22.672036],[-47.67951,-22.671687],[-47.680959,-22.675395],[-47.675551,-22.677183],[-47.675638,-22.679149]],[[-47.678133,-22.659203],[-47.678132,-22.6592]],[[-47.76649,-22.657643],[-47.763855,-22.657747],[-47.762022,-22.65625]],[[-47.761923,-22.657697],[-47.762281,-22.65634]],[[-47.528563,-22.661523],[-47.527494,-22.663592],[-47.529208,-22.662118],[-47.528563,-22.661523]],[[-47.623131,-22.659979],[-47.624215,-22.659424]],[[-47.766182,-22.65755],[-47.765314,-22.656041]],[[-47.781782,-22.657259],[-47.78135,-22.658085],[-47.782261,-22.658555],[-47.781782,-22.657259]],[[-47.998921,-22.653281],[-47.997953,-22.653922],[-47.99757,-22.65194],[-47.998646,-22.65208],[-47.997878,-22.652839],[-47.998921,-22.653281]],[[-47.786524,-22.657064],[-47.787347,-22.655999]],[[-47.772842,-22.657253],[-47.772397,-22.65789]],[[-47.788166,-22.656948],[-47.789719,-22.657038],[-47.7918,-22.65952],[-47.791166,-22.660495],[-47.792102,-22.662018],[-47.791091,-22.663068],[-47.792298,-22.664831],[-47.791269,-22.666548],[-47.795192,-22.668506],[-47.79529,-22.670187],[-47.782438,-22.670031]],[[-47.784645,-22.656996],[-47.782611,-22.657819]],[[-47.715596,-22.658053],[-47.715508,-22.658597]],[[-47.668624,-22.658793],[-47.669652,-22.655615]],[[-47.624541,-22.659495],[-47.628424,-22.657735],[-47.629662,-22.658035],[-47.632608,-22.662141],[-47.633905,-22.662645],[-47.634117,-22.663923]],[[-47.742008,-22.657485],[-47.741433,-22.656641],[-47.742205,-22.654662],[-47.745013,-22.65221]],[[-47.796272,-22.656525],[-47.797554,-22.654953]],[[-48.019261,-22.652467],[-48.020528,-22.653132],[-48.034039,-22.651922],[-48.034635,-22.651294],[-48.031826,-22.650729],[-48.030955,-22.64957],[-48.033565,-22.647082],[-48.038117,-22.646446],[-48.039021,-22.645444],[-48.043394,-22.645711],[-48.043357,-22.645008],[-48.046169,-22.644565],[-48.051409,-22.641085],[-48.049421,-22.639998],[-48.049111,-22.642042],[-48.044052,-22.644741],[-48.045728,-22.642008],[-48.044729,-22.641747],[-48.045058,-22.640519],[-48.048846,-22.639676],[-48.051447,-22.640639],[-48.052287,-22.639873],[-48.055412,-22.639915],[-48.056071,-22.639412],[-48.053704,-22.63979],[-48.056464,-22.638026]],[[-47.787897,-22.656639],[-47.785328,-22.650623],[-47.781461,-22.647405],[-47.782058,-22.646659]],[[-47.715502,-22.657857],[-47.715473,-22.657415]],[[-47.740698,-22.657375],[-47.740987,-22.656426]],[[-48.042376,-22.651896],[-48.041691,-22.651923],[-48.043083,-22.652507],[-48.042376,-22.651896]],[[-47.772821,-22.656767],[-47.772821,-22.656767]],[[-47.772821,-22.656767],[-47.770382,-22.654757]],[[-47.698867,-22.657987],[-47.698365,-22.659262]],[[-47.728579,-22.657467],[-47.730875,-22.652629],[-47.732834,-22.65204]],[[-47.69898,-22.657942],[-47.699815,-22.657258]],[[-48.042777,-22.651708],[-48.042777,-22.651708]],[[-47.773051,-22.656574],[-47.773244,-22.652478],[-47.770546,-22.647457]],[[-47.652679,-22.658591],[-47.653259,-22.66048]],[[-47.779282,-22.656437],[-47.781304,-22.657347]],[[-47.787588,-22.65625],[-47.787865,-22.656667]],[[-47.787586,-22.656249],[-47.787347,-22.655999]],[[-47.572325,-22.659834],[-47.572317,-22.655572],[-47.569491,-22.651629]],[[-47.715473,-22.657415],[-47.715416,-22.657257]],[[-47.785822,-22.65618],[-47.784652,-22.657366],[-47.786453,-22.657355],[-47.785822,-22.65618]],[[-47.76847,-22.65643],[-47.767069,-22.657517],[-47.767372,-22.658334]],[[-47.739682,-22.656888],[-47.740987,-22.656426]],[[-47.745152,-22.656747],[-47.745065,-22.652201],[-47.747128,-22.649552]],[[-47.787347,-22.655999],[-47.787345,-22.655993]],[[-47.787347,-22.655999],[-47.7853,-22.650609],[-47.781382,-22.647402],[-47.782199,-22.645205]],[[-47.71557,-22.657231],[-47.715473,-22.657415]],[[-47.724498,-22.657074],[-47.729682,-22.654881],[-47.730695,-22.653499]],[[-47.657066,-22.658153],[-47.656809,-22.659481],[-47.65852,-22.662661]],[[-47.685962,-22.65752],[-47.686585,-22.658757],[-47.685147,-22.66114]],[[-47.76195,-22.656197],[-47.761734,-22.655828]],[[-47.699852,-22.657255],[-47.700325,-22.6573]],[[-47.621987,-22.658523],[-47.622937,-22.659844]],[[-47.602386,-22.658815],[-47.599859,-22.661704],[-47.599303,-22.666416],[-47.596745,-22.67059]],[[-47.719915,-22.656848],[-47.715306,-22.659147]],[[-47.765314,-22.656041],[-47.765309,-22.656044]],[[-47.765314,-22.656041],[-47.765314,-22.656041]],[[-47.740987,-22.656426],[-47.740987,-22.656427]],[[-47.740987,-22.656426],[-47.741514,-22.656222]],[[-47.699903,-22.657075],[-47.69992,-22.656951]],[[-47.685082,-22.657302],[-47.683024,-22.656118]],[[-47.795255,-22.655379],[-47.797555,-22.654953]],[[-47.765354,-22.655888],[-47.765827,-22.653913]],[[-47.699917,-22.65684],[-47.700566,-22.655649]],[[-47.622103,-22.658108],[-47.622045,-22.658418]],[[-47.797616,-22.654894],[-47.801257,-22.654404]],[[-47.761704,-22.655402],[-47.760719,-22.654043],[-47.758116,-22.655301],[-47.757026,-22.653053]],[[-47.761661,-22.6554],[-47.760643,-22.654106],[-47.758081,-22.655316]],[[-48.034902,-22.650416],[-48.034884,-22.650385]],[[-48.034902,-22.650416],[-48.037845,-22.649971],[-48.038587,-22.650626],[-48.033633,-22.650925],[-48.031486,-22.64939],[-48.036093,-22.646554],[-48.040432,-22.647853],[-48.042849,-22.650222],[-48.047786,-22.647434],[-48.053318,-22.649397],[-48.055606,-22.653152],[-48.053106,-22.651001],[-48.05344,-22.653328],[-48.052251,-22.653733],[-48.05138,-22.652377],[-48.051607,-22.654126],[-48.049562,-22.653216],[-48.0514,-22.651744],[-48.050437,-22.650465],[-48.048329,-22.652852],[-48.047608,-22.651587],[-48.04717,-22.653379],[-48.043284,-22.651987],[-48.043235,-22.651301],[-48.047578,-22.650361],[-48.044773,-22.650121],[-48.0473,-22.649042],[-48.04784,-22.647902],[-48.043512,-22.65044],[-48.037462,-22.647479],[-48.032317,-22.64962],[-48.034884,-22.650385]],[[-48.034884,-22.650385],[-48.034902,-22.650416]],[[-48.034884,-22.650385],[-48.03493,-22.64925],[-48.036916,-22.648529],[-48.036428,-22.647739],[-48.042032,-22.650275],[-48.034902,-22.650416]],[[-47.758081,-22.655316],[-47.75808,-22.655314]],[[-47.758081,-22.655316],[-47.757233,-22.653085],[-47.75577,-22.65373]],[[-47.734349,-22.655632],[-47.734571,-22.652087]],[[-47.714813,-22.655914],[-47.71538,-22.657197]],[[-47.714795,-22.655885],[-47.714267,-22.654194]],[[-47.59598,-22.657824],[-47.596135,-22.657213]],[[-47.801283,-22.654245],[-47.802353,-22.653278],[-47.802121,-22.652195],[-47.800229,-22.65105]],[[-47.707931,-22.655762],[-47.706549,-22.654456]],[[-47.683024,-22.656118],[-47.684856,-22.6554]],[[-47.683024,-22.656118],[-47.680661,-22.654602]],[[-47.999125,-22.650433],[-47.998772,-22.652554],[-48.000389,-22.652776],[-48.001073,-22.654379],[-47.999247,-22.655654],[-48.001045,-22.655613],[-48.004697,-22.653166],[-48.008022,-22.655609],[-48.009115,-22.660409],[-48.012421,-22.659787],[-48.0139,-22.657059],[-48.013779,-22.656036],[-48.012551,-22.658568],[-48.01011,-22.659598],[-48.009127,-22.657827],[-48.009768,-22.653371],[-48.011298,-22.654702],[-48.014003,-22.654717],[-48.013996,-22.656082],[-48.014725,-22.654641],[-48.018573,-22.654223],[-48.01769,-22.654041],[-48.019662,-22.653201],[-48.019214,-22.652462]],[[-47.710946,-22.655549],[-47.712994,-22.657335],[-47.715596,-22.658034]],[[-47.551726,-22.658104],[-47.552723,-22.657504]],[[-47.700541,-22.655626],[-47.700655,-22.654884]],[[-47.78722,-22.654123],[-47.787955,-22.653491]],[[-47.776095,-22.654289],[-47.774051,-22.654482],[-47.773182,-22.655896]],[[-47.671348,-22.656021],[-47.671257,-22.654702]],[[-47.596135,-22.657213],[-47.59598,-22.657824]],[[-47.596135,-22.657213],[-47.596062,-22.652641]],[[-48.044265,-22.649167],[-48.046285,-22.647587],[-48.044265,-22.649167]],[[-47.768524,-22.654171],[-47.765827,-22.653913]],[[-47.755122,-22.654344],[-47.754684,-22.654297]],[[-48.05998,-22.648799],[-48.059451,-22.650194],[-48.060002,-22.648785]],[[-48.05998,-22.648799],[-48.061215,-22.646973],[-48.063225,-22.64635],[-48.060002,-22.648785]],[[-48.060002,-22.648785],[-48.05998,-22.648799]],[[-48.060002,-22.648785],[-48.05998,-22.648799]],[[-47.754684,-22.654297],[-47.755118,-22.654344]],[[-47.647897,-22.656072],[-47.648806,-22.655347]],[[-47.755636,-22.654202],[-47.75577,-22.65373]],[[-47.660022,-22.655807],[-47.662192,-22.650978],[-47.664076,-22.649249]],[[-47.760669,-22.654023],[-47.76039,-22.652937]],[[-47.765827,-22.653913],[-47.765823,-22.653909]],[[-47.765827,-22.653913],[-47.766892,-22.650645],[-47.768858,-22.648485]],[[-47.678417,-22.65532],[-47.678133,-22.659203]],[[-47.678417,-22.65532],[-47.678412,-22.655337]],[[-47.788106,-22.653433],[-47.79265,-22.652908]],[[-47.700653,-22.654877],[-47.700662,-22.654798]],[[-47.603563,-22.656459],[-47.602619,-22.658654]],[[-47.700654,-22.654797],[-47.700662,-22.654767]],[[-47.700666,-22.654761],[-47.70065,-22.6549]],[[-47.78932,-22.653222],[-47.79144,-22.649973]],[[-47.700692,-22.654686],[-47.702087,-22.653707]],[[-47.75577,-22.65373],[-47.755769,-22.653729]],[[-47.75577,-22.65373],[-47.754594,-22.652981],[-47.75502,-22.651963],[-47.749015,-22.649994]],[[-47.549788,-22.657118],[-47.554807,-22.657181]],[[-48.081371,-22.647754],[-48.081371,-22.647754]],[[-47.705357,-22.65452],[-47.706723,-22.655605]],[[-48.080895,-22.647721],[-48.080895,-22.647721]],[[-47.706521,-22.654439],[-47.7048,-22.654385]],[[-47.704771,-22.654385],[-47.704472,-22.654419]],[[-47.723964,-22.65405],[-47.727585,-22.65181]],[[-47.714267,-22.654194],[-47.71449,-22.653847]],[[-47.714267,-22.654194],[-47.720646,-22.653207]],[[-48.089957,-22.647307],[-48.086992,-22.649699],[-48.08624,-22.646374],[-48.084449,-22.644874]],[[-48.067542,-22.647713],[-48.069316,-22.649555],[-48.067542,-22.647713]],[[-47.776599,-22.653013],[-47.775943,-22.654209]],[[-47.703835,-22.654213],[-47.704369,-22.654438]],[[-47.703835,-22.654213],[-47.703811,-22.6541]],[[-47.680661,-22.654602],[-47.680657,-22.6546]],[[-47.680661,-22.654602],[-47.680055,-22.654534]],[[-47.682575,-22.654557],[-47.680661,-22.654602]],[[-47.648856,-22.655107],[-47.645063,-22.656259]],[[-47.679913,-22.654581],[-47.679015,-22.654434]],[[-48.053191,-22.647889],[-48.054155,-22.648653],[-48.053363,-22.647051],[-48.051189,-22.645846],[-48.053378,-22.647126],[-48.053191,-22.647889]],[[-47.780418,-22.652794],[-47.782634,-22.652932]],[[-47.703802,-22.654097],[-47.703835,-22.654213]],[[-47.685973,-22.654354],[-47.684711,-22.652284],[-47.680001,-22.651586]],[[-47.769005,-22.652939],[-47.768465,-22.652281]],[[-47.714481,-22.653799],[-47.714573,-22.651804]],[[-47.703434,-22.653971],[-47.703526,-22.654003]],[[-47.757026,-22.653053],[-47.757026,-22.653063]],[[-47.757026,-22.653053],[-47.75564,-22.653668],[-47.754704,-22.652949],[-47.755135,-22.651902],[-47.749931,-22.650518],[-47.749398,-22.649266]],[[-48.07249,-22.6473],[-48.07249,-22.6473]],[[-47.703366,-22.653948],[-47.703345,-22.65394]],[[-47.703324,-22.653933],[-47.703393,-22.653957]],[[-48.045266,-22.647777],[-48.044685,-22.646214],[-48.046488,-22.645338],[-48.047244,-22.646762],[-48.047228,-22.64446],[-48.051794,-22.642056],[-48.052226,-22.640874],[-48.044355,-22.645866],[-48.044101,-22.647807],[-48.045266,-22.647777]],[[-47.76039,-22.652937],[-47.76039,-22.652937]],[[-47.760352,-22.652824],[-47.76281,-22.64965]],[[-48.081921,-22.646916],[-48.081921,-22.646916]],[[-47.702824,-22.653761],[-47.702656,-22.653703]],[[-48.046346,-22.647551],[-48.047448,-22.646872],[-48.046346,-22.647551]],[[-47.702637,-22.653697],[-47.702833,-22.653764]],[[-47.702632,-22.653697],[-47.702191,-22.653647]],[[-47.702191,-22.653649],[-47.702191,-22.653647]],[[-47.702191,-22.653647],[-47.702118,-22.653698]],[[-47.702191,-22.653647],[-47.704941,-22.648168]],[[-47.741001,-22.652893],[-47.741009,-22.652893]],[[-47.741001,-22.652893],[-47.737734,-22.654543],[-47.737244,-22.656114]],[[-48.062726,-22.646986],[-48.062726,-22.646986]],[[-48.08166,-22.646618],[-48.08166,-22.646618]],[[-47.605053,-22.655059],[-47.605095,-22.654945]],[[-47.605053,-22.655059],[-47.605095,-22.654945]],[[-47.719213,-22.653125],[-47.719749,-22.65197]],[[-47.605095,-22.654945],[-47.605053,-22.655059]],[[-47.605095,-22.654945],[-47.604076,-22.654155],[-47.603703,-22.656281],[-47.605053,-22.655059]],[[-48.081466,-22.646448],[-48.081466,-22.646448]],[[-48.066578,-22.646722],[-48.067241,-22.647231],[-48.066578,-22.646722]],[[-47.74002,-22.652628],[-47.741001,-22.652893]],[[-47.572256,-22.655342],[-47.576602,-22.653449]],[[-48.047478,-22.647004],[-48.053897,-22.649528],[-48.05667,-22.654787],[-48.054805,-22.656003],[-48.051406,-22.655432],[-48.051165,-22.656419],[-48.052278,-22.657585],[-48.055889,-22.657492],[-48.057377,-22.653596],[-48.056334,-22.651427],[-48.057159,-22.650151],[-48.057367,-22.652812],[-48.058605,-22.646638],[-48.061085,-22.642027],[-48.059221,-22.643754],[-48.058299,-22.646588],[-48.057551,-22.644457],[-48.057978,-22.647347],[-48.056539,-22.65057],[-48.055759,-22.65052],[-48.053253,-22.645763],[-48.051203,-22.64478],[-48.05123,-22.646932],[-48.049804,-22.647096],[-48.051003,-22.644254],[-48.049296,-22.645484],[-48.050506,-22.645346],[-48.049149,-22.646811],[-48.047257,-22.645701],[-48.047478,-22.647004]],[[-48.06341,-22.646699],[-48.062875,-22.64702],[-48.06341,-22.646699]],[[-48.070772,-22.646461],[-48.070772,-22.646461]],[[-47.801228,-22.651373],[-47.801239,-22.651815]],[[-47.801228,-22.651369],[-47.800256,-22.65103]],[[-47.656041,-22.653754],[-47.656041,-22.653754]],[[-47.74506,-22.652205],[-47.741001,-22.652893]],[[-48.066271,-22.646351],[-48.070216,-22.64979],[-48.077295,-22.652581],[-48.075275,-22.649677],[-48.074523,-22.650569],[-48.072857,-22.648777],[-48.070492,-22.649477],[-48.066271,-22.646351]],[[-48.066271,-22.646351],[-48.066271,-22.646351]],[[-48.06419,-22.64634],[-48.06419,-22.64634]],[[-47.783773,-22.651455],[-47.782018,-22.653347]],[[-47.753901,-22.651972],[-47.751224,-22.654655],[-47.750487,-22.656786],[-47.748851,-22.657063]],[[-47.769507,-22.651687],[-47.766655,-22.652434]],[[-47.656165,-22.653546],[-47.656165,-22.653546]],[[-47.656319,-22.65354],[-47.656319,-22.65354]],[[-47.677558,-22.653083],[-47.679418,-22.652965],[-47.677681,-22.655682],[-47.677971,-22.658493],[-47.676024,-22.663685]],[[-47.800265,-22.650978],[-47.798078,-22.650748]],[[-47.627196,-22.653895],[-47.626587,-22.656857]],[[-47.677497,-22.653061],[-47.676922,-22.652903]],[[-47.677493,-22.653012],[-47.676949,-22.652831]],[[-47.732823,-22.652063],[-47.731915,-22.652315],[-47.731898,-22.654716]],[[-47.656865,-22.653332],[-47.656865,-22.653332]],[[-47.530647,-22.655309],[-47.52921,-22.656406],[-47.528747,-22.661185]],[[-47.798024,-22.650808],[-47.800207,-22.651015]],[[-47.676821,-22.652855],[-47.676569,-22.651825]],[[-47.75759,-22.651479],[-47.757026,-22.653053]],[[-47.709619,-22.652296],[-47.710277,-22.651392]],[[-47.709599,-22.652292],[-47.707189,-22.654804]],[[-47.777839,-22.651112],[-47.779306,-22.649683]],[[-47.654991,-22.653177],[-47.654991,-22.653177]],[[-47.676815,-22.652812],[-47.676306,-22.651756]],[[-47.786438,-22.650924],[-47.785855,-22.651773]],[[-47.797788,-22.650661],[-47.797674,-22.650367]],[[-47.733685,-22.651766],[-47.733682,-22.651765]],[[-47.733685,-22.651766],[-47.732642,-22.651358],[-47.733685,-22.651766]],[[-47.725602,-22.651884],[-47.723641,-22.649912]],[[-47.727585,-22.65181],[-47.727588,-22.651813]],[[-47.727585,-22.65181],[-47.728694,-22.651211],[-47.731433,-22.6521]],[[-47.793499,-22.650656],[-47.794951,-22.650345]],[[-47.73438,-22.651669],[-47.73438,-22.651669]],[[-47.634557,-22.65334],[-47.635445,-22.651273]],[[-47.734403,-22.651646],[-47.734054,-22.650114],[-47.737316,-22.647996]],[[-47.673624,-22.652599],[-47.66956,-22.655682],[-47.66554,-22.655491],[-47.663227,-22.656427]],[[-47.673624,-22.652599],[-47.671534,-22.65209],[-47.671923,-22.650746],[-47.669369,-22.649921]],[[-48.048231,-22.645896],[-48.04887,-22.6464],[-48.048231,-22.645896]],[[-47.723325,-22.651731],[-47.726551,-22.652021]],[[-47.797674,-22.650367],[-47.797675,-22.650367]],[[-47.797674,-22.650367],[-47.798091,-22.649065],[-47.799997,-22.648534]],[[-47.796119,-22.650389],[-47.797674,-22.650367]],[[-48.042412,-22.645889],[-48.041488,-22.646405],[-48.042045,-22.648032],[-48.043202,-22.647778],[-48.04359,-22.646283],[-48.042412,-22.645889]],[[-47.734066,-22.651378],[-47.733685,-22.651766]],[[-47.785105,-22.650463],[-47.783819,-22.651427]],[[-47.553664,-22.65425],[-47.552367,-22.654398]],[[-47.553664,-22.65425],[-47.55414,-22.652347],[-47.553434,-22.652244],[-47.555209,-22.651006],[-47.554428,-22.6497],[-47.555298,-22.647263]],[[-48.047582,-22.645611],[-48.049004,-22.646373],[-48.047311,-22.644517],[-48.047582,-22.645611]],[[-48.084449,-22.644874],[-48.089957,-22.647307]],[[-47.650228,-22.652516],[-47.648818,-22.655179],[-47.6492,-22.656074]],[[-47.650228,-22.652516],[-47.640041,-22.653158]],[[-47.650355,-22.652448],[-47.650228,-22.652516]],[[-47.710277,-22.651392],[-47.711988,-22.649822]],[[-47.710277,-22.651392],[-47.710129,-22.648918]],[[-47.779923,-22.650145],[-47.779831,-22.651277]],[[-47.787331,-22.650013],[-47.78901,-22.650321]],[[-47.653106,-22.652291],[-47.653106,-22.652291]],[[-47.652813,-22.65224],[-47.652813,-22.65224]],[[-47.652813,-22.65224],[-47.652917,-22.651968]],[[-47.676569,-22.651825],[-47.673624,-22.652599]],[[-47.676306,-22.651756],[-47.676306,-22.651755]],[[-47.676306,-22.651756],[-47.674492,-22.652899],[-47.67156,-22.652033],[-47.671908,-22.650666],[-47.668201,-22.648931],[-47.669784,-22.647774],[-47.668347,-22.64701]],[[-47.737416,-22.650679],[-47.736182,-22.64892]],[[-47.616705,-22.652651],[-47.616705,-22.652651]],[[-47.616716,-22.652638],[-47.616715,-22.652637]],[[-47.616716,-22.652638],[-47.617778,-22.655259],[-47.622023,-22.658189],[-47.620122,-22.657767],[-47.619951,-22.656442],[-47.617758,-22.655265],[-47.616427,-22.652368]],[[-47.780265,-22.649838],[-47.782237,-22.648079]],[[-47.652917,-22.651968],[-47.653188,-22.651797]],[[-47.62671,-22.65236],[-47.62671,-22.65236]],[[-47.616216,-22.652497],[-47.613968,-22.653546]],[[-47.779306,-22.649683],[-47.779307,-22.649682]],[[-47.779306,-22.649683],[-47.780299,-22.649893],[-47.779306,-22.649683]],[[-47.596071,-22.652735],[-47.596062,-22.652641]],[[-47.867307,-22.648078],[-47.869223,-22.647068],[-47.870218,-22.647874],[-47.88011,-22.647881],[-47.893784,-22.658248],[-47.906886,-22.66234],[-47.910716,-22.660768],[-47.909617,-22.660137]],[[-47.596062,-22.652641],[-47.596069,-22.652577]],[[-47.596062,-22.652641],[-47.596069,-22.652577]],[[-47.73988,-22.650238],[-47.741723,-22.645641],[-47.742665,-22.645428]],[[-47.596069,-22.652577],[-47.596067,-22.652531]],[[-47.596069,-22.652577],[-47.596067,-22.652531]],[[-47.596067,-22.652531],[-47.596063,-22.652477]],[[-47.596067,-22.652531],[-47.595991,-22.65241]],[[-47.748955,-22.649948],[-47.747766,-22.649532],[-47.747411,-22.648098],[-47.74618,-22.648196]],[[-47.749058,-22.649936],[-47.749668,-22.650169],[-47.749373,-22.64932]],[[-47.596063,-22.652477],[-47.596062,-22.65248]],[[-47.596063,-22.652477],[-47.595991,-22.65241]],[[-48.080404,-22.643886],[-48.084857,-22.647466],[-48.085016,-22.650133],[-48.081265,-22.644852],[-48.081029,-22.646392],[-48.072182,-22.640545],[-48.080171,-22.645286],[-48.080404,-22.643886]],[[-47.596067,-22.652458],[-47.596069,-22.652525]],[[-47.596067,-22.652458],[-47.596063,-22.652477]],[[-47.531014,-22.653498],[-47.53066,-22.655251]],[[-47.748987,-22.649891],[-47.747682,-22.64897]],[[-47.76281,-22.64965],[-47.76122,-22.648191]],[[-47.76281,-22.64965],[-47.764218,-22.647853]],[[-47.596065,-22.652436],[-47.596067,-22.652458]],[[-47.596065,-22.652436],[-47.596067,-22.652458]],[[-47.595991,-22.65241],[-47.596061,-22.652381]],[[-47.595991,-22.65241],[-47.59596,-22.652291]],[[-47.727575,-22.650209],[-47.727585,-22.65181]],[[-47.596061,-22.652381],[-47.596065,-22.652436]],[[-47.596061,-22.652381],[-47.596065,-22.652436]],[[-47.693072,-22.650777],[-47.692122,-22.651938],[-47.692184,-22.654231]],[[-47.72137,-22.650287],[-47.72137,-22.650287]],[[-47.693178,-22.650704],[-47.69317,-22.650745]],[[-47.59596,-22.652295],[-47.59596,-22.652291]],[[-47.59596,-22.652291],[-47.596061,-22.652381]],[[-47.59596,-22.652291],[-47.59575,-22.64965]],[[-47.784194,-22.6491],[-47.784539,-22.648371]],[[-47.653969,-22.651299],[-47.654207,-22.651708]],[[-47.616035,-22.651823],[-47.615831,-22.650528]],[[-47.80005,-22.648605],[-47.798064,-22.649157],[-47.797843,-22.650616]],[[-47.747223,-22.649489],[-47.747752,-22.649507]],[[-47.800078,-22.648533],[-47.800429,-22.648165]],[[-47.792615,-22.648633],[-47.795955,-22.650361]],[[-47.800023,-22.648487],[-47.800422,-22.648155]],[[-47.635445,-22.651273],[-47.635444,-22.65127]],[[-47.635445,-22.651273],[-47.630916,-22.651499]],[[-47.749246,-22.649353],[-47.748516,-22.648207]],[[-47.778555,-22.648834],[-47.779407,-22.649508]],[[-47.636336,-22.6512],[-47.6361,-22.652959]],[[-47.636336,-22.6512],[-47.635445,-22.651273]],[[-47.639651,-22.651142],[-47.643417,-22.649087]],[[-47.657619,-22.650844],[-47.65656,-22.651484]],[[-47.749281,-22.649287],[-47.748383,-22.648435],[-47.749158,-22.64609],[-47.747819,-22.642918]],[[-47.615051,-22.651501],[-47.616716,-22.652638]],[[-47.615051,-22.651501],[-47.615055,-22.651334]],[[-47.788224,-22.648561],[-47.786492,-22.650878]],[[-47.788224,-22.648561],[-47.790761,-22.648474]],[[-47.53144,-22.652756],[-47.530951,-22.653423]],[[-47.800427,-22.648146],[-47.802351,-22.645718],[-47.799168,-22.644746]],[[-47.75952,-22.648826],[-47.761209,-22.651189]],[[-47.6933,-22.64994],[-47.6933,-22.64994]],[[-47.747682,-22.64897],[-47.747457,-22.648009],[-47.746271,-22.648166]],[[-47.784662,-22.648304],[-47.786599,-22.646705]],[[-47.693413,-22.649827],[-47.693413,-22.649827]],[[-47.552778,-22.652114],[-47.553548,-22.652111]],[[-47.72994,-22.649081],[-47.732825,-22.651311]],[[-47.796364,-22.647932],[-47.798444,-22.648939]],[[-47.652226,-22.650344],[-47.650467,-22.652417]],[[-47.652226,-22.650344],[-47.652226,-22.650344]],[[-47.652227,-22.650343],[-47.652226,-22.650344]],[[-47.56949,-22.65163],[-47.569491,-22.651629]],[[-47.569491,-22.651629],[-47.568093,-22.650654]],[[-47.569491,-22.651629],[-47.572584,-22.650285]],[[-47.669369,-22.649921],[-47.667578,-22.651829]],[[-47.669369,-22.649921],[-47.668077,-22.648778],[-47.669686,-22.647624],[-47.66629,-22.646799]],[[-47.637367,-22.650391],[-47.637371,-22.650391]],[[-47.637367,-22.650391],[-47.636336,-22.6512]],[[-47.793384,-22.647679],[-47.795786,-22.645473],[-47.795914,-22.643942]],[[-47.664681,-22.649847],[-47.665746,-22.652621]],[[-47.755015,-22.64826],[-47.75391,-22.649787],[-47.754076,-22.651879]],[[-47.735936,-22.648576],[-47.73464,-22.649481],[-47.731981,-22.648123]],[[-47.658419,-22.649792],[-47.65762,-22.650859],[-47.658337,-22.650729]],[[-47.637785,-22.650076],[-47.637367,-22.650391]],[[-47.736162,-22.648425],[-47.73656,-22.648666]],[[-47.746183,-22.648186],[-47.742124,-22.64461]],[[-47.660447,-22.649627],[-47.658341,-22.649914],[-47.660143,-22.649935]],[[-47.660447,-22.649627],[-47.660006,-22.64951]],[[-47.735969,-22.648353],[-47.735969,-22.648353]],[[-47.764218,-22.647853],[-47.764223,-22.647861]],[[-47.764218,-22.647853],[-47.766,-22.646347],[-47.768367,-22.646848]],[[-47.664232,-22.649514],[-47.664076,-22.649249]],[[-47.653315,-22.649695],[-47.654226,-22.650706],[-47.652917,-22.651968]],[[-47.653315,-22.649695],[-47.652579,-22.649514]],[[-48.062065,-22.642349],[-48.059675,-22.64706],[-48.064469,-22.644569],[-48.06764,-22.644226],[-48.064129,-22.643338],[-48.070248,-22.64414],[-48.072795,-22.645097],[-48.075699,-22.648494],[-48.077582,-22.649129],[-48.0796,-22.652717],[-48.080846,-22.651931],[-48.082049,-22.653401],[-48.080154,-22.649618],[-48.078469,-22.648546],[-48.079094,-22.647267],[-48.072095,-22.64125],[-48.070934,-22.640893],[-48.074221,-22.642893],[-48.078098,-22.648338],[-48.075616,-22.647977],[-48.075333,-22.645714],[-48.073121,-22.644292],[-48.063324,-22.643299],[-48.062065,-22.642349]],[[-47.660006,-22.64951],[-47.660357,-22.649566]],[[-47.660006,-22.64951],[-47.658713,-22.649175]],[[-47.652579,-22.649514],[-47.652352,-22.649795]],[[-47.652579,-22.649514],[-47.654005,-22.647869]],[[-47.652584,-22.64951],[-47.652579,-22.649514]],[[-47.664076,-22.649249],[-47.664078,-22.649244]],[[-47.664076,-22.649249],[-47.664181,-22.649303]],[[-47.737316,-22.647996],[-47.737318,-22.647993]],[[-47.737316,-22.647996],[-47.737021,-22.646658],[-47.737316,-22.647996]],[[-47.635575,-22.649636],[-47.637367,-22.650391]],[[-47.658713,-22.649175],[-47.658721,-22.649176]],[[-47.658713,-22.649175],[-47.658713,-22.649175]],[[-47.664063,-22.648963],[-47.664016,-22.648914]],[[-47.658171,-22.649059],[-47.657146,-22.648378]],[[-47.704932,-22.648173],[-47.704941,-22.648168]],[[-47.704941,-22.648168],[-47.704492,-22.6471]],[[-47.704941,-22.648168],[-47.710423,-22.646767]],[[-47.678588,-22.648606],[-47.678575,-22.648616]],[[-47.678588,-22.648606],[-47.678254,-22.649643],[-47.679726,-22.652427],[-47.677553,-22.65302]],[[-47.638609,-22.649251],[-47.637898,-22.650018]],[[-47.615533,-22.64959],[-47.614613,-22.650067],[-47.615051,-22.651501]],[[-47.643417,-22.649087],[-47.643417,-22.649087]],[[-47.643417,-22.649087],[-47.64414,-22.64859]],[[-47.572617,-22.650229],[-47.573673,-22.648095]],[[-47.663932,-22.648664],[-47.663294,-22.647656],[-47.663684,-22.648326]],[[-47.792478,-22.64647],[-47.794706,-22.644105]],[[-47.646394,-22.648937],[-47.646394,-22.648937]],[[-47.638812,-22.649062],[-47.638783,-22.649087]],[[-47.638812,-22.649062],[-47.639467,-22.648728],[-47.638812,-22.649062]],[[-47.638817,-22.649058],[-47.638812,-22.649062]],[[-47.720204,-22.647666],[-47.720661,-22.643743]],[[-48.056792,-22.641533],[-48.056544,-22.642643],[-48.057883,-22.642384],[-48.056792,-22.641533]],[[-47.678886,-22.648257],[-47.678886,-22.64826]],[[-47.678886,-22.648257],[-47.678588,-22.648606]],[[-47.64595,-22.648728],[-47.642005,-22.647715],[-47.639643,-22.648443]],[[-47.595822,-22.649513],[-47.59577,-22.649554]],[[-47.595822,-22.649513],[-47.595822,-22.649513]],[[-47.6783,-22.648146],[-47.678886,-22.648257]],[[-47.72961,-22.647252],[-47.731553,-22.644192]],[[-47.533374,-22.650472],[-47.531698,-22.652525]],[[-47.762745,-22.646624],[-47.764218,-22.647853]],[[-47.788678,-22.646152],[-47.788224,-22.648561]],[[-47.595946,-22.649356],[-47.595793,-22.647816],[-47.592618,-22.645561],[-47.584242,-22.641713],[-47.581366,-22.636231],[-47.578555,-22.634407]],[[-47.63921,-22.648641],[-47.639483,-22.648292]],[[-47.717142,-22.647303],[-47.720661,-22.643743]],[[-48.069255,-22.640852],[-48.071026,-22.64246],[-48.069255,-22.640852]],[[-47.639643,-22.648443],[-47.639642,-22.648439]],[[-47.639643,-22.648443],[-47.639643,-22.648443]],[[-47.639483,-22.648292],[-47.639954,-22.648395]],[[-47.639483,-22.648292],[-47.638657,-22.647447]],[[-48.058357,-22.640803],[-48.058357,-22.640803]],[[-48.070891,-22.640516],[-48.070891,-22.640516]],[[-48.052377,-22.640801],[-48.055153,-22.640822],[-48.054594,-22.641551],[-48.05491,-22.641026],[-48.053066,-22.641239],[-48.054178,-22.642506],[-48.052833,-22.643155],[-48.053386,-22.643921],[-48.052153,-22.643135],[-48.051232,-22.64398],[-48.051834,-22.64515],[-48.05188,-22.644],[-48.052726,-22.643971],[-48.052007,-22.645201],[-48.04978,-22.643393],[-48.047934,-22.644557],[-48.050736,-22.642646],[-48.053289,-22.642731],[-48.052377,-22.640801]],[[-47.656924,-22.647826],[-47.657019,-22.646492]],[[-47.647846,-22.647944],[-47.646065,-22.648831]],[[-47.647846,-22.647944],[-47.648744,-22.647007]],[[-47.663294,-22.647642],[-47.662484,-22.647339],[-47.661574,-22.649569],[-47.660447,-22.649627]],[[-47.656916,-22.647738],[-47.654476,-22.647508],[-47.653315,-22.649695]],[[-47.77602,-22.645663],[-47.778552,-22.643341]],[[-47.640754,-22.647893],[-47.64106,-22.64745]],[[-48.061357,-22.640323],[-48.060394,-22.640357],[-48.05988,-22.64192],[-48.061419,-22.641312],[-48.061357,-22.640323]],[[-47.713234,-22.646576],[-47.712978,-22.647377]],[[-48.072307,-22.640082],[-48.072307,-22.640082]],[[-47.692834,-22.646839],[-47.694005,-22.649734],[-47.693367,-22.650608]],[[-47.641395,-22.64767],[-47.64106,-22.64745]],[[-48.066642,-22.639983],[-48.065388,-22.639746],[-48.068073,-22.640001],[-48.066642,-22.639983]],[[-48.061102,-22.640068],[-48.061102,-22.640068]],[[-47.770576,-22.645355],[-47.772239,-22.645964],[-47.773648,-22.645309]],[[-47.782219,-22.645123],[-47.780916,-22.643839]],[[-47.741669,-22.645773],[-47.741572,-22.645668]],[[-47.668347,-22.64701],[-47.666823,-22.647258],[-47.666064,-22.646253]],[[-47.668347,-22.64701],[-47.668537,-22.644421]],[[-47.64106,-22.64745],[-47.641064,-22.647451]],[[-47.64106,-22.64745],[-47.641388,-22.647666]],[[-47.641064,-22.647443],[-47.638837,-22.645807],[-47.638584,-22.644385]],[[-47.799168,-22.644746],[-47.799169,-22.644746]],[[-47.799168,-22.644746],[-47.799079,-22.643769]],[[-48.070293,-22.639743],[-48.070293,-22.639743]],[[-47.638377,-22.647409],[-47.635244,-22.646265]],[[-48.071349,-22.639668],[-48.071349,-22.639668]],[[-47.798465,-22.644622],[-47.799168,-22.644746]],[[-48.06986,-22.639626],[-48.06986,-22.639626]],[[-47.741478,-22.645577],[-47.738188,-22.645547],[-47.737038,-22.64665]],[[-47.66629,-22.646799],[-47.666635,-22.64799],[-47.664388,-22.649821]],[[-47.66629,-22.646799],[-47.664759,-22.645675],[-47.664827,-22.643846],[-47.66357,-22.642739],[-47.664063,-22.638341]],[[-47.76728,-22.645081],[-47.766048,-22.646328]],[[-47.648744,-22.647007],[-47.648745,-22.647006]],[[-47.648744,-22.647007],[-47.648827,-22.646768]],[[-47.741452,-22.645442],[-47.741452,-22.645442]],[[-47.648748,-22.646992],[-47.648744,-22.647007]],[[-47.648748,-22.646992],[-47.644795,-22.644296]],[[-48.060142,-22.639606],[-48.060142,-22.639606]],[[-48.058342,-22.639638],[-48.059454,-22.639271],[-48.058342,-22.639638]],[[-47.761218,-22.645009],[-47.758315,-22.646776],[-47.755725,-22.646871],[-47.75502,-22.648157]],[[-48.059741,-22.639583],[-48.059741,-22.639583]],[[-47.635408,-22.647119],[-47.635596,-22.646639]],[[-47.741156,-22.645308],[-47.741156,-22.645308]],[[-47.573681,-22.64801],[-47.574563,-22.646737],[-47.573014,-22.643409]],[[-47.702568,-22.645882],[-47.700819,-22.646954],[-47.699022,-22.6465],[-47.693069,-22.64789]],[[-47.781811,-22.644443],[-47.782119,-22.643933]],[[-48.058287,-22.639399],[-48.058287,-22.639399]],[[-47.617309,-22.647146],[-47.615533,-22.64959]],[[-47.617309,-22.647146],[-47.61953,-22.645827],[-47.622462,-22.648745],[-47.627337,-22.649482]],[[-47.741183,-22.645069],[-47.741183,-22.645069]],[[-48.055444,-22.639372],[-48.055444,-22.639372]],[[-47.741651,-22.645034],[-47.741651,-22.645034]],[[-47.794426,-22.644089],[-47.79475,-22.64409]],[[-48.056164,-22.639298],[-48.056164,-22.639298]],[[-47.74053,-22.644961],[-47.741846,-22.644598]],[[-47.715105,-22.645373],[-47.715108,-22.644093]],[[-47.794806,-22.643998],[-47.795689,-22.643972],[-47.794806,-22.643998]],[[-47.795693,-22.643968],[-47.798404,-22.644602]],[[-47.740241,-22.644887],[-47.740246,-22.644884]],[[-47.740246,-22.644884],[-47.740426,-22.644987]],[[-47.740246,-22.644884],[-47.739465,-22.642147],[-47.736526,-22.64261],[-47.734991,-22.640696],[-47.731706,-22.64054]],[[-47.765208,-22.644442],[-47.764774,-22.646191]],[[-47.741178,-22.644843],[-47.741178,-22.644843]],[[-47.74158,-22.64483],[-47.74158,-22.64483]],[[-47.793915,-22.643918],[-47.793915,-22.643918]],[[-47.799079,-22.643769],[-47.799082,-22.64377]],[[-47.799079,-22.643769],[-47.80068,-22.643676],[-47.800557,-22.642009],[-47.801665,-22.641101],[-47.799013,-22.638067],[-47.799046,-22.637015],[-47.801576,-22.635122],[-47.79974,-22.63378]],[[-47.649361,-22.646277],[-47.648748,-22.646992]],[[-48.063154,-22.638865],[-48.061809,-22.639658],[-48.063154,-22.638865]],[[-47.693979,-22.645495],[-47.693979,-22.645488]],[[-47.575125,-22.647447],[-47.575123,-22.64745]],[[-47.575125,-22.647447],[-47.574024,-22.64801],[-47.575827,-22.646831],[-47.575141,-22.647435]],[[-47.741538,-22.644677],[-47.741538,-22.644677]],[[-47.575141,-22.647435],[-47.575125,-22.647447]],[[-47.575141,-22.647435],[-47.575125,-22.647447]],[[-47.74141,-22.644675],[-47.74141,-22.644675]],[[-47.794743,-22.643733],[-47.794743,-22.643733]],[[-47.742124,-22.64461],[-47.741925,-22.644486]],[[-47.742124,-22.64461],[-47.742676,-22.643174],[-47.740712,-22.638225]],[[-47.771753,-22.644086],[-47.776013,-22.645682],[-47.77533,-22.647918]],[[-47.741846,-22.644598],[-47.741846,-22.644598]],[[-47.575196,-22.647359],[-47.573837,-22.647772]],[[-47.64492,-22.646216],[-47.647846,-22.647944]],[[-48.055217,-22.638906],[-48.055217,-22.638906]],[[-47.794311,-22.643638],[-47.794311,-22.643638]],[[-47.657078,-22.645968],[-47.65679,-22.645235]],[[-47.782172,-22.643826],[-47.78413,-22.641005]],[[-48.058894,-22.638776],[-48.058894,-22.638776]],[[-48.063935,-22.638637],[-48.063935,-22.638637]],[[-47.793563,-22.643565],[-47.794058,-22.643847]],[[-47.779576,-22.643803],[-47.779397,-22.643882]],[[-47.779131,-22.643781],[-47.778556,-22.643345]],[[-47.798728,-22.643414],[-47.799079,-22.643769]],[[-47.792936,-22.643443],[-47.79034,-22.644833]],[[-47.773478,-22.643781],[-47.772868,-22.644687]],[[-47.763163,-22.6439],[-47.764909,-22.647127]],[[-47.785126,-22.643516],[-47.788207,-22.644308]],[[-47.789681,-22.643433],[-47.790248,-22.643154]],[[-47.785107,-22.643509],[-47.785746,-22.644896]],[[-47.555341,-22.64729],[-47.554571,-22.649591],[-47.555293,-22.651044],[-47.553526,-22.652234],[-47.554271,-22.65218],[-47.553882,-22.655383],[-47.553003,-22.655708],[-47.555505,-22.658128],[-47.557936,-22.664616],[-47.559296,-22.665116],[-47.559526,-22.664047],[-47.559978,-22.665711],[-47.563341,-22.667068],[-47.562791,-22.668132]],[[-47.793206,-22.643305],[-47.793576,-22.64399],[-47.793206,-22.643305]],[[-47.798582,-22.643166],[-47.798735,-22.643239]],[[-47.555301,-22.647208],[-47.554533,-22.643557],[-47.555193,-22.640344],[-47.552519,-22.639602],[-47.554417,-22.636616],[-47.552289,-22.636286],[-47.551813,-22.635295]],[[-47.61777,-22.646191],[-47.617309,-22.647146]],[[-47.555369,-22.647134],[-47.55961,-22.646604]],[[-47.780745,-22.643358],[-47.779781,-22.64369]],[[-47.790248,-22.643154],[-47.790248,-22.643154]],[[-47.790248,-22.643154],[-47.792189,-22.642652]],[[-47.711315,-22.644482],[-47.714369,-22.644407]],[[-47.800125,-22.64294],[-47.79933,-22.643491],[-47.800125,-22.64294]],[[-47.798888,-22.642931],[-47.798888,-22.642931]],[[-48.066492,-22.638017],[-48.064736,-22.638548],[-48.066492,-22.638017]],[[-47.680398,-22.644936],[-47.680506,-22.646491],[-47.678499,-22.649273],[-47.680061,-22.652371],[-47.678417,-22.65532]],[[-47.680398,-22.644936],[-47.680527,-22.644721]],[[-47.694975,-22.64463],[-47.694975,-22.64463]],[[-47.690648,-22.644635],[-47.690649,-22.644633]],[[-47.690649,-22.644633],[-47.692548,-22.64657]],[[-47.690649,-22.644633],[-47.691654,-22.643613]],[[-47.778584,-22.643119],[-47.77689,-22.639551]],[[-47.797885,-22.642774],[-47.798325,-22.642812]],[[-48.056606,-22.638025],[-48.05601,-22.639107],[-48.056944,-22.637939]],[[-48.056606,-22.638025],[-48.056944,-22.637939]],[[-48.056464,-22.638026],[-48.056606,-22.638025]],[[-48.056464,-22.638026],[-48.056482,-22.638013]],[[-47.680527,-22.644721],[-47.681066,-22.64434]],[[-47.574944,-22.64642],[-47.574944,-22.64642]],[[-48.056944,-22.637939],[-48.057281,-22.637846]],[[-47.797427,-22.64266],[-47.797528,-22.642629]],[[-47.656586,-22.645053],[-47.655664,-22.644774]],[[-47.798246,-22.642603],[-47.798563,-22.643181],[-47.798246,-22.642603]],[[-48.057281,-22.637846],[-48.057499,-22.637817]],[[-48.057499,-22.637817],[-48.056249,-22.63927],[-48.057281,-22.637846]],[[-48.057499,-22.637817],[-48.058418,-22.63762]],[[-47.55972,-22.646535],[-47.563663,-22.640723],[-47.567957,-22.639317],[-47.567372,-22.639516]],[[-47.537452,-22.646785],[-47.536697,-22.648317],[-47.534187,-22.648366],[-47.533658,-22.650232]],[[-47.765602,-22.642991],[-47.766392,-22.641796]],[[-47.720661,-22.643743],[-47.720672,-22.643725]],[[-47.720661,-22.643743],[-47.720791,-22.641017]],[[-48.058418,-22.63762],[-48.056193,-22.641042],[-48.057754,-22.640752],[-48.057623,-22.639252],[-48.059317,-22.637465]],[[-48.058418,-22.63762],[-48.059317,-22.637465]],[[-47.655228,-22.644775],[-47.653326,-22.64439]],[[-47.681066,-22.64434],[-47.680527,-22.644721]],[[-47.681066,-22.64434],[-47.684337,-22.643895],[-47.685924,-22.642198]],[[-47.767231,-22.642833],[-47.766345,-22.641723],[-47.767255,-22.638544]],[[-47.783452,-22.642546],[-47.785047,-22.643458]],[[-47.797881,-22.642294],[-47.797881,-22.642294]],[[-48.059317,-22.637465],[-48.061364,-22.636977]],[[-47.668537,-22.644421],[-47.667369,-22.641636]],[[-47.668537,-22.644421],[-47.672813,-22.641476]],[[-47.713594,-22.643664],[-47.714495,-22.64435]],[[-47.789305,-22.642291],[-47.790659,-22.641765]],[[-47.629448,-22.644927],[-47.636474,-22.640599],[-47.637748,-22.638589]],[[-47.769395,-22.642538],[-47.772356,-22.640613],[-47.77406,-22.638089]],[[-47.747819,-22.642896],[-47.748198,-22.639835]],[[-47.651302,-22.644435],[-47.649426,-22.646213]],[[-47.677806,-22.643984],[-47.679193,-22.643761]],[[-47.652646,-22.64436],[-47.651448,-22.644538]],[[-47.652646,-22.64436],[-47.65438,-22.642935],[-47.651897,-22.641838]],[[-47.653022,-22.644302],[-47.652646,-22.64436]],[[-47.679607,-22.643844],[-47.680217,-22.646416],[-47.678886,-22.648257]],[[-47.679607,-22.643844],[-47.679611,-22.643843]],[[-47.725328,-22.643051],[-47.725772,-22.64089],[-47.724581,-22.640214]],[[-48.061364,-22.636977],[-48.063722,-22.636748]],[[-47.574507,-22.645512],[-47.574507,-22.645512]],[[-47.679282,-22.643791],[-47.679607,-22.643844]],[[-47.691903,-22.643534],[-47.693571,-22.642637]],[[-48.063722,-22.636748],[-48.065853,-22.636837],[-48.084449,-22.644874]],[[-48.063722,-22.636748],[-48.064377,-22.636972],[-48.061364,-22.636977]],[[-47.747162,-22.642424],[-47.747761,-22.642966]],[[-47.794725,-22.641566],[-47.795252,-22.639988]],[[-47.57529,-22.645198],[-47.575141,-22.647435]],[[-47.786321,-22.641593],[-47.78413,-22.641005]],[[-47.580953,-22.645023],[-47.580953,-22.645023]],[[-47.572819,-22.645151],[-47.573224,-22.644865]],[[-47.71656,-22.642738],[-47.713922,-22.644808],[-47.713314,-22.646476]],[[-47.574373,-22.645081],[-47.574373,-22.645081]],[[-47.544415,-22.645483],[-47.544415,-22.645483]],[[-47.735854,-22.642298],[-47.730538,-22.644259],[-47.72613,-22.647321]],[[-47.700948,-22.642791],[-47.701038,-22.639987]],[[-47.573224,-22.644865],[-47.573956,-22.646328],[-47.573348,-22.646945],[-47.574486,-22.646822]],[[-47.742295,-22.641907],[-47.743936,-22.637244]],[[-47.544376,-22.645138],[-47.544376,-22.645138]],[[-47.580773,-22.644548],[-47.580292,-22.645164],[-47.580773,-22.644548]],[[-47.728237,-22.641967],[-47.730458,-22.639731]],[[-47.78413,-22.641005],[-47.784128,-22.641005]],[[-47.78413,-22.641005],[-47.784622,-22.639068]],[[-47.793917,-22.640787],[-47.793977,-22.640501]],[[-47.750383,-22.641449],[-47.748333,-22.640933]],[[-47.74569,-22.641515],[-47.747035,-22.642383]],[[-47.789632,-22.6407],[-47.793178,-22.643323]],[[-47.67601,-22.642599],[-47.675349,-22.646755],[-47.678154,-22.64812]],[[-47.690114,-22.642351],[-47.688709,-22.641871]],[[-47.574672,-22.644235],[-47.575577,-22.645411],[-47.574672,-22.644235]],[[-47.574672,-22.644235],[-47.574665,-22.644232]],[[-47.714503,-22.64187],[-47.717363,-22.642868]],[[-47.794255,-22.640369],[-47.794281,-22.639556]],[[-47.685924,-22.642198],[-47.687521,-22.641307]],[[-47.637704,-22.642994],[-47.636131,-22.642913]],[[-47.794059,-22.640312],[-47.794059,-22.640312]],[[-47.636131,-22.642913],[-47.63648,-22.643717]],[[-47.636131,-22.642913],[-47.636388,-22.64282]],[[-47.619544,-22.643151],[-47.6191,-22.6451],[-47.617765,-22.646192],[-47.618478,-22.645704]],[[-47.613439,-22.64315],[-47.615571,-22.646246],[-47.614892,-22.646956],[-47.615533,-22.64959]],[[-47.688709,-22.641871],[-47.690649,-22.644633]],[[-47.688709,-22.641871],[-47.68869,-22.641873]],[[-47.795252,-22.639988],[-47.795253,-22.639987]],[[-47.795252,-22.639988],[-47.794223,-22.639406]],[[-47.796227,-22.639932],[-47.796339,-22.640662],[-47.796227,-22.639932]],[[-47.799711,-22.639838],[-47.800128,-22.640447],[-47.799711,-22.639838]],[[-47.685542,-22.641734],[-47.685924,-22.642198]],[[-47.572658,-22.64355],[-47.573224,-22.644865]],[[-47.720576,-22.641073],[-47.720579,-22.641077]],[[-47.720576,-22.641073],[-47.717359,-22.642876],[-47.716866,-22.644707]],[[-47.554866,-22.6438],[-47.558131,-22.644435]],[[-47.772868,-22.64014],[-47.772974,-22.642938]],[[-47.635878,-22.642444],[-47.635649,-22.641062]],[[-47.644343,-22.642276],[-47.649451,-22.640719]],[[-47.685293,-22.641591],[-47.685218,-22.641805]],[[-47.685293,-22.641591],[-47.686225,-22.639543]],[[-47.777556,-22.639914],[-47.777004,-22.639929]],[[-47.653585,-22.642012],[-47.653784,-22.641292]],[[-47.57265,-22.643321],[-47.572312,-22.644167],[-47.57265,-22.643321]],[[-47.760916,-22.640157],[-47.767255,-22.638544]],[[-47.733317,-22.640589],[-47.734654,-22.637511]],[[-47.687676,-22.641312],[-47.688709,-22.641871]],[[-47.687521,-22.641307],[-47.687521,-22.641305]],[[-47.687521,-22.641307],[-47.687521,-22.641307]],[[-47.667369,-22.641636],[-47.667325,-22.63999]],[[-47.667369,-22.641636],[-47.669439,-22.639303]],[[-47.731582,-22.640517],[-47.728208,-22.639099],[-47.724581,-22.640214]],[[-47.795263,-22.639406],[-47.795252,-22.639988]],[[-47.651799,-22.641825],[-47.64986,-22.640288]],[[-47.573385,-22.643058],[-47.574672,-22.644235]],[[-47.776886,-22.639562],[-47.77689,-22.639551]],[[-47.77689,-22.639551],[-47.775949,-22.638886],[-47.776579,-22.639256]],[[-47.77689,-22.639551],[-47.776898,-22.638654]],[[-47.79867,-22.639026],[-47.801234,-22.641241]],[[-47.748198,-22.639835],[-47.748192,-22.639837]],[[-47.748198,-22.639835],[-47.748198,-22.639835]],[[-47.724581,-22.640214],[-47.721566,-22.640114],[-47.720576,-22.641073]],[[-47.784665,-22.639138],[-47.788442,-22.640308]],[[-47.776587,-22.639263],[-47.778444,-22.642879]],[[-47.784622,-22.639068],[-47.784623,-22.639067]],[[-47.784622,-22.639068],[-47.785142,-22.637636],[-47.78258,-22.634727]],[[-47.695994,-22.640582],[-47.695994,-22.640582]],[[-47.695757,-22.640575],[-47.694018,-22.642626]],[[-47.653845,-22.641203],[-47.654556,-22.638762],[-47.653303,-22.63805]],[[-47.748335,-22.639551],[-47.749982,-22.637731],[-47.749697,-22.635805]],[[-47.776882,-22.639054],[-47.776377,-22.638542]],[[-47.797148,-22.638667],[-47.797148,-22.638667]],[[-47.797614,-22.638644],[-47.798447,-22.638352],[-47.798526,-22.639464],[-47.795629,-22.639328],[-47.797614,-22.638644]],[[-47.584936,-22.642052],[-47.582344,-22.644242],[-47.581012,-22.644031],[-47.581005,-22.64499]],[[-47.775915,-22.638851],[-47.773195,-22.63785]],[[-47.775946,-22.638803],[-47.773195,-22.63785]],[[-47.606677,-22.641643],[-47.611329,-22.641274]],[[-47.692084,-22.640219],[-47.690344,-22.642164]],[[-47.776898,-22.638654],[-47.776893,-22.638723]],[[-47.776898,-22.638654],[-47.776929,-22.638539]],[[-47.777143,-22.638523],[-47.778033,-22.637246]],[[-47.754083,-22.638917],[-47.751873,-22.637239]],[[-47.701015,-22.639809],[-47.698869,-22.636588],[-47.696348,-22.635224]],[[-47.782803,-22.638403],[-47.784622,-22.639068]],[[-47.611329,-22.641274],[-47.613374,-22.64311]],[[-47.649609,-22.640635],[-47.649867,-22.640333]],[[-47.776302,-22.638474],[-47.776292,-22.637441]],[[-47.767255,-22.638544],[-47.767448,-22.638266]],[[-47.542477,-22.642239],[-47.542477,-22.642239]],[[-47.789929,-22.637932],[-47.791365,-22.637868]],[[-47.64986,-22.640288],[-47.649857,-22.640288]],[[-47.64986,-22.640288],[-47.648362,-22.636827],[-47.646401,-22.635391],[-47.642489,-22.636182],[-47.639153,-22.6386]],[[-47.791365,-22.637868],[-47.795266,-22.639409]],[[-47.686923,-22.639651],[-47.686225,-22.639543]],[[-47.767448,-22.638266],[-47.767452,-22.638266]],[[-47.767448,-22.638266],[-47.771331,-22.636827],[-47.773118,-22.637747]],[[-47.686225,-22.639543],[-47.685839,-22.638343],[-47.685293,-22.641591]],[[-47.773195,-22.63785],[-47.773194,-22.63785]],[[-47.773195,-22.63785],[-47.772548,-22.636846]],[[-47.688096,-22.639283],[-47.687609,-22.639661]],[[-47.734278,-22.638319],[-47.735247,-22.638225]],[[-47.669439,-22.639303],[-47.669436,-22.639304]],[[-47.669439,-22.639303],[-47.669625,-22.638796]],[[-47.791407,-22.637212],[-47.791365,-22.637868]],[[-47.708969,-22.638584],[-47.711134,-22.638524]],[[-47.740724,-22.638044],[-47.741788,-22.63552]],[[-47.779489,-22.637349],[-47.777662,-22.639862]],[[-47.738699,-22.637967],[-47.739727,-22.637592]],[[-47.740453,-22.637926],[-47.738267,-22.635083],[-47.737783,-22.63005]],[[-47.756992,-22.637498],[-47.75499,-22.64353],[-47.755715,-22.646884]],[[-47.646963,-22.639224],[-47.64924,-22.639181]],[[-47.696561,-22.638362],[-47.697169,-22.63663]],[[-47.704531,-22.638204],[-47.707784,-22.642342]],[[-47.704531,-22.638204],[-47.708812,-22.63843],[-47.710754,-22.641129]],[[-47.672328,-22.638576],[-47.669439,-22.639303]],[[-47.772554,-22.636853],[-47.772548,-22.636846]],[[-47.772548,-22.636846],[-47.771464,-22.633961]],[[-47.772548,-22.636846],[-47.775798,-22.632731],[-47.775336,-22.633204]],[[-47.70386,-22.637865],[-47.704531,-22.638204]],[[-47.70386,-22.637865],[-47.703882,-22.640922],[-47.706061,-22.643064]],[[-47.537016,-22.640593],[-47.536558,-22.643925],[-47.537488,-22.646692]],[[-47.751615,-22.637049],[-47.750027,-22.637614]],[[-47.751886,-22.636985],[-47.755071,-22.633826]],[[-47.669722,-22.638368],[-47.669757,-22.637508]],[[-47.786156,-22.636363],[-47.788907,-22.636452]],[[-47.786156,-22.636363],[-47.785144,-22.637647]],[[-47.651994,-22.638586],[-47.651989,-22.638585]],[[-47.651989,-22.638585],[-47.65312,-22.639217],[-47.651989,-22.638585]],[[-47.651989,-22.638585],[-47.65182,-22.638577]],[[-47.651699,-22.638589],[-47.64986,-22.640288]],[[-47.664063,-22.638342],[-47.664063,-22.638341]],[[-47.664063,-22.638341],[-47.659779,-22.635968]],[[-47.664063,-22.638341],[-47.666206,-22.634993]],[[-47.671501,-22.638148],[-47.670623,-22.639063]],[[-47.63904,-22.638612],[-47.631084,-22.637097]],[[-47.702805,-22.637398],[-47.70386,-22.637865]],[[-47.702805,-22.637398],[-47.704433,-22.636377],[-47.708644,-22.636137]],[[-47.795182,-22.635812],[-47.795182,-22.635812]],[[-47.795199,-22.635802],[-47.795158,-22.635611]],[[-47.677337,-22.637743],[-47.67619,-22.640403]],[[-47.76514,-22.636082],[-47.767448,-22.638266]],[[-47.610353,-22.638621],[-47.611329,-22.641274]],[[-47.610353,-22.638621],[-47.612921,-22.637792],[-47.613814,-22.635902],[-47.616361,-22.635804],[-47.61733,-22.633917],[-47.619856,-22.633219],[-47.622184,-22.63118]],[[-47.795219,-22.635485],[-47.795219,-22.635485]],[[-47.795284,-22.635461],[-47.79974,-22.63378]],[[-47.624499,-22.638336],[-47.630226,-22.636788]],[[-47.669713,-22.637435],[-47.670052,-22.636629]],[[-47.714954,-22.636615],[-47.720576,-22.641073]],[[-47.780666,-22.635468],[-47.78258,-22.634727]],[[-47.729559,-22.636305],[-47.729481,-22.639643]],[[-47.729559,-22.636305],[-47.729558,-22.636306]],[[-47.759403,-22.635792],[-47.758775,-22.636303]],[[-47.65329,-22.637571],[-47.65329,-22.637571]],[[-47.739006,-22.635938],[-47.740485,-22.635055]],[[-47.68222,-22.636887],[-47.682105,-22.639525],[-47.679607,-22.643844]],[[-47.792693,-22.63499],[-47.79265,-22.635587]],[[-47.682614,-22.636849],[-47.682312,-22.639842],[-47.679844,-22.643584],[-47.680398,-22.644936]],[[-47.749603,-22.635669],[-47.749325,-22.634941],[-47.749592,-22.635568]],[[-47.792495,-22.63492],[-47.791919,-22.635152]],[[-47.736807,-22.635853],[-47.738667,-22.635567]],[[-47.697175,-22.6365],[-47.697367,-22.63643]],[[-47.759072,-22.635422],[-47.759641,-22.635628],[-47.759072,-22.635422]],[[-47.799145,-22.634709],[-47.799862,-22.63502],[-47.799145,-22.634709]],[[-47.718521,-22.636071],[-47.718737,-22.639377]],[[-47.7591,-22.635371],[-47.759492,-22.63442]],[[-47.698642,-22.636385],[-47.700351,-22.635875]],[[-47.79257,-22.634772],[-47.79257,-22.634772]],[[-47.724597,-22.63593],[-47.726378,-22.634309]],[[-47.792472,-22.634757],[-47.793046,-22.633621],[-47.792286,-22.633182]],[[-47.708644,-22.636137],[-47.708644,-22.636137]],[[-47.708644,-22.636137],[-47.71072,-22.635641]],[[-47.78258,-22.634727],[-47.782585,-22.634728]],[[-47.78258,-22.634727],[-47.781329,-22.633275]],[[-47.68586,-22.636326],[-47.686072,-22.638171],[-47.685147,-22.637342],[-47.68586,-22.636326]],[[-47.631084,-22.637097],[-47.627496,-22.636029],[-47.626376,-22.634062]],[[-47.631084,-22.637097],[-47.62727,-22.631966]],[[-47.6859,-22.636182],[-47.68586,-22.636326]],[[-47.6859,-22.636182],[-47.687997,-22.634381]],[[-47.790049,-22.634398],[-47.792087,-22.63309]],[[-47.796599,-22.634265],[-47.796599,-22.634265]],[[-47.700351,-22.635875],[-47.702805,-22.637398]],[[-47.700351,-22.635875],[-47.708183,-22.632543]],[[-47.768,-22.634633],[-47.770164,-22.632592]],[[-47.786211,-22.634285],[-47.787512,-22.632939]],[[-47.7311,-22.635232],[-47.729559,-22.636305]],[[-47.727684,-22.63529],[-47.729559,-22.636305]],[[-47.727684,-22.63529],[-47.727684,-22.63529]],[[-47.749272,-22.634853],[-47.748973,-22.633119],[-47.747094,-22.631741],[-47.748872,-22.626982]],[[-47.75785,-22.634628],[-47.758281,-22.634597]],[[-47.723817,-22.635202],[-47.724301,-22.63385]],[[-47.79974,-22.63378],[-47.799747,-22.633777]],[[-47.79974,-22.63378],[-47.798003,-22.630873],[-47.79959,-22.628634],[-47.796361,-22.627332],[-47.79669,-22.625509],[-47.794335,-22.62488],[-47.792474,-22.618705],[-47.789606,-22.616618],[-47.788036,-22.613806]],[[-47.759492,-22.63442],[-47.759494,-22.63442]],[[-47.759492,-22.63442],[-47.761553,-22.632831]],[[-47.758495,-22.634369],[-47.758495,-22.634369]],[[-47.758554,-22.634305],[-47.759492,-22.63442]],[[-47.659779,-22.635968],[-47.657911,-22.636743],[-47.654851,-22.635596]],[[-47.659779,-22.635968],[-47.660165,-22.634769]],[[-47.65978,-22.635968],[-47.659779,-22.635968]],[[-47.783432,-22.633826],[-47.782768,-22.634878]],[[-47.771464,-22.633961],[-47.771883,-22.635619]],[[-47.771464,-22.633961],[-47.770164,-22.632592]],[[-47.695909,-22.634986],[-47.694853,-22.633473]],[[-47.679081,-22.635135],[-47.677307,-22.637562]],[[-47.792813,-22.633193],[-47.795841,-22.630915],[-47.798049,-22.630717]],[[-47.726378,-22.634309],[-47.727684,-22.63529]],[[-47.726378,-22.634309],[-47.726379,-22.634308]],[[-47.792133,-22.633171],[-47.79214,-22.633178]],[[-47.792133,-22.633171],[-47.792133,-22.633171]],[[-47.647545,-22.635609],[-47.645521,-22.633295]],[[-47.636525,-22.635777],[-47.636525,-22.635777]],[[-47.778403,-22.633378],[-47.776406,-22.631443]],[[-47.709469,-22.634531],[-47.706269,-22.635019],[-47.704565,-22.636364]],[[-47.792087,-22.63309],[-47.792133,-22.633171]],[[-47.792087,-22.63309],[-47.792088,-22.63309]],[[-47.722768,-22.634283],[-47.721952,-22.635062]],[[-47.636198,-22.635723],[-47.636198,-22.635723]],[[-47.792086,-22.633081],[-47.792087,-22.63309]],[[-47.639103,-22.635634],[-47.640706,-22.637316]],[[-47.792095,-22.63297],[-47.792259,-22.63256]],[[-47.785182,-22.633077],[-47.786287,-22.63449],[-47.786156,-22.636363]],[[-47.740022,-22.633772],[-47.739949,-22.635248]],[[-47.725633,-22.634009],[-47.725634,-22.634008]],[[-47.725634,-22.634008],[-47.726378,-22.634309]],[[-47.725634,-22.634008],[-47.726122,-22.633138]],[[-47.780445,-22.632955],[-47.781168,-22.633196]],[[-47.637355,-22.635328],[-47.637355,-22.635328]],[[-47.554622,-22.636594],[-47.554646,-22.633158]],[[-47.687997,-22.634381],[-47.687649,-22.636077],[-47.6859,-22.636182]],[[-47.688128,-22.634335],[-47.687997,-22.634381]],[[-47.688128,-22.634335],[-47.689195,-22.633616],[-47.690488,-22.634351],[-47.688128,-22.634335]],[[-47.791826,-22.632556],[-47.791826,-22.632556]],[[-47.660165,-22.634769],[-47.660167,-22.634774]],[[-47.660165,-22.634769],[-47.661398,-22.634065],[-47.662615,-22.631076]],[[-47.79127,-22.632523],[-47.79127,-22.632523]],[[-47.79127,-22.632523],[-47.79127,-22.63252]],[[-47.79127,-22.63252],[-47.79127,-22.632523]],[[-47.79127,-22.63252],[-47.79127,-22.63252]],[[-47.749018,-22.633184],[-47.749172,-22.632862]],[[-47.721408,-22.633629],[-47.722437,-22.634385],[-47.724605,-22.633497]],[[-47.775733,-22.632692],[-47.776855,-22.629361],[-47.776421,-22.62764],[-47.777377,-22.627078]],[[-47.791353,-22.632419],[-47.791794,-22.632605]],[[-47.76157,-22.632863],[-47.762029,-22.63613],[-47.761089,-22.637398]],[[-47.690776,-22.63406],[-47.690778,-22.633227],[-47.695347,-22.633417],[-47.690807,-22.634089]],[[-47.680473,-22.63418],[-47.68293,-22.634272],[-47.682229,-22.636816]],[[-47.680473,-22.63418],[-47.679289,-22.634058],[-47.678956,-22.635043]],[[-47.74187,-22.633114],[-47.747152,-22.632236]],[[-47.790816,-22.632255],[-47.791244,-22.632454]],[[-47.770164,-22.632592],[-47.770166,-22.632591]],[[-47.770164,-22.632592],[-47.770075,-22.632589]],[[-47.772518,-22.632538],[-47.772518,-22.632538]],[[-47.634788,-22.634817],[-47.634788,-22.634817]],[[-47.790764,-22.632138],[-47.790764,-22.632138]],[[-47.749266,-22.632804],[-47.749921,-22.631868]],[[-47.726122,-22.633138],[-47.726436,-22.632503]],[[-47.726122,-22.633138],[-47.725751,-22.632461]],[[-47.769861,-22.632272],[-47.766377,-22.630504]],[[-47.769402,-22.63217],[-47.768717,-22.630515]],[[-47.553465,-22.635748],[-47.553465,-22.635748]],[[-47.731656,-22.632803],[-47.735341,-22.631655]],[[-47.731592,-22.632778],[-47.731107,-22.635157]],[[-47.553702,-22.635689],[-47.553821,-22.636442],[-47.553681,-22.635681]],[[-47.731779,-22.63264],[-47.731781,-22.63264]],[[-47.731779,-22.63264],[-47.731779,-22.63264]],[[-47.783263,-22.631639],[-47.783639,-22.630381]],[[-47.762459,-22.631988],[-47.761557,-22.63283],[-47.757191,-22.632255]],[[-47.713545,-22.632771],[-47.713473,-22.629659]],[[-47.787234,-22.631474],[-47.786179,-22.62804]],[[-47.55186,-22.635277],[-47.552326,-22.636239],[-47.554691,-22.636694],[-47.55258,-22.639635],[-47.555285,-22.640322],[-47.55456,-22.643559],[-47.555337,-22.64723]],[[-47.637209,-22.633894],[-47.639042,-22.635608]],[[-47.752089,-22.631896],[-47.75147,-22.631727]],[[-47.551764,-22.635203],[-47.550184,-22.63363],[-47.548127,-22.633363],[-47.547454,-22.631896]],[[-47.551794,-22.635178],[-47.550203,-22.633599],[-47.548143,-22.633331],[-47.547477,-22.631794],[-47.548087,-22.630216],[-47.546527,-22.628992],[-47.544486,-22.630084]],[[-47.794142,-22.631119],[-47.794595,-22.631833]],[[-47.630245,-22.633883],[-47.630245,-22.633883]],[[-47.74992,-22.63187],[-47.749921,-22.631868]],[[-47.749921,-22.631868],[-47.752082,-22.631307]],[[-47.749921,-22.631868],[-47.751804,-22.627897]],[[-47.632463,-22.63379],[-47.632463,-22.63379]],[[-47.731617,-22.63213],[-47.731779,-22.63264]],[[-47.747087,-22.631768],[-47.746545,-22.631318]],[[-47.606199,-22.634017],[-47.605611,-22.633878],[-47.606199,-22.634017]],[[-47.645521,-22.633295],[-47.645523,-22.633294]],[[-47.645521,-22.633295],[-47.645521,-22.633295]],[[-47.645163,-22.633293],[-47.644661,-22.633137]],[[-47.578522,-22.634357],[-47.577959,-22.63326],[-47.5803,-22.631241],[-47.581009,-22.631797]],[[-47.722938,-22.63194],[-47.725634,-22.634008]],[[-47.742046,-22.631524],[-47.743497,-22.630956]],[[-47.650733,-22.633058],[-47.647436,-22.636176]],[[-47.792116,-22.630614],[-47.793976,-22.631023]],[[-47.537228,-22.634847],[-47.536991,-22.640437]],[[-47.537228,-22.634847],[-47.537113,-22.633216],[-47.535518,-22.634688],[-47.537228,-22.634847]],[[-47.698123,-22.632211],[-47.697196,-22.633757],[-47.698123,-22.632211]],[[-47.635407,-22.63322],[-47.637168,-22.633853]],[[-47.605443,-22.633692],[-47.606186,-22.633284]],[[-47.606355,-22.633671],[-47.606355,-22.633671]],[[-47.644541,-22.633044],[-47.645099,-22.631163],[-47.643379,-22.629097]],[[-47.746545,-22.631318],[-47.746562,-22.631318]],[[-47.746545,-22.631318],[-47.746397,-22.63034]],[[-47.605237,-22.633659],[-47.605237,-22.633661]],[[-47.605237,-22.633659],[-47.605237,-22.633659]],[[-47.606477,-22.633636],[-47.6083,-22.632856]],[[-47.578199,-22.633961],[-47.577861,-22.633779]],[[-47.782423,-22.630504],[-47.783645,-22.630379],[-47.784026,-22.628949]],[[-47.629972,-22.633072],[-47.629972,-22.633072]],[[-47.641104,-22.632849],[-47.644465,-22.632717]],[[-47.577861,-22.633779],[-47.577859,-22.633779]],[[-47.577861,-22.633779],[-47.577861,-22.633779]],[[-47.577595,-22.63376],[-47.576577,-22.634008],[-47.576077,-22.635903]],[[-47.743491,-22.63096],[-47.746545,-22.631318]],[[-47.768717,-22.630515],[-47.768718,-22.630513]],[[-47.768717,-22.630515],[-47.768717,-22.630515]],[[-47.63084,-22.632807],[-47.63084,-22.632807]],[[-47.766385,-22.630515],[-47.766377,-22.630504]],[[-47.731978,-22.6311],[-47.73155,-22.631864]],[[-47.731978,-22.6311],[-47.731978,-22.6311]],[[-47.731983,-22.631096],[-47.731978,-22.6311]],[[-47.766377,-22.630504],[-47.763606,-22.630295]],[[-47.766377,-22.630504],[-47.765992,-22.627198]],[[-47.768748,-22.630409],[-47.769731,-22.628021]],[[-47.60654,-22.633049],[-47.60654,-22.633049]],[[-47.606955,-22.633006],[-47.606955,-22.633006]],[[-47.629967,-22.632629],[-47.629967,-22.632629]],[[-47.779338,-22.630101],[-47.777756,-22.629396],[-47.776502,-22.630409]],[[-47.673236,-22.631875],[-47.676113,-22.62912]],[[-47.605093,-22.632977],[-47.605237,-22.633659]],[[-47.763606,-22.630295],[-47.763606,-22.630299]],[[-47.763606,-22.630295],[-47.762461,-22.631985],[-47.763138,-22.631107]],[[-47.732185,-22.630808],[-47.732446,-22.630695]],[[-47.607413,-22.632837],[-47.607413,-22.632837]],[[-47.606825,-22.632779],[-47.606825,-22.632779]],[[-47.606077,-22.63278],[-47.606077,-22.63278]],[[-47.60674,-22.632706],[-47.60674,-22.632706]],[[-47.740746,-22.630446],[-47.74284,-22.630946]],[[-47.606709,-22.63267],[-47.606709,-22.63267]],[[-47.659084,-22.631793],[-47.65908,-22.631789]],[[-47.65908,-22.631789],[-47.660165,-22.634769]],[[-47.65908,-22.631789],[-47.657994,-22.630461]],[[-47.606162,-22.632652],[-47.606162,-22.632652]],[[-47.630954,-22.632232],[-47.630954,-22.632232]],[[-47.658222,-22.631772],[-47.658206,-22.631771]],[[-47.658206,-22.631771],[-47.65908,-22.631789]],[[-47.658206,-22.631771],[-47.653562,-22.631809],[-47.652719,-22.630606]],[[-47.732435,-22.630416],[-47.732435,-22.630416]],[[-47.732447,-22.63041],[-47.734363,-22.626659]],[[-47.746398,-22.630138],[-47.745377,-22.627729],[-47.745801,-22.623064]],[[-47.605871,-22.632452],[-47.605871,-22.632452]],[[-47.607079,-22.632429],[-47.607079,-22.632429]],[[-47.67648,-22.63125],[-47.6765,-22.632517],[-47.680473,-22.63418]],[[-47.67648,-22.63125],[-47.677009,-22.629885]],[[-47.67648,-22.63125],[-47.684269,-22.627869],[-47.685364,-22.624503],[-47.683439,-22.623208],[-47.684738,-22.621924],[-47.684757,-22.620322]],[[-47.773687,-22.629562],[-47.77123,-22.631531],[-47.771108,-22.633184]],[[-47.606974,-22.632352],[-47.606974,-22.632352]],[[-47.671873,-22.631255],[-47.673336,-22.629897],[-47.672499,-22.629066]],[[-47.606873,-22.63231],[-47.606873,-22.63231]],[[-47.694615,-22.630852],[-47.695446,-22.631881],[-47.694615,-22.630852]],[[-47.554533,-22.63309],[-47.559892,-22.628057],[-47.564594,-22.626663]],[[-47.735244,-22.629969],[-47.733251,-22.629509],[-47.732468,-22.630202]],[[-47.594515,-22.632271],[-47.598151,-22.630404],[-47.599038,-22.628785]],[[-47.606989,-22.63201],[-47.606989,-22.63201]],[[-47.662769,-22.631087],[-47.662969,-22.630204],[-47.662955,-22.630982]],[[-47.781186,-22.629003],[-47.781186,-22.629003]],[[-47.781189,-22.628984],[-47.781182,-22.628309]],[[-47.763459,-22.629289],[-47.763606,-22.630295]],[[-47.763457,-22.629282],[-47.763171,-22.629108]],[[-47.754171,-22.62939],[-47.754171,-22.62939]],[[-47.569203,-22.632429],[-47.570317,-22.633538]],[[-47.631304,-22.6314],[-47.631884,-22.631178]],[[-47.763171,-22.629108],[-47.763458,-22.629275]],[[-47.781723,-22.628766],[-47.781723,-22.628766]],[[-47.599294,-22.631794],[-47.599761,-22.631154]],[[-47.763129,-22.629035],[-47.759009,-22.630423]],[[-47.631884,-22.631178],[-47.631901,-22.631999]],[[-47.631884,-22.631178],[-47.633192,-22.628573]],[[-47.75437,-22.629032],[-47.75437,-22.629032]],[[-47.607027,-22.631494],[-47.607027,-22.631494]],[[-47.75632,-22.628993],[-47.755804,-22.629503],[-47.75632,-22.628993]],[[-47.669543,-22.630443],[-47.672482,-22.629108],[-47.672718,-22.627966]],[[-47.713473,-22.629659],[-47.710805,-22.63069]],[[-47.713473,-22.629659],[-47.713605,-22.627339]],[[-47.581064,-22.631828],[-47.581685,-22.631201]],[[-47.754476,-22.628879],[-47.754476,-22.628879]],[[-47.78579,-22.628291],[-47.785792,-22.628291]],[[-47.78579,-22.628291],[-47.788406,-22.627246],[-47.789308,-22.631185]],[[-47.721256,-22.629392],[-47.720805,-22.627893]],[[-47.652573,-22.630529],[-47.651618,-22.627698]],[[-47.781274,-22.628332],[-47.781359,-22.628673]],[[-47.781274,-22.628332],[-47.781182,-22.628309]],[[-47.781182,-22.628309],[-47.781184,-22.628305]],[[-47.781182,-22.628309],[-47.779966,-22.628202]],[[-47.781513,-22.628293],[-47.781274,-22.628332]],[[-47.755959,-22.6287],[-47.755959,-22.6287]],[[-47.777141,-22.628297],[-47.777141,-22.628297]],[[-47.66298,-22.630201],[-47.660736,-22.626578]],[[-47.676972,-22.629812],[-47.675074,-22.628057],[-47.673136,-22.628235],[-47.672852,-22.62729]],[[-47.733379,-22.628857],[-47.732644,-22.627557]],[[-47.547454,-22.631896],[-47.546791,-22.631185]],[[-47.547454,-22.631896],[-47.548027,-22.630148],[-47.546317,-22.628947],[-47.543998,-22.629869],[-47.543166,-22.627715],[-47.544166,-22.627319],[-47.54387,-22.625604],[-47.544641,-22.625484],[-47.543565,-22.6242],[-47.544379,-22.623624],[-47.543659,-22.62196],[-47.54449,-22.621644],[-47.543289,-22.620256],[-47.544495,-22.620161],[-47.544061,-22.618155],[-47.545368,-22.617538],[-47.544633,-22.616681]],[[-47.599886,-22.631031],[-47.599971,-22.63095]],[[-47.783502,-22.62793],[-47.783502,-22.62793]],[[-47.755426,-22.628401],[-47.755426,-22.628401]],[[-47.607466,-22.630834],[-47.607448,-22.632392],[-47.60963,-22.634837],[-47.610353,-22.638621]],[[-47.76011,-22.628254],[-47.761624,-22.627162]],[[-47.769731,-22.628024],[-47.769731,-22.628021]],[[-47.717443,-22.628918],[-47.717875,-22.625759]],[[-47.769731,-22.628021],[-47.770128,-22.627246]],[[-47.769731,-22.628021],[-47.767716,-22.626301]],[[-47.581667,-22.631141],[-47.581441,-22.627492],[-47.578764,-22.625379],[-47.581272,-22.629318]],[[-47.780542,-22.627799],[-47.784,-22.628946],[-47.78579,-22.628291]],[[-47.780542,-22.627799],[-47.780542,-22.627799]],[[-47.780541,-22.627798],[-47.780542,-22.627799]],[[-47.599925,-22.63079],[-47.600026,-22.630316]],[[-47.735794,-22.628485],[-47.733544,-22.628416]],[[-47.782728,-22.627659],[-47.783063,-22.628573]],[[-47.629699,-22.630163],[-47.631136,-22.628143]],[[-47.731057,-22.628445],[-47.732352,-22.630644]],[[-47.691304,-22.629066],[-47.689628,-22.628551],[-47.689199,-22.630049],[-47.69106,-22.629896],[-47.69189,-22.629327],[-47.691304,-22.629066]],[[-47.739691,-22.628212],[-47.74024,-22.627338]],[[-47.779891,-22.627477],[-47.779891,-22.627477]],[[-47.788407,-22.627246],[-47.789144,-22.625967],[-47.791379,-22.625292]],[[-47.660257,-22.629312],[-47.660257,-22.629312]],[[-47.782202,-22.62724],[-47.782747,-22.627517],[-47.782202,-22.62724]],[[-47.755524,-22.627621],[-47.755364,-22.628352],[-47.755524,-22.627621]],[[-47.785451,-22.627064],[-47.78579,-22.628291]],[[-47.770116,-22.627262],[-47.770128,-22.627246]],[[-47.770128,-22.627246],[-47.771444,-22.627795]],[[-47.770128,-22.627246],[-47.772403,-22.624264]],[[-47.777377,-22.627078],[-47.777407,-22.627078]],[[-47.777377,-22.627078],[-47.777441,-22.627164]],[[-47.745441,-22.627589],[-47.74353,-22.62643],[-47.74024,-22.627338]],[[-47.752039,-22.627467],[-47.752039,-22.627467]],[[-47.777661,-22.627004],[-47.778075,-22.626319]],[[-47.69551,-22.628401],[-47.693548,-22.630373],[-47.69551,-22.628401]],[[-47.784465,-22.626851],[-47.784465,-22.626851]],[[-47.785217,-22.626725],[-47.785217,-22.626725]],[[-47.643379,-22.629097],[-47.639817,-22.627159],[-47.638302,-22.627623],[-47.638803,-22.627039]],[[-47.643379,-22.629097],[-47.642739,-22.624622]],[[-47.627292,-22.62934],[-47.627195,-22.629891]],[[-47.627292,-22.62934],[-47.625122,-22.629346]],[[-47.775028,-22.62685],[-47.776327,-22.626693]],[[-47.74024,-22.627338],[-47.74024,-22.627335]],[[-47.74024,-22.627338],[-47.739158,-22.627241]],[[-47.776327,-22.626693],[-47.776331,-22.626694]],[[-47.776327,-22.626693],[-47.777377,-22.627078]],[[-47.669366,-22.628465],[-47.672971,-22.628114]],[[-47.570732,-22.629975],[-47.570657,-22.631201],[-47.570732,-22.629975]],[[-47.761231,-22.626787],[-47.75987,-22.626054],[-47.755768,-22.627595]],[[-47.787269,-22.6261],[-47.787269,-22.6261]],[[-47.626059,-22.62878],[-47.628887,-22.628562]],[[-47.689908,-22.627705],[-47.691238,-22.628461],[-47.690851,-22.626815],[-47.68998,-22.626789],[-47.689908,-22.627705]],[[-47.599734,-22.629132],[-47.600036,-22.63009]],[[-47.599734,-22.629132],[-47.600062,-22.629062]],[[-47.670628,-22.627931],[-47.671091,-22.628015]],[[-47.637684,-22.628455],[-47.633793,-22.627254],[-47.631679,-22.624424]],[[-47.600062,-22.629062],[-47.600089,-22.629016]],[[-47.628887,-22.628562],[-47.627292,-22.62934]],[[-47.600089,-22.629016],[-47.600062,-22.629062]],[[-47.600089,-22.629016],[-47.601217,-22.628895]],[[-47.636105,-22.628391],[-47.630965,-22.627847],[-47.628887,-22.628562]],[[-47.637934,-22.628304],[-47.637903,-22.62835]],[[-47.601217,-22.628895],[-47.601212,-22.628899]],[[-47.601217,-22.628895],[-47.601217,-22.628895]],[[-47.607882,-22.62866],[-47.607465,-22.630817]],[[-47.60193,-22.628754],[-47.604047,-22.628285]],[[-47.723773,-22.626724],[-47.7204,-22.625619]],[[-47.599038,-22.628785],[-47.599734,-22.629132]],[[-47.779811,-22.625702],[-47.779811,-22.625702]],[[-47.554645,-22.62943],[-47.555023,-22.632214]],[[-47.669849,-22.627494],[-47.670478,-22.627976]],[[-47.764998,-22.625865],[-47.7627,-22.626954],[-47.762116,-22.628229]],[[-47.718933,-22.626615],[-47.723122,-22.629171]],[[-47.718933,-22.626615],[-47.718926,-22.629656]],[[-47.672852,-22.62729],[-47.67027,-22.622255],[-47.666991,-22.618583],[-47.661009,-22.617609],[-47.659252,-22.615584],[-47.656179,-22.615926]],[[-47.791736,-22.625244],[-47.792696,-22.624905]],[[-47.77975,-22.62545],[-47.77975,-22.62545]],[[-47.79141,-22.625229],[-47.790226,-22.624515]],[[-47.788864,-22.625227],[-47.788864,-22.625227]],[[-47.791544,-22.625173],[-47.791578,-22.62514]],[[-47.789131,-22.625188],[-47.789131,-22.625188]],[[-47.791578,-22.62514],[-47.791578,-22.62514]],[[-47.604659,-22.628277],[-47.60768,-22.62806]],[[-47.631077,-22.627843],[-47.628389,-22.626632]],[[-47.607923,-22.628199],[-47.607941,-22.628191]],[[-47.607941,-22.628191],[-47.60781,-22.628554]],[[-47.607941,-22.628191],[-47.608662,-22.626502],[-47.611723,-22.625752]],[[-47.638252,-22.627693],[-47.638122,-22.627913]],[[-47.750456,-22.625756],[-47.751687,-22.623822]],[[-47.779215,-22.625234],[-47.779215,-22.625234]],[[-47.60768,-22.628067],[-47.607941,-22.628191]],[[-47.779662,-22.625087],[-47.785539,-22.622761]],[[-47.792757,-22.624858],[-47.794203,-22.624464]],[[-47.779284,-22.62502],[-47.779286,-22.62502]],[[-47.779284,-22.62502],[-47.779284,-22.62502]],[[-47.543911,-22.6289],[-47.544507,-22.628154]],[[-47.638646,-22.62723],[-47.637559,-22.626821]],[[-47.77904,-22.624807],[-47.779284,-22.62502]],[[-47.660403,-22.626804],[-47.660403,-22.626804]],[[-47.780044,-22.624745],[-47.780044,-22.624745]],[[-47.674275,-22.626502],[-47.672852,-22.62729]],[[-47.790226,-22.624515],[-47.790225,-22.624516]],[[-47.790226,-22.624515],[-47.790226,-22.624515]],[[-47.668794,-22.626574],[-47.669655,-22.625202]],[[-47.717875,-22.625747],[-47.718933,-22.626615]],[[-47.717875,-22.625747],[-47.717874,-22.625747]],[[-47.784588,-22.624595],[-47.784588,-22.624595]],[[-47.753283,-22.6251],[-47.75328,-22.623559],[-47.754361,-22.623411]],[[-47.780643,-22.624616],[-47.780643,-22.624616]],[[-47.717877,-22.625679],[-47.717702,-22.625586]],[[-47.7204,-22.625619],[-47.7204,-22.625624]],[[-47.7204,-22.625619],[-47.717875,-22.625747]],[[-47.753767,-22.625011],[-47.753767,-22.625011]],[[-47.776362,-22.624617],[-47.776327,-22.626693]],[[-47.778014,-22.624562],[-47.778014,-22.624562]],[[-47.717702,-22.625586],[-47.717875,-22.625747]],[[-47.717702,-22.625586],[-47.717607,-22.625528]],[[-47.75387,-22.624961],[-47.754192,-22.624878]],[[-47.717607,-22.625528],[-47.717702,-22.625586]],[[-47.717607,-22.625528],[-47.717449,-22.625395]],[[-47.789772,-22.624283],[-47.790191,-22.624583]],[[-47.637559,-22.626821],[-47.637428,-22.626575]],[[-47.646255,-22.62663],[-47.643755,-22.627973]],[[-47.783089,-22.624291],[-47.783089,-22.624291]],[[-47.725749,-22.625227],[-47.722588,-22.624411],[-47.7204,-22.625619]],[[-47.753995,-22.624736],[-47.753995,-22.624736]],[[-47.660826,-22.6263],[-47.660068,-22.626221],[-47.660826,-22.6263]],[[-47.754057,-22.624668],[-47.754369,-22.623407]],[[-47.637428,-22.626575],[-47.637559,-22.626821]],[[-47.772403,-22.624264],[-47.772404,-22.624264]],[[-47.772403,-22.624264],[-47.774567,-22.623024]],[[-47.659892,-22.626155],[-47.659892,-22.626155]],[[-47.628389,-22.626632],[-47.628074,-22.626899]],[[-47.628389,-22.626632],[-47.626175,-22.625715]],[[-47.772372,-22.624041],[-47.772403,-22.624264]],[[-47.654396,-22.62597],[-47.654715,-22.629468],[-47.658206,-22.631771]],[[-47.659357,-22.625856],[-47.659357,-22.625856]],[[-47.660205,-22.625773],[-47.659581,-22.625532],[-47.660205,-22.625773]],[[-47.772347,-22.623873],[-47.772347,-22.623873]],[[-47.767033,-22.623926],[-47.76845,-22.623802]],[[-47.659508,-22.625699],[-47.659508,-22.625699]],[[-47.768454,-22.623792],[-47.768567,-22.622839]],[[-47.647524,-22.625798],[-47.647524,-22.6258]],[[-47.647524,-22.625798],[-47.646325,-22.626579]],[[-47.626628,-22.626141],[-47.627202,-22.625845]],[[-47.636847,-22.6259],[-47.636846,-22.6259]],[[-47.636846,-22.6259],[-47.637428,-22.626575]],[[-47.636846,-22.6259],[-47.636294,-22.625374]],[[-47.659623,-22.625443],[-47.657581,-22.623396],[-47.655457,-22.622877]],[[-47.716642,-22.624464],[-47.717607,-22.625528]],[[-47.716642,-22.624464],[-47.71834,-22.624601],[-47.719946,-22.623259]],[[-47.732001,-22.624198],[-47.733862,-22.624644],[-47.734365,-22.626657]],[[-47.751687,-22.623822],[-47.749301,-22.624969]],[[-47.555315,-22.627065],[-47.554251,-22.629301],[-47.554922,-22.629339],[-47.555315,-22.627065]],[[-47.669655,-22.625202],[-47.668458,-22.625701]],[[-47.669655,-22.625202],[-47.670458,-22.623762]],[[-47.636068,-22.625739],[-47.636846,-22.6259]],[[-47.636068,-22.625739],[-47.63573,-22.62498]],[[-47.635206,-22.625662],[-47.636068,-22.625739]],[[-47.642609,-22.625481],[-47.642446,-22.625002]],[[-47.750898,-22.62365],[-47.748063,-22.622646]],[[-47.626175,-22.625715],[-47.625482,-22.62671]],[[-47.626175,-22.625715],[-47.624694,-22.62559]],[[-47.74727,-22.623645],[-47.748894,-22.623445]],[[-47.753274,-22.623531],[-47.751687,-22.623822]],[[-47.564637,-22.626595],[-47.568558,-22.62423],[-47.571124,-22.625028],[-47.572135,-22.622493],[-47.571096,-22.622221],[-47.568661,-22.62422]],[[-47.792135,-22.622763],[-47.792135,-22.622763]],[[-47.608158,-22.625858],[-47.607666,-22.627967]],[[-47.608158,-22.625858],[-47.608177,-22.625744]],[[-47.754369,-22.623407],[-47.754368,-22.623405]],[[-47.754369,-22.623407],[-47.75344,-22.622098]],[[-47.785539,-22.622761],[-47.785531,-22.622762]],[[-47.785539,-22.622761],[-47.785539,-22.622761]],[[-47.608177,-22.625744],[-47.608158,-22.625858]],[[-47.779846,-22.622847],[-47.780075,-22.622108]],[[-47.785609,-22.622673],[-47.788076,-22.620208],[-47.792296,-22.619225]],[[-47.778322,-22.622786],[-47.779044,-22.620542]],[[-47.642446,-22.625004],[-47.642446,-22.625002]],[[-47.642446,-22.625002],[-47.642248,-22.624978]],[[-47.642446,-22.625002],[-47.642549,-22.624723]],[[-47.767749,-22.622861],[-47.770615,-22.626902]],[[-47.629761,-22.625123],[-47.631245,-22.624113]],[[-47.740785,-22.623171],[-47.743244,-22.626485]],[[-47.742796,-22.623108],[-47.742658,-22.625419]],[[-47.666794,-22.624385],[-47.667296,-22.623406]],[[-47.668713,-22.624313],[-47.669391,-22.624011]],[[-47.590907,-22.625564],[-47.593796,-22.619144],[-47.5932,-22.618568],[-47.592797,-22.620761]],[[-47.763319,-22.622671],[-47.765552,-22.623485]],[[-47.758745,-22.622695],[-47.760238,-22.62189]],[[-47.642707,-22.624591],[-47.642567,-22.62416]],[[-47.719946,-22.623259],[-47.723117,-22.623088]],[[-47.719946,-22.623259],[-47.721446,-22.621299]],[[-47.786814,-22.622106],[-47.786814,-22.622106]],[[-47.757928,-22.622566],[-47.761454,-22.624939]],[[-47.642339,-22.62449],[-47.642339,-22.62449]],[[-47.66939,-22.624013],[-47.669391,-22.624011]],[[-47.669391,-22.624011],[-47.669252,-22.624191]],[[-47.669391,-22.624011],[-47.670458,-22.623762]],[[-47.757197,-22.622511],[-47.754369,-22.623407]],[[-47.757197,-22.622511],[-47.757197,-22.622511]],[[-47.7572,-22.62251],[-47.757197,-22.622511]],[[-47.776395,-22.622135],[-47.778929,-22.620641]],[[-47.59678,-22.62514],[-47.597137,-22.628267],[-47.599038,-22.628785]],[[-47.771037,-22.622204],[-47.772163,-22.623883]],[[-47.765487,-22.622258],[-47.764659,-22.622872]],[[-47.749962,-22.622482],[-47.752059,-22.62086]],[[-47.779941,-22.621923],[-47.779941,-22.621923]],[[-47.779962,-22.62191],[-47.781477,-22.619505],[-47.784085,-22.619279]],[[-47.642384,-22.624229],[-47.642573,-22.62468]],[[-47.670458,-22.623762],[-47.67046,-22.623758]],[[-47.670458,-22.623762],[-47.670825,-22.623675]],[[-47.642209,-22.624209],[-47.642209,-22.624209]],[[-47.631525,-22.624373],[-47.63125,-22.624108]],[[-47.642022,-22.624169],[-47.642022,-22.624169]],[[-47.642567,-22.62416],[-47.641956,-22.623893]],[[-47.757352,-22.622192],[-47.757319,-22.622111]],[[-47.713337,-22.622921],[-47.714565,-22.624261],[-47.716642,-22.624464]],[[-47.713337,-22.622921],[-47.713695,-22.627964],[-47.714531,-22.630277],[-47.716244,-22.631354]],[[-47.713334,-22.622912],[-47.713337,-22.622921]],[[-47.642346,-22.624061],[-47.642346,-22.624061]],[[-47.75734,-22.622044],[-47.757927,-22.622651]],[[-47.755046,-22.622059],[-47.755046,-22.622059]],[[-47.63125,-22.624108],[-47.630441,-22.623711]],[[-47.63125,-22.624108],[-47.631084,-22.621538]],[[-47.544803,-22.625467],[-47.54431,-22.626503],[-47.544811,-22.625453]],[[-47.641956,-22.623893],[-47.641959,-22.623893]],[[-47.641956,-22.623893],[-47.641956,-22.623893]],[[-47.757101,-22.621945],[-47.757101,-22.621945]],[[-47.666054,-22.623439],[-47.670243,-22.622597]],[[-47.757595,-22.621781],[-47.76024,-22.620132]],[[-47.641414,-22.623721],[-47.63998,-22.622428]],[[-47.746004,-22.6219],[-47.74524,-22.620913]],[[-47.571854,-22.624781],[-47.571089,-22.625237],[-47.572283,-22.62795],[-47.573188,-22.628142],[-47.573605,-22.626415],[-47.571854,-22.624781]],[[-47.654143,-22.623416],[-47.647524,-22.625798]],[[-47.757531,-22.621649],[-47.757789,-22.622312]],[[-47.757531,-22.621649],[-47.757373,-22.621423]],[[-47.75753,-22.621648],[-47.757531,-22.621649]],[[-47.630441,-22.623711],[-47.630184,-22.623589]],[[-47.630441,-22.623711],[-47.629188,-22.621715]],[[-47.62241,-22.623769],[-47.62241,-22.623769]],[[-47.630184,-22.623589],[-47.625273,-22.623628]],[[-47.630184,-22.623589],[-47.62876,-22.622189]],[[-47.643179,-22.623302],[-47.642567,-22.62416]],[[-47.757253,-22.621267],[-47.757531,-22.621649]],[[-47.748886,-22.621381],[-47.752059,-22.62086]],[[-47.733147,-22.621542],[-47.732792,-22.619337]],[[-47.762781,-22.621024],[-47.763287,-22.622729],[-47.761221,-22.626654],[-47.763171,-22.629108]],[[-47.691142,-22.622231],[-47.69232,-22.622511],[-47.691899,-22.624785]],[[-47.776979,-22.620733],[-47.776979,-22.620733]],[[-47.544494,-22.624582],[-47.54464,-22.625244],[-47.544494,-22.624582]],[[-47.757087,-22.621066],[-47.756126,-22.619474],[-47.757303,-22.61593]],[[-47.607508,-22.623554],[-47.608177,-22.625744]],[[-47.778929,-22.620641],[-47.778927,-22.620642]],[[-47.778929,-22.620641],[-47.778929,-22.620641]],[[-47.746004,-22.621078],[-47.745333,-22.620811]],[[-47.779553,-22.620428],[-47.779566,-22.620419]],[[-47.779566,-22.620419],[-47.779197,-22.620424]],[[-47.779566,-22.620419],[-47.780045,-22.620013]],[[-47.779179,-22.620425],[-47.779197,-22.620424]],[[-47.765643,-22.620658],[-47.765658,-22.617228]],[[-47.779197,-22.620424],[-47.779566,-22.620419]],[[-47.779197,-22.620424],[-47.779199,-22.620423]],[[-47.752059,-22.62086],[-47.75361,-22.620116]],[[-47.74524,-22.620913],[-47.744876,-22.622042]],[[-47.788544,-22.620164],[-47.785073,-22.61922]],[[-47.721446,-22.621299],[-47.723776,-22.622016]],[[-47.721446,-22.621299],[-47.722314,-22.619896]],[[-47.732256,-22.6211],[-47.73272,-22.620004]],[[-47.745333,-22.620811],[-47.74524,-22.620913]],[[-47.745333,-22.620811],[-47.745006,-22.619789]],[[-47.643539,-22.622501],[-47.645154,-22.622122]],[[-47.790997,-22.619998],[-47.790997,-22.619998]],[[-47.79052,-22.619988],[-47.79052,-22.619988]],[[-47.736251,-22.620914],[-47.733803,-22.618433]],[[-47.63998,-22.622428],[-47.637969,-22.623633]],[[-47.63998,-22.622428],[-47.639087,-22.622124]],[[-47.639993,-22.622421],[-47.63998,-22.622428]],[[-47.780045,-22.620013],[-47.780047,-22.620007]],[[-47.780045,-22.620013],[-47.77887,-22.6187]],[[-47.741053,-22.620664],[-47.744567,-22.618584]],[[-47.645191,-22.622192],[-47.6451,-22.622132]],[[-47.645191,-22.622192],[-47.647754,-22.621859]],[[-47.779348,-22.619909],[-47.779348,-22.619909]],[[-47.781286,-22.619822],[-47.780045,-22.620013]],[[-47.645154,-22.622122],[-47.645191,-22.622192]],[[-47.645154,-22.622122],[-47.645154,-22.622123]],[[-47.672925,-22.621591],[-47.67439,-22.619603],[-47.673468,-22.618038]],[[-47.639087,-22.622124],[-47.639087,-22.622124]],[[-47.63929,-22.6221],[-47.640225,-22.620954]],[[-47.753737,-22.620151],[-47.755366,-22.619999],[-47.757113,-22.621138]],[[-47.638703,-22.622077],[-47.637933,-22.621239]],[[-47.634844,-22.622124],[-47.633649,-22.622404]],[[-47.651189,-22.621821],[-47.647524,-22.625798]],[[-47.62876,-22.622189],[-47.626283,-22.622151]],[[-47.62876,-22.622189],[-47.6277,-22.621152]],[[-47.652833,-22.621767],[-47.652546,-22.620914]],[[-47.64327,-22.621855],[-47.64327,-22.621855]],[[-47.768505,-22.619731],[-47.767027,-22.616739],[-47.767679,-22.616]],[[-47.54556,-22.623318],[-47.54556,-22.623318]],[[-47.784085,-22.619279],[-47.784085,-22.619279]],[[-47.737459,-22.620072],[-47.736778,-22.619309]],[[-47.784201,-22.619264],[-47.784844,-22.61916]],[[-47.64331,-22.621609],[-47.64331,-22.621609]],[[-47.638018,-22.621681],[-47.637116,-22.62166]],[[-47.73147,-22.620116],[-47.73268,-22.619091]],[[-47.637116,-22.62166],[-47.637101,-22.621662]],[[-47.637116,-22.62166],[-47.636462,-22.621418]],[[-47.545362,-22.623138],[-47.545116,-22.623794],[-47.545362,-22.623138]],[[-47.745,-22.619792],[-47.744992,-22.619001]],[[-47.744981,-22.619792],[-47.744567,-22.618584]],[[-47.605925,-22.622103],[-47.607024,-22.621698]],[[-47.629188,-22.621715],[-47.629708,-22.620416]],[[-47.629188,-22.621715],[-47.628004,-22.619608]],[[-47.756107,-22.619516],[-47.752877,-22.614854]],[[-47.63606,-22.621522],[-47.634991,-22.622032]],[[-47.63606,-22.621522],[-47.63606,-22.621522]],[[-47.636063,-22.62152],[-47.63606,-22.621522]],[[-47.762948,-22.619347],[-47.764535,-22.617498]],[[-47.658509,-22.621037],[-47.658446,-22.619244]],[[-47.748594,-22.619516],[-47.751729,-22.619039]],[[-47.653581,-22.621106],[-47.652514,-22.623802]],[[-47.757998,-22.619296],[-47.75712,-22.621084]],[[-47.758021,-22.619283],[-47.758021,-22.619283]],[[-47.75821,-22.619254],[-47.759294,-22.619011]],[[-47.637933,-22.621239],[-47.637933,-22.621241]],[[-47.637933,-22.621239],[-47.636492,-22.617654]],[[-47.686873,-22.620412],[-47.685367,-22.620069],[-47.683914,-22.622903],[-47.685618,-22.624656],[-47.684176,-22.628388],[-47.676416,-22.631737],[-47.680637,-22.634058],[-47.683128,-22.633995],[-47.682517,-22.63679]],[[-47.607024,-22.621698],[-47.60789,-22.622695],[-47.60746,-22.623486]],[[-47.607024,-22.621698],[-47.607041,-22.621696]],[[-47.687093,-22.620306],[-47.690701,-22.621993],[-47.696896,-22.620998],[-47.697228,-22.617606],[-47.693219,-22.618636],[-47.691667,-22.614369],[-47.69386,-22.612258],[-47.695755,-22.612477],[-47.696428,-22.61097],[-47.697993,-22.610459],[-47.697594,-22.60875]],[[-47.684757,-22.620322],[-47.681075,-22.620154]],[[-47.684757,-22.620322],[-47.686642,-22.6196],[-47.685142,-22.617055]],[[-47.646456,-22.620905],[-47.645154,-22.622122]],[[-47.6277,-22.621152],[-47.62603,-22.620395]],[[-47.6277,-22.621152],[-47.627134,-22.619649]],[[-47.636211,-22.62101],[-47.637116,-22.62166]],[[-47.736778,-22.619309],[-47.73678,-22.619309]],[[-47.736778,-22.619309],[-47.736778,-22.619309]],[[-47.656079,-22.620652],[-47.657476,-22.619051]],[[-47.73669,-22.619281],[-47.736794,-22.618874]],[[-47.636048,-22.620924],[-47.63585,-22.620863]],[[-47.636183,-22.620904],[-47.636183,-22.620904]],[[-47.681075,-22.620154],[-47.681238,-22.620296]],[[-47.681075,-22.620154],[-47.679288,-22.617623]],[[-47.744992,-22.619001],[-47.746055,-22.618789]],[[-47.744992,-22.619001],[-47.743112,-22.615277]],[[-47.637695,-22.62073],[-47.637933,-22.621239]],[[-47.637682,-22.62067],[-47.637681,-22.620671]],[[-47.637682,-22.62067],[-47.637682,-22.62067]],[[-47.637451,-22.620662],[-47.635652,-22.618995]],[[-47.637728,-22.620595],[-47.637682,-22.62067]],[[-47.637634,-22.620468],[-47.637633,-22.620469]],[[-47.637634,-22.620468],[-47.637634,-22.620468]],[[-47.72047,-22.619084],[-47.718252,-22.621008],[-47.714184,-22.621936]],[[-47.643305,-22.620308],[-47.643993,-22.621345],[-47.643184,-22.623199]],[[-47.643305,-22.620308],[-47.645436,-22.617659]],[[-47.744567,-22.618584],[-47.74309,-22.615298]],[[-47.7368,-22.618681],[-47.7368,-22.618681]],[[-47.736707,-22.618667],[-47.73295,-22.618147]],[[-47.638187,-22.620308],[-47.638187,-22.620308]],[[-47.74131,-22.618573],[-47.742855,-22.617701]],[[-47.723778,-22.61883],[-47.725781,-22.618858],[-47.726916,-22.617218]],[[-47.60992,-22.620637],[-47.609326,-22.620576]],[[-47.609791,-22.62058],[-47.609791,-22.620579]],[[-47.609791,-22.62058],[-47.609791,-22.62058]],[[-47.709735,-22.618902],[-47.713337,-22.622921]],[[-47.709735,-22.618902],[-47.709724,-22.618899]],[[-47.609174,-22.620567],[-47.608493,-22.620224]],[[-47.670734,-22.619533],[-47.673468,-22.618038]],[[-47.738072,-22.618308],[-47.737972,-22.616117]],[[-47.63425,-22.620024],[-47.63319,-22.620202]],[[-47.717985,-22.618592],[-47.714513,-22.62178],[-47.71222,-22.621573]],[[-47.607281,-22.620359],[-47.607024,-22.621698]],[[-47.642394,-22.619719],[-47.643305,-22.620308]],[[-47.642394,-22.619719],[-47.642223,-22.619468]],[[-47.635833,-22.619811],[-47.636286,-22.620059]],[[-47.635833,-22.619811],[-47.634302,-22.620013]],[[-47.610364,-22.620194],[-47.609791,-22.62058]],[[-47.73295,-22.618147],[-47.733521,-22.620127]],[[-47.73295,-22.618147],[-47.732347,-22.616488]],[[-47.755152,-22.617744],[-47.755337,-22.615764]],[[-47.608062,-22.62017],[-47.607294,-22.62035]],[[-47.638324,-22.6196],[-47.637634,-22.620468]],[[-47.774243,-22.61728],[-47.773192,-22.616454]],[[-47.686249,-22.618774],[-47.687049,-22.620251]],[[-47.769606,-22.617349],[-47.769564,-22.617228]],[[-47.642223,-22.619468],[-47.642394,-22.619719]],[[-47.642223,-22.619468],[-47.642217,-22.619466]],[[-47.760587,-22.617446],[-47.762181,-22.616575]],[[-47.749559,-22.617571],[-47.750269,-22.617744]],[[-47.749559,-22.617571],[-47.748878,-22.617468]],[[-47.715414,-22.618082],[-47.71148,-22.619394],[-47.709735,-22.618902]],[[-47.769502,-22.617088],[-47.768107,-22.615234]],[[-47.610392,-22.619714],[-47.610394,-22.619716]],[[-47.783176,-22.616562],[-47.783433,-22.614554]],[[-47.707322,-22.617853],[-47.709735,-22.618902]],[[-47.635661,-22.619],[-47.635652,-22.618995]],[[-47.635652,-22.618995],[-47.635833,-22.619811]],[[-47.635652,-22.618995],[-47.635102,-22.618742]],[[-47.749629,-22.617035],[-47.751624,-22.619009],[-47.753112,-22.619109]],[[-47.749012,-22.616981],[-47.749559,-22.617571]],[[-47.630146,-22.618965],[-47.631845,-22.617883]],[[-47.757125,-22.616818],[-47.758474,-22.616686]],[[-47.640854,-22.618689],[-47.640156,-22.618526]],[[-47.641029,-22.618657],[-47.642223,-22.619468]],[[-47.726916,-22.617218],[-47.726917,-22.617216]],[[-47.726916,-22.617218],[-47.724455,-22.617314]],[[-47.641002,-22.618652],[-47.640845,-22.618637]],[[-47.641002,-22.618652],[-47.640947,-22.618609]],[[-47.75038,-22.616801],[-47.754138,-22.620212]],[[-47.640845,-22.618637],[-47.640947,-22.618609]],[[-47.640845,-22.618637],[-47.64091,-22.618608]],[[-47.640947,-22.618609],[-47.641002,-22.618652]],[[-47.640947,-22.618609],[-47.641002,-22.618652]],[[-47.673468,-22.618038],[-47.673479,-22.618038]],[[-47.673468,-22.618038],[-47.673926,-22.617573]],[[-47.635029,-22.618651],[-47.635008,-22.61861]],[[-47.734942,-22.616971],[-47.732347,-22.616488]],[[-47.754077,-22.616625],[-47.752524,-22.615434]],[[-47.635008,-22.61861],[-47.633967,-22.618233]],[[-47.635008,-22.61861],[-47.634902,-22.617878]],[[-47.639251,-22.618509],[-47.638674,-22.618966],[-47.639251,-22.618509]],[[-47.599509,-22.619149],[-47.603106,-22.621549],[-47.605191,-22.621178],[-47.605296,-22.622027],[-47.603092,-22.621544]],[[-47.750259,-22.616622],[-47.750259,-22.616622]],[[-47.59885,-22.619114],[-47.597998,-22.62045]],[[-47.684957,-22.617689],[-47.681248,-22.618794],[-47.683655,-22.618811],[-47.684957,-22.617689]],[[-47.679123,-22.617675],[-47.674403,-22.616849]],[[-47.580481,-22.619191],[-47.580481,-22.619191]],[[-47.580481,-22.619191],[-47.577703,-22.617661]],[[-47.727672,-22.616723],[-47.728181,-22.621866]],[[-47.778912,-22.615808],[-47.781257,-22.615715]],[[-47.673926,-22.617573],[-47.674172,-22.617398]],[[-47.633967,-22.618233],[-47.630467,-22.617386]],[[-47.633967,-22.618233],[-47.633301,-22.617207]],[[-47.781257,-22.615715],[-47.781926,-22.615448]],[[-47.638759,-22.618069],[-47.638759,-22.618069]],[[-47.732347,-22.616488],[-47.73234,-22.616484]],[[-47.732347,-22.616488],[-47.731062,-22.614913],[-47.729062,-22.614321]],[[-47.654769,-22.617769],[-47.658537,-22.619242],[-47.661139,-22.617571]],[[-47.674172,-22.617398],[-47.673926,-22.617573]],[[-47.674172,-22.617398],[-47.674403,-22.616849]],[[-47.781926,-22.615448],[-47.78196,-22.615434]],[[-47.781926,-22.615448],[-47.781257,-22.615715]],[[-47.634902,-22.617878],[-47.634903,-22.617878]],[[-47.634902,-22.617878],[-47.634902,-22.617878]],[[-47.782062,-22.615371],[-47.78444,-22.613797],[-47.787577,-22.614416]],[[-47.737969,-22.616115],[-47.739127,-22.61526]],[[-47.645436,-22.617659],[-47.647664,-22.617789]],[[-47.645436,-22.617659],[-47.646653,-22.616459]],[[-47.685172,-22.61699],[-47.685963,-22.614349],[-47.684757,-22.612959]],[[-47.768014,-22.615486],[-47.765875,-22.617178],[-47.763043,-22.617178]],[[-47.768014,-22.615486],[-47.765671,-22.614831]],[[-47.593534,-22.618357],[-47.593534,-22.618357]],[[-47.634847,-22.617652],[-47.634847,-22.617652]],[[-47.636561,-22.617617],[-47.636513,-22.617499]],[[-47.631427,-22.617637],[-47.631028,-22.61661]],[[-47.639134,-22.617505],[-47.640845,-22.618637]],[[-47.639134,-22.617505],[-47.638626,-22.617187]],[[-47.638095,-22.617516],[-47.638095,-22.617516]],[[-47.634559,-22.617511],[-47.634668,-22.617664]],[[-47.674403,-22.616849],[-47.673686,-22.616755]],[[-47.668301,-22.616937],[-47.669462,-22.614812]],[[-47.735834,-22.615787],[-47.730677,-22.613316],[-47.729413,-22.611289]],[[-47.739354,-22.615701],[-47.739166,-22.616826]],[[-47.72306,-22.615963],[-47.725488,-22.613459],[-47.728188,-22.6133]],[[-47.673686,-22.616755],[-47.673685,-22.616756]],[[-47.673686,-22.616755],[-47.672864,-22.614619],[-47.669552,-22.614267]],[[-47.63468,-22.617358],[-47.634679,-22.61736]],[[-47.63468,-22.617358],[-47.63468,-22.617358]],[[-47.593747,-22.618013],[-47.593747,-22.618013]],[[-47.630467,-22.617386],[-47.627701,-22.618331]],[[-47.630467,-22.617386],[-47.629844,-22.616281]],[[-47.59376,-22.617983],[-47.595339,-22.617599],[-47.599145,-22.619129]],[[-47.636392,-22.617248],[-47.636455,-22.61636]],[[-47.762525,-22.615062],[-47.762091,-22.616399],[-47.76275,-22.616763]],[[-47.634717,-22.617171],[-47.63468,-22.617358]],[[-47.721363,-22.615711],[-47.72058,-22.612737],[-47.723442,-22.60829]],[[-47.636615,-22.617123],[-47.636615,-22.617123]],[[-47.634701,-22.617118],[-47.634701,-22.617118]],[[-47.707529,-22.615823],[-47.707529,-22.615823]],[[-47.634498,-22.617022],[-47.634595,-22.616233]],[[-47.575147,-22.617971],[-47.575147,-22.617971]],[[-47.787674,-22.614416],[-47.788328,-22.61401]],[[-47.742974,-22.615176],[-47.742283,-22.613387]],[[-47.742991,-22.615152],[-47.742326,-22.613079]],[[-47.60528,-22.617347],[-47.606151,-22.617516]],[[-47.575066,-22.617821],[-47.574961,-22.615445]],[[-47.638259,-22.616727],[-47.639134,-22.617505]],[[-47.667034,-22.616206],[-47.665156,-22.617375]],[[-47.577643,-22.617635],[-47.574728,-22.615361]],[[-47.754825,-22.614645],[-47.754825,-22.614645]],[[-47.646653,-22.616459],[-47.646642,-22.616458]],[[-47.646653,-22.616459],[-47.648839,-22.612905]],[[-47.647053,-22.616409],[-47.646653,-22.616459]],[[-47.715535,-22.61521],[-47.712295,-22.612805]],[[-47.788773,-22.613856],[-47.788773,-22.613856]],[[-47.75538,-22.614352],[-47.75554,-22.613584]],[[-47.640723,-22.616275],[-47.641965,-22.619278]],[[-47.640723,-22.616275],[-47.639,-22.614799]],[[-47.750272,-22.614412],[-47.751341,-22.612982],[-47.750712,-22.611056]],[[-47.780716,-22.613859],[-47.782451,-22.614935]],[[-47.787989,-22.61372],[-47.786978,-22.608999],[-47.786118,-22.609397],[-47.784156,-22.60771],[-47.783424,-22.604848]],[[-47.647273,-22.616062],[-47.647273,-22.616062]],[[-47.606712,-22.616661],[-47.606712,-22.616661]],[[-47.622073,-22.616368],[-47.621869,-22.616957],[-47.622073,-22.616368]],[[-47.607548,-22.616568],[-47.607593,-22.616511]],[[-47.607548,-22.616568],[-47.607537,-22.616541]],[[-47.607537,-22.616541],[-47.60612,-22.61756],[-47.606913,-22.620394],[-47.606268,-22.617635],[-47.607548,-22.616568]],[[-47.607537,-22.616541],[-47.60678,-22.615637]],[[-47.607593,-22.616511],[-47.607488,-22.616431]],[[-47.607593,-22.616511],[-47.610989,-22.616075]],[[-47.75438,-22.614048],[-47.75554,-22.613584]],[[-47.605107,-22.616539],[-47.60528,-22.617325],[-47.605107,-22.616539]],[[-47.773012,-22.613698],[-47.773512,-22.614859],[-47.776152,-22.61514]],[[-47.773012,-22.613698],[-47.773305,-22.61735],[-47.771086,-22.619248]],[[-47.777452,-22.613601],[-47.774545,-22.610676],[-47.775111,-22.609385]],[[-47.647215,-22.615785],[-47.648155,-22.614029],[-47.64969,-22.614965]],[[-47.729062,-22.614321],[-47.726916,-22.617218]],[[-47.729062,-22.614321],[-47.728183,-22.613111],[-47.729413,-22.611289]],[[-47.75554,-22.613584],[-47.755542,-22.613583]],[[-47.75554,-22.613584],[-47.756722,-22.612327]],[[-47.760284,-22.61323],[-47.761918,-22.608787],[-47.764549,-22.606538]],[[-47.71813,-22.613944],[-47.714221,-22.609776]],[[-47.742283,-22.613387],[-47.73997,-22.614558]],[[-47.766597,-22.612918],[-47.767421,-22.610587]],[[-47.744833,-22.613279],[-47.747134,-22.614845]],[[-47.640304,-22.614973],[-47.640723,-22.616275]],[[-47.753777,-22.613035],[-47.756558,-22.611494]],[[-47.742326,-22.613079],[-47.743614,-22.613038]],[[-47.742326,-22.613079],[-47.741577,-22.610958]],[[-47.669552,-22.614267],[-47.666068,-22.616218]],[[-47.669552,-22.614267],[-47.668069,-22.611319]],[[-47.743778,-22.613014],[-47.744642,-22.613152]],[[-47.544616,-22.616013],[-47.54497,-22.613228],[-47.54866,-22.613177],[-47.549009,-22.610611]],[[-47.586612,-22.615292],[-47.591842,-22.615557],[-47.593752,-22.612597]],[[-47.779806,-22.612055],[-47.781889,-22.607679]],[[-47.695723,-22.61344],[-47.694998,-22.615229],[-47.69352,-22.614798],[-47.694439,-22.613385],[-47.692937,-22.614258],[-47.693335,-22.616737],[-47.695079,-22.616798],[-47.693274,-22.614704],[-47.695551,-22.616769],[-47.696564,-22.616459],[-47.696355,-22.615472],[-47.696094,-22.616508],[-47.695077,-22.615407],[-47.695723,-22.61344]],[[-47.665805,-22.613932],[-47.664668,-22.615668]],[[-47.665805,-22.613932],[-47.66289,-22.615285]],[[-47.665806,-22.61392],[-47.665805,-22.613932]],[[-47.756722,-22.612327],[-47.756727,-22.612327]],[[-47.756722,-22.612327],[-47.759176,-22.614713]],[[-47.574658,-22.61533],[-47.574778,-22.614613],[-47.574859,-22.615282]],[[-47.673512,-22.613336],[-47.673054,-22.615136]],[[-47.711979,-22.612641],[-47.709809,-22.610198]],[[-47.753039,-22.611922],[-47.7557,-22.610214]],[[-47.5439,-22.615373],[-47.541722,-22.615181]],[[-47.543901,-22.615371],[-47.543493,-22.616206],[-47.54469,-22.616226]],[[-47.703767,-22.612717],[-47.702612,-22.612078],[-47.704519,-22.612869],[-47.703767,-22.612717]],[[-47.684549,-22.613016],[-47.683857,-22.612374]],[[-47.541683,-22.615314],[-47.540641,-22.615672],[-47.538326,-22.613315]],[[-47.761458,-22.611668],[-47.761458,-22.611668]],[[-47.663103,-22.613307],[-47.663485,-22.611108]],[[-47.772304,-22.611418],[-47.768014,-22.615486]],[[-47.541746,-22.615218],[-47.544686,-22.616229]],[[-47.674562,-22.613014],[-47.674817,-22.614728],[-47.673686,-22.616755]],[[-47.704946,-22.612488],[-47.706966,-22.61517],[-47.707167,-22.617731]],[[-47.704946,-22.612488],[-47.701501,-22.610163],[-47.69715,-22.610702],[-47.69621,-22.612582],[-47.693982,-22.612554],[-47.692357,-22.613875],[-47.69212,-22.615503],[-47.693508,-22.618499],[-47.694789,-22.618533],[-47.695986,-22.617198],[-47.697464,-22.617494],[-47.697373,-22.621118],[-47.691205,-22.622237],[-47.68696,-22.620459]],[[-47.574815,-22.614582],[-47.572777,-22.613885],[-47.572993,-22.61169]],[[-47.701124,-22.612493],[-47.701124,-22.612493]],[[-47.612151,-22.613956],[-47.611407,-22.61629],[-47.612467,-22.615932],[-47.612151,-22.613956]],[[-47.598218,-22.613917],[-47.600571,-22.614181],[-47.602771,-22.61311]],[[-47.696279,-22.612266],[-47.696279,-22.612266]],[[-47.700807,-22.612129],[-47.700452,-22.612639],[-47.700807,-22.612129]],[[-47.683857,-22.612374],[-47.683844,-22.612381]],[[-47.683857,-22.612374],[-47.683839,-22.612373]],[[-47.696218,-22.612157],[-47.696218,-22.612157]],[[-47.696218,-22.612157],[-47.696218,-22.612157]],[[-47.734109,-22.611506],[-47.730495,-22.60805]],[[-47.683745,-22.612342],[-47.681212,-22.612634],[-47.680246,-22.61041]],[[-47.648839,-22.612905],[-47.650404,-22.607687]],[[-47.648839,-22.612905],[-47.647005,-22.610372],[-47.645594,-22.610233],[-47.645146,-22.607352],[-47.643872,-22.605941],[-47.641555,-22.606033]],[[-47.696299,-22.612007],[-47.696299,-22.612007]],[[-47.696483,-22.611996],[-47.696483,-22.611996]],[[-47.700477,-22.611913],[-47.700477,-22.611913]],[[-47.750712,-22.611056],[-47.748752,-22.612683]],[[-47.750712,-22.611056],[-47.750904,-22.610544]],[[-47.706674,-22.611749],[-47.706466,-22.610959],[-47.705662,-22.611325],[-47.706674,-22.611749]],[[-47.729413,-22.611289],[-47.729421,-22.611285]],[[-47.729413,-22.611289],[-47.72785,-22.608263]],[[-47.741529,-22.610941],[-47.742283,-22.613387]],[[-47.741639,-22.610915],[-47.740991,-22.609441]],[[-47.750896,-22.610694],[-47.750904,-22.610544]],[[-47.570635,-22.613682],[-47.57405,-22.610238],[-47.574219,-22.606664],[-47.572113,-22.605608],[-47.567128,-22.605921]],[[-47.750904,-22.610544],[-47.750667,-22.610109]],[[-47.750904,-22.610544],[-47.750667,-22.610109]],[[-47.756694,-22.610369],[-47.756722,-22.612327]],[[-47.736095,-22.610655],[-47.735868,-22.606518]],[[-47.672826,-22.61171],[-47.671465,-22.611992],[-47.670826,-22.6144]],[[-47.662641,-22.611824],[-47.662705,-22.611798]],[[-47.7557,-22.610214],[-47.755705,-22.610212]],[[-47.7557,-22.610214],[-47.756977,-22.609734]],[[-47.662279,-22.61168],[-47.661903,-22.613473]],[[-47.662279,-22.61168],[-47.659229,-22.613125]],[[-47.620973,-22.61233],[-47.615504,-22.614917],[-47.6124,-22.614037],[-47.612997,-22.616366],[-47.614881,-22.615684],[-47.614825,-22.61495]],[[-47.620973,-22.61233],[-47.62309,-22.610839]],[[-47.620982,-22.612324],[-47.620973,-22.61233]],[[-47.750667,-22.610109],[-47.750649,-22.610088]],[[-47.750667,-22.610109],[-47.750649,-22.610088]],[[-47.595886,-22.61267],[-47.59404,-22.612687]],[[-47.752835,-22.610051],[-47.7557,-22.610214]],[[-47.750649,-22.610088],[-47.750586,-22.610029]],[[-47.750649,-22.610088],[-47.750586,-22.610029]],[[-47.750586,-22.610029],[-47.750478,-22.609934]],[[-47.750586,-22.610029],[-47.750478,-22.609934]],[[-47.593752,-22.612597],[-47.59376,-22.612596]],[[-47.593752,-22.612597],[-47.593752,-22.612597]],[[-47.750478,-22.609934],[-47.750171,-22.60969]],[[-47.750478,-22.609934],[-47.750171,-22.60969]],[[-47.660953,-22.611438],[-47.66212,-22.61161]],[[-47.668069,-22.611319],[-47.665805,-22.613932]],[[-47.668069,-22.611319],[-47.666349,-22.610272],[-47.666468,-22.608466],[-47.663194,-22.606508],[-47.662016,-22.603815]],[[-47.74055,-22.610069],[-47.737295,-22.613436]],[[-47.717912,-22.610429],[-47.714784,-22.607546]],[[-47.756977,-22.609734],[-47.756984,-22.609733]],[[-47.756977,-22.609734],[-47.756687,-22.610307]],[[-47.674443,-22.611122],[-47.678747,-22.611358],[-47.680246,-22.610025]],[[-47.775111,-22.609385],[-47.772334,-22.611408],[-47.773012,-22.613698]],[[-47.775111,-22.609385],[-47.775112,-22.609384]],[[-47.671533,-22.611103],[-47.671453,-22.612033]],[[-47.775246,-22.609309],[-47.775111,-22.609385]],[[-47.750171,-22.60969],[-47.749674,-22.609308]],[[-47.750171,-22.60969],[-47.749674,-22.609308]],[[-47.663485,-22.611108],[-47.662279,-22.61168]],[[-47.663485,-22.611108],[-47.66349,-22.611101]],[[-47.753737,-22.609581],[-47.754451,-22.610128]],[[-47.709809,-22.610198],[-47.707956,-22.610714],[-47.707434,-22.612914],[-47.704946,-22.612488]],[[-47.709809,-22.610198],[-47.709809,-22.610197]],[[-47.776289,-22.608981],[-47.776291,-22.608985]],[[-47.776289,-22.608981],[-47.777346,-22.610903]],[[-47.701245,-22.610139],[-47.701245,-22.610139]],[[-47.749674,-22.609308],[-47.749488,-22.609182]],[[-47.749674,-22.609308],[-47.749488,-22.609182]],[[-47.740991,-22.609441],[-47.740632,-22.610043]],[[-47.740991,-22.609441],[-47.740344,-22.606379],[-47.739429,-22.60612]],[[-47.713967,-22.609865],[-47.712418,-22.606818]],[[-47.70641,-22.609923],[-47.705334,-22.61151],[-47.70641,-22.609923]],[[-47.749488,-22.609182],[-47.749251,-22.609018]],[[-47.749488,-22.609182],[-47.747208,-22.605965]],[[-47.736072,-22.609383],[-47.736069,-22.609492]],[[-47.657161,-22.610618],[-47.657161,-22.610618]],[[-47.771638,-22.60868],[-47.776289,-22.608981]],[[-47.740955,-22.609174],[-47.742945,-22.609404]],[[-47.680253,-22.610168],[-47.680246,-22.610025]],[[-47.771238,-22.608602],[-47.771238,-22.608602]],[[-47.554446,-22.61214],[-47.553717,-22.610658]],[[-47.704076,-22.609669],[-47.703708,-22.61064],[-47.703347,-22.609646],[-47.704076,-22.609669]],[[-47.680246,-22.610025],[-47.680249,-22.610026]],[[-47.680246,-22.610025],[-47.679377,-22.605819],[-47.677366,-22.605752],[-47.674766,-22.604044]],[[-47.770865,-22.608463],[-47.764002,-22.612016],[-47.763101,-22.6134]],[[-47.77101,-22.608412],[-47.771238,-22.608602]],[[-47.77101,-22.608412],[-47.770418,-22.60801]],[[-47.771007,-22.608411],[-47.77101,-22.608412]],[[-47.685259,-22.609822],[-47.68527,-22.611231],[-47.683857,-22.612374]],[[-47.673158,-22.610023],[-47.67386,-22.608035],[-47.675979,-22.607889],[-47.677524,-22.606553],[-47.679375,-22.607276]],[[-47.700771,-22.609559],[-47.699948,-22.610073],[-47.700771,-22.609559]],[[-47.706263,-22.609184],[-47.70562,-22.609786],[-47.706263,-22.609184]],[[-47.666056,-22.609774],[-47.663485,-22.611108]],[[-47.709237,-22.608953],[-47.710461,-22.607596],[-47.709997,-22.606928],[-47.706735,-22.609484],[-47.71015,-22.607118],[-47.709237,-22.608953]],[[-47.781889,-22.607679],[-47.78189,-22.607674]],[[-47.781889,-22.607679],[-47.784464,-22.607876]],[[-47.662214,-22.609549],[-47.662678,-22.608359]],[[-47.75289,-22.607814],[-47.757024,-22.607256],[-47.758807,-22.608134]],[[-47.727829,-22.608192],[-47.728058,-22.607742]],[[-47.723485,-22.608176],[-47.722137,-22.606166]],[[-47.730377,-22.607959],[-47.729654,-22.606302]],[[-47.777321,-22.607012],[-47.776289,-22.608981]],[[-47.553677,-22.610493],[-47.555441,-22.611421]],[[-47.553741,-22.610441],[-47.553738,-22.610448]],[[-47.553741,-22.610441],[-47.557121,-22.610245],[-47.56643,-22.603251]],[[-47.7034,-22.607979],[-47.7034,-22.607979]],[[-47.702283,-22.607859],[-47.702283,-22.607859]],[[-47.596657,-22.609555],[-47.595883,-22.612647],[-47.597794,-22.613765]],[[-47.549125,-22.61026],[-47.548719,-22.605532],[-47.547519,-22.604365],[-47.548646,-22.601722]],[[-47.714497,-22.607529],[-47.712815,-22.607193]],[[-47.739249,-22.607024],[-47.739249,-22.607024]],[[-47.707849,-22.607557],[-47.707191,-22.607611],[-47.70785,-22.607574]],[[-47.54934,-22.610154],[-47.553741,-22.610441]],[[-47.751511,-22.606685],[-47.749746,-22.604875]],[[-47.662678,-22.608181],[-47.662496,-22.607184]],[[-47.625432,-22.608586],[-47.620973,-22.61233]],[[-47.659322,-22.608015],[-47.662257,-22.607035]],[[-47.708718,-22.607183],[-47.708485,-22.607841],[-47.708718,-22.607183]],[[-47.604333,-22.608809],[-47.60777,-22.611716],[-47.606796,-22.615655],[-47.60511,-22.616508],[-47.603502,-22.613672],[-47.602675,-22.613691],[-47.604548,-22.609376]],[[-47.656992,-22.6079],[-47.657285,-22.60624]],[[-47.655411,-22.60784],[-47.65461,-22.61086]],[[-47.655411,-22.60784],[-47.653244,-22.608989],[-47.653832,-22.609286],[-47.653043,-22.610889]],[[-47.655603,-22.607819],[-47.655411,-22.60784]],[[-47.753757,-22.606157],[-47.754939,-22.605265]],[[-47.703767,-22.606979],[-47.702803,-22.606892],[-47.703417,-22.607655],[-47.702792,-22.607634],[-47.702761,-22.606723],[-47.703767,-22.606979]],[[-47.735861,-22.606413],[-47.735845,-22.606169]],[[-47.763492,-22.605914],[-47.77101,-22.608412]],[[-47.686788,-22.60717],[-47.685393,-22.609814]],[[-47.763246,-22.605766],[-47.763246,-22.605766]],[[-47.763246,-22.605766],[-47.763241,-22.605759]],[[-47.763244,-22.605762],[-47.763246,-22.605766]],[[-47.747208,-22.605965],[-47.743916,-22.60441],[-47.741665,-22.604863]],[[-47.747208,-22.605965],[-47.752452,-22.603689]],[[-47.73936,-22.606099],[-47.735929,-22.604118]],[[-47.763149,-22.605679],[-47.763143,-22.605678]],[[-47.736134,-22.606123],[-47.736154,-22.606106]],[[-47.761007,-22.605596],[-47.756977,-22.609734]],[[-47.711342,-22.606394],[-47.711342,-22.606394]],[[-47.662496,-22.607184],[-47.660944,-22.609277],[-47.656841,-22.611419]],[[-47.662496,-22.607184],[-47.662257,-22.607035]],[[-47.722137,-22.606166],[-47.725152,-22.605581]],[[-47.631655,-22.607644],[-47.631338,-22.608937],[-47.625678,-22.608479]],[[-47.735838,-22.605799],[-47.73579,-22.605499]],[[-47.662257,-22.607035],[-47.663282,-22.606554]],[[-47.783424,-22.604848],[-47.784513,-22.600328],[-47.782115,-22.597636]],[[-47.707179,-22.606055],[-47.706512,-22.606511],[-47.707196,-22.607131],[-47.707789,-22.606596],[-47.707695,-22.605773],[-47.70682,-22.606761],[-47.707179,-22.606055]],[[-47.762263,-22.605112],[-47.763096,-22.60562]],[[-47.782133,-22.604757],[-47.783424,-22.604848]],[[-47.61865,-22.607368],[-47.620356,-22.612884]],[[-47.725152,-22.605581],[-47.72617,-22.607219],[-47.728039,-22.607755],[-47.733803,-22.603606]],[[-47.720035,-22.605659],[-47.722137,-22.606166]],[[-47.741665,-22.604863],[-47.740005,-22.605952]],[[-47.73535,-22.604953],[-47.736228,-22.60467],[-47.73535,-22.604953]],[[-47.737104,-22.604847],[-47.736527,-22.605211],[-47.737104,-22.604847]],[[-47.616809,-22.606853],[-47.616809,-22.606853]],[[-47.73621,-22.60482],[-47.73621,-22.60482]],[[-47.59824,-22.607051],[-47.597034,-22.609308]],[[-47.753298,-22.604457],[-47.755559,-22.605498],[-47.759886,-22.605185]],[[-47.744111,-22.604507],[-47.74899,-22.599906]],[[-47.735992,-22.604621],[-47.735929,-22.604118]],[[-47.758932,-22.604127],[-47.758932,-22.604129]],[[-47.758932,-22.604127],[-47.760742,-22.605577],[-47.762714,-22.605115],[-47.76408,-22.600321],[-47.764894,-22.600327]],[[-47.734933,-22.60453],[-47.733935,-22.605192],[-47.734933,-22.60453]],[[-47.748456,-22.604241],[-47.7483,-22.605415]],[[-47.767753,-22.603903],[-47.769138,-22.604842]],[[-47.726384,-22.604311],[-47.726227,-22.605803],[-47.725398,-22.605985]],[[-47.735929,-22.604118],[-47.73593,-22.604107]],[[-47.735929,-22.604118],[-47.733803,-22.603606]],[[-47.718408,-22.604403],[-47.719844,-22.605522]],[[-47.689089,-22.604876],[-47.691857,-22.602864],[-47.694955,-22.602245]],[[-47.657168,-22.605384],[-47.657168,-22.605384]],[[-47.769174,-22.603418],[-47.769472,-22.607546]],[[-47.769174,-22.603418],[-47.77023,-22.60223]],[[-47.684134,-22.604858],[-47.680623,-22.608318],[-47.680719,-22.610718]],[[-47.701849,-22.604333],[-47.701504,-22.603684],[-47.701849,-22.604333]],[[-47.733803,-22.603606],[-47.733801,-22.603607]],[[-47.733803,-22.603606],[-47.734576,-22.603546],[-47.734389,-22.602284]],[[-47.725214,-22.603744],[-47.725152,-22.605581]],[[-47.718364,-22.603822],[-47.718283,-22.604338]],[[-47.741245,-22.603356],[-47.740612,-22.602117]],[[-47.665637,-22.604509],[-47.668085,-22.605141]],[[-47.665637,-22.604509],[-47.668137,-22.603125]],[[-47.665244,-22.604467],[-47.665637,-22.604509]],[[-47.62715,-22.605056],[-47.626992,-22.606834],[-47.625496,-22.608526]],[[-47.555225,-22.606207],[-47.553741,-22.610441]],[[-47.671835,-22.604278],[-47.671142,-22.60482]],[[-47.755213,-22.602834],[-47.758009,-22.60365]],[[-47.673188,-22.604209],[-47.672653,-22.604785]],[[-47.673188,-22.604209],[-47.671542,-22.602855]],[[-47.56703,-22.605911],[-47.564429,-22.605364]],[[-47.666846,-22.60422],[-47.666823,-22.603485]],[[-47.670271,-22.60415],[-47.671033,-22.604002]],[[-47.674766,-22.604044],[-47.673188,-22.604209]],[[-47.674766,-22.604044],[-47.674678,-22.603065]],[[-47.758899,-22.602608],[-47.758932,-22.604127]],[[-47.668519,-22.604122],[-47.667279,-22.603895]],[[-47.65815,-22.604272],[-47.657235,-22.606086],[-47.658024,-22.607162]],[[-47.65815,-22.604272],[-47.657238,-22.604181]],[[-47.763691,-22.602443],[-47.765057,-22.603114]],[[-47.66479,-22.604098],[-47.66479,-22.604098]],[[-47.672553,-22.60396],[-47.670435,-22.603565]],[[-47.664798,-22.604088],[-47.664346,-22.603955]],[[-47.657238,-22.604181],[-47.655795,-22.607761]],[[-47.657238,-22.604181],[-47.656164,-22.604302],[-47.652607,-22.601051],[-47.651214,-22.601254]],[[-47.751047,-22.602591],[-47.750463,-22.604597]],[[-47.664346,-22.603955],[-47.663099,-22.604967]],[[-47.664346,-22.603955],[-47.66506,-22.603006]],[[-47.771903,-22.602105],[-47.775601,-22.607028],[-47.781889,-22.607679]],[[-47.662016,-22.603815],[-47.660771,-22.602568]],[[-47.662016,-22.603815],[-47.66313,-22.601173]],[[-47.647043,-22.603838],[-47.647706,-22.601411]],[[-47.742064,-22.602194],[-47.741059,-22.603734],[-47.741665,-22.604863]],[[-47.716207,-22.602601],[-47.718143,-22.603754]],[[-47.716207,-22.602601],[-47.71803,-22.600928],[-47.717378,-22.599847],[-47.718795,-22.599257]],[[-47.716206,-22.6026],[-47.716207,-22.602601]],[[-47.734389,-22.602284],[-47.734383,-22.602277]],[[-47.734389,-22.602284],[-47.734382,-22.598939]],[[-47.756204,-22.601828],[-47.758932,-22.604127]],[[-47.744847,-22.601857],[-47.741287,-22.598972]],[[-47.713723,-22.602369],[-47.712778,-22.603497],[-47.713581,-22.605788],[-47.709809,-22.610198]],[[-47.713888,-22.602333],[-47.71481,-22.602057],[-47.715622,-22.603166],[-47.716207,-22.602601]],[[-47.769479,-22.601295],[-47.769174,-22.603418]],[[-47.713849,-22.602203],[-47.714915,-22.602015],[-47.715694,-22.603115],[-47.717942,-22.601045],[-47.717477,-22.599691],[-47.719265,-22.598984],[-47.720839,-22.600052],[-47.721974,-22.598201]],[[-47.66506,-22.603006],[-47.66594,-22.601969]],[[-47.66506,-22.603006],[-47.664252,-22.601529]],[[-47.752949,-22.601459],[-47.753752,-22.599674]],[[-47.674334,-22.602608],[-47.673338,-22.601344]],[[-47.694955,-22.602245],[-47.694957,-22.602249]],[[-47.694955,-22.602245],[-47.695666,-22.601333],[-47.694673,-22.599407],[-47.687669,-22.597916],[-47.684649,-22.599284],[-47.684349,-22.598253],[-47.682885,-22.598023]],[[-47.694955,-22.602245],[-47.698013,-22.610538],[-47.701745,-22.609923],[-47.702816,-22.611387],[-47.707044,-22.612683],[-47.707639,-22.610615],[-47.711034,-22.609219],[-47.713357,-22.605335],[-47.711067,-22.603974],[-47.710086,-22.605985],[-47.707092,-22.60471],[-47.704249,-22.606491],[-47.702306,-22.604334],[-47.702286,-22.603017],[-47.708677,-22.60006],[-47.70426,-22.597619],[-47.705048,-22.593262],[-47.696095,-22.587187],[-47.694311,-22.58717],[-47.692152,-22.589585],[-47.690863,-22.588763]],[[-47.767449,-22.600931],[-47.764894,-22.600327]],[[-47.660771,-22.602568],[-47.660227,-22.603997],[-47.65815,-22.604272]],[[-47.660771,-22.602568],[-47.660336,-22.601987]],[[-47.703847,-22.601702],[-47.70276,-22.601999],[-47.703847,-22.601702]],[[-47.763653,-22.600601],[-47.764003,-22.600946]],[[-47.763282,-22.600522],[-47.763281,-22.60052]],[[-47.763282,-22.600522],[-47.763282,-22.600522]],[[-47.645191,-22.602484],[-47.648794,-22.600643]],[[-47.771496,-22.600289],[-47.773143,-22.59929]],[[-47.764894,-22.600327],[-47.766828,-22.598843]],[[-47.777988,-22.600088],[-47.776035,-22.601771]],[[-47.777988,-22.600088],[-47.782663,-22.600978],[-47.783865,-22.602835]],[[-47.77799,-22.600085],[-47.777988,-22.600088]],[[-47.66594,-22.601969],[-47.66594,-22.60197]],[[-47.66594,-22.601969],[-47.666568,-22.601463]],[[-47.660336,-22.601987],[-47.659045,-22.601453],[-47.659058,-22.600212]],[[-47.660336,-22.601987],[-47.658536,-22.601339],[-47.656614,-22.596476]],[[-47.75473,-22.600121],[-47.754239,-22.599001]],[[-47.566455,-22.603178],[-47.568863,-22.600215],[-47.570591,-22.599759],[-47.570311,-22.598822],[-47.568998,-22.600175]],[[-47.757443,-22.599993],[-47.758831,-22.59817],[-47.760064,-22.598136]],[[-47.773598,-22.599714],[-47.77538,-22.599258],[-47.777988,-22.600088]],[[-47.666568,-22.601463],[-47.666894,-22.601354]],[[-47.666568,-22.601463],[-47.666591,-22.600522]],[[-47.673338,-22.601344],[-47.673515,-22.600576]],[[-47.673338,-22.601344],[-47.672101,-22.600129],[-47.672939,-22.600806]],[[-47.632677,-22.602002],[-47.629569,-22.607797],[-47.628331,-22.608427]],[[-47.666894,-22.601354],[-47.668311,-22.601194]],[[-47.666894,-22.601354],[-47.667674,-22.600556]],[[-47.724362,-22.600189],[-47.7274,-22.602173]],[[-47.724362,-22.600189],[-47.726806,-22.599405]],[[-47.753752,-22.599674],[-47.751802,-22.600804]],[[-47.753752,-22.599674],[-47.753752,-22.599666]],[[-47.773072,-22.599332],[-47.773589,-22.599725],[-47.773072,-22.599332]],[[-47.66313,-22.601173],[-47.662169,-22.6003]],[[-47.66313,-22.601173],[-47.663444,-22.598625]],[[-47.651214,-22.601254],[-47.651214,-22.601255]],[[-47.651214,-22.601254],[-47.645655,-22.599382],[-47.641743,-22.594791]],[[-47.670774,-22.600824],[-47.671498,-22.600201]],[[-47.665404,-22.600904],[-47.66594,-22.601969]],[[-47.756039,-22.599291],[-47.756042,-22.597428]],[[-47.751824,-22.599322],[-47.753744,-22.59898]],[[-47.753744,-22.59898],[-47.753745,-22.59898]],[[-47.753744,-22.59898],[-47.754143,-22.599053]],[[-47.726806,-22.599405],[-47.729158,-22.600273]],[[-47.726806,-22.599405],[-47.726878,-22.599369]],[[-47.726878,-22.599369],[-47.726877,-22.59937]],[[-47.726878,-22.599369],[-47.729823,-22.598726]],[[-47.604206,-22.601303],[-47.604275,-22.603612],[-47.603408,-22.604517],[-47.604479,-22.609328]],[[-47.604206,-22.601303],[-47.604212,-22.601302]],[[-47.782418,-22.598255],[-47.781052,-22.597447]],[[-47.672087,-22.600124],[-47.671951,-22.600073]],[[-47.671951,-22.600073],[-47.670557,-22.599782]],[[-47.671951,-22.600073],[-47.671845,-22.599223]],[[-47.671952,-22.600072],[-47.671951,-22.600073]],[[-47.671942,-22.600072],[-47.671265,-22.599549]],[[-47.734382,-22.598939],[-47.733248,-22.59744]],[[-47.734382,-22.598939],[-47.735017,-22.597203]],[[-47.770586,-22.598278],[-47.77109,-22.595979]],[[-47.750132,-22.598618],[-47.745886,-22.598995]],[[-47.740218,-22.598766],[-47.73667,-22.60228],[-47.734389,-22.602284]],[[-47.76087,-22.598382],[-47.762471,-22.598926],[-47.763282,-22.600522]],[[-47.76087,-22.598382],[-47.761857,-22.596168]],[[-47.641241,-22.600396],[-47.645561,-22.599123]],[[-47.659116,-22.599989],[-47.660696,-22.595877],[-47.660348,-22.594279]],[[-47.73669,-22.598633],[-47.73449,-22.600477]],[[-47.705066,-22.599155],[-47.704052,-22.601092],[-47.705066,-22.599155]],[[-47.752839,-22.598239],[-47.753744,-22.59898]],[[-47.782115,-22.597636],[-47.782047,-22.597507]],[[-47.744344,-22.598278],[-47.744496,-22.598379]],[[-47.548116,-22.601475],[-47.5488,-22.598551],[-47.54809,-22.596474],[-47.548116,-22.601475]],[[-47.782047,-22.597507],[-47.782044,-22.597502]],[[-47.782047,-22.597507],[-47.782044,-22.597502]],[[-47.782044,-22.597502],[-47.782007,-22.597426]],[[-47.781052,-22.597447],[-47.781055,-22.597446]],[[-47.781052,-22.597447],[-47.781052,-22.597447]],[[-47.782007,-22.597426],[-47.782006,-22.597423]],[[-47.782007,-22.597426],[-47.782006,-22.597423]],[[-47.782006,-22.597423],[-47.781924,-22.597214]],[[-47.759227,-22.597608],[-47.76087,-22.598382]],[[-47.759227,-22.597608],[-47.759227,-22.597614]],[[-47.781924,-22.597214],[-47.782115,-22.597636]],[[-47.781924,-22.597214],[-47.782038,-22.59721]],[[-47.769514,-22.59742],[-47.769486,-22.598435]],[[-47.74308,-22.597865],[-47.743979,-22.598729],[-47.746143,-22.597897]],[[-47.58896,-22.600416],[-47.587171,-22.601838],[-47.585542,-22.605695]],[[-47.780494,-22.5972],[-47.775519,-22.595659]],[[-47.721974,-22.598201],[-47.724362,-22.600189]],[[-47.721974,-22.598201],[-47.720454,-22.594424],[-47.722701,-22.593599],[-47.723063,-22.591347],[-47.724135,-22.591941]],[[-47.772249,-22.597219],[-47.772657,-22.595458]],[[-47.769444,-22.597238],[-47.769444,-22.597238]],[[-47.756042,-22.597428],[-47.753752,-22.599674]],[[-47.756042,-22.597428],[-47.756045,-22.597421]],[[-47.774557,-22.597103],[-47.775699,-22.595914]],[[-47.782607,-22.596956],[-47.782037,-22.597211],[-47.782607,-22.596956]],[[-47.629532,-22.59946],[-47.626775,-22.60507],[-47.627373,-22.603721]],[[-47.750541,-22.597428],[-47.75228,-22.595814]],[[-47.748659,-22.597451],[-47.746454,-22.598342]],[[-47.782807,-22.596822],[-47.783967,-22.59605]],[[-47.778155,-22.59675],[-47.777811,-22.595126],[-47.778695,-22.594451]],[[-47.681703,-22.59835],[-47.679333,-22.598981],[-47.679555,-22.601193]],[[-47.764912,-22.596772],[-47.762985,-22.597884]],[[-47.596911,-22.599541],[-47.60123,-22.601446],[-47.604206,-22.601303]],[[-47.756956,-22.596855],[-47.756042,-22.597428]],[[-47.767378,-22.596656],[-47.767385,-22.596656]],[[-47.767378,-22.596656],[-47.767056,-22.597593]],[[-47.766147,-22.596632],[-47.767378,-22.596656]],[[-47.682735,-22.598044],[-47.678436,-22.597363]],[[-47.728142,-22.597249],[-47.726878,-22.599369]],[[-47.7634,-22.596643],[-47.762336,-22.598572],[-47.763646,-22.600581]],[[-47.585445,-22.599581],[-47.588204,-22.6011],[-47.59124,-22.596797],[-47.59332,-22.596471]],[[-47.767554,-22.596542],[-47.767378,-22.596656]],[[-47.767554,-22.596542],[-47.768077,-22.596621]],[[-47.767559,-22.596539],[-47.767554,-22.596542]],[[-47.703573,-22.597527],[-47.702575,-22.598488],[-47.703784,-22.599546],[-47.7042,-22.598582],[-47.702759,-22.598457],[-47.703573,-22.597527]],[[-47.769391,-22.596183],[-47.769466,-22.597231]],[[-47.784311,-22.595922],[-47.784311,-22.595922]],[[-47.784311,-22.595922],[-47.784315,-22.59592]],[[-47.784315,-22.59592],[-47.784311,-22.595922]],[[-47.784315,-22.59592],[-47.784321,-22.595053],[-47.784315,-22.59592]],[[-47.741347,-22.596658],[-47.742205,-22.59095]],[[-47.669856,-22.597716],[-47.668713,-22.597261]],[[-47.77109,-22.595979],[-47.767554,-22.596542]],[[-47.77109,-22.595979],[-47.771094,-22.595973]],[[-47.605255,-22.598638],[-47.605043,-22.60082],[-47.604206,-22.601303]],[[-47.605255,-22.598638],[-47.605258,-22.598637]],[[-47.67845,-22.597363],[-47.678436,-22.597363]],[[-47.678436,-22.597363],[-47.674634,-22.598403]],[[-47.678436,-22.597363],[-47.676979,-22.595394]],[[-47.570482,-22.599122],[-47.570783,-22.599037]],[[-47.641582,-22.597961],[-47.643768,-22.597113]],[[-47.775519,-22.595659],[-47.775522,-22.595664]],[[-47.775519,-22.595659],[-47.772657,-22.595458]],[[-47.784675,-22.595498],[-47.785758,-22.59297]],[[-47.766165,-22.595806],[-47.766739,-22.596466]],[[-47.570783,-22.599037],[-47.572688,-22.598279]],[[-47.570783,-22.599037],[-47.570839,-22.597649]],[[-47.74299,-22.596166],[-47.743921,-22.592033]],[[-47.668598,-22.597381],[-47.667631,-22.598325]],[[-47.744887,-22.596046],[-47.743563,-22.591772]],[[-47.747607,-22.595972],[-47.745143,-22.600076],[-47.744855,-22.603219]],[[-47.772657,-22.595458],[-47.772657,-22.595452]],[[-47.772657,-22.595458],[-47.77109,-22.595979]],[[-47.749368,-22.595814],[-47.751584,-22.595333],[-47.759227,-22.597608]],[[-47.767567,-22.59538],[-47.768835,-22.596237]],[[-47.784316,-22.595067],[-47.784105,-22.594741]],[[-47.651087,-22.597301],[-47.652263,-22.598707],[-47.651214,-22.601254]],[[-47.759446,-22.595387],[-47.760454,-22.59378],[-47.759813,-22.592054],[-47.757671,-22.591313]],[[-47.623226,-22.59747],[-47.622028,-22.597207]],[[-47.655651,-22.596929],[-47.65637,-22.595847]],[[-47.784105,-22.594741],[-47.784107,-22.59474]],[[-47.784105,-22.594741],[-47.784105,-22.594741]],[[-47.572765,-22.598221],[-47.580677,-22.595382]],[[-47.657029,-22.596814],[-47.658185,-22.596816]],[[-47.739433,-22.595418],[-47.738645,-22.590339]],[[-47.771577,-22.594792],[-47.772476,-22.595417]],[[-47.783843,-22.594413],[-47.781169,-22.590921]],[[-47.737311,-22.59516],[-47.736665,-22.591605],[-47.735123,-22.590435]],[[-47.767061,-22.594643],[-47.767061,-22.594643]],[[-47.703242,-22.59573],[-47.7027,-22.596607],[-47.703242,-22.59573]],[[-47.765385,-22.594647],[-47.765377,-22.593286]],[[-47.656614,-22.596476],[-47.656614,-22.596479]],[[-47.656614,-22.596476],[-47.655832,-22.595547]],[[-47.771636,-22.594511],[-47.770942,-22.594081]],[[-47.786302,-22.594225],[-47.786302,-22.594225]],[[-47.747081,-22.594885],[-47.745359,-22.59247],[-47.743606,-22.591706]],[[-47.757151,-22.594665],[-47.75903,-22.59615],[-47.759227,-22.597608]],[[-47.734814,-22.595029],[-47.734442,-22.591906],[-47.733013,-22.590022]],[[-47.77162,-22.594384],[-47.77162,-22.594384]],[[-47.767231,-22.594457],[-47.76702,-22.593834]],[[-47.771731,-22.59434],[-47.771086,-22.593366]],[[-47.65431,-22.596198],[-47.655832,-22.595547]],[[-47.730437,-22.594855],[-47.729154,-22.59115],[-47.728361,-22.591138]],[[-47.570912,-22.597463],[-47.570808,-22.595935],[-47.57095,-22.597242]],[[-47.622716,-22.596556],[-47.622962,-22.596269]],[[-47.622716,-22.596556],[-47.622091,-22.597223],[-47.612859,-22.595652]],[[-47.668206,-22.595755],[-47.663601,-22.596561]],[[-47.668206,-22.595755],[-47.668665,-22.595615]],[[-47.670771,-22.595709],[-47.671175,-22.596267]],[[-47.668665,-22.595615],[-47.669422,-22.599092]],[[-47.668665,-22.595615],[-47.668206,-22.595755]],[[-47.727908,-22.59459],[-47.726681,-22.591347]],[[-47.670919,-22.595477],[-47.671732,-22.595336]],[[-47.772755,-22.593743],[-47.773498,-22.595455]],[[-47.775008,-22.593694],[-47.775519,-22.595659]],[[-47.623304,-22.596193],[-47.622716,-22.596556]],[[-47.690479,-22.595078],[-47.689388,-22.591593]],[[-47.670804,-22.595392],[-47.670804,-22.595392]],[[-47.766965,-22.593699],[-47.767044,-22.592677]],[[-47.76718,-22.593668],[-47.76718,-22.593668]],[[-47.655832,-22.595547],[-47.65534,-22.594749]],[[-47.732328,-22.594249],[-47.731012,-22.590387]],[[-47.758551,-22.593725],[-47.759475,-22.595001],[-47.759153,-22.596343]],[[-47.78409,-22.593141],[-47.784991,-22.594678]],[[-47.78409,-22.593141],[-47.78409,-22.593141]],[[-47.784085,-22.593137],[-47.78409,-22.593141]],[[-47.657916,-22.595221],[-47.656614,-22.596476]],[[-47.593795,-22.596263],[-47.595889,-22.596379],[-47.600971,-22.591638],[-47.603127,-22.591516]],[[-47.688198,-22.5947],[-47.688204,-22.593621]],[[-47.60918,-22.595941],[-47.60918,-22.595941]],[[-47.785901,-22.592851],[-47.789544,-22.587934]],[[-47.659872,-22.594931],[-47.660738,-22.595073]],[[-47.609859,-22.595739],[-47.609281,-22.595936],[-47.609859,-22.595739]],[[-47.601829,-22.595774],[-47.605255,-22.598638]],[[-47.649035,-22.594999],[-47.648876,-22.593572]],[[-47.61141,-22.5956],[-47.610718,-22.595812],[-47.61141,-22.5956]],[[-47.608791,-22.595569],[-47.606603,-22.596362],[-47.605257,-22.598544]],[[-47.610159,-22.595542],[-47.610159,-22.595542]],[[-47.65534,-22.594749],[-47.654074,-22.594995]],[[-47.65534,-22.594749],[-47.655468,-22.593133]],[[-47.769423,-22.59279],[-47.769536,-22.59323]],[[-47.751106,-22.593039],[-47.751428,-22.590842],[-47.748663,-22.589192]],[[-47.610069,-22.595364],[-47.610069,-22.595364]],[[-47.610379,-22.59535],[-47.610379,-22.59535]],[[-47.570846,-22.595987],[-47.572186,-22.58884],[-47.573869,-22.587757],[-47.573636,-22.586347]],[[-47.754696,-22.592911],[-47.75516,-22.596329]],[[-47.783424,-22.592407],[-47.783908,-22.592929]],[[-47.647438,-22.594676],[-47.649017,-22.593291]],[[-47.769353,-22.592602],[-47.769353,-22.592602]],[[-47.769353,-22.592602],[-47.769355,-22.592602]],[[-47.548282,-22.596243],[-47.548291,-22.596248]],[[-47.758413,-22.59275],[-47.758544,-22.593712]],[[-47.669364,-22.594098],[-47.670569,-22.595658]],[[-47.783271,-22.592128],[-47.783271,-22.592128]],[[-47.780126,-22.592066],[-47.781169,-22.590921]],[[-47.749364,-22.592579],[-47.74726,-22.591611]],[[-47.752648,-22.592473],[-47.75225,-22.590007]],[[-47.692814,-22.593449],[-47.69119,-22.591309]],[[-47.610851,-22.594794],[-47.608798,-22.595482],[-47.609779,-22.595286]],[[-47.610864,-22.594792],[-47.612623,-22.595415]],[[-47.75392,-22.592302],[-47.753951,-22.5907],[-47.75225,-22.590007]],[[-47.770805,-22.591997],[-47.770692,-22.59054]],[[-47.787997,-22.591688],[-47.787224,-22.590909]],[[-47.686512,-22.593361],[-47.687877,-22.593481]],[[-47.667404,-22.593567],[-47.66647,-22.594073]],[[-47.768325,-22.591855],[-47.763946,-22.593777]],[[-47.778682,-22.591576],[-47.779642,-22.58959]],[[-47.768818,-22.591704],[-47.769353,-22.592602]],[[-47.667539,-22.59339],[-47.667537,-22.59339]],[[-47.667539,-22.59339],[-47.667539,-22.59339]],[[-47.767728,-22.591678],[-47.76462,-22.590745]],[[-47.788577,-22.591295],[-47.788002,-22.59174],[-47.789437,-22.592167],[-47.788577,-22.591295]],[[-47.669282,-22.593233],[-47.668727,-22.595105]],[[-47.661336,-22.59334],[-47.661737,-22.592274]],[[-47.669321,-22.593159],[-47.670693,-22.593603]],[[-47.75917,-22.591558],[-47.759169,-22.59039]],[[-47.743563,-22.591772],[-47.743564,-22.591769]],[[-47.743563,-22.591772],[-47.747858,-22.589096],[-47.750513,-22.588609]],[[-47.673998,-22.59291],[-47.676483,-22.584593],[-47.675733,-22.583704]],[[-47.785055,-22.590969],[-47.78584,-22.592923]],[[-47.673874,-22.592854],[-47.673874,-22.592854]],[[-47.74726,-22.591611],[-47.748138,-22.595168]],[[-47.74726,-22.591611],[-47.746026,-22.590247]],[[-47.795029,-22.590717],[-47.7961,-22.586931]],[[-47.72423,-22.59191],[-47.733419,-22.589897],[-47.739974,-22.59006],[-47.742205,-22.59095]],[[-47.781169,-22.590921],[-47.781178,-22.59092]],[[-47.781169,-22.590921],[-47.780081,-22.589625]],[[-47.548941,-22.5946],[-47.55075,-22.593466]],[[-47.669079,-22.59264],[-47.667539,-22.59339]],[[-47.784643,-22.590436],[-47.78474,-22.591182],[-47.784643,-22.590436]],[[-47.79827,-22.590183],[-47.797648,-22.589528]],[[-47.76462,-22.590745],[-47.761332,-22.590708]],[[-47.76462,-22.590745],[-47.763626,-22.589583]],[[-47.784688,-22.590382],[-47.784214,-22.588591]],[[-47.770692,-22.59054],[-47.767728,-22.591678]],[[-47.770692,-22.59054],[-47.770692,-22.590539]],[[-47.742205,-22.59095],[-47.743563,-22.591772]],[[-47.742205,-22.59095],[-47.742205,-22.590947]],[[-47.753954,-22.590697],[-47.755618,-22.591036]],[[-47.689388,-22.591593],[-47.687307,-22.59411]],[[-47.689388,-22.591593],[-47.689388,-22.591584]],[[-47.772145,-22.590182],[-47.77258,-22.591516]],[[-47.77506,-22.590126],[-47.774085,-22.591818]],[[-47.759169,-22.59039],[-47.75916,-22.590393]],[[-47.759169,-22.59039],[-47.759431,-22.58937]],[[-47.771902,-22.590151],[-47.771726,-22.592538]],[[-47.757646,-22.590395],[-47.759294,-22.591701]],[[-47.771781,-22.590111],[-47.771774,-22.590107]],[[-47.771774,-22.590107],[-47.770692,-22.59054]],[[-47.771774,-22.590107],[-47.768834,-22.587806],[-47.76649,-22.587625]],[[-47.669927,-22.591795],[-47.669278,-22.593228],[-47.669927,-22.591795]],[[-47.630989,-22.592373],[-47.631235,-22.596227],[-47.629555,-22.599399]],[[-47.797648,-22.589528],[-47.798623,-22.589621]],[[-47.797648,-22.589528],[-47.797641,-22.589519]],[[-47.69119,-22.591309],[-47.691189,-22.59131]],[[-47.69119,-22.591309],[-47.689692,-22.590944]],[[-47.774653,-22.589841],[-47.774775,-22.588568],[-47.771938,-22.585999]],[[-47.752675,-22.590186],[-47.753059,-22.589898]],[[-47.691393,-22.591206],[-47.691497,-22.591105]],[[-47.780081,-22.589625],[-47.780083,-22.58963]],[[-47.780081,-22.589625],[-47.778626,-22.589303]],[[-47.75225,-22.590007],[-47.752249,-22.590006]],[[-47.75225,-22.590007],[-47.750513,-22.588609]],[[-47.780236,-22.589468],[-47.779329,-22.587921]],[[-47.689692,-22.590944],[-47.69119,-22.591309]],[[-47.689692,-22.590944],[-47.689537,-22.590646]],[[-47.547649,-22.593232],[-47.548942,-22.594628],[-47.548233,-22.596247],[-47.546642,-22.589997],[-47.54811,-22.587968]],[[-47.763626,-22.589583],[-47.763636,-22.589589]],[[-47.763626,-22.589583],[-47.7641,-22.587422]],[[-47.691713,-22.590777],[-47.691713,-22.590777]],[[-47.761702,-22.589587],[-47.763626,-22.589583]],[[-47.778394,-22.589285],[-47.771774,-22.590107]],[[-47.689424,-22.590711],[-47.689388,-22.591593]],[[-47.689424,-22.590711],[-47.686247,-22.590092],[-47.684909,-22.592612],[-47.68352,-22.593246]],[[-47.689537,-22.590646],[-47.689424,-22.590711]],[[-47.76599,-22.589314],[-47.767728,-22.591678]],[[-47.65884,-22.591082],[-47.659389,-22.592094]],[[-47.65884,-22.591082],[-47.657793,-22.593587]],[[-47.75966,-22.589353],[-47.759169,-22.59039]],[[-47.75492,-22.58905],[-47.752586,-22.587173]],[[-47.78205,-22.58855],[-47.780081,-22.589625]],[[-47.747863,-22.589126],[-47.749553,-22.591745]],[[-47.603127,-22.591516],[-47.605072,-22.59493],[-47.605255,-22.598638]],[[-47.603127,-22.591516],[-47.60313,-22.591514]],[[-47.790668,-22.588351],[-47.792236,-22.590161]],[[-47.790668,-22.588351],[-47.790652,-22.588235]],[[-47.749787,-22.589032],[-47.749787,-22.589032]],[[-47.767441,-22.588648],[-47.769375,-22.589774],[-47.770462,-22.589426]],[[-47.790652,-22.588235],[-47.790652,-22.588236]],[[-47.790652,-22.588235],[-47.790668,-22.588351]],[[-47.67701,-22.590164],[-47.67701,-22.590164]],[[-47.676647,-22.590098],[-47.677417,-22.587596]],[[-47.650795,-22.590421],[-47.648802,-22.593501],[-47.644779,-22.593597],[-47.642207,-22.592421]],[[-47.650795,-22.590421],[-47.650149,-22.590312]],[[-47.650149,-22.590312],[-47.641951,-22.588623]],[[-47.650149,-22.590312],[-47.650848,-22.589778],[-47.64651,-22.58528]],[[-47.750513,-22.588609],[-47.752518,-22.587177],[-47.75518,-22.586817]],[[-47.789758,-22.587839],[-47.790652,-22.588235]],[[-47.547177,-22.59184],[-47.547649,-22.593232]],[[-47.547177,-22.59184],[-47.547177,-22.59184]],[[-47.789722,-22.587768],[-47.790899,-22.587205]],[[-47.652132,-22.590032],[-47.651526,-22.593664]],[[-47.652132,-22.590032],[-47.650795,-22.590421]],[[-47.659426,-22.589841],[-47.65884,-22.591082]],[[-47.755364,-22.588161],[-47.75518,-22.586817]],[[-47.779352,-22.587691],[-47.782685,-22.585432],[-47.782897,-22.582709]],[[-47.601934,-22.590614],[-47.601938,-22.590614]],[[-47.601934,-22.590614],[-47.603252,-22.590819],[-47.603127,-22.591516]],[[-47.776028,-22.587678],[-47.776853,-22.589685]],[[-47.779252,-22.587616],[-47.778551,-22.586169]],[[-47.756076,-22.587939],[-47.755862,-22.586733]],[[-47.65993,-22.589535],[-47.663156,-22.591398]],[[-47.659917,-22.58952],[-47.659917,-22.58952]],[[-47.790899,-22.587205],[-47.7909,-22.587208]],[[-47.790899,-22.587205],[-47.791775,-22.586446],[-47.795499,-22.586633]],[[-47.668782,-22.58928],[-47.669813,-22.591748]],[[-47.668898,-22.58917],[-47.668898,-22.58917]],[[-47.690863,-22.588763],[-47.689537,-22.590646]],[[-47.690863,-22.588763],[-47.692386,-22.585088],[-47.692065,-22.583452],[-47.69125,-22.582766],[-47.688999,-22.584632],[-47.687731,-22.584022]],[[-47.7961,-22.586931],[-47.797648,-22.589528]],[[-47.7961,-22.586931],[-47.796103,-22.586931]],[[-47.784936,-22.587104],[-47.787254,-22.586576]],[[-47.764989,-22.587391],[-47.766273,-22.586543]],[[-47.654196,-22.589242],[-47.653191,-22.590134],[-47.654182,-22.592147]],[[-47.600073,-22.590089],[-47.599894,-22.5906]],[[-47.795962,-22.586653],[-47.7961,-22.586931]],[[-47.795499,-22.586633],[-47.795364,-22.586019]],[[-47.795499,-22.586633],[-47.797191,-22.586471],[-47.801256,-22.583008]],[[-47.654977,-22.588963],[-47.655168,-22.591176]],[[-47.787254,-22.586576],[-47.788714,-22.588513],[-47.788315,-22.58985]],[[-47.787254,-22.586576],[-47.785618,-22.58468]],[[-47.757444,-22.587071],[-47.758761,-22.587832]],[[-47.608859,-22.589509],[-47.604882,-22.59436]],[[-47.66758,-22.58846],[-47.66568,-22.590634],[-47.661728,-22.59228],[-47.663568,-22.594179]],[[-47.75518,-22.586817],[-47.755179,-22.586813]],[[-47.75518,-22.586817],[-47.755862,-22.586733]],[[-47.770539,-22.586546],[-47.771691,-22.585817]],[[-47.790814,-22.586158],[-47.789646,-22.583946],[-47.791112,-22.581699]],[[-47.755862,-22.586733],[-47.759028,-22.586738]],[[-47.797663,-22.586002],[-47.800227,-22.587292]],[[-47.766273,-22.586543],[-47.76628,-22.586542]],[[-47.766273,-22.586543],[-47.769489,-22.584923]],[[-47.795364,-22.586019],[-47.796203,-22.584724]],[[-47.795364,-22.586019],[-47.795326,-22.584529]],[[-47.799996,-22.585873],[-47.800654,-22.585997]],[[-47.778551,-22.58617],[-47.778551,-22.586169]],[[-47.778551,-22.586169],[-47.780523,-22.582787]],[[-47.778551,-22.586169],[-47.775665,-22.585098],[-47.774252,-22.582893]],[[-47.799926,-22.585795],[-47.798489,-22.584868]],[[-47.765295,-22.586317],[-47.766273,-22.586543]],[[-47.800029,-22.585694],[-47.800029,-22.585694]],[[-47.60914,-22.588891],[-47.610231,-22.587392]],[[-47.609127,-22.588891],[-47.608953,-22.589516],[-47.609127,-22.588891]],[[-47.771934,-22.586014],[-47.771938,-22.585999]],[[-47.771938,-22.585999],[-47.771691,-22.585817]],[[-47.771938,-22.585999],[-47.772547,-22.585059]],[[-47.677417,-22.587596],[-47.678488,-22.59087]],[[-47.677417,-22.587596],[-47.677419,-22.587595]],[[-47.638281,-22.588123],[-47.638281,-22.588123]],[[-47.771691,-22.585817],[-47.771692,-22.585817]],[[-47.771691,-22.585817],[-47.770858,-22.582977]],[[-47.634745,-22.58804],[-47.631806,-22.589625],[-47.631025,-22.59223]],[[-47.801599,-22.585196],[-47.800231,-22.583815]],[[-47.66707,-22.587478],[-47.666979,-22.588224],[-47.66707,-22.587478]],[[-47.765447,-22.585717],[-47.767767,-22.585683]],[[-47.628217,-22.588016],[-47.628217,-22.588016]],[[-47.656953,-22.587397],[-47.652132,-22.590032]],[[-47.656953,-22.587397],[-47.65526,-22.58623]],[[-47.771202,-22.585321],[-47.769489,-22.584923]],[[-47.79325,-22.584653],[-47.791459,-22.584761],[-47.790899,-22.587205]],[[-47.669259,-22.586762],[-47.668866,-22.589093]],[[-47.669259,-22.586762],[-47.667608,-22.588427]],[[-47.66926,-22.586759],[-47.669259,-22.586762]],[[-47.627303,-22.587409],[-47.627303,-22.587409]],[[-47.638233,-22.587214],[-47.638233,-22.587214]],[[-47.663301,-22.586791],[-47.663301,-22.586791]],[[-47.770113,-22.584914],[-47.769748,-22.583692],[-47.767593,-22.583107]],[[-47.769489,-22.584923],[-47.769489,-22.584922]],[[-47.769489,-22.584923],[-47.765865,-22.584047]],[[-47.662973,-22.586652],[-47.662836,-22.58644]],[[-47.765958,-22.58475],[-47.768542,-22.584823]],[[-47.599693,-22.58745],[-47.600063,-22.590763],[-47.601934,-22.590614]],[[-47.662817,-22.586387],[-47.662933,-22.58597]],[[-47.662949,-22.586339],[-47.662949,-22.586339]],[[-47.782915,-22.584164],[-47.784553,-22.583354]],[[-47.599656,-22.58717],[-47.599656,-22.58717]],[[-47.548202,-22.587991],[-47.546682,-22.589957],[-47.547177,-22.59184]],[[-47.65526,-22.58623],[-47.653262,-22.585971]],[[-47.65526,-22.58623],[-47.653974,-22.585078]],[[-47.789649,-22.583862],[-47.786388,-22.582066]],[[-47.662957,-22.585857],[-47.662872,-22.585796]],[[-47.663091,-22.585854],[-47.663091,-22.585854]],[[-47.635853,-22.586275],[-47.634942,-22.587972],[-47.634012,-22.587473],[-47.635853,-22.586275]],[[-47.635853,-22.586275],[-47.635859,-22.586273]],[[-47.66289,-22.585662],[-47.662797,-22.583571],[-47.663812,-22.582053]],[[-47.662812,-22.585647],[-47.662812,-22.585647]],[[-47.595165,-22.586753],[-47.598159,-22.588354],[-47.600054,-22.590699]],[[-47.788296,-22.583301],[-47.788654,-22.581981]],[[-47.801223,-22.583033],[-47.803483,-22.582984]],[[-47.801256,-22.583008],[-47.80285,-22.581706]],[[-47.801256,-22.583008],[-47.80113,-22.581417]],[[-47.545956,-22.587148],[-47.548179,-22.587759],[-47.551079,-22.581631],[-47.558995,-22.577411],[-47.553075,-22.577914],[-47.547655,-22.582896],[-47.545956,-22.587148]],[[-47.64651,-22.58528],[-47.643293,-22.584737]],[[-47.64651,-22.58528],[-47.645027,-22.583972]],[[-47.676513,-22.584617],[-47.677417,-22.587596]],[[-47.780688,-22.582841],[-47.780688,-22.582841]],[[-47.636815,-22.585239],[-47.635853,-22.586275]],[[-47.77084,-22.582974],[-47.768128,-22.579979],[-47.764606,-22.57871]],[[-47.780534,-22.582783],[-47.780504,-22.581131]],[[-47.782899,-22.582709],[-47.783658,-22.581257]],[[-47.573773,-22.586188],[-47.575949,-22.583441],[-47.578744,-22.58272]],[[-47.780345,-22.582577],[-47.780531,-22.582783]],[[-47.780237,-22.582519],[-47.780237,-22.582519]],[[-47.687731,-22.584022],[-47.68205,-22.591787]],[[-47.687731,-22.584022],[-47.685827,-22.582516],[-47.683898,-22.583201],[-47.683762,-22.581647]],[[-47.779326,-22.581941],[-47.780237,-22.582519]],[[-47.653941,-22.584002],[-47.658557,-22.582169]],[[-47.683742,-22.583284],[-47.681731,-22.588893]],[[-47.683742,-22.583284],[-47.683974,-22.583234]],[[-47.683754,-22.583269],[-47.683742,-22.583284]],[[-47.659093,-22.583313],[-47.659093,-22.583313]],[[-47.653502,-22.583261],[-47.65352,-22.581882]],[[-47.782105,-22.580973],[-47.782105,-22.580973]],[[-47.76547,-22.581072],[-47.765972,-22.579939]],[[-47.669941,-22.582659],[-47.669006,-22.583322],[-47.669259,-22.586762]],[[-47.669941,-22.582659],[-47.666042,-22.580612]],[[-47.669946,-22.582658],[-47.669941,-22.582659]],[[-47.663757,-22.582647],[-47.663757,-22.582647]],[[-47.656414,-22.582697],[-47.656414,-22.582697]],[[-47.683579,-22.58221],[-47.683742,-22.583284]],[[-47.664579,-22.582415],[-47.663753,-22.58228],[-47.664579,-22.582415]],[[-47.76878,-22.580649],[-47.766297,-22.582608]],[[-47.676802,-22.582156],[-47.67728,-22.582242]],[[-47.676802,-22.582156],[-47.675725,-22.583617]],[[-47.676811,-22.582152],[-47.676802,-22.582156]],[[-47.658605,-22.582436],[-47.658605,-22.582436]],[[-47.674033,-22.582141],[-47.674492,-22.581809]],[[-47.674033,-22.582141],[-47.673234,-22.581874]],[[-47.663565,-22.582263],[-47.663565,-22.582263]],[[-47.60464,-22.583211],[-47.602066,-22.586179],[-47.601337,-22.588728],[-47.601934,-22.590614]],[[-47.684056,-22.581767],[-47.684119,-22.58288],[-47.685786,-22.582249],[-47.688675,-22.584301],[-47.691142,-22.582522],[-47.692498,-22.583418],[-47.691385,-22.589364],[-47.693279,-22.588521],[-47.694087,-22.587004],[-47.695879,-22.586878],[-47.705326,-22.59313],[-47.704496,-22.597192],[-47.708776,-22.599466],[-47.708937,-22.600337],[-47.702763,-22.602857],[-47.702533,-22.604121],[-47.704438,-22.606283],[-47.706933,-22.604445],[-47.709957,-22.605702],[-47.710875,-22.603841],[-47.712735,-22.604261],[-47.713709,-22.602319]],[[-47.658676,-22.582175],[-47.660439,-22.580889]],[[-47.764366,-22.580389],[-47.766807,-22.579623]],[[-47.672511,-22.581918],[-47.672608,-22.581912]],[[-47.672511,-22.581918],[-47.669941,-22.582659]],[[-47.673234,-22.581874],[-47.673235,-22.581874]],[[-47.673234,-22.581874],[-47.672827,-22.581791]],[[-47.659689,-22.582025],[-47.659689,-22.582025]],[[-47.683768,-22.581613],[-47.679536,-22.580938]],[[-47.672827,-22.581791],[-47.672511,-22.581918]],[[-47.672827,-22.581791],[-47.673234,-22.581874]],[[-47.659621,-22.581977],[-47.659736,-22.581374]],[[-47.648112,-22.582122],[-47.649168,-22.579648]],[[-47.772007,-22.579949],[-47.770859,-22.582976]],[[-47.679016,-22.581343],[-47.67762,-22.58296],[-47.675548,-22.580962]],[[-47.663628,-22.581556],[-47.663701,-22.580833]],[[-47.665566,-22.581415],[-47.665566,-22.581415]],[[-47.767652,-22.579679],[-47.767313,-22.576667]],[[-47.659871,-22.581455],[-47.65977,-22.581467]],[[-47.674702,-22.581183],[-47.674175,-22.579559]],[[-47.578744,-22.58272],[-47.578744,-22.58272]],[[-47.578744,-22.58272],[-47.580461,-22.5814]],[[-47.665317,-22.581296],[-47.665317,-22.581296]],[[-47.660361,-22.581364],[-47.660361,-22.581364]],[[-47.662054,-22.581264],[-47.655876,-22.578782]],[[-47.679536,-22.580938],[-47.679091,-22.581308]],[[-47.679536,-22.580938],[-47.681399,-22.580722],[-47.682333,-22.581682],[-47.684784,-22.580731],[-47.686975,-22.58111],[-47.689032,-22.577693],[-47.687396,-22.573899]],[[-47.676797,-22.580966],[-47.676158,-22.580846],[-47.676797,-22.580966]],[[-47.675548,-22.580962],[-47.676802,-22.582156]],[[-47.675548,-22.580962],[-47.674033,-22.582141]],[[-47.653827,-22.581299],[-47.652202,-22.582575]],[[-47.665242,-22.580926],[-47.665242,-22.580926]],[[-47.653724,-22.581017],[-47.65383,-22.580201]],[[-47.653876,-22.581009],[-47.653876,-22.581009]],[[-47.663701,-22.580833],[-47.660929,-22.581893],[-47.66073,-22.584047],[-47.657954,-22.585582],[-47.657921,-22.586892],[-47.656953,-22.587397]],[[-47.663701,-22.580833],[-47.663701,-22.580832]],[[-47.664082,-22.580705],[-47.663701,-22.580833]],[[-47.666042,-22.580612],[-47.664359,-22.580578]],[[-47.666042,-22.580612],[-47.666518,-22.578489]],[[-47.664359,-22.580578],[-47.664367,-22.580579]],[[-47.664359,-22.580578],[-47.664124,-22.580684]],[[-47.6424,-22.580887],[-47.642291,-22.581306]],[[-47.6424,-22.580887],[-47.642654,-22.580536]],[[-47.659089,-22.5806],[-47.659089,-22.5806]],[[-47.606403,-22.581434],[-47.604679,-22.583163]],[[-47.664086,-22.580321],[-47.663021,-22.579759],[-47.66063,-22.574385]],[[-47.60042,-22.58135],[-47.600753,-22.583744],[-47.599691,-22.58712]],[[-47.60042,-22.58135],[-47.605505,-22.5797]],[[-47.642654,-22.580536],[-47.6424,-22.580887]],[[-47.642654,-22.580536],[-47.64426,-22.578434],[-47.646203,-22.5779]],[[-47.66434,-22.580053],[-47.66434,-22.580053]],[[-47.65383,-22.580201],[-47.653827,-22.580199]],[[-47.65383,-22.580201],[-47.652278,-22.580076]],[[-47.607037,-22.580946],[-47.606393,-22.581422],[-47.607037,-22.580946]],[[-47.663999,-22.580009],[-47.663999,-22.580009]],[[-47.652267,-22.580081],[-47.651739,-22.581867],[-47.649881,-22.583324]],[[-47.652267,-22.580081],[-47.64901,-22.579623],[-47.646203,-22.5779]],[[-47.652278,-22.580076],[-47.652267,-22.580081]],[[-47.652278,-22.580076],[-47.652267,-22.580081]],[[-47.674175,-22.579559],[-47.669411,-22.573856]],[[-47.674175,-22.579559],[-47.674336,-22.575335],[-47.673491,-22.572714],[-47.672062,-22.571868]],[[-47.655667,-22.579689],[-47.655667,-22.579689]],[[-47.576013,-22.580604],[-47.576568,-22.583104]],[[-47.656794,-22.578957],[-47.656794,-22.578957]],[[-47.66314,-22.578714],[-47.664359,-22.580578]],[[-47.642565,-22.579045],[-47.642214,-22.579142]],[[-47.642688,-22.579038],[-47.643509,-22.579205]],[[-47.655876,-22.578782],[-47.65383,-22.580201]],[[-47.655876,-22.578782],[-47.655874,-22.577578]],[[-47.662675,-22.578645],[-47.663534,-22.576826]],[[-47.642653,-22.578958],[-47.642653,-22.578958]],[[-47.666518,-22.578489],[-47.667678,-22.576458]],[[-47.602171,-22.579501],[-47.60042,-22.58135]],[[-47.609852,-22.578853],[-47.607037,-22.580946]],[[-47.664771,-22.577716],[-47.666518,-22.578489]],[[-47.646203,-22.5779],[-47.646206,-22.5779]],[[-47.646203,-22.5779],[-47.643356,-22.57609]],[[-47.655874,-22.577578],[-47.655861,-22.577664]],[[-47.655874,-22.577578],[-47.655227,-22.577186]],[[-47.640803,-22.577562],[-47.640779,-22.577348]],[[-47.655227,-22.577186],[-47.651711,-22.578658],[-47.650631,-22.57805]],[[-47.655227,-22.577186],[-47.654766,-22.574855]],[[-47.666839,-22.576993],[-47.666437,-22.576156]],[[-47.653374,-22.577215],[-47.653957,-22.577221]],[[-47.653374,-22.577215],[-47.65222,-22.576415]],[[-47.661648,-22.57707],[-47.660938,-22.577206]],[[-47.645186,-22.57726],[-47.64544,-22.573085]],[[-47.640799,-22.577199],[-47.640786,-22.576914]],[[-47.666083,-22.576685],[-47.666821,-22.576981]],[[-47.640786,-22.576914],[-47.640792,-22.576915]],[[-47.640786,-22.576914],[-47.641008,-22.576764]],[[-47.640323,-22.576825],[-47.640786,-22.576914]],[[-47.596129,-22.577507],[-47.598507,-22.581119],[-47.60038,-22.581991]],[[-47.641339,-22.57638],[-47.641339,-22.57638]],[[-47.661426,-22.576015],[-47.66024,-22.576364]],[[-47.604995,-22.576931],[-47.603276,-22.578153]],[[-47.674276,-22.57577],[-47.674212,-22.575909]],[[-47.64935,-22.575997],[-47.653374,-22.577215]],[[-47.643356,-22.57609],[-47.641408,-22.576444]],[[-47.643356,-22.57609],[-47.642067,-22.573238]],[[-47.661415,-22.57578],[-47.662433,-22.573923]],[[-47.640707,-22.576098],[-47.641213,-22.57641]],[[-47.558939,-22.577407],[-47.562978,-22.575044]],[[-47.605511,-22.576123],[-47.605371,-22.576826],[-47.605511,-22.576123]],[[-47.661729,-22.575173],[-47.66369,-22.575286]],[[-47.654766,-22.574855],[-47.657624,-22.572384]],[[-47.654766,-22.574855],[-47.652097,-22.571002]],[[-47.617316,-22.575344],[-47.617316,-22.575344]],[[-47.673788,-22.574219],[-47.673711,-22.571175],[-47.67263,-22.570038]],[[-47.687396,-22.573899],[-47.681823,-22.573666]],[[-47.687396,-22.573899],[-47.685987,-22.571325],[-47.686527,-22.568913]],[[-47.658562,-22.574274],[-47.655367,-22.574765]],[[-47.592444,-22.575182],[-47.596006,-22.577473]],[[-47.646477,-22.574277],[-47.645593,-22.575135]],[[-47.669411,-22.573856],[-47.669605,-22.573044]],[[-47.669411,-22.573856],[-47.667686,-22.572213]],[[-47.650229,-22.574099],[-47.653829,-22.573401]],[[-47.592463,-22.57486],[-47.592463,-22.57486]],[[-47.617324,-22.574386],[-47.617324,-22.574386]],[[-47.617794,-22.574327],[-47.617794,-22.574327]],[[-47.617296,-22.574281],[-47.617296,-22.574281]],[[-47.590369,-22.574672],[-47.592004,-22.57553],[-47.592379,-22.574935],[-47.590308,-22.573898],[-47.590369,-22.574672]],[[-47.590039,-22.57464],[-47.590369,-22.574672]],[[-47.590039,-22.57464],[-47.589385,-22.574319],[-47.590039,-22.57464]],[[-47.617081,-22.573934],[-47.616465,-22.574164],[-47.617081,-22.573934]],[[-47.589385,-22.574312],[-47.588654,-22.574013]],[[-47.563486,-22.57472],[-47.563867,-22.573549],[-47.570653,-22.56888]],[[-47.589647,-22.574264],[-47.58909,-22.573373]],[[-47.666388,-22.572922],[-47.668494,-22.573213]],[[-47.605299,-22.573856],[-47.602204,-22.579438]],[[-47.642067,-22.573238],[-47.640806,-22.572571],[-47.639758,-22.573704]],[[-47.61697,-22.573439],[-47.61697,-22.573439]],[[-47.616824,-22.573402],[-47.616824,-22.573402]],[[-47.590146,-22.573803],[-47.590146,-22.573803]],[[-47.590959,-22.573789],[-47.590134,-22.573489],[-47.590959,-22.573789]],[[-47.616955,-22.573253],[-47.616955,-22.573253]],[[-47.642036,-22.572717],[-47.642067,-22.573238]],[[-47.616979,-22.573122],[-47.616979,-22.573122]],[[-47.617092,-22.573098],[-47.617092,-22.573098]],[[-47.617198,-22.572964],[-47.617198,-22.572964]],[[-47.616984,-22.572953],[-47.616984,-22.572953]],[[-47.590111,-22.573212],[-47.590111,-22.573212]],[[-47.638723,-22.572405],[-47.640342,-22.572188]],[[-47.642158,-22.572279],[-47.642036,-22.572717]],[[-47.685608,-22.571471],[-47.686031,-22.571535]],[[-47.685608,-22.571471],[-47.684904,-22.572162]],[[-47.640342,-22.572188],[-47.640838,-22.572574]],[[-47.640342,-22.572188],[-47.638733,-22.569379]],[[-47.643023,-22.572103],[-47.642158,-22.572279]],[[-47.681366,-22.571428],[-47.685608,-22.571471]],[[-47.590496,-22.572918],[-47.590805,-22.573601],[-47.590496,-22.572918]],[[-47.590183,-22.572822],[-47.58955,-22.573077],[-47.590183,-22.572822]],[[-47.589536,-22.572418],[-47.589821,-22.57416]],[[-47.64252,-22.571405],[-47.642158,-22.572279]],[[-47.652097,-22.571002],[-47.651657,-22.570723]],[[-47.652097,-22.571002],[-47.655314,-22.567899]],[[-47.605373,-22.571728],[-47.605286,-22.57367]],[[-47.605373,-22.571728],[-47.605193,-22.571413]],[[-47.685996,-22.57034],[-47.684458,-22.569042]],[[-47.641485,-22.570979],[-47.642036,-22.572717]],[[-47.651657,-22.570723],[-47.651013,-22.571944]],[[-47.651657,-22.570723],[-47.651266,-22.570262]],[[-47.616231,-22.571194],[-47.614939,-22.575863],[-47.609963,-22.578809]],[[-47.671741,-22.570216],[-47.673533,-22.571019]],[[-47.616249,-22.571119],[-47.616249,-22.571119]],[[-47.662196,-22.570297],[-47.663542,-22.570236]],[[-47.663542,-22.570236],[-47.663543,-22.570236]],[[-47.663542,-22.570236],[-47.663448,-22.57217]],[[-47.651266,-22.570262],[-47.650267,-22.569357]],[[-47.651266,-22.570262],[-47.652003,-22.568724]],[[-47.616851,-22.57082],[-47.61639,-22.571046]],[[-47.684458,-22.569042],[-47.68312,-22.56943]],[[-47.684458,-22.569042],[-47.682587,-22.568243],[-47.679946,-22.569252]],[[-47.686527,-22.568913],[-47.689605,-22.56566],[-47.688907,-22.564436],[-47.684433,-22.56346]],[[-47.650267,-22.569357],[-47.649074,-22.569373]],[[-47.650267,-22.569357],[-47.649438,-22.566279],[-47.647919,-22.565827]],[[-47.649074,-22.569373],[-47.647899,-22.569088],[-47.646905,-22.570576]],[[-47.649074,-22.569373],[-47.643996,-22.56688]],[[-47.638733,-22.569379],[-47.637479,-22.567896]],[[-47.638733,-22.569379],[-47.640588,-22.566871]],[[-47.686113,-22.568548],[-47.686527,-22.568913]],[[-47.653814,-22.569012],[-47.65502,-22.569322]],[[-47.604413,-22.569795],[-47.605373,-22.571728]],[[-47.666732,-22.56871],[-47.665439,-22.567199]],[[-47.604397,-22.569716],[-47.603761,-22.567012]],[[-47.668352,-22.568289],[-47.668164,-22.569358]],[[-47.668457,-22.568112],[-47.668457,-22.568112]],[[-47.616678,-22.568839],[-47.616636,-22.568777]],[[-47.663258,-22.568027],[-47.663899,-22.567658]],[[-47.670212,-22.567903],[-47.670239,-22.568232]],[[-47.670212,-22.567903],[-47.670212,-22.567903]],[[-47.663956,-22.567521],[-47.665101,-22.565801]],[[-47.662714,-22.567498],[-47.664071,-22.565911]],[[-47.637479,-22.567896],[-47.635073,-22.567849]],[[-47.637479,-22.567896],[-47.636516,-22.566365]],[[-47.570653,-22.56888],[-47.570653,-22.56888]],[[-47.570682,-22.568748],[-47.578315,-22.563679],[-47.580663,-22.557308]],[[-47.665439,-22.567199],[-47.663542,-22.570236]],[[-47.670912,-22.567074],[-47.670437,-22.563632]],[[-47.670033,-22.566898],[-47.669596,-22.568194]],[[-47.641149,-22.567123],[-47.640194,-22.567508]],[[-47.616245,-22.567473],[-47.617302,-22.56926],[-47.616852,-22.570776],[-47.617281,-22.569482]],[[-47.603761,-22.567012],[-47.603519,-22.566914]],[[-47.603761,-22.567012],[-47.603519,-22.566914]],[[-47.603519,-22.566914],[-47.603298,-22.566818]],[[-47.664071,-22.565911],[-47.661147,-22.566778]],[[-47.664071,-22.565911],[-47.664067,-22.565895]],[[-47.665101,-22.565801],[-47.665439,-22.567199]],[[-47.665101,-22.565801],[-47.665015,-22.565584]],[[-47.67051,-22.565678],[-47.670212,-22.567903]],[[-47.665015,-22.565584],[-47.664071,-22.565911]],[[-47.665015,-22.565584],[-47.665014,-22.565584]],[[-47.665064,-22.565449],[-47.665015,-22.565584]],[[-47.599252,-22.566396],[-47.598406,-22.567225]],[[-47.599252,-22.566396],[-47.597839,-22.56635]],[[-47.62003,-22.565885],[-47.620684,-22.566548]],[[-47.658145,-22.565237],[-47.657841,-22.563151]],[[-47.62145,-22.565823],[-47.617201,-22.565258]],[[-47.67609,-22.56481],[-47.676955,-22.563255]],[[-47.67168,-22.564664],[-47.673418,-22.565672]],[[-47.67168,-22.564664],[-47.673373,-22.563723]],[[-47.671535,-22.564609],[-47.67168,-22.564664]],[[-47.671535,-22.564609],[-47.67156,-22.568094]],[[-47.602747,-22.565714],[-47.599252,-22.566396]],[[-47.617014,-22.565395],[-47.61609,-22.567466],[-47.616388,-22.565982]],[[-47.681819,-22.564262],[-47.681818,-22.564261]],[[-47.681818,-22.564261],[-47.682038,-22.564297]],[[-47.681818,-22.564261],[-47.681035,-22.563687]],[[-47.664904,-22.56453],[-47.666473,-22.56617]],[[-47.648772,-22.564737],[-47.649767,-22.563924]],[[-47.664882,-22.564457],[-47.664882,-22.564457]],[[-47.654603,-22.564465],[-47.655542,-22.565781]],[[-47.654603,-22.564465],[-47.655,-22.565781]],[[-47.65453,-22.564319],[-47.654603,-22.564465]],[[-47.65453,-22.564319],[-47.653787,-22.567106]],[[-47.661306,-22.563854],[-47.661825,-22.562149]],[[-47.684433,-22.56346],[-47.681818,-22.564261]],[[-47.684433,-22.56346],[-47.682612,-22.561477]],[[-47.662732,-22.563733],[-47.663843,-22.563487]],[[-47.649767,-22.563924],[-47.653099,-22.563411]],[[-47.649767,-22.563924],[-47.647796,-22.563558]],[[-47.659853,-22.563688],[-47.659242,-22.561804]],[[-47.659105,-22.56364],[-47.658749,-22.562487]],[[-47.614399,-22.564305],[-47.616051,-22.566723]],[[-47.614399,-22.564305],[-47.614336,-22.564265]],[[-47.614398,-22.564303],[-47.614399,-22.564305]],[[-47.676955,-22.563255],[-47.678397,-22.563278]],[[-47.614335,-22.564267],[-47.614399,-22.564305]],[[-47.678418,-22.563109],[-47.678418,-22.563109]],[[-47.676305,-22.563143],[-47.676955,-22.563255]],[[-47.679347,-22.562941],[-47.678513,-22.562842],[-47.679347,-22.562941]],[[-47.657,-22.56325],[-47.656974,-22.566005]],[[-47.657,-22.56325],[-47.655285,-22.563052]],[[-47.657841,-22.563151],[-47.657,-22.56325]],[[-47.657841,-22.563151],[-47.657841,-22.563146]],[[-47.661065,-22.563096],[-47.661825,-22.562149]],[[-47.653943,-22.563195],[-47.651502,-22.565873]],[[-47.653943,-22.563195],[-47.653099,-22.563411]],[[-47.655285,-22.563052],[-47.65453,-22.564319]],[[-47.655285,-22.563052],[-47.653943,-22.563195]],[[-47.650746,-22.562391],[-47.652237,-22.563569]],[[-47.602062,-22.563139],[-47.602062,-22.563139]],[[-47.661825,-22.562149],[-47.661888,-22.561901]],[[-47.649919,-22.562287],[-47.651454,-22.563461]],[[-47.661888,-22.561901],[-47.66195,-22.563743]],[[-47.661888,-22.561901],[-47.661888,-22.561892]],[[-47.682615,-22.561484],[-47.682612,-22.561477]],[[-47.682612,-22.561477],[-47.682221,-22.560648],[-47.679237,-22.56264]],[[-47.682612,-22.561477],[-47.682486,-22.559627],[-47.680045,-22.557772]],[[-47.654321,-22.561762],[-47.654413,-22.563161]],[[-47.65224,-22.561743],[-47.653099,-22.563411]],[[-47.666136,-22.561237],[-47.668862,-22.564223],[-47.668633,-22.567857]],[[-47.666136,-22.561237],[-47.66608,-22.561102]],[[-47.66608,-22.561102],[-47.666136,-22.561237]],[[-47.66608,-22.561102],[-47.665984,-22.560918]],[[-47.622684,-22.561815],[-47.617135,-22.565312]],[[-47.660024,-22.561183],[-47.660191,-22.562947]],[[-47.669066,-22.561002],[-47.671535,-22.564609]],[[-47.665984,-22.560918],[-47.664882,-22.564457]],[[-47.601227,-22.561842],[-47.601227,-22.561842]],[[-47.665916,-22.560754],[-47.665984,-22.560918]],[[-47.669074,-22.560613],[-47.671163,-22.562162],[-47.672621,-22.562021]],[[-47.669074,-22.560613],[-47.66911,-22.560961]],[[-47.654982,-22.560816],[-47.654982,-22.560816]],[[-47.65606,-22.5607],[-47.656894,-22.556876]],[[-47.610275,-22.56134],[-47.613114,-22.563022]],[[-47.665758,-22.560376],[-47.665758,-22.560376]],[[-47.665758,-22.560376],[-47.665752,-22.560369]],[[-47.596854,-22.561201],[-47.601131,-22.562641]],[[-47.662072,-22.560118],[-47.661888,-22.561901]],[[-47.662072,-22.560118],[-47.657841,-22.563151]],[[-47.662087,-22.560104],[-47.662072,-22.560118]],[[-47.662087,-22.560104],[-47.662072,-22.560118]],[[-47.601175,-22.560641],[-47.601175,-22.560641]],[[-47.591054,-22.560785],[-47.594969,-22.56079],[-47.59623,-22.561666],[-47.596722,-22.560774],[-47.595922,-22.561289]],[[-47.62543,-22.560131],[-47.624526,-22.560544]],[[-47.601156,-22.560452],[-47.600887,-22.55991],[-47.601156,-22.560452]],[[-47.664253,-22.559401],[-47.663949,-22.563694],[-47.662764,-22.565142]],[[-47.664253,-22.559401],[-47.662087,-22.560104]],[[-47.665102,-22.558808],[-47.665758,-22.560376]],[[-47.665102,-22.558808],[-47.664253,-22.559401]],[[-47.63414,-22.559179],[-47.627759,-22.558762],[-47.625617,-22.559984]],[[-47.677217,-22.558219],[-47.67859,-22.557001]],[[-47.680045,-22.557772],[-47.6781,-22.560402],[-47.676367,-22.561178]],[[-47.680045,-22.557772],[-47.67859,-22.557001]],[[-47.613779,-22.55884],[-47.613119,-22.563096],[-47.614292,-22.564213]],[[-47.686517,-22.557607],[-47.684422,-22.559189],[-47.685044,-22.560235],[-47.683788,-22.562098],[-47.685078,-22.563682],[-47.688837,-22.564166],[-47.689834,-22.565233],[-47.689614,-22.566658],[-47.68665,-22.569203],[-47.686187,-22.571226],[-47.689436,-22.57773],[-47.687162,-22.581373],[-47.685166,-22.580838],[-47.684077,-22.581739]],[[-47.662411,-22.557851],[-47.663062,-22.557474]],[[-47.665385,-22.557711],[-47.665408,-22.557743]],[[-47.665385,-22.557711],[-47.665102,-22.558808]],[[-47.686314,-22.557299],[-47.685517,-22.556952]],[[-47.663252,-22.557344],[-47.665385,-22.557711]],[[-47.685592,-22.556901],[-47.686283,-22.557243]],[[-47.685467,-22.556899],[-47.685178,-22.555581]],[[-47.661242,-22.557293],[-47.660208,-22.558035]],[[-47.661242,-22.557293],[-47.661347,-22.5571]],[[-47.67859,-22.557001],[-47.677306,-22.55604],[-47.677197,-22.553789],[-47.674641,-22.553375]],[[-47.647706,-22.557513],[-47.647927,-22.559371]],[[-47.647706,-22.557513],[-47.644247,-22.558948]],[[-47.668325,-22.557121],[-47.669074,-22.560613]],[[-47.668325,-22.557121],[-47.665794,-22.555654]],[[-47.665454,-22.55681],[-47.665385,-22.557711]],[[-47.652148,-22.55682],[-47.651635,-22.553927]],[[-47.657375,-22.556591],[-47.655702,-22.556201]],[[-47.652701,-22.556437],[-47.652755,-22.553501]],[[-47.649094,-22.55627],[-47.647706,-22.557513]],[[-47.649094,-22.55627],[-47.647337,-22.556047]],[[-47.685233,-22.555663],[-47.685538,-22.55685]],[[-47.581349,-22.557243],[-47.579536,-22.556656],[-47.580748,-22.554758],[-47.581349,-22.557243]],[[-47.658192,-22.555931],[-47.658228,-22.557946]],[[-47.666249,-22.555756],[-47.666249,-22.555756]],[[-47.665794,-22.555654],[-47.665518,-22.556744]],[[-47.665794,-22.555654],[-47.664657,-22.554219],[-47.665313,-22.552589],[-47.663965,-22.551953]],[[-47.649604,-22.555709],[-47.650131,-22.557417]],[[-47.649604,-22.555709],[-47.649094,-22.55627]],[[-47.659555,-22.554929],[-47.65722,-22.554343],[-47.656374,-22.554984]],[[-47.664283,-22.55482],[-47.664283,-22.55482]],[[-47.650008,-22.555009],[-47.649732,-22.554275],[-47.647076,-22.55413]],[[-47.598087,-22.555468],[-47.598851,-22.555689],[-47.5998,-22.560497],[-47.603299,-22.566815]],[[-47.657161,-22.554432],[-47.656334,-22.554359]],[[-47.674555,-22.553754],[-47.6755,-22.558248],[-47.674573,-22.560091]],[[-47.661315,-22.55378],[-47.661242,-22.557293]],[[-47.661315,-22.55378],[-47.653391,-22.559002]],[[-47.651635,-22.553927],[-47.649604,-22.555709]],[[-47.651635,-22.553927],[-47.65164,-22.553914]],[[-47.65444,-22.553837],[-47.653684,-22.552868]],[[-47.674641,-22.553375],[-47.674575,-22.553668]],[[-47.674641,-22.553375],[-47.671718,-22.553335],[-47.66983,-22.556712],[-47.668325,-22.557121]],[[-47.613459,-22.554298],[-47.613701,-22.558744]],[[-47.580744,-22.554735],[-47.580127,-22.550345]],[[-47.65316,-22.553066],[-47.651635,-22.553927]],[[-47.65316,-22.553066],[-47.652149,-22.552364]],[[-47.654017,-22.552386],[-47.65316,-22.553066]],[[-47.664031,-22.551895],[-47.665422,-22.552735],[-47.666774,-22.550639],[-47.672561,-22.55043],[-47.67227,-22.548233],[-47.668412,-22.547059],[-47.668393,-22.545026]],[[-47.663942,-22.551883],[-47.66302,-22.551062]],[[-47.663996,-22.55185],[-47.662996,-22.551023]],[[-47.641751,-22.552159],[-47.644965,-22.550335]],[[-47.653951,-22.551471],[-47.654017,-22.552386]],[[-47.653951,-22.551471],[-47.653877,-22.551441]],[[-47.653918,-22.551459],[-47.653951,-22.551471]],[[-47.653918,-22.551459],[-47.653951,-22.551471]],[[-47.65389,-22.551449],[-47.653918,-22.551459]],[[-47.65389,-22.551449],[-47.653918,-22.551459]],[[-47.653877,-22.551441],[-47.65389,-22.551449]],[[-47.653877,-22.551441],[-47.65389,-22.551449]],[[-47.652375,-22.551298],[-47.653877,-22.551441]],[[-47.662828,-22.551024],[-47.661315,-22.55378]],[[-47.662828,-22.551024],[-47.662135,-22.550665]],[[-47.662884,-22.551012],[-47.662828,-22.551024]],[[-47.662886,-22.550977],[-47.662154,-22.550503]],[[-47.646367,-22.551104],[-47.645757,-22.552089]],[[-47.662135,-22.550665],[-47.659172,-22.551819]],[[-47.662135,-22.550665],[-47.659189,-22.548279],[-47.655372,-22.551036]],[[-47.655988,-22.550696],[-47.656506,-22.551821]],[[-47.662154,-22.550503],[-47.662591,-22.550258]],[[-47.662154,-22.550503],[-47.661638,-22.549932]],[[-47.645862,-22.550668],[-47.646653,-22.551882]],[[-47.645862,-22.550668],[-47.644008,-22.550336],[-47.642901,-22.548776],[-47.638051,-22.54777]],[[-47.662668,-22.550196],[-47.663369,-22.549405]],[[-47.627036,-22.550604],[-47.627402,-22.558088],[-47.623138,-22.561236],[-47.623541,-22.562065],[-47.622893,-22.561637]],[[-47.661638,-22.549932],[-47.659426,-22.548288]],[[-47.661638,-22.549932],[-47.660551,-22.54794]],[[-47.656143,-22.549878],[-47.652834,-22.549685],[-47.650722,-22.550803]],[[-47.64653,-22.549927],[-47.64761,-22.551757]],[[-47.64653,-22.549927],[-47.645862,-22.550668]],[[-47.579499,-22.551002],[-47.5795,-22.550997]],[[-47.579553,-22.550983],[-47.579553,-22.550983]],[[-47.646996,-22.549366],[-47.64653,-22.549927]],[[-47.646996,-22.549366],[-47.645334,-22.548916]],[[-47.659426,-22.548288],[-47.656643,-22.54941],[-47.654017,-22.552386]],[[-47.659426,-22.548288],[-47.659004,-22.547294]],[[-47.671564,-22.547798],[-47.67045,-22.547648],[-47.671564,-22.547798]],[[-47.650745,-22.547916],[-47.649671,-22.547471],[-47.649869,-22.546143]],[[-47.648475,-22.547909],[-47.649139,-22.550323]],[[-47.648475,-22.547909],[-47.646996,-22.549366]],[[-47.648475,-22.547909],[-47.646126,-22.548397],[-47.645152,-22.547463]],[[-47.648956,-22.547766],[-47.649791,-22.548482]],[[-47.648956,-22.547766],[-47.648475,-22.547909]],[[-47.659004,-22.547294],[-47.658532,-22.546508]],[[-47.659004,-22.547294],[-47.659967,-22.546345]],[[-47.648889,-22.546974],[-47.647349,-22.546894]],[[-47.648889,-22.546974],[-47.647416,-22.546146]],[[-47.668502,-22.546571],[-47.668502,-22.546571]],[[-47.664661,-22.546558],[-47.664843,-22.546353]],[[-47.658532,-22.546508],[-47.657517,-22.546891]],[[-47.658532,-22.546508],[-47.655112,-22.54506],[-47.653694,-22.545407]],[[-47.665889,-22.54608],[-47.666752,-22.545281]],[[-47.649808,-22.546333],[-47.648956,-22.547766]],[[-47.649808,-22.546333],[-47.648889,-22.546974]],[[-47.665677,-22.545902],[-47.664845,-22.546363],[-47.665915,-22.546636],[-47.665677,-22.545902]],[[-47.649869,-22.546143],[-47.649808,-22.546333]],[[-47.649869,-22.546143],[-47.649862,-22.546136]],[[-47.662572,-22.545895],[-47.662899,-22.54483]],[[-47.666752,-22.545281],[-47.666752,-22.545277]],[[-47.666752,-22.545281],[-47.666752,-22.545281]],[[-47.651301,-22.545528],[-47.651295,-22.546492]],[[-47.651301,-22.545528],[-47.649869,-22.546143]],[[-47.666733,-22.545239],[-47.665532,-22.545]],[[-47.653694,-22.545407],[-47.652747,-22.547564]],[[-47.653694,-22.545407],[-47.651301,-22.545528]],[[-47.668397,-22.545029],[-47.668393,-22.545026]],[[-47.668393,-22.545026],[-47.666847,-22.545283]],[[-47.668393,-22.545026],[-47.669697,-22.542702],[-47.669045,-22.53961],[-47.666192,-22.540971],[-47.664674,-22.540435],[-47.664211,-22.53889],[-47.660867,-22.538682]],[[-47.588354,-22.545535],[-47.590928,-22.548151],[-47.595842,-22.550836],[-47.598788,-22.55517],[-47.598078,-22.555466],[-47.597208,-22.553898]],[[-47.660446,-22.543843],[-47.659752,-22.540673]],[[-47.645878,-22.543707],[-47.642676,-22.544291]],[[-47.645878,-22.543707],[-47.644268,-22.543209]],[[-47.648318,-22.542565],[-47.647499,-22.545503]],[[-47.648318,-22.542565],[-47.648318,-22.542565]],[[-47.648339,-22.54226],[-47.648318,-22.542565]],[[-47.648339,-22.54226],[-47.645878,-22.543707]],[[-47.64834,-22.542258],[-47.648339,-22.54226]],[[-47.648334,-22.542233],[-47.646001,-22.542265]],[[-47.647223,-22.542191],[-47.646421,-22.542472]],[[-47.664583,-22.540406],[-47.66203,-22.54564]],[[-47.650028,-22.540228],[-47.65101,-22.541569]],[[-47.650028,-22.540228],[-47.648339,-22.54226]],[[-47.650023,-22.540226],[-47.650028,-22.540228]],[[-47.658148,-22.539824],[-47.654493,-22.542576]],[[-47.658148,-22.539824],[-47.656365,-22.539592]],[[-47.662853,-22.538822],[-47.663476,-22.538675],[-47.662853,-22.538822]],[[-47.660579,-22.538845],[-47.658346,-22.542529]],[[-47.660579,-22.538845],[-47.660138,-22.538712]],[[-47.660138,-22.538712],[-47.660138,-22.538712]],[[-47.660138,-22.538712],[-47.658148,-22.539824]],[[-47.660867,-22.538682],[-47.660579,-22.538845]],[[-47.643713,-22.53847],[-47.644018,-22.541046]],[[-47.643767,-22.538229],[-47.641517,-22.537481],[-47.639645,-22.535488]],[[-47.649982,-22.537898],[-47.650028,-22.540228]],[[-47.645108,-22.537864],[-47.643868,-22.53628]],[[-47.645245,-22.537854],[-47.644663,-22.54139]],[[-47.647437,-22.537693],[-47.646141,-22.540847]],[[-47.642957,-22.537698],[-47.640577,-22.538983],[-47.638261,-22.538982]],[[-47.65479,-22.536238],[-47.654689,-22.534928]],[[-47.650951,-22.535658],[-47.650025,-22.537895],[-47.644171,-22.537988],[-47.640797,-22.541489],[-47.638233,-22.542244]],[[-47.651035,-22.53561],[-47.647425,-22.535141]],[[-47.64742,-22.535141],[-47.647425,-22.535141]],[[-47.64742,-22.535141],[-47.644968,-22.534295]],[[-47.647425,-22.535141],[-47.64742,-22.535141]],[[-47.647425,-22.535141],[-47.647431,-22.53514]],[[-47.654689,-22.534928],[-47.65469,-22.534928]],[[-47.654689,-22.534928],[-47.652623,-22.532217],[-47.649023,-22.530676]],[[-47.654282,-22.534651],[-47.651147,-22.535545]],[[-47.644912,-22.534763],[-47.64742,-22.535141]],[[-47.655831,-22.534563],[-47.654689,-22.534928]],[[-47.671015,-22.534127],[-47.66927,-22.537068],[-47.670107,-22.53803],[-47.669065,-22.539093],[-47.66988,-22.543185],[-47.668102,-22.545869],[-47.669188,-22.547348],[-47.672413,-22.547958],[-47.672963,-22.550239],[-47.666816,-22.550843],[-47.665024,-22.554537],[-47.668544,-22.556946],[-47.669591,-22.55661],[-47.671571,-22.553108],[-47.677083,-22.553391],[-47.677711,-22.556348],[-47.682627,-22.559372],[-47.683645,-22.561977],[-47.684885,-22.56037],[-47.684344,-22.559181],[-47.686456,-22.557476]],[[-47.670997,-22.534084],[-47.669148,-22.537111],[-47.669962,-22.538711],[-47.666243,-22.540763],[-47.664784,-22.540157],[-47.664499,-22.53879],[-47.661473,-22.53872],[-47.656355,-22.535743],[-47.6559,-22.530966],[-47.660855,-22.530333],[-47.661525,-22.528945],[-47.66044,-22.527226],[-47.657582,-22.528924],[-47.655785,-22.527972],[-47.657251,-22.523124],[-47.655205,-22.522185],[-47.654781,-22.521041],[-47.655949,-22.519416],[-47.656973,-22.520306],[-47.658607,-22.519926],[-47.65788,-22.518051],[-47.659984,-22.513608],[-47.659249,-22.512266],[-47.655793,-22.513175],[-47.656186,-22.511925]],[[-47.651258,-22.531493],[-47.649214,-22.532538]],[[-47.653445,-22.528961],[-47.654201,-22.526593],[-47.655599,-22.527437]],[[-47.655599,-22.527437],[-47.655611,-22.527443]],[[-47.655599,-22.527437],[-47.656045,-22.528593],[-47.657675,-22.529157],[-47.660184,-22.527409],[-47.660971,-22.527932],[-47.660931,-22.530054],[-47.65614,-22.530493],[-47.655441,-22.531882],[-47.656085,-22.535611],[-47.660867,-22.538682]],[[-47.651774,-22.523049],[-47.650984,-22.523307],[-47.649983,-22.521291],[-47.647532,-22.520307]],[[-47.651804,-22.523014],[-47.653198,-22.520594],[-47.654457,-22.520737],[-47.655153,-22.522594],[-47.657057,-22.523019],[-47.655599,-22.527437]],[[-47.655011,-22.521651],[-47.655011,-22.521651]],[[-47.647738,-22.520268],[-47.649926,-22.521035],[-47.651631,-22.522975]],[[-47.647666,-22.520163],[-47.646028,-22.51877],[-47.645121,-22.520615],[-47.643362,-22.520813],[-47.643256,-22.519828]],[[-47.656019,-22.511888],[-47.656044,-22.51346],[-47.658855,-22.512409],[-47.659855,-22.513263],[-47.657651,-22.518266],[-47.658502,-22.519808],[-47.657238,-22.520165],[-47.65614,-22.519136],[-47.654745,-22.52079],[-47.652724,-22.52055],[-47.651647,-22.522933]]]}}],"type":"FeatureCollection","metadados":{"gerado_por":"tools/gerar_amostra.js","gerado_em":"2026-10-07T13:08:06.887Z","fonte":"Base hidrográfica do projeto (simplificada de 373.094 para 40.420 vértices)","data_ref":"2024","real":true}}