{"type":"FeatureCollection","features":[{"type":"Feature","properties":{"id":4,"id_bem":883,"identifica":"Sambaqui situado acerca de 1000 metro da Barra do Rio Itapitangui","co_iphan":"SP3509908BIED00001","no_logrado":"Beira Mar","nu_logrado":"287","id_naturez":2,"ds_naturez":"Bem Imóvel","codigo_iph":"BI","id_classif":17,"ds_classif":"Edificação","id_tipo_be":8,"ds_tipo_be":"Edificação","sg_tipo_be":"ED","sintese_be":"Sambaqui situado acerca de 1000 metro da Barra do Rio Itapitangui, também conhecido(a) como Sambaqui na Barra do Rio Itapitangui, localizado(a) no estado de São Paulo, cidade(s) de Cananéia, é um Bem Imóvel, do tipo Edificação, com estado de conse","dt_cadastr":"2015-06-12Z","id_proteca":0,"id_tipo_pr":0,"ds_tipo_pr":null,"id_condica":0,"ds_condica":null,"id_zrp":null},"geometry":{"type":"MultiPoint","coordinates":[[-47.9285,-25.017]]}},{"type":"Feature","properties":{"id":15,"id_bem":865,"identifica":"Fazenda da Conceição (Sede da)","co_iphan":"SP3535606BIED00001","no_logrado":"Humaitá","nu_logrado":"20","id_naturez":2,"ds_naturez":"Bem Imóvel","codigo_iph":"BI","id_classif":17,"ds_classif":"Edificação","id_tipo_be":8,"ds_tipo_be":"Edificação","sg_tipo_be":"ED","sintese_be":"Fazenda da Conceição (Sede da)\t, também conhecido(a) como Fazenda da Conceição: casa, localizado(a) no estado de São Paulo, cidade(s) de Paraibuna, é um Bem Imóvel, do tipo Edificação, com estado de conservação Regular e de preservação Pouc","dt_cadastr":"2015-06-12Z","id_proteca":0,"id_tipo_pr":0,"ds_tipo_pr":null,"id_condica":0,"ds_condica":null,"id_zrp":null},"geometry":{"type":"MultiPoint","coordinates":[[-45.6634,-23.3872]]}},{"type":"Feature","properties":{"id":28,"id_bem":452,"identifica":"Casa de Cândido Portinari","co_iphan":"SP3507803BIED00001","no_logrado":"Cândido Portinari","nu_logrado":"298","id_naturez":2,"ds_naturez":"Bem Imóvel","codigo_iph":"BI","id_classif":17,"ds_classif":"Edificação","id_tipo_be":8,"ds_tipo_be":"Edificação","sg_tipo_be":"ED","sintese_be":"Casa de Cândido Portinari, localizada no estado de São Paulo, cidade de Brodowski, é um Bem Imóvel, do tipo Edificação, com estado de conservação bom e de preservação Pouco Alterado.","dt_cadastr":"2015-02-19Z","id_proteca":0,"id_tipo_pr":0,"ds_tipo_pr":null,"id_condica":0,"ds_condica":null,"id_zrp":null},"geometry":{"type":"MultiPoint","coordinates":[[-47.6583,-20.9938]]}},{"type":"Feature","properties":{"id":47,"id_bem":863,"identifica":"Casa onde viveu e faleceu o Presidente Prudente de Moraes","co_iphan":"SP3538709BIED00001","no_logrado":"Santo Antônio","nu_logrado":"641","id_naturez":2,"ds_naturez":"Bem Imóvel","codigo_iph":"BI","id_classif":17,"ds_classif":"Edificação","id_tipo_be":8,"ds_tipo_be":"Edificação","sg_tipo_be":"ED","sintese_be":"Casa onde viveu e faleceu o Presidente Prudente de Moraes, também conhecida como Museu Histórico e Pedagógico Prudente de Moraes; Casa do Presidente Prudente de Moraes, localizado no estado de São Paulo, cidade de Piracicaba, é um Bem Imóvel, do ti","dt_cadastr":"2015-06-12Z","id_proteca":0,"id_tipo_pr":0,"ds_tipo_pr":null,"id_condica":0,"ds_condica":null,"id_zrp":null},"geometry":{"type":"MultiPoint","coordinates":[[-47.6478,-22.7227]]}},{"type":"Feature","properties":{"id":54,"id_bem":171,"identifica":"Capela do Bom Jesus","co_iphan":"MG3168804BIED00005","no_logrado":"das Forras","nu_logrado":null,"id_naturez":2,"ds_naturez":"Bem Imóvel","codigo_iph":"BI","id_classif":20,"ds_classif":"Arquitetura religiosa","id_tipo_be":8,"ds_tipo_be":"Edificação","sg_tipo_be":"ED","sintese_be":"A planta é simples, constando de nave única e uma sacristia à direita, com sineira em \"puxado\" lateral, com dois sinos pequenos. A fachada possui frontão recortado em curva ladeado por pináculos, pequeno óculo e duas janelas rasgadas no coro. A dec","dt_cadastr":"2015-01-28Z","id_proteca":0,"id_tipo_pr":0,"ds_tipo_pr":null,"id_condica":0,"ds_condica":null,"id_zrp":null},"geometry":{"type":"MultiPoint","coordinates":[[-44.1734,-21.1105]]}},{"type":"Feature","properties":{"id":57,"id_bem":820,"identifica":"Casa de Vidro, sede do Instituto Lina Bo Bardi, à Rua General Almerio de Moura, nº200","co_iphan":"SP3550308BIED00014","no_logrado":"General Almerio de Moura","nu_logrado":"200","id_naturez":2,"ds_naturez":"Bem Imóvel","codigo_iph":"BI","id_classif":17,"ds_classif":"Edificação","id_tipo_be":8,"ds_tipo_be":"Edificação","sg_tipo_be":"ED","sintese_be":"Casa de Vidro, sede do Instituto Lina Bo Bardi, à Rua General Almerio de Moura, nº200 , localizado no estado de São Paulo, cidade de São Paulo, é um Bem Imóvel, do tipo Edificação, com estado de conservação Regular e de preservação Pouco Alte","dt_cadastr":"2015-06-11Z","id_proteca":0,"id_tipo_pr":0,"ds_tipo_pr":null,"id_condica":0,"ds_condica":null,"id_zrp":null},"geometry":{"type":"MultiPoint","coordinates":[[-46.712,-23.6131]]}},{"type":"Feature","properties":{"id":69,"id_bem":860,"identifica":"Bens Culturais da Imigração Japonesa - Fábrica de chá Amaya","co_iphan":"SP3542602BIED00007","no_logrado":"José Antônio de Campos","nu_logrado":"250","id_naturez":2,"ds_naturez":"Bem Imóvel","codigo_iph":"BI","id_classif":17,"ds_classif":"Edificação","id_tipo_be":8,"ds_tipo_be":"Edificação","sg_tipo_be":"ED","sintese_be":"Bens Culturais da Imigração Japonesa no Vale do Ribeira - Fábrica de chá Amaya, localizado(a) no estado de São Paulo, cidade(s) de Registro, é um Bem Imóvel, do tipo Edificação, com estado de conservação Regular e de preservação Pouco Altera","dt_cadastr":"2015-06-12Z","id_proteca":0,"id_tipo_pr":0,"ds_tipo_pr":null,"id_condica":0,"ds_condica":null,"id_zrp":null},"geometry":{"type":"MultiPoint","coordinates":[[-47.8451,-24.4956]]}},{"type":"Feature","properties":{"id":77,"id_bem":885,"identifica":"Casa Grande e Tulha da Antiga Chácara do Paraíso das Campinas Velhas","co_iphan":"SP3509502BIED00002","no_logrado":"Arlindo Joaquim de Lemos","nu_logrado":"1300","id_naturez":2,"ds_naturez":"Bem Imóvel","codigo_iph":"BI","id_classif":17,"ds_classif":"Edificação","id_tipo_be":8,"ds_tipo_be":"Edificação","sg_tipo_be":"ED","sintese_be":"Casa Grande e Tulha da Antiga Chácara do Paraíso das Campinas Velhas, localizado(a) no estado de São Paulo, cidade(s) de Campinas, é um Bem Imóvel, do tipo Edificação, com estado de conservação ótimo e de preservação ótimo.","dt_cadastr":"2015-06-12Z","id_proteca":0,"id_tipo_pr":0,"ds_tipo_pr":null,"id_condica":0,"ds_condica":null,"id_zrp":null},"geometry":{"type":"MultiPoint","coordinates":[[-47.0434,-22.9137]]}},{"type":"Feature","properties":{"id":79,"id_bem":680,"identifica":"Casa da Fazenda Engenho D'Água","co_iphan":"SP3520400BIED00001","no_logrado":"Pedro Paulo de Moraes","nu_logrado":"1537","id_naturez":2,"ds_naturez":"Bem Imóvel","codigo_iph":"BI","id_classif":18,"ds_classif":"Arquitetura civil","id_tipo_be":8,"ds_tipo_be":"Edificação","sg_tipo_be":"ED","sintese_be":"Casa do Engenho D'Água, também conhecida como Fazenda do Engenho d'Água: casa, localizada no estado de São Paulo, cidade de Ilhabela, é um Bem Imóvel, do tipo Edificação, com estado de conservação bom e de preservação Pouco Alterado.","dt_cadastr":"2015-05-05Z","id_proteca":0,"id_tipo_pr":0,"ds_tipo_pr":null,"id_condica":0,"ds_condica":null,"id_zrp":null},"geometry":{"type":"MultiPoint","coordinates":[[-45.3635,-23.7933]]}},{"type":"Feature","properties":{"id":97,"id_bem":858,"identifica":"Bens Culturais da Imigração Japonesa - Fábrica de Chá Kawagiri","co_iphan":"SP3542602BIED00006","no_logrado":"José Antônio de Campos","nu_logrado":"250","id_naturez":2,"ds_naturez":"Bem Imóvel","codigo_iph":"BI","id_classif":17,"ds_classif":"Edificação","id_tipo_be":8,"ds_tipo_be":"Edificação","sg_tipo_be":"ED","sintese_be":"Bens Culturais da Imigração Japonesa no Vale do Ribeira - Fábrica de Chá Kawagiri, localizado(a) no estado de São Paulo, cidade(s) de Registro, é um Bem Imóvel, do tipo Edificação, com estado de conservação Regular e de preservação Pouco Alt","dt_cadastr":"2015-06-12Z","id_proteca":0,"id_tipo_pr":0,"ds_tipo_pr":null,"id_condica":0,"ds_condica":null,"id_zrp":null},"geometry":{"type":"MultiPoint","coordinates":[[-47.8451,-24.4956]]}},{"type":"Feature","properties":{"id":102,"id_bem":825,"identifica":"Barraca onde Euclides da Cunha escreveu \"Os Sertões\"","co_iphan":"SP3549706BIED00001","no_logrado":"Euclides da Cunha","nu_logrado":null,"id_naturez":2,"ds_naturez":"Bem Imóvel","codigo_iph":"BI","id_classif":17,"ds_classif":"Edificação","id_tipo_be":8,"ds_tipo_be":"Edificação","sg_tipo_be":"ED","sintese_be":"Barraca onde Euclides da Cunha escreveu \"Os Sertões\"\t, também conhecido(a) como Barraca de Euclides da Cunha, localizado(a) no estado de São Paulo, cidade(s) de São José do Rio Pardo, é um Bem Imóvel, do tipo Edificação, com estado de conservaç","dt_cadastr":"2015-06-11Z","id_proteca":0,"id_tipo_pr":0,"ds_tipo_pr":null,"id_condica":0,"ds_condica":null,"id_zrp":null},"geometry":{"type":"MultiPoint","coordinates":[[-46.8935,-21.5952]]}},{"type":"Feature","properties":{"id":104,"id_bem":857,"identifica":"Bens Culturais da Imigração Japonesa - Igreja Episcopal Anglicana","co_iphan":"SP3542602BIED00005","no_logrado":"José Antônio de Campos","nu_logrado":"250","id_naturez":2,"ds_naturez":"Bem Imóvel","codigo_iph":"BI","id_classif":20,"ds_classif":"Arquitetura religiosa","id_tipo_be":8,"ds_tipo_be":"Edificação","sg_tipo_be":"ED","sintese_be":"Bens Culturais da Imigração Japonesa no Vale do Ribeira - Igreja Episcopal Anglicana, localizado(a) no estado de São Paulo, cidade(s) de Registro, é um Bem Imóvel, do tipo Edificação, com estado de conservação Regular e de preservação Pouco Al","dt_cadastr":"2015-06-12Z","id_proteca":0,"id_tipo_pr":0,"ds_tipo_pr":null,"id_condica":0,"ds_condica":null,"id_zrp":null},"geometry":{"type":"MultiPoint","coordinates":[[-47.8451,-24.4956]]}},{"type":"Feature","properties":{"id":107,"id_bem":861,"identifica":"Sede da Fazenda Ponte Alta","co_iphan":"SP3542305BIED00001","no_logrado":"XV de Novembro","nu_logrado":"829","id_naturez":2,"ds_naturez":"Bem Imóvel","codigo_iph":"BI","id_classif":17,"ds_classif":"Edificação","id_tipo_be":8,"ds_tipo_be":"Edificação","sg_tipo_be":"ED","sintese_be":"Sede da Fazenda Ponte Alta\t, também conhecido(a) como Fazenda Ponte Alta: casa, localizado(a) no estado de São Paulo, cidade(s) de Redenção da Serra, é um Bem Imóvel, do tipo Edificação, com estado de conservação Regular e de preservação Pouc","dt_cadastr":"2015-06-12Z","id_proteca":0,"id_tipo_pr":0,"ds_tipo_pr":null,"id_condica":0,"ds_condica":null,"id_zrp":null},"geometry":{"type":"MultiPoint","coordinates":[[-45.5333,-23.2804]]}},{"type":"Feature","properties":{"id":110,"id_bem":2708,"identifica":"Bens Culturais da Imigração Japonesa - Igreja de São Francisco Xavier","co_iphan":"SP3542602BIED00009","no_logrado":"(Confirmar Endereço)","nu_logrado":null,"id_naturez":2,"ds_naturez":"Bem Imóvel","codigo_iph":"BI","id_classif":20,"ds_classif":"Arquitetura religiosa","id_tipo_be":8,"ds_tipo_be":"Edificação","sg_tipo_be":"ED","sintese_be":"Igreja de São Francisco Xavier , localizado(a) no estado de São Paulo, cidade(s) de Registro, é um Bem Imóvel, do tipo Edificação, com estado de conservação Regular e de preservação Pouco Alterado.","dt_cadastr":"2017-06-12Z","id_proteca":0,"id_tipo_pr":0,"ds_tipo_pr":null,"id_condica":0,"ds_condica":null,"id_zrp":null},"geometry":{"type":"MultiPoint","coordinates":[[-47.8392,-24.4896]]}},{"type":"Feature","properties":{"id":113,"id_bem":130,"identifica":"Capela de Nossa Senhora da Guia","co_iphan":"RJ3300100BIED00012","no_logrado":"da Guia","nu_logrado":"S/N","id_naturez":2,"ds_naturez":"Bem Imóvel","codigo_iph":"BI","id_classif":20,"ds_classif":"Arquitetura religiosa","id_tipo_be":8,"ds_tipo_be":"Edificação","sg_tipo_be":"ED","sintese_be":"Capela de Nossa Senhora da Guia, localizado(a) no estado de Rio de Janeiro, cidade(s) de Angra dos Reis, é um Bem Imóvel, do tipo Edificação, com estado de conservação Regular e de preservação Pouco Alterado.","dt_cadastr":"2015-01-27Z","id_proteca":0,"id_tipo_pr":0,"ds_tipo_pr":null,"id_condica":0,"ds_condica":null,"id_zrp":null},"geometry":{"type":"MultiPoint","coordinates":[[-44.3041,-22.9794]]}},{"type":"Feature","properties":{"id":116,"id_bem":78,"identifica":"Capela do Senhor do Bonfim","co_iphan":"RJ3300100BIED00001","no_logrado":"Ilha do Bonfim","nu_logrado":"S/N","id_naturez":2,"ds_naturez":"Bem Imóvel","codigo_iph":"BI","id_classif":20,"ds_classif":"Arquitetura religiosa","id_tipo_be":8,"ds_tipo_be":"Edificação","sg_tipo_be":"ED","sintese_be":"Construída no final do século XVIII, a capela de reduzidas dimensões, abre-se para um alpendre profundo, que se apoia em quatro colunas robustas, assentes, por sua vez, em plintes volumosos. Ladeia a capela um pequeno sobrado, correspondente a sacrist","dt_cadastr":"2015-01-23Z","id_proteca":0,"id_tipo_pr":0,"ds_tipo_pr":null,"id_condica":0,"ds_condica":null,"id_zrp":null},"geometry":{"type":"MultiPoint","coordinates":[[-44.32,-23.0016]]}},{"type":"Feature","properties":{"id":120,"id_bem":853,"identifica":"Bens Culturais da Imigração Japonesa - Residência Gozo Okiyama","co_iphan":"SP3542602BIED00002","no_logrado":"José Antônio de Campos","nu_logrado":"250","id_naturez":2,"ds_naturez":"Bem Imóvel","codigo_iph":"BI","id_classif":17,"ds_classif":"Edificação","id_tipo_be":8,"ds_tipo_be":"Edificação","sg_tipo_be":"ED","sintese_be":"Bens Culturais da Imigração Japonesa no Vale do Ribeira - Residência Gozo Okiyama, localizado(a) no estado de São Paulo, cidade(s) de Registro, é um Bem Imóvel, do tipo Edificação, com estado de conservação Regular e de preservação Pouco Alte","dt_cadastr":"2015-06-12Z","id_proteca":0,"id_tipo_pr":0,"ds_tipo_pr":null,"id_condica":0,"ds_condica":null,"id_zrp":null},"geometry":{"type":"MultiPoint","coordinates":[[-47.8451,-24.4956]]}},{"type":"Feature","properties":{"id":122,"id_bem":2373,"identifica":"Conjunto das edificações projetadas pelo arquiteto Oscar Niemeyer para o Parque do Ibirapuera","co_iphan":"SP3550308BICA00006","no_logrado":"Pedro Álvares Cabral","nu_logrado":"s/n","id_naturez":2,"ds_naturez":"Bem Imóvel","codigo_iph":"BI","id_classif":67,"ds_classif":"Arquitetura civil","id_tipo_be":6,"ds_tipo_be":"Conjunto Arquitetônico","sg_tipo_be":"CA","sintese_be":"Conjunto das edificações projetadas pelo arquiteto Oscar Niemeyer para o Parque do Ibirapuera, também conhecido como Conjunto do Ibirapuera, localizado no estado de São Paulo, cidade de São Paulo, é um Bem Imóvel, do tipo Conjunto Arquitetônico,","dt_cadastr":"2017-03-22Z","id_proteca":0,"id_tipo_pr":0,"ds_tipo_pr":null,"id_condica":0,"ds_condica":null,"id_zrp":10},"geometry":{"type":"MultiPoint","coordinates":[[-46.6544,-23.5866]]}},{"type":"Feature","properties":{"id":124,"id_bem":852,"identifica":"Bens Culturais da Imigração Japonesa - Residência Senhora Susu Okiyama","co_iphan":"SP3542602BIED00001","no_logrado":"José Antônio de Campos","nu_logrado":"250","id_naturez":2,"ds_naturez":"Bem Imóvel","codigo_iph":"BI","id_classif":17,"ds_classif":"Edificação","id_tipo_be":8,"ds_tipo_be":"Edificação","sg_tipo_be":"ED","sintese_be":"Bens Culturais da Imigração Japonesa no Vale do Ribeira - Residência Senhora Susu Okiyama, localizado(a) no estado de São Paulo, cidade(s) de Registro, é um Bem Imóvel, do tipo Edificação, com estado de conservação Regular e de preservação Po","dt_cadastr":"2015-06-12Z","id_proteca":0,"id_tipo_pr":0,"ds_tipo_pr":null,"id_condica":0,"ds_condica":null,"id_zrp":null},"geometry":{"type":"MultiPoint","coordinates":[[-47.8451,-24.4956]]}},{"type":"Feature","properties":{"id":131,"id_bem":849,"identifica":"Capela de Nossa Senhora da Conceição, em Voturuna","co_iphan":"SP3547304BIED00002","no_logrado":"da Matriz","nu_logrado":null,"id_naturez":2,"ds_naturez":"Bem Imóvel","codigo_iph":"BI","id_classif":17,"ds_classif":"Edificação","id_tipo_be":8,"ds_tipo_be":"Edificação","sg_tipo_be":"ED","sintese_be":"Capela de Nossa Senhora da Conceição, em Voturuna, também conhecido(a) como Capela de Nossa Senhora da Conceição, localizado(a) no estado de São Paulo, cidade(s) de Santana de Parnaíba, é um Bem Imóvel, do tipo Edificação, com estado de conser","dt_cadastr":"2015-06-12Z","id_proteca":0,"id_tipo_pr":0,"ds_tipo_pr":null,"id_condica":0,"ds_condica":null,"id_zrp":null},"geometry":{"type":"MultiPoint","coordinates":[[-46.9142,-23.4454]]}},{"type":"Feature","properties":{"id":141,"id_bem":490,"identifica":"Igreja de Nossa Senhora do Rosário e residência anexa","co_iphan":"SP3515004BICA00001","no_logrado":"da Matriz","nu_logrado":"53","id_naturez":2,"ds_naturez":"Bem Imóvel","codigo_iph":"BI","id_classif":20,"ds_classif":"Arquitetura religiosa","id_tipo_be":6,"ds_tipo_be":"Conjunto Arquitetônico","sg_tipo_be":"CA","sintese_be":"A pequena sineira faz a ligação da igreja com a residência, formando o conjunto uma quadra em torno de pátio central. No interior, destaque para a obra de talha e pintura. Os retábulos colaterais, da primeira fase do barroco, ostentam a águia dos F","dt_cadastr":"2015-02-21Z","id_proteca":0,"id_tipo_pr":0,"ds_tipo_pr":null,"id_condica":0,"ds_condica":null,"id_zrp":null},"geometry":{"type":"MultiPoint","coordinates":[[-46.8515,-23.6498]]}},{"type":"Feature","properties":{"id":153,"id_bem":1183,"identifica":"Remanescentes da Fazenda do Pombal onde nasceu Joaquim José da Silva Xavier, o Tiradentes","co_iphan":"MG3156106BIED00001","no_logrado":"Tiradentes","nu_logrado":null,"id_naturez":2,"ds_naturez":"Bem Imóvel","codigo_iph":"BI","id_classif":17,"ds_classif":"Edificação","id_tipo_be":8,"ds_tipo_be":"Edificação","sg_tipo_be":"ED","sintese_be":"Remanescentes da Fazenda do Pombal onde nasceu Joaquim José da Silva Xavier, o Tiradentes, também conhecido(a) como Fazenda do Pombal: remanescentes, localizado(a) no estado de Minas Gerais, cidade(s) de Ritápolis, é um Bem Imóvel, do tipo Edificaç","dt_cadastr":"2015-06-12Z","id_proteca":0,"id_tipo_pr":0,"ds_tipo_pr":null,"id_condica":0,"ds_condica":null,"id_zrp":null},"geometry":{"type":"MultiPoint","coordinates":[[-44.2753,-21.056]]}},{"type":"Feature","properties":{"id":161,"id_bem":856,"identifica":"Bens Culturais da Imigração Japonesa - Primeiras mudas de chá variedade Assam","co_iphan":"SP3542602BMCL00001","no_logrado":"José Antônio de Campos","nu_logrado":"250","id_naturez":1,"ds_naturez":"Bem Móvel ou Integrado","codigo_iph":"BM","id_classif":9999,"ds_classif":"Sem classificação","id_tipo_be":1,"ds_tipo_be":"Coleção","sg_tipo_be":"CL","sintese_be":"Bens Culturais da Imigração Japonesa no Vale do Ribeira - Primeiras mudas de chá variedade Assam, localizado(a) no estado de São Paulo, cidade(s) de Registro, é um Bem Móvel ou Integrado, do tipo Coleção, com estado de conservação Regular e de","dt_cadastr":"2015-06-12Z","id_proteca":0,"id_tipo_pr":0,"ds_tipo_pr":null,"id_condica":0,"ds_condica":null,"id_zrp":null},"geometry":{"type":"MultiPoint","coordinates":[[-47.8451,-24.4956]]}},{"type":"Feature","properties":{"id":162,"id_bem":2676,"identifica":"Forte Defensor Perpétuo","co_iphan":"RJ3303807BIED00006","no_logrado":"(Conifimar Endereço)","nu_logrado":null,"id_naturez":2,"ds_naturez":"Bem Imóvel","codigo_iph":"BI","id_classif":22,"ds_classif":"Arquitetura militar","id_tipo_be":8,"ds_tipo_be":"Edificação","sg_tipo_be":"ED","sintese_be":"Forte Defensor Perpétuo, localizado(a) no estado de Rio de Janeiro, cidade(s) de Parati, é um Bem Imóvel, do tipo Edificação, com estado de conservação Regular e de preservação Pouco Alterado.","dt_cadastr":"2017-06-07Z","id_proteca":0,"id_tipo_pr":0,"ds_tipo_pr":null,"id_condica":0,"ds_condica":null,"id_zrp":3},"geometry":{"type":"MultiPoint","coordinates":[[-44.7113,-23.2119]]}},{"type":"Feature","properties":{"id":167,"id_bem":185,"identifica":"Casa com teto pintado","co_iphan":"SP3550704BIED00001","no_logrado":"Dr. Atino Arantes","nu_logrado":"32","id_naturez":2,"ds_naturez":"Bem Imóvel","codigo_iph":"BI","id_classif":17,"ds_classif":"Edificação","id_tipo_be":8,"ds_tipo_be":"Edificação","sg_tipo_be":"ED","sintese_be":"Sobrado do século XVIII, cujo projeto e construção são bastante apurados. Sofreu significativa reforma em 1838, responsável pela substituição dos antigos balcões de madeira pelos gradis de ferro atuais. São desta época também as pinturas de se","dt_cadastr":"2015-01-28Z","id_proteca":0,"id_tipo_pr":0,"ds_tipo_pr":null,"id_condica":0,"ds_condica":null,"id_zrp":null},"geometry":{"type":"MultiPoint","coordinates":[[-45.3992,-23.8041]]}},{"type":"Feature","properties":{"id":183,"id_bem":2707,"identifica":"Bens Culturais da Imigração Japonesa - Residência Família Amaya","co_iphan":"SP3542602BIED00008","no_logrado":"(Confirmar Endereço)","nu_logrado":null,"id_naturez":2,"ds_naturez":"Bem Imóvel","codigo_iph":"BI","id_classif":18,"ds_classif":"Arquitetura civil","id_tipo_be":8,"ds_tipo_be":"Edificação","sg_tipo_be":"ED","sintese_be":"Bens Culturais da Imigração Japonesa no Vale do Ribeira - Residência Família Amaya, localizado(a) no estado de São Paulo, cidade(s) de Registro, é um Bem Imóvel, do tipo Edificação, com estado de conservação Regular e de preservação Pouco Al","dt_cadastr":"2017-06-12Z","id_proteca":0,"id_tipo_pr":0,"ds_tipo_pr":null,"id_condica":0,"ds_condica":null,"id_zrp":null},"geometry":{"type":"MultiPoint","coordinates":[[-47.8446,-24.5001]]}},{"type":"Feature","properties":{"id":398,"id_bem":529,"identifica":"Casa de Rodrigues Alves","co_iphan":"SP3518404BIED00001","no_logrado":"Dr. Morais Filho","nu_logrado":"41","id_naturez":2,"ds_naturez":"Bem Imóvel","codigo_iph":"BI","id_classif":18,"ds_classif":"Arquitetura civil","id_tipo_be":8,"ds_tipo_be":"Edificação","sg_tipo_be":"ED","sintese_be":"Casa de Rodrigues Alves, localizada no estado de São Paulo, cidade de Guaratinguetá, é um Bem Imóvel, do tipo Edificação, com estado de conservação bom e de preservação Pouco Alterado.","dt_cadastr":"2015-02-21Z","id_proteca":0,"id_tipo_pr":0,"ds_tipo_pr":null,"id_condica":0,"ds_condica":null,"id_zrp":null},"geometry":{"type":"MultiPoint","coordinates":[[-45.1919,-22.816]]}},{"type":"Feature","properties":{"id":188,"id_bem":855,"identifica":"Bens Culturais da Imigração Japonesa - Residência Família Hokugawa","co_iphan":"SP3542602BIED00004","no_logrado":"José Antônio de Campos","nu_logrado":"250","id_naturez":2,"ds_naturez":"Bem Imóvel","codigo_iph":"BI","id_classif":17,"ds_classif":"Edificação","id_tipo_be":8,"ds_tipo_be":"Edificação","sg_tipo_be":"ED","sintese_be":"Bens Culturais da Imigração Japonesa no Vale do Ribeira - Residência Família Hokugawa, localizado(a) no estado de São Paulo, cidade(s) de Registro, é um Bem Imóvel, do tipo Edificação, com estado de conservação Regular e de preservação Pouco","dt_cadastr":"2015-06-12Z","id_proteca":0,"id_tipo_pr":0,"ds_tipo_pr":null,"id_condica":0,"ds_condica":null,"id_zrp":null},"geometry":{"type":"MultiPoint","coordinates":[[-47.8451,-24.4956]]}},{"type":"Feature","properties":{"id":197,"id_bem":1088,"identifica":"Igreja de Nossa Senhora do Rosário, e respectivas imagens e alfaias","co_iphan":"RJ3303807BIED00003","no_logrado":"Princesa Isabel","nu_logrado":null,"id_naturez":2,"ds_naturez":"Bem Imóvel","codigo_iph":"BI","id_classif":20,"ds_classif":"Arquitetura religiosa","id_tipo_be":8,"ds_tipo_be":"Edificação","sg_tipo_be":"ED","sintese_be":"Igreja de Nossa Senhora do Rosário, e respectivas imagens e alfaias, localizado(a) no estado de Rio de Janeiro, cidade(s) de Parati, é um Bem Imóvel, do tipo Edificação, com estado de conservação Regular e de preservação Pouco Alterado.","dt_cadastr":"2015-06-12Z","id_proteca":0,"id_tipo_pr":0,"ds_tipo_pr":null,"id_condica":0,"ds_condica":null,"id_zrp":3},"geometry":{"type":"MultiPoint","coordinates":[[-44.714,-23.2151]]}},{"type":"Feature","properties":{"id":212,"id_bem":1123,"identifica":"Imóvel situado a Praça Severiano de Rezende, esquina com a Rua Marechal Deodoro, nº12, Centro","co_iphan":"MG3162500BIED00001","no_logrado":"Ministro Gabriel Passos","nu_logrado":null,"id_naturez":2,"ds_naturez":"Bem Imóvel","codigo_iph":"BI","id_classif":17,"ds_classif":"Edificação","id_tipo_be":8,"ds_tipo_be":"Edificação","sg_tipo_be":"ED","sintese_be":"Sobrado à Praça Severiano de Rezende, esquina com a Rua Marechal Deodoro, nº 12, também conhecido(a) como Sobrado à Praça Severiano de Rezende; Sobrado à Rua Marechal Deodoro, 12, localizado(a) no estado de Minas Gerais, cidade(s) de São João De","dt_cadastr":"2015-06-12Z","id_proteca":0,"id_tipo_pr":0,"ds_tipo_pr":null,"id_condica":0,"ds_condica":null,"id_zrp":null},"geometry":{"type":"MultiPoint","coordinates":[[-44.2612,-21.1359]]}},{"type":"Feature","properties":{"id":213,"id_bem":81,"identifica":"Fazenda, Ilhota Morcego e casa","co_iphan":"RJ3300100BIED00003","no_logrado":"Enseada Abraão","nu_logrado":null,"id_naturez":2,"ds_naturez":"Bem Imóvel","codigo_iph":"BI","id_classif":17,"ds_classif":"Edificação","id_tipo_be":8,"ds_tipo_be":"Edificação","sg_tipo_be":"ED","sintese_be":"Trata-se de construção datada de 1629, localizada à beira mar. Supõe-se ser a mais antiga construção do gênero existente no país. Possui planta quadrada, telhado em quatro águas e varandas localizadas nas fachadas principal e posterior, possuind","dt_cadastr":"2015-01-23Z","id_proteca":0,"id_tipo_pr":0,"ds_tipo_pr":null,"id_condica":0,"ds_condica":null,"id_zrp":null},"geometry":{"type":"MultiPoint","coordinates":[[-44.3158,-23.0057]]}},{"type":"Feature","properties":{"id":214,"id_bem":79,"identifica":"Convento de São Bernardino de Sena: ruínas e Capela dos Terceiros","co_iphan":"RJ3300100BICU00001","no_logrado":"De Santo Antônio","nu_logrado":"S/N","id_naturez":2,"ds_naturez":"Bem Imóvel","codigo_iph":"BI","id_classif":17,"ds_classif":"Edificação","id_tipo_be":7,"ds_tipo_be":"Conjunto Urbano","sg_tipo_be":"CU","sintese_be":"Convento de São Bernardino de Sena: ruínas e Capela dos Terceiros, localizado(a) no estado de Rio de Janeiro, cidade(s) de Angra dos Reis, é um Bem Imóvel, do tipo Conjunto Urbano, com estado de conservação Regular e de preservação Pouco Alterado","dt_cadastr":"2015-01-23Z","id_proteca":0,"id_tipo_pr":0,"ds_tipo_pr":null,"id_condica":0,"ds_condica":null,"id_zrp":null},"geometry":{"type":"MultiPoint","coordinates":[[-44.3202,-23.0068]]}},{"type":"Feature","properties":{"id":215,"id_bem":854,"identifica":"Bens Culturais da Imigração Japonesa - Residência Fukasawa","co_iphan":"SP3542602BIED00003","no_logrado":"José Antônio de Campos","nu_logrado":"250","id_naturez":2,"ds_naturez":"Bem Imóvel","codigo_iph":"BI","id_classif":17,"ds_classif":"Edificação","id_tipo_be":8,"ds_tipo_be":"Edificação","sg_tipo_be":"ED","sintese_be":"Bens Culturais da Imigração Japonesa no Vale do Ribeira - Residência Fukasawa, localizado(a) no estado de São Paulo, cidade(s) de Registro, é um Bem Imóvel, do tipo Edificação, com estado de conservação Regular e de preservação Pouco Alterado","dt_cadastr":"2015-06-12Z","id_proteca":0,"id_tipo_pr":0,"ds_tipo_pr":null,"id_condica":0,"ds_condica":null,"id_zrp":null},"geometry":{"type":"MultiPoint","coordinates":[[-47.8451,-24.4956]]}},{"type":"Feature","properties":{"id":216,"id_bem":80,"identifica":"Convento e Igreja de Nossa Senhora do Carmo","co_iphan":"RJ3300100BIED00002","no_logrado":"Do Carmo","nu_logrado":null,"id_naturez":2,"ds_naturez":"Bem Imóvel","codigo_iph":"BI","id_classif":17,"ds_classif":"Edificação","id_tipo_be":8,"ds_tipo_be":"Edificação","sg_tipo_be":"ED","sintese_be":"Convento e Igreja de Nossa Senhora do Carmo, localizado(a) no estado de Rio de Janeiro, cidade(s) de Angra dos Reis, é um Bem Imóvel, do tipo Edificação, com estado de conservação Regular e de preservação Pouco Alterado.","dt_cadastr":"2015-01-23Z","id_proteca":0,"id_tipo_pr":0,"ds_tipo_pr":null,"id_condica":0,"ds_condica":null,"id_zrp":null},"geometry":{"type":"MultiPoint","coordinates":[[-44.3151,-23.007]]}},{"type":"Feature","properties":{"id":227,"id_bem":177,"identifica":"Casa de Monteiro Lobato","co_iphan":"SP3554102BIED00001","no_logrado":"Monteiro Lobato","nu_logrado":null,"id_naturez":2,"ds_naturez":"Bem Imóvel","codigo_iph":"BI","id_classif":17,"ds_classif":"Edificação","id_tipo_be":8,"ds_tipo_be":"Edificação","sg_tipo_be":"ED","sintese_be":"Casa de Monteiro Lobato, localizado(a) no estado de São Paulo, cidade(s) de Taubaté, é um Bem Imóvel, do tipo Edificação, com estado de conservação Regular e de preservação Pouco Alterado.","dt_cadastr":"2015-01-28Z","id_proteca":0,"id_tipo_pr":0,"ds_tipo_pr":null,"id_condica":0,"ds_condica":null,"id_zrp":null},"geometry":{"type":"MultiPoint","coordinates":[[-45.5648,-23.0221]]}},{"type":"Feature","properties":{"id":229,"id_bem":91,"identifica":"Sobrado à Praça General Osório, 3 a 13","co_iphan":"RJ3300100BIED00009","no_logrado":"General Osório","nu_logrado":"3 a 13","id_naturez":2,"ds_naturez":"Bem Imóvel","codigo_iph":"BI","id_classif":17,"ds_classif":"Edificação","id_tipo_be":8,"ds_tipo_be":"Edificação","sg_tipo_be":"ED","sintese_be":"Ocupando a maior parte da área entre a praia e a praça, esses sobrados constituem adro para as duas igrejas carmelitas de Angra. É um dos últimos remanescentes íntegros do acervo residencial da cidade datando sua construção dos séculos XVIII/XIX.","dt_cadastr":"2015-01-23Z","id_proteca":0,"id_tipo_pr":0,"ds_tipo_pr":null,"id_condica":0,"ds_condica":null,"id_zrp":null},"geometry":{"type":"MultiPoint","coordinates":[[-44.3162,-23.0071]]}},{"type":"Feature","properties":{"id":232,"id_bem":2709,"identifica":"Bens Culturais da Imigração Japonesa - Sede da Kaigai Kogyo Kabushiki KaishaKKKK","co_iphan":"SP3542602BIED00010","no_logrado":"(Confirmar Endereço)","nu_logrado":null,"id_naturez":2,"ds_naturez":"Bem Imóvel","codigo_iph":"BI","id_classif":18,"ds_classif":"Arquitetura civil","id_tipo_be":8,"ds_tipo_be":"Edificação","sg_tipo_be":"ED","sintese_be":"Sede da Kaigai Kogyo Kabushiki KaishaKKKK , localizado(a) no estado de São Paulo, cidade(s) de Registro, é um Bem Imóvel, do tipo Edificação, com estado de conservação Regular e de preservação Pouco Alterado.","dt_cadastr":"2017-06-12Z","id_proteca":0,"id_tipo_pr":0,"ds_tipo_pr":null,"id_condica":0,"ds_condica":null,"id_zrp":null},"geometry":{"type":"MultiPoint","coordinates":[[-47.8356,-24.4896]]}},{"type":"Feature","properties":{"id":234,"id_bem":1478,"identifica":"Estação Ferroviária de Tiradentes","co_iphan":"MG3168804BIED00011","no_logrado":"da Estação","nu_logrado":"S/N","id_naturez":2,"ds_naturez":"Bem Imóvel","codigo_iph":"BI","id_classif":24,"ds_classif":"Arquitetura de transportes","id_tipo_be":8,"ds_tipo_be":"Edificação","sg_tipo_be":"ED","sintese_be":"Estação Ferroviária de Tiradentes, localizado(a) no estado de Minas Gerais, cidade(s) de Tiradentes, é um Bem Imóvel, do tipo Edificação, com estado de conservação Regular e de preservação Pouco Alterado.","dt_cadastr":"2015-06-22Z","id_proteca":0,"id_tipo_pr":0,"ds_tipo_pr":null,"id_condica":0,"ds_condica":null,"id_zrp":null},"geometry":{"type":"MultiPoint","coordinates":[[-44.1675,-21.1148]]}},{"type":"Feature","properties":{"id":238,"id_bem":686,"identifica":"Teatro Municipal de São Paulo, incluindo o edifício, com seus bens integrados e o seu jardim lateral","co_iphan":"SP3550308BIED00011","no_logrado":"Ramos de Azevedo","nu_logrado":null,"id_naturez":2,"ds_naturez":"Bem Imóvel","codigo_iph":"BI","id_classif":17,"ds_classif":"Edificação","id_tipo_be":8,"ds_tipo_be":"Edificação","sg_tipo_be":"ED","sintese_be":"São tombados pelo IPHAN o edifício do Theatro Municipal de São Paulo e seus bens integrados, inaugurado em 1911 na área central do município de São Paulo, e o jardim lateral que constitui a Praça Ramos de Azevedo, constituindo reminiscências do t","dt_cadastr":"2015-05-05Z","id_proteca":0,"id_tipo_pr":0,"ds_tipo_pr":null,"id_condica":0,"ds_condica":null,"id_zrp":10},"geometry":{"type":"MultiPoint","coordinates":[[-46.6385,-23.5455]]}},{"type":"Feature","properties":{"id":239,"id_bem":198,"identifica":"Casa do Sítio dos Morrinhos","co_iphan":"SP3550308BIED00004","no_logrado":"Santo Anselmo","nu_logrado":"102","id_naturez":2,"ds_naturez":"Bem Imóvel","codigo_iph":"BI","id_classif":17,"ds_classif":"Edificação","id_tipo_be":8,"ds_tipo_be":"Edificação","sg_tipo_be":"ED","sintese_be":"Distingue-se das demais casas do ciclo bandeirista por ter sua fachada principal voltada para o Sul, o que, apesar do prejuízo de ventilação e insolação, parece se justificar pelas condições de implantação, dominando a várzea do rio Tietê. Emb","dt_cadastr":"2015-01-28Z","id_proteca":0,"id_tipo_pr":0,"ds_tipo_pr":null,"id_condica":0,"ds_condica":null,"id_zrp":10},"geometry":{"type":"MultiPoint","coordinates":[[-46.6478,-23.5063]]}},{"type":"Feature","properties":{"id":244,"id_bem":859,"identifica":"Bens Culturais da Imigração Japonesa - Fábrica de Chá e Residência Shimizu","co_iphan":"SP3542602BICA00001","no_logrado":"José Antônio de Campos","nu_logrado":"250","id_naturez":2,"ds_naturez":"Bem Imóvel","codigo_iph":"BI","id_classif":66,"ds_classif":"Conjunto arquitetônico","id_tipo_be":6,"ds_tipo_be":"Conjunto Arquitetônico","sg_tipo_be":"CA","sintese_be":"Bens Culturais da Imigração Japonesa no Vale do Ribeira - Fábrica de Chá e Residência Shimizu, localizado(a) no estado de São Paulo, cidade(s) de Registro, é um Bem Imóvel, do tipo Conjunto Arquitetônico, com estado de conservação Regular e de","dt_cadastr":"2015-06-12Z","id_proteca":0,"id_tipo_pr":0,"ds_tipo_pr":null,"id_condica":0,"ds_condica":null,"id_zrp":null},"geometry":{"type":"MultiPoint","coordinates":[[-47.8451,-24.4956]]}},{"type":"Feature","properties":{"id":259,"id_bem":99,"identifica":"Casa de câmara e cadeia","co_iphan":"SP3504107BIED00001","no_logrado":"Bento Paes","nu_logrado":"S/N","id_naturez":2,"ds_naturez":"Bem Imóvel","codigo_iph":"BI","id_classif":18,"ds_classif":"Arquitetura civil","id_tipo_be":8,"ds_tipo_be":"Edificação","sg_tipo_be":"ED","sintese_be":"A construção é exemplar próprio da primeira metade século XIX, quando o neoclássico ainda se mesclava com o colonial. O prédio tem forma compacta de composição simples e estrutura de taipa de pilão, característica do planalto paulista. Como a","dt_cadastr":"2015-01-23Z","id_proteca":0,"id_tipo_pr":0,"ds_tipo_pr":null,"id_condica":0,"ds_condica":null,"id_zrp":null},"geometry":{"type":"MultiPoint","coordinates":[[-46.5562,-23.1169]]}},{"type":"Feature","properties":{"id":263,"id_bem":679,"identifica":"Forte de São Tiago ou São João da Bertioga","co_iphan":"SP3506359BIED00001","no_logrado":"Vicente de Carvalho","nu_logrado":"702/778","id_naturez":2,"ds_naturez":"Bem Imóvel","codigo_iph":"BI","id_classif":22,"ds_classif":"Arquitetura militar","id_tipo_be":8,"ds_tipo_be":"Edificação","sg_tipo_be":"ED","sintese_be":"Forte de São Tiago ou São João da Bertioga, também conhecido(a) como Museu João Ramalho, localizado(a) no estado de São Paulo, cidade(s) de Bertioga, é um Bem Imóvel, do tipo Edificação, com estado de conservação Regular e de preservação Po","dt_cadastr":"2015-05-05Z","id_proteca":0,"id_tipo_pr":0,"ds_tipo_pr":null,"id_condica":0,"ds_condica":null,"id_zrp":null},"geometry":{"type":"MultiPoint","coordinates":[[-46.1347,-23.8552]]}},{"type":"Feature","properties":{"id":265,"id_bem":705,"identifica":"Casa à Rua Padre Toledo, nº 114","co_iphan":"MG3168804BIED00010","no_logrado":"Padre Toledo","nu_logrado":"114","id_naturez":2,"ds_naturez":"Bem Imóvel","codigo_iph":"BI","id_classif":18,"ds_classif":"Arquitetura civil","id_tipo_be":8,"ds_tipo_be":"Edificação","sg_tipo_be":"ED","sintese_be":"O maior interesse desta casa urbana reside no forro da sala, composto de cinco painéis em forma de gamela com cimalhas marmorizadas, rococós nos ângulos e pequenas palmas entalhadas nos cantos. A pintura representa os cinco sentidos com figuras da mit","dt_cadastr":"2015-05-08Z","id_proteca":0,"id_tipo_pr":0,"ds_tipo_pr":null,"id_condica":0,"ds_condica":null,"id_zrp":null},"geometry":{"type":"MultiPoint","coordinates":[[-44.1771,-21.1107]]}},{"type":"Feature","properties":{"id":274,"id_bem":84,"identifica":"Igreja de Nossa Senhora da Lapa da Boa Morte","co_iphan":"RJ3300100BIED00005","no_logrado":"Dr. Bastos","nu_logrado":"S/N","id_naturez":2,"ds_naturez":"Bem Imóvel","codigo_iph":"BI","id_classif":20,"ds_classif":"Arquitetura religiosa","id_tipo_be":8,"ds_tipo_be":"Edificação","sg_tipo_be":"ED","sintese_be":"Constituída por nave e capela-mor, que são ladeadas, à direita, por uma sacristia coberta pelo prolongamento da água do telhado da igreja e, à esquerda, por uma sineira com acesso por escada coberta, paralela à lateral da mesma igreja. Na frontaria","dt_cadastr":"2015-01-23Z","id_proteca":0,"id_tipo_pr":0,"ds_tipo_pr":null,"id_condica":0,"ds_condica":null,"id_zrp":null},"geometry":{"type":"MultiPoint","coordinates":[[-44.3184,-23.0101]]}},{"type":"Feature","properties":{"id":279,"id_bem":877,"identifica":"Casa grande do Sítio do Padre Inácio","co_iphan":"SP3513009BIED00001","no_logrado":"Professor Manoel J. Pedroso","nu_logrado":"1347","id_naturez":2,"ds_naturez":"Bem Imóvel","codigo_iph":"BI","id_classif":17,"ds_classif":"Edificação","id_tipo_be":8,"ds_tipo_be":"Edificação","sg_tipo_be":"ED","sintese_be":"Casa grande do Sítio do Padre Inácio\t, também conhecido(a) como Sítio do Padre Inácio: casa, localizado(a) no estado de São Paulo, cidade(s) de Cotia, é um Bem Imóvel, do tipo Edificação, com estado de conservação Regular e de preservação P","dt_cadastr":"2015-06-12Z","id_proteca":0,"id_tipo_pr":0,"ds_tipo_pr":null,"id_condica":0,"ds_condica":null,"id_zrp":null},"geometry":{"type":"MultiPoint","coordinates":[[-46.9153,-23.6062]]}},{"type":"Feature","properties":{"id":283,"id_bem":174,"identifica":"Capela de Nossa Senhora das Mercês","co_iphan":"MG3168804BIED00008","no_logrado":"das Merçês","nu_logrado":null,"id_naturez":2,"ds_naturez":"Bem Imóvel","codigo_iph":"BI","id_classif":20,"ds_classif":"Arquitetura religiosa","id_tipo_be":8,"ds_tipo_be":"Edificação","sg_tipo_be":"ED","sintese_be":"Possui planta centrada por nave e capela-mor mais estreita, com duas sacristias ladeando a capela-mor. A fachada apresenta o corpo central com porta larga, duas janelas à altura do coro e óculo interrompendo a cimalha. Possui frontão recortado em curv","dt_cadastr":"2015-01-28Z","id_proteca":0,"id_tipo_pr":0,"ds_tipo_pr":null,"id_condica":0,"ds_condica":null,"id_zrp":null},"geometry":{"type":"MultiPoint","coordinates":[[-44.1748,-21.1107]]}},{"type":"Feature","properties":{"id":293,"id_bem":876,"identifica":"Forte da Barra Grande, inclusive o Fortim da Praia do Góis, o Portão Espanhol e toda a área","co_iphan":"SP3518701BICA00001","no_logrado":"Santos Dumont","nu_logrado":"800","id_naturez":2,"ds_naturez":"Bem Imóvel","codigo_iph":"BI","id_classif":71,"ds_classif":"Arquitetura militar","id_tipo_be":6,"ds_tipo_be":"Conjunto Arquitetônico","sg_tipo_be":"CA","sintese_be":"Forte da Barra Grande, inclusive o Fortim da Praia do Góis, o Portão Espanhol e toda a área , também conhecido(a) como Fortaleza da Barra Grande, Fortim da Praia do Góis e Portão Espanhol, localizado(a) no estado de São Paulo, cidade(s) de Guaruj?","dt_cadastr":"2015-06-12Z","id_proteca":0,"id_tipo_pr":0,"ds_tipo_pr":null,"id_condica":0,"ds_condica":null,"id_zrp":null},"geometry":{"type":"MultiPoint","coordinates":[[-46.3069,-23.9948]]}},{"type":"Feature","properties":{"id":298,"id_bem":1065,"identifica":"Casa da Fazenda de Nossa Senhora da Conceição, Bananal","co_iphan":"RJ3303807BIED00001","no_logrado":"Princesa Isabel","nu_logrado":null,"id_naturez":2,"ds_naturez":"Bem Imóvel","codigo_iph":"BI","id_classif":17,"ds_classif":"Edificação","id_tipo_be":8,"ds_tipo_be":"Edificação","sg_tipo_be":"ED","sintese_be":"Casa da Fazenda de Nossa Senhora da Conceição, Bananal, também conhecido(a) como Fazenda de Nossa Senhora da Conceição: casa, localizado(a) no estado de Rio de Janeiro, cidade(s) de Parati, é um Bem Imóvel, do tipo Edificação, com estado de cons","dt_cadastr":"2015-06-12Z","id_proteca":0,"id_tipo_pr":0,"ds_tipo_pr":null,"id_condica":0,"ds_condica":null,"id_zrp":3},"geometry":{"type":"MultiPoint","coordinates":[[-44.714,-23.2151]]}},{"type":"Feature","properties":{"id":324,"id_bem":615,"identifica":"Convento e Igreja da Ordem Primeira do Carmo e Igreja da Ordem Terceira do Carmo","co_iphan":"SP3530607BICA00001","no_logrado":"do Carmo","nu_logrado":null,"id_naturez":2,"ds_naturez":"Bem Imóvel","codigo_iph":"BI","id_classif":20,"ds_classif":"Arquitetura religiosa","id_tipo_be":6,"ds_tipo_be":"Conjunto Arquitetônico","sg_tipo_be":"CA","sintese_be":"Convento e Igreja da Ordem Primeira do Carmo e Igreja da Ordem Terceira do Carmo, localizado(a) no estado de São Paulo, cidade(s) de Mogi das Cruzes, é um Bem Imóvel, do tipo Conjunto Arquitetônico, com estado de conservação Regular e de preservaç","dt_cadastr":"2015-03-08Z","id_proteca":0,"id_tipo_pr":0,"ds_tipo_pr":null,"id_condica":0,"ds_condica":null,"id_zrp":null},"geometry":{"type":"MultiPoint","coordinates":[[-46.1889,-23.5232]]}},{"type":"Feature","properties":{"id":332,"id_bem":1129,"identifica":"Passo da Rua Duque de Caxias","co_iphan":"MG3162500BIED00003","no_logrado":"Ministro Gabriel Passos","nu_logrado":null,"id_naturez":2,"ds_naturez":"Bem Imóvel","codigo_iph":"BI","id_classif":20,"ds_classif":"Arquitetura religiosa","id_tipo_be":8,"ds_tipo_be":"Edificação","sg_tipo_be":"ED","sintese_be":"Passo da Rua Duque de Caxias, também conhecido(a) como Passos das Ruas Duque de Caxias e Getúlio Vargas, localizado(a) no estado de Minas Gerais, cidade(s) de São João Del Rei, é um Bem Imóvel, do tipo Edificação, com estado de conservação Regu","dt_cadastr":"2015-06-12Z","id_proteca":0,"id_tipo_pr":0,"ds_tipo_pr":null,"id_condica":0,"ds_condica":null,"id_zrp":null},"geometry":{"type":"MultiPoint","coordinates":[[-44.2612,-21.1386]]}},{"type":"Feature","properties":{"id":338,"id_bem":2724,"identifica":"Conjunto Arquitetônico do Sesc - Fábrica da Pompeia","co_iphan":"SP3550308BICA00008","no_logrado":"Clélia","nu_logrado":"93","id_naturez":2,"ds_naturez":"Bem Imóvel","codigo_iph":"BI","id_classif":67,"ds_classif":"Arquitetura civil","id_tipo_be":6,"ds_tipo_be":"Conjunto Arquitetônico","sg_tipo_be":"CA","sintese_be":"Sesc Pompeia, localizado(a) no estado de São Paulo, cidade(s) de São Paulo, é um Bem Imóvel, do tipo Conjunto Arquitetônico, com estado de conservação Regular e de preservação Pouco Alterado.","dt_cadastr":"2017-06-13Z","id_proteca":0,"id_tipo_pr":0,"ds_tipo_pr":null,"id_condica":0,"ds_condica":null,"id_zrp":10},"geometry":{"type":"MultiPoint","coordinates":[[-46.6836,-23.5255]]}},{"type":"Feature","properties":{"id":342,"id_bem":557,"identifica":"Convento e Igreja de Nossa Senhora do Carmo","co_iphan":"SP3523909BICA00001","no_logrado":"da Independência","nu_logrado":null,"id_naturez":2,"ds_naturez":"Bem Imóvel","codigo_iph":"BI","id_classif":20,"ds_classif":"Arquitetura religiosa","id_tipo_be":6,"ds_tipo_be":"Conjunto Arquitetônico","sg_tipo_be":"CA","sintese_be":"Originada de uma pequena capela dedicada à Nª Srª do Carmo, do início do séc. XVIII, a construção atual é data de 1776/1782. No final do séc. XVIII novas obras, além de outras executadas durante toda a primeira metade do século XIX, quando oco","dt_cadastr":"2015-02-22Z","id_proteca":0,"id_tipo_pr":0,"ds_tipo_pr":null,"id_condica":0,"ds_condica":null,"id_zrp":null},"geometry":{"type":"MultiPoint","coordinates":[[-47.2975,-23.266]]}},{"type":"Feature","properties":{"id":344,"id_bem":1099,"identifica":"Igreja de Santa Rita, e respectivas imagens e alfaias","co_iphan":"RJ3303807BIED00004","no_logrado":"Princesa Isabel","nu_logrado":null,"id_naturez":2,"ds_naturez":"Bem Imóvel","codigo_iph":"BI","id_classif":20,"ds_classif":"Arquitetura religiosa","id_tipo_be":8,"ds_tipo_be":"Edificação","sg_tipo_be":"ED","sintese_be":"Igreja de Santa Rita, e respectivas imagens e alfaias, também conhecido(a) como Igreja de Santa Rita, localizado(a) no estado de Rio de Janeiro, cidade(s) de Parati, é um Bem Imóvel, do tipo Edificação, com estado de conservação Regular e de prese","dt_cadastr":"2015-06-12Z","id_proteca":0,"id_tipo_pr":0,"ds_tipo_pr":null,"id_condica":0,"ds_condica":null,"id_zrp":3},"geometry":{"type":"MultiPoint","coordinates":[[-44.714,-23.2151]]}},{"type":"Feature","properties":{"id":346,"id_bem":119,"identifica":"Edifício da Bolsa Oficial do Café","co_iphan":"SP3548500BIED00001","no_logrado":"Quinze de novembro","nu_logrado":"95","id_naturez":2,"ds_naturez":"Bem Imóvel","codigo_iph":"BI","id_classif":17,"ds_classif":"Edificação","id_tipo_be":8,"ds_tipo_be":"Edificação","sg_tipo_be":"ED","sintese_be":"Edifício da Bolsa Oficial do Café , localizado(a) no estado de São Paulo, cidade(s) de Santos, é um Bem Imóvel, do tipo Edificação, com estado de conservação Regular e de preservação Pouco Alterado.","dt_cadastr":"2015-01-27Z","id_proteca":0,"id_tipo_pr":0,"ds_tipo_pr":null,"id_condica":0,"ds_condica":null,"id_zrp":null},"geometry":{"type":"MultiPoint","coordinates":[[-46.3301,-23.9325]]}},{"type":"Feature","properties":{"id":347,"id_bem":1104,"identifica":"\"Igreja Matriz de Nossa Senhora dos Remédios, e respectivas imagens e alfaias","co_iphan":"RJ3303807BIED00005","no_logrado":"da Matriz","nu_logrado":null,"id_naturez":2,"ds_naturez":"Bem Imóvel","codigo_iph":"BI","id_classif":20,"ds_classif":"Arquitetura religiosa","id_tipo_be":8,"ds_tipo_be":"Edificação","sg_tipo_be":"ED","sintese_be":"\"Igreja Matriz de Nossa Senhora dos Remédios, e respectivas imagens e alfaias, também conhecido(a) como Igreja Matriz de Nossa Senhora dos Remédios, localizado(a) no estado de Rio de Janeiro, cidade(s) de Parati, é um Bem Imóvel, do tipo Edificaçã","dt_cadastr":"2015-06-12Z","id_proteca":0,"id_tipo_pr":0,"ds_tipo_pr":null,"id_condica":0,"ds_condica":null,"id_zrp":3},"geometry":{"type":"MultiPoint","coordinates":[[-44.7135,-23.2179]]}},{"type":"Feature","properties":{"id":349,"id_bem":707,"identifica":"Igreja Matriz de Itú","co_iphan":"SP3523909BIED00002","no_logrado":"Padre Miguel","nu_logrado":null,"id_naturez":2,"ds_naturez":"Bem Imóvel","codigo_iph":"BI","id_classif":20,"ds_classif":"Arquitetura religiosa","id_tipo_be":8,"ds_tipo_be":"Edificação","sg_tipo_be":"ED","sintese_be":"O aspecto atual da igreja construída em 1780, é o resultado de ampla reforma de fins do século XIX. O interesse do templo reside nos forros pintados da nave e da capela-mor e na grande quantidade de telas de autoria de José Patrício da Silva Manso e","dt_cadastr":"2015-05-08Z","id_proteca":0,"id_tipo_pr":0,"ds_tipo_pr":null,"id_condica":0,"ds_condica":null,"id_zrp":null},"geometry":{"type":"MultiPoint","coordinates":[[-47.2997,-23.264]]}},{"type":"Feature","properties":{"id":350,"id_bem":817,"identifica":"Conjunto composto especialmente pelo prédio onde funciona o Museu Paulista, inclusive seus jardins","co_iphan":"SP3550308BICA00005","no_logrado":"Nazaré","nu_logrado":null,"id_naturez":2,"ds_naturez":"Bem Imóvel","codigo_iph":"BI","id_classif":66,"ds_classif":"Conjunto arquitetônico","id_tipo_be":6,"ds_tipo_be":"Conjunto Arquitetônico","sg_tipo_be":"CA","sintese_be":"Conjunto composto especialmente pelo prédio onde funciona o Museu Paulista, inclusive seus jardins ,fronteiros e os bosques que o circundam; pelo Monumento à Independência e pela Casa do Grito; e também conhecido(a) como Conjunto do Ipiranga:Museu Pa","dt_cadastr":"2015-06-11Z","id_proteca":0,"id_tipo_pr":0,"ds_tipo_pr":null,"id_condica":0,"ds_condica":null,"id_zrp":10},"geometry":{"type":"MultiPoint","coordinates":[[-46.6098,-23.5852]]}},{"type":"Feature","properties":{"id":365,"id_bem":879,"identifica":"Casa do Sítio do Mandú","co_iphan":"SP3513009BIED00002","no_logrado":"Professor Manoel J. Pedroso","nu_logrado":"1347","id_naturez":2,"ds_naturez":"Bem Imóvel","codigo_iph":"BI","id_classif":17,"ds_classif":"Edificação","id_tipo_be":8,"ds_tipo_be":"Edificação","sg_tipo_be":"ED","sintese_be":"Casa do Sítio do Mandú, também conhecido(a) como Sítio Mandu: casa, localizado(a) no estado de São Paulo, cidade(s) de Cotia, é um Bem Imóvel, do tipo Edificação, com estado de conservação Regular e de preservação Pouco Alterado.","dt_cadastr":"2015-06-12Z","id_proteca":0,"id_tipo_pr":0,"ds_tipo_pr":null,"id_condica":0,"ds_condica":null,"id_zrp":null},"geometry":{"type":"MultiPoint","coordinates":[[-46.9153,-23.6062]]}},{"type":"Feature","properties":{"id":375,"id_bem":1127,"identifica":"Passo da Rua Getúlio Vargas","co_iphan":"MG3162500BIED00002","no_logrado":"Ministro Gabriel Passos","nu_logrado":null,"id_naturez":2,"ds_naturez":"Bem Imóvel","codigo_iph":"BI","id_classif":20,"ds_classif":"Arquitetura religiosa","id_tipo_be":8,"ds_tipo_be":"Edificação","sg_tipo_be":"ED","sintese_be":"Passo da Rua Getúlio Vargas, localizado(a) no estado de Minas Gerais, cidade(s) de São João Del Rei, é um Bem Imóvel, do tipo Edificação, com estado de conservação Regular e de preservação Pouco Alterado.","dt_cadastr":"2015-06-12Z","id_proteca":0,"id_tipo_pr":0,"ds_tipo_pr":null,"id_condica":0,"ds_condica":null,"id_zrp":null},"geometry":{"type":"MultiPoint","coordinates":[[-44.2612,-21.1344]]}},{"type":"Feature","properties":{"id":491,"id_bem":847,"identifica":"Casa à Praça da Matriz, 9","co_iphan":"SP3547304BIED00001","no_logrado":"da Matriz","nu_logrado":null,"id_naturez":2,"ds_naturez":"Bem Imóvel","codigo_iph":"BI","id_classif":17,"ds_classif":"Edificação","id_tipo_be":8,"ds_tipo_be":"Edificação","sg_tipo_be":"ED","sintese_be":"Casa à Praça da Matriz, 9, localizado(a) no estado de São Paulo, cidade(s) de Santana de Parnaíba, é um Bem Imóvel, do tipo Edificação, com estado de conservação Regular e de preservação Pouco Alterado.","dt_cadastr":"2015-06-12Z","id_proteca":0,"id_tipo_pr":0,"ds_tipo_pr":null,"id_condica":0,"ds_condica":null,"id_zrp":null},"geometry":{"type":"MultiPoint","coordinates":[[-46.9142,-23.4454]]}},{"type":"Feature","properties":{"id":399,"id_bem":2699,"identifica":"Conjunto Arquitetônico e Paisagístico do Bairro da Luz","co_iphan":"SP3550308BICA00007","no_logrado":"Mauá 438,440,442 e","nu_logrado":"446","id_naturez":2,"ds_naturez":"Bem Imóvel","codigo_iph":"BI","id_classif":67,"ds_classif":"Arquitetura civil","id_tipo_be":6,"ds_tipo_be":"Conjunto Arquitetônico","sg_tipo_be":"CA","sintese_be":"Conjunto Arquitetônico e Paisagistico no Bairro da Luz, localizado(a) no estado de São Paulo, cidade(s) de São Paulo, é um Bem Imóvel, do tipo Conjunto Arquitetônico, com estado de conservação Regular e de preservação Pouco Alterado.","dt_cadastr":"2017-06-12Z","id_proteca":0,"id_tipo_pr":0,"ds_tipo_pr":null,"id_condica":0,"ds_condica":null,"id_zrp":10},"geometry":{"type":"MultiPoint","coordinates":[[-46.6295,-23.5296]]}},{"type":"Feature","properties":{"id":416,"id_bem":846,"identifica":"Igreja da Ordem Terceira de Nossa Senhora do Monte do Carmo","co_iphan":"SP3548500BIED00005","no_logrado":"Barão do Rio Branco","nu_logrado":"16","id_naturez":2,"ds_naturez":"Bem Imóvel","codigo_iph":"BI","id_classif":20,"ds_classif":"Arquitetura religiosa","id_tipo_be":8,"ds_tipo_be":"Edificação","sg_tipo_be":"ED","sintese_be":"Igreja da Ordem Terceira de Nossa Senhora do Monte do Carmo, também conhecido(a) como Convento do Carmo, localizado(a) no estado de São Paulo, cidade(s) de Santos, é um Bem Imóvel, do tipo Edificação, com estado de conservação Regular e de preser","dt_cadastr":"2015-06-12Z","id_proteca":0,"id_tipo_pr":0,"ds_tipo_pr":null,"id_condica":0,"ds_condica":null,"id_zrp":null},"geometry":{"type":"MultiPoint","coordinates":[[-46.327,-23.9328]]}},{"type":"Feature","properties":{"id":420,"id_bem":459,"identifica":"Palácio dos Azulejos","co_iphan":"SP3509502BIED00001","no_logrado":"Regente Feijó","nu_logrado":"859","id_naturez":2,"ds_naturez":"Bem Imóvel","codigo_iph":"BI","id_classif":18,"ds_classif":"Arquitetura civil","id_tipo_be":8,"ds_tipo_be":"Edificação","sg_tipo_be":"ED","sintese_be":"Palácio dos Azulejos, localizado(a) no estado de São Paulo, cidade(s) de Campinas, é um Bem Imóvel, do tipo Edificação, com estado de conservação Regular e de preservação Pouco Alterado.","dt_cadastr":"2015-02-21Z","id_proteca":0,"id_tipo_pr":0,"ds_tipo_pr":null,"id_condica":0,"ds_condica":null,"id_zrp":null},"geometry":{"type":"MultiPoint","coordinates":[[-47.0597,-22.9068]]}},{"type":"Feature","properties":{"id":428,"id_bem":82,"identifica":"Igreja da Ordem Terceira de Nossa Senhora do Carmo","co_iphan":"RJ3300100BIED00004","no_logrado":"do Carmo","nu_logrado":null,"id_naturez":2,"ds_naturez":"Bem Imóvel","codigo_iph":"BI","id_classif":17,"ds_classif":"Edificação","id_tipo_be":8,"ds_tipo_be":"Edificação","sg_tipo_be":"ED","sintese_be":"Igreja da Ordem Terceira de Nossa Senhora do Carmo, localizado(a) no estado de Rio de Janeiro, cidade(s) de Angra dos Reis, é um Bem Imóvel, do tipo Edificação, com estado de conservação Regular e de preservação Pouco Alterado.","dt_cadastr":"2015-01-23Z","id_proteca":0,"id_tipo_pr":0,"ds_tipo_pr":null,"id_condica":0,"ds_condica":null,"id_zrp":null},"geometry":{"type":"MultiPoint","coordinates":[[-44.3152,-23.0064]]}},{"type":"Feature","properties":{"id":429,"id_bem":200,"identifica":"Casa de Warchavchik na Rua Bahia","co_iphan":"SP3550308BIED00006","no_logrado":"Bahia","nu_logrado":"1126","id_naturez":2,"ds_naturez":"Bem Imóvel","codigo_iph":"BI","id_classif":17,"ds_classif":"Edificação","id_tipo_be":8,"ds_tipo_be":"Edificação","sg_tipo_be":"ED","sintese_be":"As três casas projetadas por Gregori Warchavchik, entre 1927 e 1930 são consideradas como as primeiras obras de arquitetura moderna no Brasil. Utilizando a linguagem cubista nas suas formas, representam as idéias do arquiteto enunciadas em manifesto p","dt_cadastr":"2015-01-28Z","id_proteca":0,"id_tipo_pr":0,"ds_tipo_pr":null,"id_condica":0,"ds_condica":null,"id_zrp":10},"geometry":{"type":"MultiPoint","coordinates":[[-46.6626,-23.5516]]}},{"type":"Feature","properties":{"id":433,"id_bem":90,"identifica":"Sobrado à Praça General Osório, 19","co_iphan":"RJ3300100BIED00008","no_logrado":"General Osório","nu_logrado":"19","id_naturez":2,"ds_naturez":"Bem Imóvel","codigo_iph":"BI","id_classif":17,"ds_classif":"Edificação","id_tipo_be":8,"ds_tipo_be":"Edificação","sg_tipo_be":"ED","sintese_be":"Sobrado à Praça General Osório, 19, localizado(a) no estado de Rio de Janeiro, cidade(s) de Angra dos Reis, é um Bem Imóvel, do tipo Edificação, com estado de conservação Regular e de preservação Pouco Alterado.","dt_cadastr":"2015-01-23Z","id_proteca":0,"id_tipo_pr":0,"ds_tipo_pr":null,"id_condica":0,"ds_condica":null,"id_zrp":null},"geometry":{"type":"MultiPoint","coordinates":[[-44.3162,-23.0072]]}},{"type":"Feature","properties":{"id":436,"id_bem":94,"identifica":"Sobrado à Praça General Osório, s/n","co_iphan":"RJ3300100BIED00011","no_logrado":"General Osório","nu_logrado":"S/N","id_naturez":2,"ds_naturez":"Bem Imóvel","codigo_iph":"BI","id_classif":17,"ds_classif":"Edificação","id_tipo_be":8,"ds_tipo_be":"Edificação","sg_tipo_be":"ED","sintese_be":"Ocupando a maior parte da área entre a praia e a praça, esses sobrados constituem adro para as duas igrejas carmelitas de Angra. É um dos últimos remanescentes íntegros do acervo residencial da cidade datando sua construção dos séculos XVIII/XIX.","dt_cadastr":"2015-01-23Z","id_proteca":0,"id_tipo_pr":0,"ds_tipo_pr":null,"id_condica":0,"ds_condica":null,"id_zrp":null},"geometry":{"type":"MultiPoint","coordinates":[[-44.3162,-23.0073]]}},{"type":"Feature","properties":{"id":439,"id_bem":93,"identifica":"Sobrado à Praça General Osório, 35","co_iphan":"RJ3300100BIED00010","no_logrado":"General Osório","nu_logrado":"35","id_naturez":2,"ds_naturez":"Bem Imóvel","codigo_iph":"BI","id_classif":17,"ds_classif":"Edificação","id_tipo_be":8,"ds_tipo_be":"Edificação","sg_tipo_be":"ED","sintese_be":"Sobrado à Praça General Osório, 35, localizado(a) no estado de Rio de Janeiro, cidade(s) de Angra dos Reis, é um Bem Imóvel, do tipo Edificação, com estado de conservação Regular e de preservação Pouco Alterado.","dt_cadastr":"2015-01-23Z","id_proteca":0,"id_tipo_pr":0,"ds_tipo_pr":null,"id_condica":0,"ds_condica":null,"id_zrp":null},"geometry":{"type":"MultiPoint","coordinates":[[-44.3161,-23.0074]]}},{"type":"Feature","properties":{"id":442,"id_bem":1134,"identifica":"Igreja Matriz de Nossa Senhora do Pilar","co_iphan":"MG3162500BIED00005","no_logrado":"Ministro Gabriel Passos","nu_logrado":null,"id_naturez":2,"ds_naturez":"Bem Imóvel","codigo_iph":"BI","id_classif":17,"ds_classif":"Edificação","id_tipo_be":8,"ds_tipo_be":"Edificação","sg_tipo_be":"ED","sintese_be":"Igreja Matriz do Pilar, também conhecido(a) como Igreja Matriz de Nossa Senhora do Pilar;Matriz do Pilar; Catedral Basílica de Nossa Senhora do Pilar, localizado(a) no estado de Minas Gerais, cidade(s) de São João Del Rei, é um Bem Imóvel, do tipo","dt_cadastr":"2015-06-12Z","id_proteca":0,"id_tipo_pr":0,"ds_tipo_pr":null,"id_condica":0,"ds_condica":null,"id_zrp":null},"geometry":{"type":"MultiPoint","coordinates":[[-44.262,-21.1352]]}},{"type":"Feature","properties":{"id":443,"id_bem":166,"identifica":"Igreja Matriz de Santo Antônio","co_iphan":"MG3168804BIED00001","no_logrado":"da Câmara","nu_logrado":null,"id_naturez":2,"ds_naturez":"Bem Imóvel","codigo_iph":"BI","id_classif":17,"ds_classif":"Edificação","id_tipo_be":8,"ds_tipo_be":"Edificação","sg_tipo_be":"ED","sintese_be":"A planta é retangular, contendo nave, capela-mor e sacristia. O adro é acessível por escadaria com balaustradas de cantaria de pedra-sabão. Possui frontispício largo, destacando-se a portada de autoria do Aleijadinho, guarnecida de talha em pedra qu","dt_cadastr":"2015-01-28Z","id_proteca":0,"id_tipo_pr":0,"ds_tipo_pr":null,"id_condica":0,"ds_condica":null,"id_zrp":null},"geometry":{"type":"MultiPoint","coordinates":[[-44.1748,-21.1107]]}},{"type":"Feature","properties":{"id":459,"id_bem":1131,"identifica":"Igreja de Nossa Senhora do Carmo","co_iphan":"MG3162500BIED00004","no_logrado":"Ministro Gabriel Passos","nu_logrado":null,"id_naturez":2,"ds_naturez":"Bem Imóvel","codigo_iph":"BI","id_classif":20,"ds_classif":"Arquitetura religiosa","id_tipo_be":8,"ds_tipo_be":"Edificação","sg_tipo_be":"ED","sintese_be":"Igreja do Carmo, também conhecido(a) como Igreja Nossa Senhora do Carmo, localizado(a) no estado de Minas Gerais, cidade(s) de São João Del Rei, é um Bem Imóvel, do tipo Edificação, com estado de conservação Regular e de preservação Pouco Alte","dt_cadastr":"2015-06-12Z","id_proteca":0,"id_tipo_pr":0,"ds_tipo_pr":null,"id_condica":0,"ds_condica":null,"id_zrp":null},"geometry":{"type":"MultiPoint","coordinates":[[-44.2607,-21.1336]]}},{"type":"Feature","properties":{"id":462,"id_bem":815,"identifica":"Igreja da Ordem Terceira do Carmo, restrita às frontaria, nave, capela-mor, sacristia, biblioteca","co_iphan":"SP3550308BIED00013","no_logrado":"Rangel Pestana","nu_logrado":"230","id_naturez":2,"ds_naturez":"Bem Imóvel","codigo_iph":"BI","id_classif":20,"ds_classif":"Arquitetura religiosa","id_tipo_be":8,"ds_tipo_be":"Edificação","sg_tipo_be":"ED","sintese_be":"Igreja da Ordem Terceira do Carmo, restrita às frontaria, nave, capela-mor, sacristia, biblioteca, também conhecido(a) como Capela da Venerável ordem Terceira do Carmo, localizado(a) no estado de São Paulo, cidade(s) de São Paulo, é um Bem Imóvel,","dt_cadastr":"2015-06-11Z","id_proteca":0,"id_tipo_pr":0,"ds_tipo_pr":null,"id_condica":0,"ds_condica":null,"id_zrp":10},"geometry":{"type":"MultiPoint","coordinates":[[-46.6311,-23.5505]]}},{"type":"Feature","properties":{"id":467,"id_bem":462,"identifica":"Capela de São João Batista","co_iphan":"SP3510609BIED00001","no_logrado":"da Aldeia","nu_logrado":null,"id_naturez":2,"ds_naturez":"Bem Imóvel","codigo_iph":"BI","id_classif":20,"ds_classif":"Arquitetura religiosa","id_tipo_be":8,"ds_tipo_be":"Edificação","sg_tipo_be":"ED","sintese_be":"Capela missioneira em taipa de pilão e telhado em duas águas com madeiramento aparente. Foi reconstruída em 1736, substituindo a capela jesuítica original. Altar-mor de gosto popular e terça decorada na sacristia demonstram a mão indígena na sua c","dt_cadastr":"2015-02-21Z","id_proteca":0,"id_tipo_pr":0,"ds_tipo_pr":null,"id_condica":0,"ds_condica":null,"id_zrp":null},"geometry":{"type":"MultiPoint","coordinates":[[-46.8424,-23.529]]}},{"type":"Feature","properties":{"id":473,"id_bem":874,"identifica":"Forte de São Felipe da Bertioga","co_iphan":"SP3518701BIED00001","no_logrado":"Santos Dumont","nu_logrado":"800","id_naturez":2,"ds_naturez":"Bem Imóvel","codigo_iph":"BI","id_classif":22,"ds_classif":"Arquitetura militar","id_tipo_be":8,"ds_tipo_be":"Edificação","sg_tipo_be":"ED","sintese_be":"Forte de São Felipe da Bertioga\t, também conhecido(a) como Forte de São Felipe, localizado(a) no estado de São Paulo, cidade(s) de Guarujá, é um Bem Imóvel, do tipo Edificação, com estado de conservação Regular e de preservação Pouco Alterad","dt_cadastr":"2015-06-12Z","id_proteca":0,"id_tipo_pr":0,"ds_tipo_pr":null,"id_condica":0,"ds_condica":null,"id_zrp":null},"geometry":{"type":"MultiPoint","coordinates":[[-46.1283,-23.857]]}},{"type":"Feature","properties":{"id":481,"id_bem":178,"identifica":"Capela de Nossa Senhora do Pilar","co_iphan":"SP3554102BIED00002","no_logrado":"do Pilar","nu_logrado":null,"id_naturez":2,"ds_naturez":"Bem Imóvel","codigo_iph":"BI","id_classif":17,"ds_classif":"Edificação","id_tipo_be":8,"ds_tipo_be":"Edificação","sg_tipo_be":"ED","sintese_be":"Construção em taipa de pilão do século XVIII que apresenta planta octogonal, com três altares e outros elementos arquitetônicos característicos do fim do período barroco. É uma das poucas igrejas que apresentam o forro em forma de gamela, oitava","dt_cadastr":"2015-01-28Z","id_proteca":0,"id_tipo_pr":0,"ds_tipo_pr":null,"id_condica":0,"ds_condica":null,"id_zrp":null},"geometry":{"type":"MultiPoint","coordinates":[[-45.5542,-23.0239]]}},{"type":"Feature","properties":{"id":486,"id_bem":704,"identifica":"Edifício de dois pavimentos com frontaria azulejada na Rua do Comércio, 94/96 e 98","co_iphan":"SP3548500BIED00004","no_logrado":"do Comércio","nu_logrado":"96","id_naturez":2,"ds_naturez":"Bem Imóvel","codigo_iph":"BI","id_classif":17,"ds_classif":"Edificação","id_tipo_be":8,"ds_tipo_be":"Edificação","sg_tipo_be":"ED","sintese_be":"De grandes dimensões, recebe em seu térreo o comércio, escritório e armazém; no superior, que é residência, recebe e hospeda os mais importantes clientes e comerciantes vindos de fora. Construída em 1865, teve sua fachada azulejada em 1869.","dt_cadastr":"2015-05-08Z","id_proteca":0,"id_tipo_pr":0,"ds_tipo_pr":null,"id_condica":0,"ds_condica":null,"id_zrp":null},"geometry":{"type":"MultiPoint","coordinates":[[-46.3323,-23.9322]]}},{"type":"Feature","properties":{"id":488,"id_bem":703,"identifica":"Antiga Casa de Câmara e Cadeia na Praça dos Andradas, inclusive a área arborizada que a ambienta","co_iphan":"SP3548500BICA00001","no_logrado":"dos Andradas","nu_logrado":null,"id_naturez":2,"ds_naturez":"Bem Imóvel","codigo_iph":"BI","id_classif":66,"ds_classif":"Conjunto arquitetônico","id_tipo_be":6,"ds_tipo_be":"Conjunto Arquitetônico","sg_tipo_be":"CA","sintese_be":"Construída a partir de 1837, ocupa uma quadra inteira. O seu projeto inicial previa um segundo pavimento nas suas quatro fachadas, porém, só na principal, voltada para a praça, é que este foi executado. Apesar de no aspecto geral recordar os velhos","dt_cadastr":"2015-05-08Z","id_proteca":0,"id_tipo_pr":0,"ds_tipo_pr":null,"id_condica":0,"ds_condica":null,"id_zrp":null},"geometry":{"type":"MultiPoint","coordinates":[[-46.3324,-23.9354]]}},{"type":"Feature","properties":{"id":496,"id_bem":843,"identifica":"Fazenda do Pinhal, situada no quilômetro 4,5 da Estrada da Broa, com 45 hectares e 1 acre","co_iphan":"SP3548906BICA00001","no_logrado":"do Broa, km","nu_logrado":"4,5","id_naturez":2,"ds_naturez":"Bem Imóvel","codigo_iph":"BI","id_classif":66,"ds_classif":"Conjunto arquitetônico","id_tipo_be":6,"ds_tipo_be":"Conjunto Arquitetônico","sg_tipo_be":"CA","sintese_be":"Fazenda do Pinhal, situada no quilômetro 4,5 da Estrada da Broa, com 45 hectares e 1 acre, também conhecida como Fazenda do Pinhal, localizada no estado de São Paulo, cidade de São Carlos, é um Bem Imóvel, do tipo Conjunto Arquitetônico, com estad","dt_cadastr":"2015-06-12Z","id_proteca":0,"id_tipo_pr":0,"ds_tipo_pr":null,"id_condica":0,"ds_condica":null,"id_zrp":null},"geometry":{"type":"MultiPoint","coordinates":[[-47.8554,-22.1369]]}},{"type":"Feature","properties":{"id":498,"id_bem":683,"identifica":"Engenho dos Erasmos","co_iphan":"SP3548500BIED00002","no_logrado":"Alan Cíber Pinto","nu_logrado":"96","id_naturez":2,"ds_naturez":"Bem Imóvel","codigo_iph":"BI","id_classif":17,"ds_classif":"Edificação","id_tipo_be":8,"ds_tipo_be":"Edificação","sg_tipo_be":"ED","sintese_be":"Engenho dos Erasmos, também conhecido(a) como Engenho dos Erasmos: ruínas, localizado(a) no estado de São Paulo, cidade(s) de Santos, é um Bem Imóvel, do tipo Edificação, com estado de conservação Regular e de preservação Pouco Alterado.","dt_cadastr":"2015-05-05Z","id_proteca":0,"id_tipo_pr":0,"ds_tipo_pr":null,"id_condica":0,"ds_condica":null,"id_zrp":null},"geometry":{"type":"MultiPoint","coordinates":[[-46.3629,-23.9475]]}},{"type":"Feature","properties":{"id":499,"id_bem":202,"identifica":"Casa natal de Oswaldo Cruz","co_iphan":"SP3550001BIED00001","no_logrado":"Oswaldo Cruz","nu_logrado":"4","id_naturez":2,"ds_naturez":"Bem Imóvel","codigo_iph":"BI","id_classif":17,"ds_classif":"Edificação","id_tipo_be":8,"ds_tipo_be":"Edificação","sg_tipo_be":"ED","sintese_be":"Casa natal de Oswaldo Cruz, localizado(a) no estado de São Paulo, cidade(s) de São Luís do Paraitinga, é um Bem Imóvel, do tipo Edificação, com estado de conservação Regular e de preservação Pouco Alterado.","dt_cadastr":"2015-01-28Z","id_proteca":0,"id_tipo_pr":0,"ds_tipo_pr":null,"id_condica":0,"ds_condica":null,"id_zrp":null},"geometry":{"type":"MultiPoint","coordinates":[[-45.3093,-23.2232]]}},{"type":"Feature","properties":{"id":500,"id_bem":199,"identifica":"Imóvel da Rua Itápolis, 961","co_iphan":"SP3550308BIED00005","no_logrado":"Itápolis","nu_logrado":"961","id_naturez":2,"ds_naturez":"Bem Imóvel","codigo_iph":"BI","id_classif":17,"ds_classif":"Edificação","id_tipo_be":8,"ds_tipo_be":"Edificação","sg_tipo_be":"ED","sintese_be":"As três casas projetadas por Gregori Warchavchik, entre 1927 e 1930 são consideradas como as primeiras obras de arquitetura moderna no Brasil. Utilizando a linguagem cubista nas suas formas, representam as idéias do arquiteto enunciadas em manifesto p","dt_cadastr":"2015-01-28Z","id_proteca":0,"id_tipo_pr":0,"ds_tipo_pr":null,"id_condica":0,"ds_condica":null,"id_zrp":10},"geometry":{"type":"MultiPoint","coordinates":[[-46.6624,-23.5491]]}},{"type":"Feature","properties":{"id":501,"id_bem":845,"identifica":"Igreja e Mosteiro de São Bento, compreendendo o edifício e as seguintes peças de escultura","co_iphan":"SP3548500BICA00002","no_logrado":"Santa Joana D'arc","nu_logrado":null,"id_naturez":2,"ds_naturez":"Bem Imóvel","codigo_iph":"BI","id_classif":69,"ds_classif":"Arquitetura religiosa","id_tipo_be":6,"ds_tipo_be":"Conjunto Arquitetônico","sg_tipo_be":"CA","sintese_be":"Igreja e Mosteiro de São Bento, compreendendo o edifício e as seguintes peças de escultura, também conhecido(a) como Mosteiro e Igreja de São Bento, localizado(a) no estado de São Paulo, cidade(s) de Santos, é um Bem Imóvel, do tipo Conjunto Arqu","dt_cadastr":"2015-06-12Z","id_proteca":0,"id_tipo_pr":0,"ds_tipo_pr":null,"id_condica":0,"ds_condica":null,"id_zrp":null},"geometry":{"type":"MultiPoint","coordinates":[[-46.3421,-23.9363]]}},{"type":"Feature","properties":{"id":520,"id_bem":685,"identifica":"Casa da Sede do Sítio Mirim","co_iphan":"SP3550308BIED00010","no_logrado":"Doutor Assis Ribeiro","nu_logrado":null,"id_naturez":2,"ds_naturez":"Bem Imóvel","codigo_iph":"BI","id_classif":17,"ds_classif":"Edificação","id_tipo_be":8,"ds_tipo_be":"Edificação","sg_tipo_be":"ED","sintese_be":"Exemplar único da arquitetura Bandeirista com planta fora das características do período. Apesar do esquema básico tradicional ter permanecido, o alpendre se estende por duas fachadas consecutivas, obrigando a extensão do cunhal, numa parede em ?L?.","dt_cadastr":"2015-05-05Z","id_proteca":0,"id_tipo_pr":0,"ds_tipo_pr":null,"id_condica":0,"ds_condica":null,"id_zrp":null},"geometry":{"type":"MultiPoint","coordinates":[[-46.4639,-23.4881]]}},{"type":"Feature","properties":{"id":522,"id_bem":172,"identifica":"Capela de São João Evangelista","co_iphan":"MG3168804BIED00006","no_logrado":"Padre Toledo","nu_logrado":null,"id_naturez":2,"ds_naturez":"Bem Imóvel","codigo_iph":"BI","id_classif":20,"ds_classif":"Arquitetura religiosa","id_tipo_be":8,"ds_tipo_be":"Edificação","sg_tipo_be":"ED","sintese_be":"Construída em taipa de pilão, com paredes grossas e embasadas em socos de cantaria, possui planta com nave retangular e capela-mor mais estreita e um grande salão por trás da capela-mor. A fachada possui quatro cunhais largos, porta de verga curva en","dt_cadastr":"2015-01-28Z","id_proteca":0,"id_tipo_pr":0,"ds_tipo_pr":null,"id_condica":0,"ds_condica":null,"id_zrp":null},"geometry":{"type":"MultiPoint","coordinates":[[-44.1761,-21.111]]}},{"type":"Feature","properties":{"id":525,"id_bem":113,"identifica":"Museu de Arte de São Paulo Assis Chateaubriand: edifício e acervo móvel  constituído pelos cavalete","co_iphan":"SP3550308BIED00001","no_logrado":"Paulista","nu_logrado":"1578","id_naturez":2,"ds_naturez":"Bem Imóvel","codigo_iph":"BI","id_classif":17,"ds_classif":"Edificação","id_tipo_be":8,"ds_tipo_be":"Edificação","sg_tipo_be":"ED","sintese_be":"Museu de Arte de São Paulo Assis Chateaubriand: edifício e acervo móvel  constituído pelos cavalete, localizado(a) no estado de São Paulo, cidade(s) de São Paulo, é um Bem Imóvel, do tipo Edificação, com estado de conservação Regular e de pre","dt_cadastr":"2015-01-27Z","id_proteca":0,"id_tipo_pr":0,"ds_tipo_pr":null,"id_condica":0,"ds_condica":null,"id_zrp":10},"geometry":{"type":"MultiPoint","coordinates":[[-46.6559,-23.5617]]}},{"type":"Feature","properties":{"id":542,"id_bem":85,"identifica":"Igreja de Santa Luzia","co_iphan":"RJ3300100BIED00006","no_logrado":"do Comércio","nu_logrado":"S/N","id_naturez":2,"ds_naturez":"Bem Imóvel","codigo_iph":"BI","id_classif":20,"ds_classif":"Arquitetura religiosa","id_tipo_be":8,"ds_tipo_be":"Edificação","sg_tipo_be":"ED","sintese_be":"Localizada na trama urbana de Angra dos Reis, apresenta à sua esquerda um campanário com duas sineiras, em continuação da frontaria, corredor e da sacristia em dois pisos, na lateral da nave e capela-mor.A fachada é encimada por frontão com arremat","dt_cadastr":"2015-01-23Z","id_proteca":0,"id_tipo_pr":0,"ds_tipo_pr":null,"id_condica":0,"ds_condica":null,"id_zrp":null},"geometry":{"type":"MultiPoint","coordinates":[[-44.3181,-23.0084]]}},{"type":"Feature","properties":{"id":543,"id_bem":173,"identifica":"Capela de São Francisco de Paula","co_iphan":"MG3168804BIED00007","no_logrado":"Alto São Francisco","nu_logrado":null,"id_naturez":2,"ds_naturez":"Bem Imóvel","codigo_iph":"BI","id_classif":20,"ds_classif":"Arquitetura religiosa","id_tipo_be":8,"ds_tipo_be":"Edificação","sg_tipo_be":"ED","sintese_be":"Apresenta fachada simples com porta larga em verga curva, duas janelas à altura do coro com parapeito em balaústres torneados, frontão triangular com óculo envidraçado e encimado por cruz de ferro oitocentista. Lateralmente existem os dois puxados o","dt_cadastr":"2015-01-28Z","id_proteca":0,"id_tipo_pr":0,"ds_tipo_pr":null,"id_condica":0,"ds_condica":null,"id_zrp":null},"geometry":{"type":"MultiPoint","coordinates":[[-44.1748,-21.1107]]}},{"type":"Feature","properties":{"id":555,"id_bem":1181,"identifica":"Casa à Praça Cônego Cardoso, 84 a 90, Casa do Inconfidente Resende Costa","co_iphan":"MG3154200BIED00001","no_logrado":"Maria Cândida de Andrade","nu_logrado":null,"id_naturez":2,"ds_naturez":"Bem Imóvel","codigo_iph":"BI","id_classif":17,"ds_classif":"Edificação","id_tipo_be":8,"ds_tipo_be":"Edificação","sg_tipo_be":"ED","sintese_be":"Casa à Praça Cônego Cardoso, 84 a 90, Casa do Inconfidente Resende Costa, também conhecido(a) como Casa do Inconfidente Resende Costa, localizado(a) no estado de Minas Gerais, cidade(s) de Resende Costa, é um Bem Imóvel, do tipo Edificação, com e","dt_cadastr":"2015-06-12Z","id_proteca":0,"id_tipo_pr":0,"ds_tipo_pr":null,"id_condica":0,"ds_condica":null,"id_zrp":null},"geometry":{"type":"MultiPoint","coordinates":[[-44.2358,-20.9202]]}},{"type":"Feature","properties":{"id":577,"id_bem":186,"identifica":"Sítio de Santo Antônio: casa e capela","co_iphan":"SP3550605BICA00001","no_logrado":"Mário de Andrade","nu_logrado":"km 8","id_naturez":2,"ds_naturez":"Bem Imóvel","codigo_iph":"BI","id_classif":66,"ds_classif":"Conjunto arquitetônico","id_tipo_be":6,"ds_tipo_be":"Conjunto Arquitetônico","sg_tipo_be":"CA","sintese_be":"Sítio de Santo Antônio: casa e capela, localizado(a) no estado de São Paulo, cidade(s) de São Roque, é um Bem Imóvel, do tipo Conjunto Arquitetônico, com estado de conservação Regular e de preservação Pouco Alterado.","dt_cadastr":"2015-01-28Z","id_proteca":0,"id_tipo_pr":0,"ds_tipo_pr":null,"id_condica":0,"ds_condica":null,"id_zrp":null},"geometry":{"type":"MultiPoint","coordinates":[[-47.1302,-23.517]]}},{"type":"Feature","properties":{"id":579,"id_bem":100,"identifica":"Fazenda Resgate: casa","co_iphan":"SP3504909BIED00001","no_logrado":"Nova para Barra Mansa","nu_logrado":"Km 324","id_naturez":2,"ds_naturez":"Bem Imóvel","codigo_iph":"BI","id_classif":17,"ds_classif":"Edificação","id_tipo_be":8,"ds_tipo_be":"Edificação","sg_tipo_be":"ED","sintese_be":"Sua escadaria de acesso em pedra, a grande capela interna, de pé-direito duplo, com coro e tribunas, a pintura decorativa dos seus interiores, documentam bem a ocupação daquela região pela cultura do café. Foi tombada em 1969 e restaurada a partir d","dt_cadastr":"2015-01-23Z","id_proteca":0,"id_tipo_pr":0,"ds_tipo_pr":null,"id_condica":0,"ds_condica":null,"id_zrp":null},"geometry":{"type":"MultiPoint","coordinates":[[-44.3285,-22.6824]]}},{"type":"Feature","properties":{"id":592,"id_bem":175,"identifica":"Capela da Santíssima Trindade","co_iphan":"MG3168804BIED00009","no_logrado":"Padre José Bernardino","nu_logrado":null,"id_naturez":2,"ds_naturez":"Bem Imóvel","codigo_iph":"BI","id_classif":20,"ds_classif":"Arquitetura religiosa","id_tipo_be":8,"ds_tipo_be":"Edificação","sg_tipo_be":"ED","sintese_be":"A fachada ostenta portada de pedra-sabão inacabada, com duas janelas à altura do coro em verga curva, frontão triangular com elementos curvos e pináculos nos arremates, além de dois \"puxados\" laterais, mais baixos, onde estão instalados os sinos. D","dt_cadastr":"2015-01-28Z","id_proteca":0,"id_tipo_pr":0,"ds_tipo_pr":null,"id_condica":0,"ds_condica":null,"id_zrp":null},"geometry":{"type":"MultiPoint","coordinates":[[-44.183,-21.1132]]}},{"type":"Feature","properties":{"id":614,"id_bem":841,"identifica":"Casa da Fazenda do Pau d'Alho","co_iphan":"SP3549607BIED00001","no_logrado":"SP - 68","nu_logrado":"km 264,5","id_naturez":2,"ds_naturez":"Bem Imóvel","codigo_iph":"BI","id_classif":17,"ds_classif":"Edificação","id_tipo_be":8,"ds_tipo_be":"Edificação","sg_tipo_be":"ED","sintese_be":"Casa da Fazenda do Pau d'Alho, também conhecido(a) como Fazenda do Pau d'Alho: casa, localizado(a) no estado de São Paulo, cidade(s) de São José do Barreiro, é um Bem Imóvel, do tipo Edificação, com estado de conservação Regular e de preservaç","dt_cadastr":"2015-06-12Z","id_proteca":0,"id_tipo_pr":0,"ds_tipo_pr":null,"id_condica":0,"ds_condica":null,"id_zrp":null},"geometry":{"type":"MultiPoint","coordinates":[[-44.5781,-22.6427]]}},{"type":"Feature","properties":{"id":640,"id_bem":556,"identifica":"Casa à Rua Barão de Itaim, edifício Sede do Museu Republicano Convenção de Itu","co_iphan":"SP3523909BIED00001","no_logrado":"Barão do Itaim","nu_logrado":"67","id_naturez":2,"ds_naturez":"Bem Imóvel","codigo_iph":"BI","id_classif":18,"ds_classif":"Arquitetura civil","id_tipo_be":8,"ds_tipo_be":"Edificação","sg_tipo_be":"ED","sintese_be":"De estrutura simétrica, possui fachadas com balcões de ferro fundido, decoração de azulejos e platibanda. Em 1923, sofreu modificações para a adaptação do museu, restando intactas porém as duas sala onde foi realizada a Convenção Republicana d","dt_cadastr":"2015-02-22Z","id_proteca":0,"id_tipo_pr":0,"ds_tipo_pr":null,"id_condica":0,"ds_condica":null,"id_zrp":null},"geometry":{"type":"MultiPoint","coordinates":[[-47.2991,-23.2643]]}},{"type":"Feature","properties":{"id":644,"id_bem":87,"identifica":"Igreja Matriz de Nossa Senhora da Conceição","co_iphan":"RJ3300100BIED00007","no_logrado":"Silvestre Travassos","nu_logrado":"S/N","id_naturez":2,"ds_naturez":"Bem Imóvel","codigo_iph":"BI","id_classif":20,"ds_classif":"Arquitetura religiosa","id_tipo_be":8,"ds_tipo_be":"Edificação","sg_tipo_be":"ED","sintese_be":"A edificação é datada do século XIX. A fachada principal possui porta, duas janelas à altura do coro; o frontão é mais recente, possuindo volutas. A torre sineira localiza-se à esquerda e é encimada por pirâmide de alvenaria, circundada por pin","dt_cadastr":"2015-01-23Z","id_proteca":0,"id_tipo_pr":0,"ds_tipo_pr":null,"id_condica":0,"ds_condica":null,"id_zrp":null},"geometry":{"type":"MultiPoint","coordinates":[[-44.3186,-23.0084]]}},{"type":"Feature","properties":{"id":670,"id_bem":866,"identifica":"Igreja Matriz de Santa Ana","co_iphan":"SP3522109BIED00002","no_logrado":"Narciso de Andrade","nu_logrado":"s/n","id_naturez":2,"ds_naturez":"Bem Imóvel","codigo_iph":"BI","id_classif":20,"ds_classif":"Arquitetura religiosa","id_tipo_be":8,"ds_tipo_be":"Edificação","sg_tipo_be":"ED","sintese_be":"Igreja Matriz de Santa Ana\t, também conhecido(a) como Igreja Matriz de Santana, localizado(a) no estado de São Paulo, cidade(s) de Itanhaém, é um Bem Imóvel, do tipo Edificação, com estado de conservação Regular e de preservação Pouco Alterado","dt_cadastr":"2015-06-12Z","id_proteca":0,"id_tipo_pr":0,"ds_tipo_pr":null,"id_condica":0,"ds_condica":null,"id_zrp":null},"geometry":{"type":"MultiPoint","coordinates":[[-46.7887,-24.1833]]}},{"type":"Feature","properties":{"id":693,"id_bem":701,"identifica":"Mosteiro e Igreja da Imaculada Conceição da Luz e respectivo quintal","co_iphan":"SP3550308BICA00004","no_logrado":"Tiradentes","nu_logrado":"676","id_naturez":2,"ds_naturez":"Bem Imóvel","codigo_iph":"BI","id_classif":69,"ds_classif":"Arquitetura religiosa","id_tipo_be":6,"ds_tipo_be":"Conjunto Arquitetônico","sg_tipo_be":"CA","sintese_be":"Construída no antigo caminho de chegada a São Paulo, no lugar de uma antiga capela de 1603, a atual edificação foi iniciada em fins do século XVIII e concluída em 1802. Apesar das diversas e significativas reformas, é um dos raros prédios caracte","dt_cadastr":"2015-05-08Z","id_proteca":0,"id_tipo_pr":0,"ds_tipo_pr":null,"id_condica":0,"ds_condica":null,"id_zrp":10},"geometry":{"type":"MultiPoint","coordinates":[[-46.6313,-23.5303]]}},{"type":"Feature","properties":{"id":697,"id_bem":687,"identifica":"Teatro Oficina, Rua Jaceguai nº 520 antigo 70 e anteriormente nº 64.","co_iphan":"SP3550308BIED00012","no_logrado":"Jaceguai","nu_logrado":"620","id_naturez":2,"ds_naturez":"Bem Imóvel","codigo_iph":"BI","id_classif":17,"ds_classif":"Edificação","id_tipo_be":8,"ds_tipo_be":"Edificação","sg_tipo_be":"ED","sintese_be":"Teatro Oficina, Rua Jaceguai nº 520 antigo 70 e anteriormente nº 64., localizado(a) no estado de São Paulo, cidade(s) de São Paulo, é um Bem Imóvel, do tipo Edificação, com estado de conservação Regular e de preservação Pouco Alterado.","dt_cadastr":"2015-05-05Z","id_proteca":0,"id_tipo_pr":0,"ds_tipo_pr":null,"id_condica":0,"ds_condica":null,"id_zrp":10},"geometry":{"type":"MultiPoint","coordinates":[[-46.6413,-23.5552]]}},{"type":"Feature","properties":{"id":703,"id_bem":681,"identifica":"Convento e Igreja Franciscanos de Nossa Senhora da Conceição; Igreja de Nossa Senhora da Conceição","co_iphan":"SP3522109BIED00001","no_logrado":"Doutor Carlos Botelho","nu_logrado":"115","id_naturez":2,"ds_naturez":"Bem Imóvel","codigo_iph":"BI","id_classif":20,"ds_classif":"Arquitetura religiosa","id_tipo_be":8,"ds_tipo_be":"Edificação","sg_tipo_be":"ED","sintese_be":"Sua feição atual data da primeira metade do século XVIII e foi erigida no lugar de uma antiga capela quinhentista dada aos franciscanos. No exterior, a igreja apresenta influência moçárabe no tratamento decorativo da sineira e no muro lateral com c","dt_cadastr":"2015-05-05Z","id_proteca":0,"id_tipo_pr":0,"ds_tipo_pr":null,"id_condica":0,"ds_condica":null,"id_zrp":null},"geometry":{"type":"MultiPoint","coordinates":[[-46.7905,-24.1827]]}},{"type":"Feature","properties":{"id":728,"id_bem":850,"identifica":"Casa à Avenida 2, nº 572, esquina com rua 7, Sobrado do Barão de Dourados","co_iphan":"SP3543907BIED00001","no_logrado":"2","nu_logrado":"572","id_naturez":2,"ds_naturez":"Bem Imóvel","codigo_iph":"BI","id_classif":17,"ds_classif":"Edificação","id_tipo_be":8,"ds_tipo_be":"Edificação","sg_tipo_be":"ED","sintese_be":"Casa à Avenida 2, nº 572, esquina com rua 7, Sobrado do Barão de Dourados, também conhecido(a) como Sobrado do Barão de Dourados, localizado(a) no estado de São Paulo, cidade(s) de Rio Claro, é um Bem Imóvel, do tipo Edificação, com estado de c","dt_cadastr":"2015-06-12Z","id_proteca":0,"id_tipo_pr":0,"ds_tipo_pr":null,"id_condica":0,"ds_condica":null,"id_zrp":null},"geometry":{"type":"MultiPoint","coordinates":[[-47.574,-22.4121]]}},{"type":"Feature","properties":{"id":739,"id_bem":167,"identifica":"Igreja de Nossa Senhora do Rosário","co_iphan":"MG3168804BIED00002","no_logrado":"do Rosário","nu_logrado":null,"id_naturez":2,"ds_naturez":"Bem Imóvel","codigo_iph":"BI","id_classif":20,"ds_classif":"Arquitetura religiosa","id_tipo_be":8,"ds_tipo_be":"Edificação","sg_tipo_be":"ED","sintese_be":"Construção em alvenaria de pedra com cunhais e esquadrias de cantaria. Planta com nave retangular, capela-mor ladeada por duas sacristias, consistório e sineira à esquerda. A fachada possui dois pares de cunhais que sustentam uma cimalha larga. A por","dt_cadastr":"2015-01-28Z","id_proteca":0,"id_tipo_pr":0,"ds_tipo_pr":null,"id_condica":0,"ds_condica":null,"id_zrp":null},"geometry":{"type":"MultiPoint","coordinates":[[-44.1768,-21.1097]]}},{"type":"Feature","properties":{"id":760,"id_bem":1136,"identifica":"Igreja de São Francisco de Assis","co_iphan":"MG3162500BIED00006","no_logrado":"Ministro Gabriel Passos","nu_logrado":null,"id_naturez":2,"ds_naturez":"Bem Imóvel","codigo_iph":"BI","id_classif":20,"ds_classif":"Arquitetura religiosa","id_tipo_be":8,"ds_tipo_be":"Edificação","sg_tipo_be":"ED","sintese_be":"Igreja de São Francisco de Assis, localizado(a) no estado de Minas Gerais, cidade(s) de São João Del Rei, é um Bem Imóvel, do tipo Edificação, com estado de conservação Regular e de preservação Pouco Alterado.","dt_cadastr":"2015-06-12Z","id_proteca":0,"id_tipo_pr":0,"ds_tipo_pr":null,"id_condica":0,"ds_condica":null,"id_zrp":null},"geometry":{"type":"MultiPoint","coordinates":[[-44.2602,-21.1388]]}},{"type":"Feature","properties":{"id":762,"id_bem":192,"identifica":"Igreja de São Miguel Paulista","co_iphan":"SP3550308BIED00002","no_logrado":"Padre Aleixo Monteiro Mafra","nu_logrado":null,"id_naturez":2,"ds_naturez":"Bem Imóvel","codigo_iph":"BI","id_classif":20,"ds_classif":"Arquitetura religiosa","id_tipo_be":8,"ds_tipo_be":"Edificação","sg_tipo_be":"ED","sintese_be":"Datada de 1622, conforme inscrição na verga da porta principal, foi reformada no final do século XVIII, tendo o pé-direito da nave alterado com alvenaria de adobe, além da construção da capela lateral. Do interior rústico, sobressaí-se a origina","dt_cadastr":"2015-01-28Z","id_proteca":0,"id_tipo_pr":0,"ds_tipo_pr":null,"id_condica":0,"ds_condica":null,"id_zrp":null},"geometry":{"type":"MultiPoint","coordinates":[[-46.4458,-23.4913]]}},{"type":"Feature","properties":{"id":782,"id_bem":313,"identifica":"Casa do Tatuapé","co_iphan":"SP3550308BIED00009","no_logrado":"Guabiju","nu_logrado":"49","id_naturez":2,"ds_naturez":"Bem Imóvel","codigo_iph":"BI","id_classif":17,"ds_classif":"Edificação","id_tipo_be":8,"ds_tipo_be":"Edificação","sg_tipo_be":"ED","sintese_be":"Localizado próximo ao rio Tietê, é um exemplar característico da arquitetura do segundo século de ocupação do planalto paulista e das poucas residências do período que não apresentam telhado de quatro águas. Segundo informações, sua capela,","dt_cadastr":"2015-01-29Z","id_proteca":0,"id_tipo_pr":0,"ds_tipo_pr":null,"id_condica":0,"ds_condica":null,"id_zrp":10},"geometry":{"type":"MultiPoint","coordinates":[[-46.5823,-23.5333]]}},{"type":"Feature","properties":{"id":783,"id_bem":1953,"identifica":"Fachada e Foyer do Teatro Cultura Artística e Painel Di Cavalcanti","co_iphan":"SP3550308BIED00015","no_logrado":"Nestor Pestana","nu_logrado":"125","id_naturez":2,"ds_naturez":"Bem Imóvel","codigo_iph":"BI","id_classif":18,"ds_classif":"Arquitetura civil","id_tipo_be":8,"ds_tipo_be":"Edificação","sg_tipo_be":"ED","sintese_be":"Fachada e Foyer do Teatro Cultura Artística e Painel Di Cavalcanti, também conhecido(a) como Teatro Cultura Artística, localizado(a) no estado de São Paulo, cidade(s) de São Paulo, é um Bem Imóvel, do tipo Edificação, com estado de conservação","dt_cadastr":"2016-07-26Z","id_proteca":0,"id_tipo_pr":0,"ds_tipo_pr":null,"id_condica":0,"ds_condica":null,"id_zrp":10},"geometry":{"type":"MultiPoint","coordinates":[[-46.646,-23.5491]]}},{"type":"Feature","properties":{"id":789,"id_bem":587,"identifica":"Estação Ferroviária de Mayrink","co_iphan":"SP3528403BIED00001","no_logrado":"Dr. Gaspar Ricardo Jr","nu_logrado":null,"id_naturez":2,"ds_naturez":"Bem Imóvel","codigo_iph":"BI","id_classif":24,"ds_classif":"Arquitetura de transportes","id_tipo_be":8,"ds_tipo_be":"Edificação","sg_tipo_be":"ED","sintese_be":"Estação Ferroviária de Mayrink , localizado(a) no estado de São Paulo, cidade(s) de Mairinque, é um Bem Imóvel, do tipo Edificação, com estado de conservação Regular e de preservação Pouco Alterado.","dt_cadastr":"2015-02-23Z","id_proteca":0,"id_tipo_pr":0,"ds_tipo_pr":null,"id_condica":0,"ds_condica":null,"id_zrp":null},"geometry":{"type":"MultiPoint","coordinates":[[-47.1833,-23.5444]]}},{"type":"Feature","properties":{"id":798,"id_bem":688,"identifica":"Casa do \"Sobrado do Porto\" ou de Baltazar Fortes","co_iphan":"SP3555406BIED00001","no_logrado":"Anchieta","nu_logrado":"38","id_naturez":2,"ds_naturez":"Bem Imóvel","codigo_iph":"BI","id_classif":17,"ds_classif":"Edificação","id_tipo_be":8,"ds_tipo_be":"Edificação","sg_tipo_be":"ED","sintese_be":"Trata-se de construção da primeira metade do séc. XIX, com três andares, sendo o último em forma de camarinha. O primeiro e segundo pavimento apresentam série de portas e janelas com vergas curvas, com balcão de ferro em toda a extensão do segund","dt_cadastr":"2015-05-05Z","id_proteca":0,"id_tipo_pr":0,"ds_tipo_pr":null,"id_condica":0,"ds_condica":null,"id_zrp":null},"geometry":{"type":"MultiPoint","coordinates":[[-45.07,-23.4325]]}},{"type":"Feature","properties":{"id":800,"id_bem":1086,"identifica":"Igreja de Nossa Senhora das Dores, e respectivas imagens e alfaias","co_iphan":"RJ3303807BIED00002","no_logrado":"Princesa Isabel","nu_logrado":null,"id_naturez":2,"ds_naturez":"Bem Imóvel","codigo_iph":"BI","id_classif":20,"ds_classif":"Arquitetura religiosa","id_tipo_be":8,"ds_tipo_be":"Edificação","sg_tipo_be":"ED","sintese_be":"Igreja de Nossa Senhora das Dores, e respectivas imagens e alfaias, também conhecido(a) como Capela de Nossa Senhora das Dores, localizado(a) no estado de Rio de Janeiro, cidade(s) de Parati, é um Bem Imóvel, do tipo Edificação, com estado de conser","dt_cadastr":"2015-06-12Z","id_proteca":0,"id_tipo_pr":0,"ds_tipo_pr":null,"id_condica":0,"ds_condica":null,"id_zrp":3},"geometry":{"type":"MultiPoint","coordinates":[[-44.714,-23.2151]]}},{"type":"Feature","properties":{"id":806,"id_bem":528,"identifica":"Igreja de Nossa Senhora da Escada e residência","co_iphan":"SP3518305BICA00001","no_logrado":"Salvador Lemes Cardoso","nu_logrado":"s/n","id_naturez":2,"ds_naturez":"Bem Imóvel","codigo_iph":"BI","id_classif":20,"ds_classif":"Arquitetura religiosa","id_tipo_be":6,"ds_tipo_be":"Conjunto Arquitetônico","sg_tipo_be":"CA","sintese_be":"Igreja de Nossa Senhora da Escada e residência, localizado(a) no estado de São Paulo, cidade(s) de Guararema, é um Bem Imóvel, do tipo Conjunto Arquitetônico, com estado de conservação Regular e de preservação Pouco Alterado.","dt_cadastr":"2015-02-21Z","id_proteca":0,"id_tipo_pr":0,"ds_tipo_pr":null,"id_condica":0,"ds_condica":null,"id_zrp":null},"geometry":{"type":"MultiPoint","coordinates":[[-46.0579,-23.3838]]}},{"type":"Feature","properties":{"id":816,"id_bem":697,"identifica":"Estação da Luz ou Estação da Luz, n° 01","co_iphan":"SP3550308BICA00003","no_logrado":"da Luz","nu_logrado":"1","id_naturez":2,"ds_naturez":"Bem Imóvel","codigo_iph":"BI","id_classif":66,"ds_classif":"Conjunto arquitetônico","id_tipo_be":6,"ds_tipo_be":"Conjunto Arquitetônico","sg_tipo_be":"CA","sintese_be":"Monumental edifício em ferro e tijolos, projetado na Inglaterra, com área de 7.520 metros quadrados, que se tornou referência obrigatória em todos os guias e relatos de viajantes, reorientando o crescimento da cidade. Ainda hoje funciona como importa","dt_cadastr":"2015-05-08Z","id_proteca":0,"id_tipo_pr":0,"ds_tipo_pr":null,"id_condica":0,"ds_condica":null,"id_zrp":10},"geometry":{"type":"MultiPoint","coordinates":[[-46.6354,-23.5352]]}},{"type":"Feature","properties":{"id":817,"id_bem":702,"identifica":"Casa do Trem","co_iphan":"SP3548500BIED00003","no_logrado":"Tiro Onze","nu_logrado":"11","id_naturez":2,"ds_naturez":"Bem Imóvel","codigo_iph":"BI","id_classif":17,"ds_classif":"Edificação","id_tipo_be":8,"ds_tipo_be":"Edificação","sg_tipo_be":"ED","sintese_be":"É um pequeno edifício retangular de pedra e cal com portada requintada ostentando a data de 1734, decorrente, provavelmente, das obras que deram o seu aspecto atual. O acesso ao pavimento superior dava-se somente através da escada lateral externa. A c","dt_cadastr":"2015-05-08Z","id_proteca":0,"id_tipo_pr":0,"ds_tipo_pr":null,"id_condica":0,"ds_condica":null,"id_zrp":null},"geometry":{"type":"MultiPoint","coordinates":[[-46.3232,-23.9329]]}},{"type":"Feature","properties":{"id":824,"id_bem":842,"identifica":"Bens Culturais da Imigração Japonesa no Vale do Ribeira","co_iphan":"SP3520301BICA00001","no_logrado":"XV de Novembro","nu_logrado":"272","id_naturez":2,"ds_naturez":"Bem Imóvel","codigo_iph":"BI","id_classif":66,"ds_classif":"Conjunto arquitetônico","id_tipo_be":6,"ds_tipo_be":"Conjunto Arquitetônico","sg_tipo_be":"CA","sintese_be":"Bens Culturais da Imigração Japonesa no Vale do Ribeira, localizado(a) no estado de São Paulo, cidade(s) de Iguape, é um Bem Imóvel, do tipo Conjunto Arquitetônico, com estado de conservação Regular e de preservação Pouco Alterado.","dt_cadastr":"2015-06-12Z","id_proteca":0,"id_tipo_pr":0,"ds_tipo_pr":null,"id_condica":0,"ds_condica":null,"id_zrp":null},"geometry":{"type":"MultiPoint","coordinates":[[-47.5563,-24.7088]]}},{"type":"Feature","properties":{"id":838,"id_bem":429,"identifica":"Igreja Matriz de Nossa Senhora do Rosário","co_iphan":"MG3138203BIED00001","no_logrado":"Dr. Augusto Silva","nu_logrado":null,"id_naturez":2,"ds_naturez":"Bem Imóvel","codigo_iph":"BI","id_classif":17,"ds_classif":"Edificação","id_tipo_be":8,"ds_tipo_be":"Edificação","sg_tipo_be":"ED","sintese_be":"Apresenta partido tradicional das igrejas mineiras, composto de nave, capela-mor, corredores laterais e sacristia. A fachada principal é construída com adobes em quadros de pedra. O interior possui decoração de inspiração rococó composta por conch","dt_cadastr":"2015-02-19Z","id_proteca":0,"id_tipo_pr":0,"ds_tipo_pr":null,"id_condica":0,"ds_condica":null,"id_zrp":null},"geometry":{"type":"MultiPoint","coordinates":[[-44.999,-21.2406]]}},{"type":"Feature","properties":{"id":840,"id_bem":2163,"identifica":"Edifício Sede do IAB - Departamento de São Paulo","co_iphan":"SP3550308BIED00016","no_logrado":"Bento Freitas","nu_logrado":"306","id_naturez":2,"ds_naturez":"Bem Imóvel","codigo_iph":"BI","id_classif":18,"ds_classif":"Arquitetura civil","id_tipo_be":8,"ds_tipo_be":"Edificação","sg_tipo_be":"ED","sintese_be":"Edifício Sede do IAB - Departamento de São Paulo, também conhecido(a) como Edifício Sede do IAB, localizado(a) no estado de São Paulo, cidade(s) de São Paulo, é um Bem Imóvel, do tipo Edificação, com estado de conservação Regular e de preserv","dt_cadastr":"2016-11-08Z","id_proteca":0,"id_tipo_pr":0,"ds_tipo_pr":null,"id_condica":0,"ds_condica":null,"id_zrp":10},"geometry":{"type":"MultiPoint","coordinates":[[-46.6458,-23.5446]]}},{"type":"Feature","properties":{"id":846,"id_bem":614,"identifica":"Casarão do Chá","co_iphan":"SP3530607BIED00001","no_logrado":"do Chá","nu_logrado":"Km 3","id_naturez":2,"ds_naturez":"Bem Imóvel","codigo_iph":"BI","id_classif":18,"ds_classif":"Arquitetura civil","id_tipo_be":8,"ds_tipo_be":"Edificação","sg_tipo_be":"ED","sintese_be":"Casarão do Chá, localizado(a) no estado de São Paulo, cidade(s) de Mogi das Cruzes, é um Bem Imóvel, do tipo Edificação, com estado de conservação Regular e de preservação Pouco Alterado.","dt_cadastr":"2015-03-08Z","id_proteca":0,"id_tipo_pr":0,"ds_tipo_pr":null,"id_condica":0,"ds_condica":null,"id_zrp":null},"geometry":{"type":"MultiPoint","coordinates":[[-46.137,-23.5735]]}},{"type":"Feature","properties":{"id":861,"id_bem":193,"identifica":"Estação da Luz","co_iphan":"SP3550308BIED00003","no_logrado":"da Luz","nu_logrado":null,"id_naturez":2,"ds_naturez":"Bem Imóvel","codigo_iph":"BI","id_classif":17,"ds_classif":"Edificação","id_tipo_be":8,"ds_tipo_be":"Edificação","sg_tipo_be":"ED","sintese_be":"Estação da Luz, localizado(a) no estado de São Paulo, cidade(s) de São Paulo, é um Bem Imóvel, do tipo Edificação, com estado de conservação Regular e de preservação Pouco Alterado.","dt_cadastr":"2015-01-28Z","id_proteca":0,"id_tipo_pr":0,"ds_tipo_pr":null,"id_condica":0,"ds_condica":null,"id_zrp":10},"geometry":{"type":"MultiPoint","coordinates":[[-46.6354,-23.5352]]}},{"type":"Feature","properties":{"id":869,"id_bem":541,"identifica":"Real Fábrica de Ferro São João do Ipanema: remanescentes","co_iphan":"SP3521002BIED00001","no_logrado":"Vicinal IPE Km 19,5","nu_logrado":"265","id_naturez":2,"ds_naturez":"Bem Imóvel","codigo_iph":"BI","id_classif":23,"ds_classif":"Arquitetura de produção","id_tipo_be":8,"ds_tipo_be":"Edificação","sg_tipo_be":"ED","sintese_be":"Real Fábrica de Ferro São João do Ipanema: remanescentes, localizado(a) no estado de São Paulo, cidade(s) de Iperó, é um Bem Imóvel, do tipo Edificação, com estado de conservação Regular e de preservação Pouco Alterado.","dt_cadastr":"2015-02-21Z","id_proteca":1417,"id_tipo_pr":1,"ds_tipo_pr":"Tombamento","id_condica":0,"ds_condica":"Existente","id_zrp":null},"geometry":{"type":"MultiPoint","coordinates":[[-47.6932,-23.3518]]}},{"type":"Feature","properties":{"id":871,"id_bem":3269,"identifica":"Vila Colonial de São Vicente, SP: remanescentes","co_iphan":"SP3551009BICA00001","no_logrado":"João Pessoa","nu_logrado":null,"id_naturez":2,"ds_naturez":"Bem Imóvel","codigo_iph":"BI","id_classif":67,"ds_classif":"Arquitetura civil","id_tipo_be":6,"ds_tipo_be":"Conjunto Arquitetônico","sg_tipo_be":"CA","sintese_be":"Vila Colonial de São Vicente, SP: remanescentes, localizado(a) no estado de São Paulo, cidade(s) de São Vicente, é um Bem Imóvel, do tipo Conjunto Arquitetônico, com estado de conservação Regular e de preservação Pouco Alterado.","dt_cadastr":"2018-01-22Z","id_proteca":0,"id_tipo_pr":0,"ds_tipo_pr":null,"id_condica":0,"ds_condica":null,"id_zrp":null},"geometry":{"type":"MultiPoint","coordinates":[[-46.3884,-23.9688]]}},{"type":"Feature","properties":{"id":877,"id_bem":3062,"identifica":"Conjunto de edificações da Companhia Paulista de Estradas de Ferro","co_iphan":"SP3525904BICA00001","no_logrado":"União dos Ferroviários","nu_logrado":"1760","id_naturez":2,"ds_naturez":"Bem Imóvel","codigo_iph":"BI","id_classif":73,"ds_classif":"Arquitetura de transportes","id_tipo_be":6,"ds_tipo_be":"Conjunto Arquitetônico","sg_tipo_be":"CA","sintese_be":"Conjunto de edificações da Companhia Paulista de Estradas de Ferro, também conhecido(a) como Oficinas da Paulista, localizado(a) no estado de São Paulo, cidade(s) de Jundiaí, é um Bem Imóvel, do tipo Conjunto Arquitetônico, com estado de conserva","dt_cadastr":"2017-12-08Z","id_proteca":0,"id_tipo_pr":0,"ds_tipo_pr":null,"id_condica":0,"ds_condica":null,"id_zrp":null},"geometry":{"type":"MultiPoint","coordinates":[[-46.8823,-23.1818]]}},{"type":"Feature","properties":{"id":878,"id_bem":200,"identifica":"Casa de Warchavchik na Rua Bahia","co_iphan":"SP3550308BIED00006","no_logrado":"Bahia","nu_logrado":"1126","id_naturez":2,"ds_naturez":"Bem Imóvel","codigo_iph":"BI","id_classif":17,"ds_classif":"Edificação","id_tipo_be":8,"ds_tipo_be":"Edificação","sg_tipo_be":"ED","sintese_be":"As três casas projetadas por Gregori Warchavchik, entre 1927 e 1930 são consideradas como as primeiras obras de arquitetura moderna no Brasil. Utilizando a linguagem cubista nas suas formas, representam as idéias do arquiteto enunciadas em manifesto p","dt_cadastr":"2015-01-28Z","id_proteca":0,"id_tipo_pr":0,"ds_tipo_pr":null,"id_condica":0,"ds_condica":null,"id_zrp":10},"geometry":{"type":"MultiPoint","coordinates":[[-46.6626,-23.5516]]}},{"type":"Feature","properties":{"id":889,"id_bem":868,"identifica":"Conjunto Histórico e Paisagístico da Cidade de Iguape","co_iphan":"SP3520301BICU00001","no_logrado":"XV de Novembro","nu_logrado":"272","id_naturez":2,"ds_naturez":"Bem Imóvel","codigo_iph":"BI","id_classif":34,"ds_classif":"Conjunto urbano","id_tipo_be":7,"ds_tipo_be":"Conjunto Urbano","sg_tipo_be":"CU","sintese_be":"É um Conjunto Urbano que inclui no Setor Núcleo Urbano: construções privadas de uso residencial e comercial, os chamados sobradões, as igrejas de Nossa Senhora do Rosário dos Pretos, de São Benedito, a Basílica do Bom Jesus de Iguape e edificaç?","dt_cadastr":"2015-06-12Z","id_proteca":0,"id_tipo_pr":0,"ds_tipo_pr":null,"id_condica":0,"ds_condica":null,"id_zrp":null},"geometry":{"type":"MultiPoint","coordinates":[[-47.5563,-24.7088]]}},{"type":"Feature","properties":{"id":1309,"id_bem":1674,"identifica":"Casa I","co_iphan":"PR4114203BIED00002","no_logrado":"Luiz Trintinalha","nu_logrado":null,"id_naturez":2,"ds_naturez":"Bem Imóvel","codigo_iph":"BI","id_classif":24,"ds_classif":"Arquitetura de transportes","id_tipo_be":8,"ds_tipo_be":"Edificação","sg_tipo_be":"ED","sintese_be":"Casa I, localizado(a) no estado de Paraná, cidade(s) de Mandaguari, é um Bem Imóvel, do tipo Edificação, com estado de conservação Regular e de preservação Pouco Alterado.","dt_cadastr":"2015-06-24Z","id_proteca":0,"id_tipo_pr":0,"ds_tipo_pr":null,"id_condica":0,"ds_condica":null,"id_zrp":null},"geometry":{"type":"MultiPoint","coordinates":[[-51.681,-23.5222]]}},{"type":"Feature","properties":{"id":901,"id_bem":3213,"identifica":"Vila Ferroviária de Paranapiacaba","co_iphan":"SP3547809BICU00001","no_logrado":"Direta","nu_logrado":"10","id_naturez":2,"ds_naturez":"Bem Imóvel","codigo_iph":"BI","id_classif":219,"ds_classif":"Sem classificação","id_tipo_be":7,"ds_tipo_be":"Conjunto Urbano","sg_tipo_be":"CU","sintese_be":"Vila Ferroviária de Paranapiacaba, localizado(a) no estado de São Paulo, cidade(s) de Santo André, é um Bem Imóvel, do tipo Conjunto Urbano, com estado de conservação Regular e de preservação Pouco Alterado.","dt_cadastr":"2018-01-09Z","id_proteca":0,"id_tipo_pr":0,"ds_tipo_pr":null,"id_condica":0,"ds_condica":null,"id_zrp":null},"geometry":{"type":"MultiPoint","coordinates":[[-46.3013,-23.7769]]}},{"type":"Feature","properties":{"id":910,"id_bem":1125,"identifica":"Conjunto arquitetônico e urbanístico de São João Del Rei, conforme notificação nº 45-A, de 28-11-47","co_iphan":"MG3162500BICU00001","no_logrado":"Ministro Gabriel Passos","nu_logrado":null,"id_naturez":2,"ds_naturez":"Bem Imóvel","codigo_iph":"BI","id_classif":34,"ds_classif":"Conjunto urbano","id_tipo_be":7,"ds_tipo_be":"Conjunto Urbano","sg_tipo_be":"CU","sintese_be":"Conjunto arquitetônico e urbanístico de São João Del Rei, conforme notificação nº 45-A, de 28-11-47, também conhecido(a) como São João Del Rei, MG: conjunto arquitetônico e urbanístico, localizado(a) no estado de Minas Gerais, cidade(s) de S?","dt_cadastr":"2015-06-12Z","id_proteca":0,"id_tipo_pr":0,"ds_tipo_pr":null,"id_condica":0,"ds_condica":null,"id_zrp":null},"geometry":{"type":"MultiPoint","coordinates":[[-44.2609,-21.1336]]}},{"type":"Feature","properties":{"id":929,"id_bem":27887,"identifica":"Conjunto arquitetônico e paisagístico da cidade de Paraty e, separadamente, o edifício da Santa Casa","co_iphan":"RJ3303807BICU00003","no_logrado":"da Matriz","nu_logrado":"SNº","id_naturez":2,"ds_naturez":"Bem Imóvel","codigo_iph":"BI","id_classif":219,"ds_classif":"Sem classificação","id_tipo_be":7,"ds_tipo_be":"Conjunto Urbano","sg_tipo_be":"CU","sintese_be":"Conjunto arquitetônico e paisagístico da cidade de Paraty e, separadamente, o edifício da Santa Casa, também conhecido(a) como Centro |histórico, localizado(a) no estado de Rio de Janeiro, cidade(s) de Parati, é um Bem Imóvel, do tipo Conjunto Urb","dt_cadastr":"2020-05-21Z","id_proteca":0,"id_tipo_pr":0,"ds_tipo_pr":null,"id_condica":0,"ds_condica":null,"id_zrp":3},"geometry":{"type":"MultiPoint","coordinates":[[-44.7147,-23.2216]]}},{"type":"Feature","properties":{"id":930,"id_bem":968,"identifica":"Conjunto arquitetônico e paisagístico da localidade de Mambucaba","co_iphan":"RJ3300100BICA00001","no_logrado":"Nilo Peçanha","nu_logrado":"186","id_naturez":2,"ds_naturez":"Bem Imóvel","codigo_iph":"BI","id_classif":66,"ds_classif":"Conjunto arquitetônico","id_tipo_be":6,"ds_tipo_be":"Conjunto Arquitetônico","sg_tipo_be":"CA","sintese_be":"Conjunto arquitetônico e paisagístico da localidade de Mambucaba, também conhecido(a) como Mambucaba: conjunto arquitetônico e paisagístico, localizado(a) no estado de Rio de Janeiro, cidade(s) de Angra dos Reis, é um Bem Imóvel, do tipo Conjunto","dt_cadastr":"2015-06-12Z","id_proteca":0,"id_tipo_pr":0,"ds_tipo_pr":null,"id_condica":0,"ds_condica":null,"id_zrp":null},"geometry":{"type":"MultiPoint","coordinates":[[-44.3194,-23.009]]}},{"type":"Feature","properties":{"id":952,"id_bem":684,"identifica":"Centro Histórico de São Luiz do Paraitinga","co_iphan":"SP3550001BICU00001","no_logrado":"Dr. Oswaldo Cruz","nu_logrado":null,"id_naturez":2,"ds_naturez":"Bem Imóvel","codigo_iph":"BI","id_classif":34,"ds_classif":"Conjunto urbano","id_tipo_be":7,"ds_tipo_be":"Conjunto Urbano","sg_tipo_be":"CU","sintese_be":"Centro Histórico de São Luiz do Paraitinga, também conhecido(a) como Conjunto Histórico e Paisagístico de São Luis do Paraitinga, localizado(a) no estado de São Paulo, cidade(s) de São Luís do Paraitinga, é um Bem Imóvel, do tipo Conjunto Urba","dt_cadastr":"2015-05-05Z","id_proteca":0,"id_tipo_pr":0,"ds_tipo_pr":null,"id_condica":0,"ds_condica":null,"id_zrp":null},"geometry":{"type":"MultiPoint","coordinates":[[-45.3108,-23.2221]]}},{"type":"Feature","properties":{"id":954,"id_bem":3193,"identifica":"Conjunto Arquitetônico e Urbanístico de Tiradentes","co_iphan":"MG3168804BICU00001","no_logrado":"Vários","nu_logrado":null,"id_naturez":2,"ds_naturez":"Bem Imóvel","codigo_iph":"BI","id_classif":219,"ds_classif":"Sem classificação","id_tipo_be":7,"ds_tipo_be":"Conjunto Urbano","sg_tipo_be":"CU","sintese_be":"Conjunto arquitetônico e urbanístico da Cidade de Tiradentes apresenta um acervo arquitetônico dos mais importantes de Minas Gerais, constituído por construções setecentistas religiosas, civis e oficiais. Na arquitetura civil, destaca-se pela harmo","dt_cadastr":"2018-01-08Z","id_proteca":0,"id_tipo_pr":0,"ds_tipo_pr":null,"id_condica":0,"ds_condica":null,"id_zrp":null},"geometry":{"type":"MultiPoint","coordinates":[[-44.1781,-21.1101]]}},{"type":"Feature","properties":{"id":971,"id_bem":881,"identifica":"Conjunto Arquitetônico e Urbanístico da Aldeia de Carapicuíba","co_iphan":"SP3510609BICU00001","no_logrado":"da Aldeinha","nu_logrado":null,"id_naturez":2,"ds_naturez":"Bem Imóvel","codigo_iph":"BI","id_classif":34,"ds_classif":"Conjunto urbano","id_tipo_be":7,"ds_tipo_be":"Conjunto Urbano","sg_tipo_be":"CU","sintese_be":"Aldeamento jesuíta instalado numa sesmaria de 1580, com permanência de sua primitiva feição urbanístico-arquitetônica. Todavia, é também representativo da precariedade dessas instalações em território paulista, quando comparado às grandes mis","dt_cadastr":"2015-06-12Z","id_proteca":0,"id_tipo_pr":0,"ds_tipo_pr":null,"id_condica":0,"ds_condica":null,"id_zrp":null},"geometry":{"type":"MultiPoint","coordinates":[[-46.831,-23.5695]]}},{"type":"Feature","properties":{"id":986,"id_bem":2410,"identifica":"Caixa D'água","co_iphan":"MG3143203BIED00002","no_logrado":"Conde Ribeiro do Vale","nu_logrado":"250","id_naturez":2,"ds_naturez":"Bem Imóvel","codigo_iph":"BI","id_classif":24,"ds_classif":"Arquitetura de transportes","id_tipo_be":8,"ds_tipo_be":"Edificação","sg_tipo_be":"ED","sintese_be":"Caixa D'água, localizado(a) no estado de Minas Gerais, cidade(s) de Monte Santo de Minas, é um Bem Imóvel, do tipo Edificação, com estado de conservação Regular e de preservação Pouco Alterado.","dt_cadastr":"2017-04-05Z","id_proteca":0,"id_tipo_pr":0,"ds_tipo_pr":null,"id_condica":0,"ds_condica":null,"id_zrp":null},"geometry":{"type":"MultiPoint","coordinates":[[-46.9734,-21.1856]]}},{"type":"Feature","properties":{"id":1015,"id_bem":1563,"identifica":"Terreno","co_iphan":"MG3126109BIED00006","no_logrado":"Timboré","nu_logrado":null,"id_naturez":2,"ds_naturez":"Bem Imóvel","codigo_iph":"BI","id_classif":24,"ds_classif":"Arquitetura de transportes","id_tipo_be":8,"ds_tipo_be":"Edificação","sg_tipo_be":"ED","sintese_be":"Terreno, localizado(a) no estado de Minas Gerais, cidade(s) de Formiga, é um Bem Imóvel, do tipo Edificação, com estado de conservação Regular e de preservação Pouco Alterado.","dt_cadastr":"2015-06-23Z","id_proteca":0,"id_tipo_pr":0,"ds_tipo_pr":null,"id_condica":0,"ds_condica":null,"id_zrp":null},"geometry":{"type":"MultiPoint","coordinates":[[-45.4407,-20.5999]]}},{"type":"Feature","properties":{"id":1019,"id_bem":1378,"identifica":"Armazém","co_iphan":"PR4123907BIED00001","no_logrado":"Liberatos Spagolla","nu_logrado":"S/N","id_naturez":2,"ds_naturez":"Bem Imóvel","codigo_iph":"BI","id_classif":24,"ds_classif":"Arquitetura de transportes","id_tipo_be":8,"ds_tipo_be":"Edificação","sg_tipo_be":"ED","sintese_be":"Armazém, localizado(a) no estado de Paraná, cidade(s) de Santa Mariana, é um Bem Imóvel, do tipo Edificação, com estado de conservação Regular e de preservação Pouco Alterado.","dt_cadastr":"2015-06-22Z","id_proteca":0,"id_tipo_pr":0,"ds_tipo_pr":null,"id_condica":0,"ds_condica":null,"id_zrp":null},"geometry":{"type":"MultiPoint","coordinates":[[-50.5239,-23.1454]]}},{"type":"Feature","properties":{"id":1025,"id_bem":1408,"identifica":"Estação Ferroviária de Cipó","co_iphan":"MG3156908BIED00002","no_logrado":"de Cipó","nu_logrado":"S/N","id_naturez":2,"ds_naturez":"Bem Imóvel","codigo_iph":"BI","id_classif":24,"ds_classif":"Arquitetura de transportes","id_tipo_be":8,"ds_tipo_be":"Edificação","sg_tipo_be":"ED","sintese_be":"Estação Ferroviária de Cipó, localizado(a) no estado de Minas Gerais, cidade(s) de Sacramento, é um Bem Imóvel, do tipo Edificação, com estado de conservação Regular e de preservação Pouco Alterado.","dt_cadastr":"2015-06-22Z","id_proteca":0,"id_tipo_pr":0,"ds_tipo_pr":null,"id_condica":0,"ds_condica":null,"id_zrp":null},"geometry":{"type":"MultiPoint","coordinates":[[-47.4754,-19.9584]]}},{"type":"Feature","properties":{"id":1028,"id_bem":1481,"identifica":"Terreno do Pátio da Estação de Tiradentes","co_iphan":"MG3168804BIED00012","no_logrado":"Gov. Israel Pinheiro","nu_logrado":"S/N","id_naturez":2,"ds_naturez":"Bem Imóvel","codigo_iph":"BI","id_classif":24,"ds_classif":"Arquitetura de transportes","id_tipo_be":8,"ds_tipo_be":"Edificação","sg_tipo_be":"ED","sintese_be":"Terreno do Pátio da Estação de Tiradentes, localizado(a) no estado de Minas Gerais, cidade(s) de Tiradentes, é um Bem Imóvel, do tipo Edificação, com estado de conservação Regular e de preservação Pouco Alterado.","dt_cadastr":"2015-06-22Z","id_proteca":0,"id_tipo_pr":0,"ds_tipo_pr":null,"id_condica":0,"ds_condica":null,"id_zrp":null},"geometry":{"type":"MultiPoint","coordinates":[[-44.1675,-21.1151]]}},{"type":"Feature","properties":{"id":1029,"id_bem":2551,"identifica":"Parte da Estação em madeira de Piraí com área de 176,36m²","co_iphan":"PR4119400BIED00001","no_logrado":"José Fachin","nu_logrado":"110","id_naturez":2,"ds_naturez":"Bem Imóvel","codigo_iph":"BI","id_classif":24,"ds_classif":"Arquitetura de transportes","id_tipo_be":8,"ds_tipo_be":"Edificação","sg_tipo_be":"ED","sintese_be":"Parte da Estação em madeira de Piraí com área de 176,36m², localizado(a) no estado de Paraná, cidade(s) de Piraí do Sul, é um Bem Imóvel, do tipo Edificação, com estado de conservação Regular e de preservação Pouco Alterado.","dt_cadastr":"2017-04-27Z","id_proteca":0,"id_tipo_pr":0,"ds_tipo_pr":null,"id_condica":0,"ds_condica":null,"id_zrp":null},"geometry":{"type":"MultiPoint","coordinates":[[-49.946,-24.5276]]}},{"type":"Feature","properties":{"id":1032,"id_bem":1431,"identifica":"Estação Ferroviária de Manacá","co_iphan":"MG3147600BIED00003","no_logrado":"do Sol","nu_logrado":"S/N","id_naturez":2,"ds_naturez":"Bem Imóvel","codigo_iph":"BI","id_classif":24,"ds_classif":"Arquitetura de transportes","id_tipo_be":8,"ds_tipo_be":"Edificação","sg_tipo_be":"ED","sintese_be":"Estação Ferroviária de Manacá, localizado(a) no estado de Minas Gerais, cidade(s) de Passa Quatro, é um Bem Imóvel, do tipo Edificação, com estado de conservação Regular e de preservação Pouco Alterado.","dt_cadastr":"2015-06-22Z","id_proteca":0,"id_tipo_pr":0,"ds_tipo_pr":null,"id_condica":0,"ds_condica":null,"id_zrp":null},"geometry":{"type":"MultiPoint","coordinates":[[-44.9832,-22.4152]]}},{"type":"Feature","properties":{"id":1034,"id_bem":1370,"identifica":"Estação Ferroviária de Monte Santo de Minas","co_iphan":"MG3143203BIED00001","no_logrado":"Conde Ribeiro do Vale","nu_logrado":"250","id_naturez":2,"ds_naturez":"Bem Imóvel","codigo_iph":"BI","id_classif":24,"ds_classif":"Arquitetura de transportes","id_tipo_be":8,"ds_tipo_be":"Edificação","sg_tipo_be":"ED","sintese_be":"Estação Ferroviária de Monte Santo de Minas, localizado(a) no estado de Minas Gerais, cidade(s) de Monte Santo de Minas, é um Bem Imóvel, do tipo Edificação, com estado de conservação Regular e de preservação Pouco Alterado.","dt_cadastr":"2015-06-22Z","id_proteca":0,"id_tipo_pr":0,"ds_tipo_pr":null,"id_condica":0,"ds_condica":null,"id_zrp":null},"geometry":{"type":"MultiPoint","coordinates":[[-46.9733,-21.1851]]}},{"type":"Feature","properties":{"id":1052,"id_bem":2553,"identifica":"Armazém em madeira","co_iphan":"PR4119400BIED00003","no_logrado":"José Fanchin","nu_logrado":"110","id_naturez":2,"ds_naturez":"Bem Imóvel","codigo_iph":"BI","id_classif":24,"ds_classif":"Arquitetura de transportes","id_tipo_be":8,"ds_tipo_be":"Edificação","sg_tipo_be":"ED","sintese_be":"Armazém em madeira , localizado(a) no estado de Paraná, cidade(s) de Piraí do Sul, é um Bem Imóvel, do tipo Edificação, com estado de conservação Regular e de preservação Pouco Alterado.","dt_cadastr":"2017-04-27Z","id_proteca":0,"id_tipo_pr":0,"ds_tipo_pr":null,"id_condica":0,"ds_condica":null,"id_zrp":null},"geometry":{"type":"MultiPoint","coordinates":[[-49.9457,-24.5275]]}},{"type":"Feature","properties":{"id":1055,"id_bem":2554,"identifica":"Áreas de terrenos não operac n° 1, 2, 3 e 6, c/ área de 7.137,27m², 8.048,50m², 1.650,53m², 231,73m²","co_iphan":"PR4119400BIED00004","no_logrado":"José Fanchin","nu_logrado":"110","id_naturez":2,"ds_naturez":"Bem Imóvel","codigo_iph":"BI","id_classif":24,"ds_classif":"Arquitetura de transportes","id_tipo_be":8,"ds_tipo_be":"Edificação","sg_tipo_be":"ED","sintese_be":"Áreas de terrenos não operac n° 1, 2, 3 e 6, c/ área de 7.137,27m², 8.048,50m², 1.650,53m², 231,73m², localizado(a) no estado de Paraná, cidade(s) de Piraí do Sul, é um Bem Imóvel, do tipo Edificação, com estado de conservação Regular e d","dt_cadastr":"2017-04-27Z","id_proteca":0,"id_tipo_pr":0,"ds_tipo_pr":null,"id_condica":0,"ds_condica":null,"id_zrp":null},"geometry":{"type":"MultiPoint","coordinates":[[-49.9458,-24.5276]]}},{"type":"Feature","properties":{"id":1065,"id_bem":1478,"identifica":"Estação Ferroviária de Tiradentes","co_iphan":"MG3168804BIED00011","no_logrado":"da Estação","nu_logrado":"S/N","id_naturez":2,"ds_naturez":"Bem Imóvel","codigo_iph":"BI","id_classif":24,"ds_classif":"Arquitetura de transportes","id_tipo_be":8,"ds_tipo_be":"Edificação","sg_tipo_be":"ED","sintese_be":"Estação Ferroviária de Tiradentes, localizado(a) no estado de Minas Gerais, cidade(s) de Tiradentes, é um Bem Imóvel, do tipo Edificação, com estado de conservação Regular e de preservação Pouco Alterado.","dt_cadastr":"2015-06-22Z","id_proteca":0,"id_tipo_pr":0,"ds_tipo_pr":null,"id_condica":0,"ds_condica":null,"id_zrp":null},"geometry":{"type":"MultiPoint","coordinates":[[-44.1675,-21.1148]]}},{"type":"Feature","properties":{"id":1068,"id_bem":1385,"identifica":"Estação de Jaguariaíva","co_iphan":"PR4112009BIED00001","no_logrado":"Getúlio Vargas","nu_logrado":"60","id_naturez":2,"ds_naturez":"Bem Imóvel","codigo_iph":"BI","id_classif":24,"ds_classif":"Arquitetura de transportes","id_tipo_be":8,"ds_tipo_be":"Edificação","sg_tipo_be":"ED","sintese_be":"Estação de Jaguariaíva, localizado(a) no estado de Paraná, cidade(s) de Jaguariaíva, é um Bem Imóvel, do tipo Edificação, com estado de conservação Regular e de preservação Pouco Alterado.","dt_cadastr":"2015-06-22Z","id_proteca":0,"id_tipo_pr":0,"ds_tipo_pr":null,"id_condica":0,"ds_condica":null,"id_zrp":null},"geometry":{"type":"MultiPoint","coordinates":[[-49.7131,-24.2561]]}},{"type":"Feature","properties":{"id":1077,"id_bem":1673,"identifica":"Estação Ferroviária de Mandaguari","co_iphan":"PR4114203BIED00001","no_logrado":"Dom Pedro","nu_logrado":"S/N","id_naturez":2,"ds_naturez":"Bem Imóvel","codigo_iph":"BI","id_classif":24,"ds_classif":"Arquitetura de transportes","id_tipo_be":8,"ds_tipo_be":"Edificação","sg_tipo_be":"ED","sintese_be":"Estação Ferroviária de Mandaguari, localizado(a) no estado de Paraná, cidade(s) de Mandaguari, é um Bem Imóvel, do tipo Edificação, com estado de conservação Regular e de preservação Pouco Alterado.","dt_cadastr":"2015-06-24Z","id_proteca":0,"id_tipo_pr":0,"ds_tipo_pr":null,"id_condica":0,"ds_condica":null,"id_zrp":null},"geometry":{"type":"MultiPoint","coordinates":[[-51.6806,-23.5232]]}},{"type":"Feature","properties":{"id":1078,"id_bem":1689,"identifica":"Armazém I","co_iphan":"PR4114203BIED00007","no_logrado":"Dom Pedro II","nu_logrado":"44","id_naturez":2,"ds_naturez":"Bem Imóvel","codigo_iph":"BI","id_classif":24,"ds_classif":"Arquitetura de transportes","id_tipo_be":8,"ds_tipo_be":"Edificação","sg_tipo_be":"ED","sintese_be":"Armazém I, localizado(a) no estado de Paraná, cidade(s) de Mandaguari, é um Bem Imóvel, do tipo Edificação, com estado de conservação Regular e de preservação Pouco Alterado.","dt_cadastr":"2015-06-24Z","id_proteca":0,"id_tipo_pr":0,"ds_tipo_pr":null,"id_condica":0,"ds_condica":null,"id_zrp":null},"geometry":{"type":"MultiPoint","coordinates":[[-51.681,-23.5224]]}},{"type":"Feature","properties":{"id":1100,"id_bem":2457,"identifica":"Terreno I","co_iphan":"PR4109807BIED00002","no_logrado":"Maria de Meneses","nu_logrado":"2","id_naturez":2,"ds_naturez":"Bem Imóvel","codigo_iph":"BI","id_classif":24,"ds_classif":"Arquitetura de transportes","id_tipo_be":8,"ds_tipo_be":"Edificação","sg_tipo_be":"ED","sintese_be":"Terreno I, localizado(a) no estado de Paraná, cidade(s) de Ibiporã, é um Bem Imóvel, do tipo Edificação, com estado de conservação Regular e de preservação Pouco Alterado.","dt_cadastr":"2017-04-12Z","id_proteca":0,"id_tipo_pr":0,"ds_tipo_pr":null,"id_condica":0,"ds_condica":null,"id_zrp":null},"geometry":{"type":"MultiPoint","coordinates":[[-51.0437,-23.2712]]}},{"type":"Feature","properties":{"id":1102,"id_bem":2397,"identifica":"Alojamento para manobrador/guarda chaves-Complexo Ferroviário","co_iphan":"MG3162500BIED00013","no_logrado":"Hermílio Alves","nu_logrado":"462-600","id_naturez":2,"ds_naturez":"Bem Imóvel","codigo_iph":"BI","id_classif":24,"ds_classif":"Arquitetura de transportes","id_tipo_be":8,"ds_tipo_be":"Edificação","sg_tipo_be":"ED","sintese_be":"Alojamento para manobrador/guarda chaves , localizado(a) no estado de Minas Gerais, cidade(s) de São João Del Rei, é um Bem Imóvel, do tipo Edificação, com estado de conservação Regular e de preservação Pouco Alterado.","dt_cadastr":"2017-04-04Z","id_proteca":0,"id_tipo_pr":0,"ds_tipo_pr":null,"id_condica":0,"ds_condica":null,"id_zrp":null},"geometry":{"type":"MultiPoint","coordinates":[[-44.2566,-21.1328]]}},{"type":"Feature","properties":{"id":1108,"id_bem":2458,"identifica":"Terreno II","co_iphan":"PR4109807BIED00003","no_logrado":"Maria de Meneses","nu_logrado":"2","id_naturez":2,"ds_naturez":"Bem Imóvel","codigo_iph":"BI","id_classif":24,"ds_classif":"Arquitetura de transportes","id_tipo_be":8,"ds_tipo_be":"Edificação","sg_tipo_be":"ED","sintese_be":"Terreno II, localizado(a) no estado de Paraná, cidade(s) de Ibiporã, é um Bem Imóvel, do tipo Edificação, com estado de conservação Regular e de preservação Pouco Alterado.","dt_cadastr":"2017-04-12Z","id_proteca":0,"id_tipo_pr":0,"ds_tipo_pr":null,"id_condica":0,"ds_condica":null,"id_zrp":null},"geometry":{"type":"MultiPoint","coordinates":[[-51.0428,-23.2718]]}},{"type":"Feature","properties":{"id":1110,"id_bem":2400,"identifica":"Galpão da Oficina Mecânica e Ferraria-Complexo Ferroviário","co_iphan":"MG3162500BIED00016","no_logrado":"Hermílio Alves","nu_logrado":"462-600","id_naturez":2,"ds_naturez":"Bem Imóvel","codigo_iph":"BI","id_classif":24,"ds_classif":"Arquitetura de transportes","id_tipo_be":8,"ds_tipo_be":"Edificação","sg_tipo_be":"ED","sintese_be":"Galpão da Oficina Mecânica e Ferraria , localizado(a) no estado de Minas Gerais, cidade(s) de São João Del Rei, é um Bem Imóvel, do tipo Edificação, com estado de conservação Regular e de preservação Pouco Alterado.","dt_cadastr":"2017-04-04Z","id_proteca":0,"id_tipo_pr":0,"ds_tipo_pr":null,"id_condica":0,"ds_condica":null,"id_zrp":null},"geometry":{"type":"MultiPoint","coordinates":[[-44.2566,-21.1328]]}},{"type":"Feature","properties":{"id":1111,"id_bem":2398,"identifica":"Galpão do antigo almoxarifado-Complexo Ferroviário","co_iphan":"MG3162500BIED00014","no_logrado":"Hermílio Alves","nu_logrado":null,"id_naturez":2,"ds_naturez":"Bem Imóvel","codigo_iph":"BI","id_classif":24,"ds_classif":"Arquitetura de transportes","id_tipo_be":8,"ds_tipo_be":"Edificação","sg_tipo_be":"ED","sintese_be":"Galpão do antigo almoxarifado , localizado(a) no estado de Minas Gerais, cidade(s) de São João Del Rei, é um Bem Imóvel, do tipo Edificação, com estado de conservação Regular e de preservação Pouco Alterado.","dt_cadastr":"2017-04-04Z","id_proteca":0,"id_tipo_pr":0,"ds_tipo_pr":null,"id_condica":0,"ds_condica":null,"id_zrp":null},"geometry":{"type":"MultiPoint","coordinates":[[-44.2565,-21.1328]]}},{"type":"Feature","properties":{"id":1126,"id_bem":1472,"identifica":"Estação Ferroviária Chagas Dória","co_iphan":"MG3162500BIED00011","no_logrado":"Dr. Elói Réis","nu_logrado":"229 - 375","id_naturez":2,"ds_naturez":"Bem Imóvel","codigo_iph":"BI","id_classif":24,"ds_classif":"Arquitetura de transportes","id_tipo_be":8,"ds_tipo_be":"Edificação","sg_tipo_be":"ED","sintese_be":"Estação Ferroviária Chagas Dória, localizado(a) no estado de Minas Gerais, cidade(s) de São João Del Rei, é um Bem Imóvel, do tipo Edificação, com estado de conservação Regular e de preservação Pouco Alterado.","dt_cadastr":"2015-06-22Z","id_proteca":0,"id_tipo_pr":0,"ds_tipo_pr":null,"id_condica":0,"ds_condica":null,"id_zrp":null},"geometry":{"type":"MultiPoint","coordinates":[[-44.2416,-21.1272]]}},{"type":"Feature","properties":{"id":1127,"id_bem":2405,"identifica":"Galpão do posto de iluminação-Complexo Ferroviário","co_iphan":"MG3162500BIED00021","no_logrado":"Hermílio Alves","nu_logrado":"462-600","id_naturez":2,"ds_naturez":"Bem Imóvel","codigo_iph":"BI","id_classif":24,"ds_classif":"Arquitetura de transportes","id_tipo_be":8,"ds_tipo_be":"Edificação","sg_tipo_be":"ED","sintese_be":"Galpão do posto de iluminação , localizado(a) no estado de Minas Gerais, cidade(s) de São João Del Rei, é um Bem Imóvel, do tipo Edificação, com estado de conservação Regular e de preservação Pouco Alterado.","dt_cadastr":"2017-04-04Z","id_proteca":0,"id_tipo_pr":0,"ds_tipo_pr":null,"id_condica":0,"ds_condica":null,"id_zrp":null},"geometry":{"type":"MultiPoint","coordinates":[[-44.2565,-21.1328]]}},{"type":"Feature","properties":{"id":1131,"id_bem":2401,"identifica":"Galpão para manutenção de locomotivas-Complexo Ferroviário","co_iphan":"MG3162500BIED00017","no_logrado":"Hermílio Alves","nu_logrado":"462-600","id_naturez":2,"ds_naturez":"Bem Imóvel","codigo_iph":"BI","id_classif":24,"ds_classif":"Arquitetura de transportes","id_tipo_be":8,"ds_tipo_be":"Edificação","sg_tipo_be":"ED","sintese_be":"Galpão para manutenção de locomotivas , localizado(a) no estado de Minas Gerais, cidade(s) de São João Del Rei, é um Bem Imóvel, do tipo Edificação, com estado de conservação Regular e de preservação Pouco Alterado.","dt_cadastr":"2017-04-04Z","id_proteca":0,"id_tipo_pr":0,"ds_tipo_pr":null,"id_condica":0,"ds_condica":null,"id_zrp":null},"geometry":{"type":"MultiPoint","coordinates":[[-44.2566,-21.1329]]}},{"type":"Feature","properties":{"id":1134,"id_bem":1644,"identifica":"Casa de alvenaria nº 5","co_iphan":"PR4124103BIED00001","no_logrado":"Topázio","nu_logrado":"79","id_naturez":2,"ds_naturez":"Bem Imóvel","codigo_iph":"BI","id_classif":24,"ds_classif":"Arquitetura de transportes","id_tipo_be":8,"ds_tipo_be":"Edificação","sg_tipo_be":"ED","sintese_be":"Casa de alvenaria nº 5, localizado(a) no estado de Paraná, cidade(s) de Santo Antônio da Platina, é um Bem Imóvel, do tipo Edificação, com estado de conservação Regular e de preservação Pouco Alterado.\r\nConstrução em alvenaria com telhado em","dt_cadastr":"2015-06-24Z","id_proteca":0,"id_tipo_pr":0,"ds_tipo_pr":null,"id_condica":0,"ds_condica":null,"id_zrp":null},"geometry":{"type":"MultiPoint","coordinates":[[-50.0064,-23.3172]]}},{"type":"Feature","properties":{"id":1135,"id_bem":2402,"identifica":"Galpão para revisão mecânica-Complexo Ferroviário","co_iphan":"MG3162500BIED00018","no_logrado":"Hermílio Alves","nu_logrado":"462-600","id_naturez":2,"ds_naturez":"Bem Imóvel","codigo_iph":"BI","id_classif":24,"ds_classif":"Arquitetura de transportes","id_tipo_be":8,"ds_tipo_be":"Edificação","sg_tipo_be":"ED","sintese_be":"Galpão para revisão mecânica , localizado(a) no estado de Minas Gerais, cidade(s) de São João Del Rei, é um Bem Imóvel, do tipo Edificação, com estado de conservação Regular e de preservação Pouco Alterado.","dt_cadastr":"2017-04-04Z","id_proteca":0,"id_tipo_pr":0,"ds_tipo_pr":null,"id_condica":0,"ds_condica":null,"id_zrp":null},"geometry":{"type":"MultiPoint","coordinates":[[-44.2565,-21.1329]]}},{"type":"Feature","properties":{"id":1143,"id_bem":2459,"identifica":"Casa I (alvenaria)","co_iphan":"PR4109807BIED00004","no_logrado":"Maria de Meneses","nu_logrado":"2","id_naturez":2,"ds_naturez":"Bem Imóvel","codigo_iph":"BI","id_classif":24,"ds_classif":"Arquitetura de transportes","id_tipo_be":8,"ds_tipo_be":"Edificação","sg_tipo_be":"ED","sintese_be":"Casa I (alvenaria), localizado(a) no estado de Paraná, cidade(s) de Ibiporã, é um Bem Imóvel, do tipo Edificação, com estado de conservação Regular e de preservação Pouco Alterado.","dt_cadastr":"2017-04-12Z","id_proteca":0,"id_tipo_pr":0,"ds_tipo_pr":null,"id_condica":0,"ds_condica":null,"id_zrp":null},"geometry":{"type":"MultiPoint","coordinates":[[-51.0444,-23.2713]]}},{"type":"Feature","properties":{"id":1146,"id_bem":1656,"identifica":"Estação Ferroviária de Platina","co_iphan":"PR4124103BIED00006","no_logrado":"Topazio","nu_logrado":"S/N","id_naturez":2,"ds_naturez":"Bem Imóvel","codigo_iph":"BI","id_classif":24,"ds_classif":"Arquitetura de transportes","id_tipo_be":8,"ds_tipo_be":"Edificação","sg_tipo_be":"ED","sintese_be":"Estação Ferroviária de Platina, localizado(a) no estado de Paraná, cidade(s) de Santo Antônio da Platina, é um Bem Imóvel, do tipo Edificação, com estado de conservação Regular e de preservação Pouco Alterado. Possui construção em alvenari","dt_cadastr":"2015-06-24Z","id_proteca":0,"id_tipo_pr":0,"ds_tipo_pr":null,"id_condica":0,"ds_condica":null,"id_zrp":null},"geometry":{"type":"MultiPoint","coordinates":[[-50.0064,-23.3184]]}},{"type":"Feature","properties":{"id":1150,"id_bem":1435,"identifica":"Prédio da Estação Ferroviária de Seritinga","co_iphan":"MG3166402BIED00001","no_logrado":"7 de Setembro","nu_logrado":"S/N","id_naturez":2,"ds_naturez":"Bem Imóvel","codigo_iph":"BI","id_classif":24,"ds_classif":"Arquitetura de transportes","id_tipo_be":8,"ds_tipo_be":"Edificação","sg_tipo_be":"ED","sintese_be":"Prédio da Estação Ferroviária de Seritinga, localizado(a) no estado de Minas Gerais, cidade(s) de Seritinga, é um Bem Imóvel, do tipo Edificação, com estado de conservação Regular e de preservação Pouco Alterado.","dt_cadastr":"2015-06-22Z","id_proteca":0,"id_tipo_pr":0,"ds_tipo_pr":null,"id_condica":0,"ds_condica":null,"id_zrp":null},"geometry":{"type":"MultiPoint","coordinates":[[-44.5193,-21.9079]]}},{"type":"Feature","properties":{"id":1151,"id_bem":2460,"identifica":"Casa II (madeira)","co_iphan":"PR4109807BIED00005","no_logrado":"Maria de Meneses","nu_logrado":null,"id_naturez":2,"ds_naturez":"Bem Imóvel","codigo_iph":"BI","id_classif":24,"ds_classif":"Arquitetura de transportes","id_tipo_be":8,"ds_tipo_be":"Edificação","sg_tipo_be":"ED","sintese_be":"Casa II (madeira), localizado(a) no estado de Paraná, cidade(s) de Ibiporã, é um Bem Imóvel, do tipo Edificação, com estado de conservação Regular e de preservação Pouco Alterado.","dt_cadastr":"2017-04-12Z","id_proteca":0,"id_tipo_pr":0,"ds_tipo_pr":null,"id_condica":0,"ds_condica":null,"id_zrp":null},"geometry":{"type":"MultiPoint","coordinates":[[-51.0435,-23.2716]]}},{"type":"Feature","properties":{"id":1152,"id_bem":2463,"identifica":"Terreno","co_iphan":"PR4104907BIED00002","no_logrado":"Miguel Couto","nu_logrado":"S/N","id_naturez":2,"ds_naturez":"Bem Imóvel","codigo_iph":"BI","id_classif":24,"ds_classif":"Arquitetura de transportes","id_tipo_be":8,"ds_tipo_be":"Edificação","sg_tipo_be":"ED","sintese_be":"Terreno , localizado(a) no estado de Paraná, cidade(s) de Castro, é um Bem Imóvel, do tipo Edificação, com estado de conservação Regular e de preservação Pouco Alterado.","dt_cadastr":"2017-04-12Z","id_proteca":0,"id_tipo_pr":0,"ds_tipo_pr":null,"id_condica":0,"ds_condica":null,"id_zrp":null},"geometry":{"type":"MultiPoint","coordinates":[[-50.0003,-24.7909]]}},{"type":"Feature","properties":{"id":1156,"id_bem":2461,"identifica":"Casa III (alvenaria)","co_iphan":"PR4109807BIED00006","no_logrado":"Maria de Meneses","nu_logrado":"2","id_naturez":2,"ds_naturez":"Bem Imóvel","codigo_iph":"BI","id_classif":24,"ds_classif":"Arquitetura de transportes","id_tipo_be":8,"ds_tipo_be":"Edificação","sg_tipo_be":"ED","sintese_be":"Casa III (alvenaria), localizado(a) no estado de Paraná, cidade(s) de Ibiporã, é um Bem Imóvel, do tipo Edificação, com estado de conservação Regular e de preservação Pouco Alterado.","dt_cadastr":"2017-04-12Z","id_proteca":0,"id_tipo_pr":0,"ds_tipo_pr":null,"id_condica":0,"ds_condica":null,"id_zrp":null},"geometry":{"type":"MultiPoint","coordinates":[[-51.0434,-23.2716]]}},{"type":"Feature","properties":{"id":1157,"id_bem":2462,"identifica":"Casa IV (alvenaria)","co_iphan":"PR4109807BIED00007","no_logrado":"Maria de Meneses","nu_logrado":"2","id_naturez":2,"ds_naturez":"Bem Imóvel","codigo_iph":"BI","id_classif":24,"ds_classif":"Arquitetura de transportes","id_tipo_be":8,"ds_tipo_be":"Edificação","sg_tipo_be":"ED","sintese_be":"Casa IV (alvenaria), localizado(a) no estado de Paraná, cidade(s) de Ibiporã, é um Bem Imóvel, do tipo Edificação, com estado de conservação Regular e de preservação Pouco Alterado.","dt_cadastr":"2017-04-12Z","id_proteca":0,"id_tipo_pr":0,"ds_tipo_pr":null,"id_condica":0,"ds_condica":null,"id_zrp":null},"geometry":{"type":"MultiPoint","coordinates":[[-51.0434,-23.2716]]}},{"type":"Feature","properties":{"id":1161,"id_bem":2464,"identifica":"Sanitário no pátio da Estação Ferroviária de Castro","co_iphan":"PR4104907BIED00003","no_logrado":"Miguel Couto","nu_logrado":null,"id_naturez":2,"ds_naturez":"Bem Imóvel","codigo_iph":"BI","id_classif":24,"ds_classif":"Arquitetura de transportes","id_tipo_be":8,"ds_tipo_be":"Edificação","sg_tipo_be":"ED","sintese_be":"Sanitário no pátio da Estação Ferroviária de Castro, localizado(a) no estado de Paraná, cidade(s) de Castro, é um Bem Imóvel, do tipo Edificação, com estado de conservação Regular e de preservação Pouco Alterado.","dt_cadastr":"2017-04-12Z","id_proteca":0,"id_tipo_pr":0,"ds_tipo_pr":null,"id_condica":0,"ds_condica":null,"id_zrp":null},"geometry":{"type":"MultiPoint","coordinates":[[-50.0006,-24.7918]]}},{"type":"Feature","properties":{"id":1164,"id_bem":2465,"identifica":"Terreno 9 desmembrado de uma área maior de 26.806,13 m² onde está situado o Armazém (NBP 5203240-0)","co_iphan":"PR4122404BIED00006","no_logrado":"Presidente Getúlio Vargas","nu_logrado":null,"id_naturez":2,"ds_naturez":"Bem Imóvel","codigo_iph":"BI","id_classif":24,"ds_classif":"Arquitetura de transportes","id_tipo_be":8,"ds_tipo_be":"Edificação","sg_tipo_be":"ED","sintese_be":"Terreno 9 desmembrado de uma área maior de 26.806,13 m² onde está situado o Armazém (NBP 5203240-0) , localizado(a) no estado de Paraná, cidade(s) de Rolândia, é um Bem Imóvel, do tipo Edificação, com estado de conservação Regular e de preser","dt_cadastr":"2017-04-13Z","id_proteca":0,"id_tipo_pr":0,"ds_tipo_pr":null,"id_condica":0,"ds_condica":null,"id_zrp":null},"geometry":{"type":"MultiPoint","coordinates":[[-51.3702,-23.3098]]}},{"type":"Feature","properties":{"id":1170,"id_bem":2466,"identifica":"Terreno 7 desmembrado de uma área maior de 26.806,13 m² onde está situada uma Casa de alvenaria","co_iphan":"PR4122404BIED00007","no_logrado":"Presidente Getúlio Vargas","nu_logrado":"S/N","id_naturez":2,"ds_naturez":"Bem Imóvel","codigo_iph":"BI","id_classif":24,"ds_classif":"Arquitetura de transportes","id_tipo_be":8,"ds_tipo_be":"Edificação","sg_tipo_be":"ED","sintese_be":"Terreno 7 desmembrado de uma área maior de 26.806,13 m² onde está situada uma Casa de alvenaria, localizado(a) no estado de Paraná, cidade(s) de Rolândia, é um Bem Imóvel, do tipo Edificação, com estado de conservação Regular e de preservaçã","dt_cadastr":"2017-04-13Z","id_proteca":0,"id_tipo_pr":0,"ds_tipo_pr":null,"id_condica":0,"ds_condica":null,"id_zrp":null},"geometry":{"type":"MultiPoint","coordinates":[[-51.3704,-23.31]]}},{"type":"Feature","properties":{"id":1173,"id_bem":2399,"identifica":"Casa de Bomba de Óleo-Complexo Ferroviário","co_iphan":"MG3162500BIED00015","no_logrado":"Her","nu_logrado":"462-600","id_naturez":2,"ds_naturez":"Bem Imóvel","codigo_iph":"BI","id_classif":24,"ds_classif":"Arquitetura de transportes","id_tipo_be":8,"ds_tipo_be":"Edificação","sg_tipo_be":"ED","sintese_be":"Casa de Bomba de Óleo , localizado(a) no estado de Minas Gerais, cidade(s) de São João Del Rei, é um Bem Imóvel, do tipo Edificação, com estado de conservação Regular e de preservação Pouco Alterado.","dt_cadastr":"2017-04-04Z","id_proteca":0,"id_tipo_pr":0,"ds_tipo_pr":null,"id_condica":0,"ds_condica":null,"id_zrp":null},"geometry":{"type":"MultiPoint","coordinates":[[-44.2565,-21.1328]]}},{"type":"Feature","properties":{"id":1174,"id_bem":1640,"identifica":"Estação Ferroviária de Quatis","co_iphan":"RJ3304128BIED00001","no_logrado":"Wanderlino Teixeira Leite","nu_logrado":"87","id_naturez":2,"ds_naturez":"Bem Imóvel","codigo_iph":"BI","id_classif":24,"ds_classif":"Arquitetura de transportes","id_tipo_be":8,"ds_tipo_be":"Edificação","sg_tipo_be":"ED","sintese_be":"Estação Ferroviária de Quatis, localizado(a) no estado de Rio de Janeiro, cidade(s) de Quatis, é um Bem Imóvel, do tipo Edificação, com estado de conservação Regular e de preservação Pouco Alterado.","dt_cadastr":"2015-06-24Z","id_proteca":0,"id_tipo_pr":0,"ds_tipo_pr":null,"id_condica":0,"ds_condica":null,"id_zrp":null},"geometry":{"type":"MultiPoint","coordinates":[[-44.2585,-22.4081]]}},{"type":"Feature","properties":{"id":1177,"id_bem":2467,"identifica":"Terreno sem determinação de área onde está localizada a Estação de Rolândia","co_iphan":"PR4122404BIED00008","no_logrado":"Presidente Getúlio Vargas","nu_logrado":"S/N","id_naturez":2,"ds_naturez":"Bem Imóvel","codigo_iph":"BI","id_classif":24,"ds_classif":"Arquitetura de transportes","id_tipo_be":8,"ds_tipo_be":"Edificação","sg_tipo_be":"ED","sintese_be":"Terreno sem determinação de área onde está localizada a Estação de Rolândia, localizado(a) no estado de Paraná, cidade(s) de Rolândia, é um Bem Imóvel, do tipo Edificação, com estado de conservação Regular e de preservação Pouco Alterado","dt_cadastr":"2017-04-13Z","id_proteca":0,"id_tipo_pr":0,"ds_tipo_pr":null,"id_condica":0,"ds_condica":null,"id_zrp":null},"geometry":{"type":"MultiPoint","coordinates":[[-51.3704,-23.3099]]}},{"type":"Feature","properties":{"id":1178,"id_bem":2470,"identifica":"Casa 05","co_iphan":"PR4123907BIED00005","no_logrado":"Liberato Spagolla","nu_logrado":"S/N","id_naturez":2,"ds_naturez":"Bem Imóvel","codigo_iph":"BI","id_classif":24,"ds_classif":"Arquitetura de transportes","id_tipo_be":8,"ds_tipo_be":"Edificação","sg_tipo_be":"ED","sintese_be":"Casa 05, localizado(a) no estado de Paraná, cidade(s) de Santa Mariana, é um Bem Imóvel, do tipo Edificação, com estado de conservação Regular e de preservação Pouco Alterado.","dt_cadastr":"2017-04-13Z","id_proteca":0,"id_tipo_pr":0,"ds_tipo_pr":null,"id_condica":0,"ds_condica":null,"id_zrp":null},"geometry":{"type":"MultiPoint","coordinates":[[-50.5245,-23.1456]]}},{"type":"Feature","properties":{"id":1182,"id_bem":2468,"identifica":"Casa 01","co_iphan":"PR4123907BIED00003","no_logrado":"Liberato Spagolla","nu_logrado":"S/N","id_naturez":2,"ds_naturez":"Bem Imóvel","codigo_iph":"BI","id_classif":24,"ds_classif":"Arquitetura de transportes","id_tipo_be":8,"ds_tipo_be":"Edificação","sg_tipo_be":"ED","sintese_be":"Casa 01 , localizado(a) no estado de Paraná, cidade(s) de Santa Mariana, é um Bem Imóvel, do tipo Edificação, com estado de conservação Regular e de preservação Pouco Alterado.","dt_cadastr":"2017-04-13Z","id_proteca":0,"id_tipo_pr":0,"ds_tipo_pr":null,"id_condica":0,"ds_condica":null,"id_zrp":null},"geometry":{"type":"MultiPoint","coordinates":[[-50.523,-23.1452]]}},{"type":"Feature","properties":{"id":1185,"id_bem":2469,"identifica":"Casa 03","co_iphan":"PR4123907BIED00004","no_logrado":"Liberato Spagolla","nu_logrado":"S/N","id_naturez":2,"ds_naturez":"Bem Imóvel","codigo_iph":"BI","id_classif":24,"ds_classif":"Arquitetura de transportes","id_tipo_be":8,"ds_tipo_be":"Edificação","sg_tipo_be":"ED","sintese_be":"Casa 03, localizado(a) no estado de Paraná, cidade(s) de Santa Mariana, é um Bem Imóvel, do tipo Edificação, com estado de conservação Regular e de preservação Pouco Alterado.","dt_cadastr":"2017-04-13Z","id_proteca":0,"id_tipo_pr":0,"ds_tipo_pr":null,"id_condica":0,"ds_condica":null,"id_zrp":null},"geometry":{"type":"MultiPoint","coordinates":[[-50.5242,-23.1455]]}},{"type":"Feature","properties":{"id":1187,"id_bem":2471,"identifica":"Casa 02","co_iphan":"PR4123907BIED00006","no_logrado":"Liberato Spagolla","nu_logrado":"S/N","id_naturez":2,"ds_naturez":"Bem Imóvel","codigo_iph":"BI","id_classif":24,"ds_classif":"Arquitetura de transportes","id_tipo_be":8,"ds_tipo_be":"Edificação","sg_tipo_be":"ED","sintese_be":"Casa 02, localizado(a) no estado de Paraná, cidade(s) de Santa Mariana, é um Bem Imóvel, do tipo Edificação, com estado de conservação Regular e de preservação Pouco Alterado.","dt_cadastr":"2017-04-13Z","id_proteca":0,"id_tipo_pr":0,"ds_tipo_pr":null,"id_condica":0,"ds_condica":null,"id_zrp":null},"geometry":{"type":"MultiPoint","coordinates":[[-50.525,-23.1457]]}},{"type":"Feature","properties":{"id":1189,"id_bem":1648,"identifica":"Casa de alvenaria nº 1","co_iphan":"PR4124103BIED00005","no_logrado":"Topázio","nu_logrado":"75","id_naturez":2,"ds_naturez":"Bem Imóvel","codigo_iph":"BI","id_classif":24,"ds_classif":"Arquitetura de transportes","id_tipo_be":8,"ds_tipo_be":"Edificação","sg_tipo_be":"ED","sintese_be":"Casa de alvenaria nº 1, localizado(a) no estado de Paraná, cidade(s) de Santo Antônio da Platina, é um Bem Imóvel, do tipo Edificação, com estado de conservação Regular e de preservação Pouco Alterado. \r\nConstrução em alvenaria com telhado e","dt_cadastr":"2015-06-24Z","id_proteca":0,"id_tipo_pr":0,"ds_tipo_pr":null,"id_condica":0,"ds_condica":null,"id_zrp":null},"geometry":{"type":"MultiPoint","coordinates":[[-50.0063,-23.3179]]}},{"type":"Feature","properties":{"id":1190,"id_bem":1368,"identifica":"Estação Ferroviária de Nazareno","co_iphan":"MG3144508BIED00001","no_logrado":"Estação de Nazareno","nu_logrado":null,"id_naturez":2,"ds_naturez":"Bem Imóvel","codigo_iph":"BI","id_classif":24,"ds_classif":"Arquitetura de transportes","id_tipo_be":8,"ds_tipo_be":"Edificação","sg_tipo_be":"ED","sintese_be":"Estação Ferroviária de Nazareno, localizado(a) no estado de Minas Gerais, cidade(s) de Nazareno, é um Bem Imóvel, do tipo Edificação, com estado de conservação Regular e de preservação Pouco Alterado.","dt_cadastr":"2015-06-22Z","id_proteca":0,"id_tipo_pr":0,"ds_tipo_pr":null,"id_condica":0,"ds_condica":null,"id_zrp":null},"geometry":{"type":"MultiPoint","coordinates":[[-44.5804,-21.1044]]}},{"type":"Feature","properties":{"id":1191,"id_bem":1676,"identifica":"Casa III","co_iphan":"PR4114203BIED00004","no_logrado":"Luiz Trintinalha","nu_logrado":null,"id_naturez":2,"ds_naturez":"Bem Imóvel","codigo_iph":"BI","id_classif":24,"ds_classif":"Arquitetura de transportes","id_tipo_be":8,"ds_tipo_be":"Edificação","sg_tipo_be":"ED","sintese_be":"Casa III, localizado(a) no estado de Paraná, cidade(s) de Mandaguari, é um Bem Imóvel, do tipo Edificação, com estado de conservação Regular e de preservação Pouco Alterado.","dt_cadastr":"2015-06-24Z","id_proteca":0,"id_tipo_pr":0,"ds_tipo_pr":null,"id_condica":0,"ds_condica":null,"id_zrp":null},"geometry":{"type":"MultiPoint","coordinates":[[-51.681,-23.5224]]}},{"type":"Feature","properties":{"id":1208,"id_bem":2531,"identifica":"Depósito de Materiais","co_iphan":"MG3147600BIED00012","no_logrado":"do Sol","nu_logrado":null,"id_naturez":2,"ds_naturez":"Bem Imóvel","codigo_iph":"BI","id_classif":24,"ds_classif":"Arquitetura de transportes","id_tipo_be":8,"ds_tipo_be":"Edificação","sg_tipo_be":"ED","sintese_be":"Depósito de Materiais, localizado(a) no estado de Minas Gerais, cidade(s) de Passa Quatro, é um Bem Imóvel, do tipo Edificação, com estado de conservação Regular e de preservação Pouco Alterado.","dt_cadastr":"2017-04-26Z","id_proteca":0,"id_tipo_pr":0,"ds_tipo_pr":null,"id_condica":0,"ds_condica":null,"id_zrp":null},"geometry":{"type":"MultiPoint","coordinates":[[-44.9834,-22.4154]]}},{"type":"Feature","properties":{"id":1209,"id_bem":2532,"identifica":"Residência do Empregado","co_iphan":"MG3147600BIED00013","no_logrado":"do Sol","nu_logrado":null,"id_naturez":2,"ds_naturez":"Bem Imóvel","codigo_iph":"BI","id_classif":24,"ds_classif":"Arquitetura de transportes","id_tipo_be":8,"ds_tipo_be":"Edificação","sg_tipo_be":"ED","sintese_be":"Residência do Empregado, localizado(a) no estado de Minas Gerais, cidade(s) de Passa Quatro, é um Bem Imóvel, do tipo Edificação, com estado de conservação Regular e de preservação Pouco Alterado.","dt_cadastr":"2017-04-26Z","id_proteca":0,"id_tipo_pr":0,"ds_tipo_pr":null,"id_condica":0,"ds_condica":null,"id_zrp":null},"geometry":{"type":"MultiPoint","coordinates":[[-44.9834,-22.4155]]}},{"type":"Feature","properties":{"id":1210,"id_bem":2533,"identifica":"Antigo depósito de ferramentas e Obra e Casa do rádio.","co_iphan":"MG3126109BIED00007","no_logrado":"|Gov. Benedito Valadares","nu_logrado":"S/N","id_naturez":2,"ds_naturez":"Bem Imóvel","codigo_iph":"BI","id_classif":24,"ds_classif":"Arquitetura de transportes","id_tipo_be":8,"ds_tipo_be":"Edificação","sg_tipo_be":"ED","sintese_be":"Antigo depósito de ferramentas e Obra e Casa do rádio., localizado(a) no estado de Minas Gerais, cidade(s) de Formiga, é um Bem Imóvel, do tipo Edificação, com estado de conservação Regular e de preservação Pouco Alterado.","dt_cadastr":"2017-04-26Z","id_proteca":0,"id_tipo_pr":0,"ds_tipo_pr":null,"id_condica":0,"ds_condica":null,"id_zrp":null},"geometry":{"type":"MultiPoint","coordinates":[[-45.4324,-20.4603]]}},{"type":"Feature","properties":{"id":1212,"id_bem":2534,"identifica":"Residência","co_iphan":"MG3156908BIED00003","no_logrado":"de Cipó","nu_logrado":"S/N","id_naturez":2,"ds_naturez":"Bem Imóvel","codigo_iph":"BI","id_classif":24,"ds_classif":"Arquitetura de transportes","id_tipo_be":8,"ds_tipo_be":"Edificação","sg_tipo_be":"ED","sintese_be":"Residência , localizado(a) no estado de Minas Gerais, cidade(s) de Sacramento, é um Bem Imóvel, do tipo Edificação, com estado de conservação Regular e de preservação Pouco Alterado.","dt_cadastr":"2017-04-26Z","id_proteca":0,"id_tipo_pr":0,"ds_tipo_pr":null,"id_condica":0,"ds_condica":null,"id_zrp":null},"geometry":{"type":"MultiPoint","coordinates":[[-47.4757,-19.9585]]}},{"type":"Feature","properties":{"id":1213,"id_bem":2535,"identifica":"Residência","co_iphan":"MG3156908BIED00004","no_logrado":"de Cipó","nu_logrado":"S/N","id_naturez":2,"ds_naturez":"Bem Imóvel","codigo_iph":"BI","id_classif":24,"ds_classif":"Arquitetura de transportes","id_tipo_be":8,"ds_tipo_be":"Edificação","sg_tipo_be":"ED","sintese_be":"Residência , localizado(a) no estado de Minas Gerais, cidade(s) de Sacramento, é um Bem Imóvel, do tipo Edificação, com estado de conservação Regular e de preservação Pouco Alterado.","dt_cadastr":"2017-04-26Z","id_proteca":0,"id_tipo_pr":0,"ds_tipo_pr":null,"id_condica":0,"ds_condica":null,"id_zrp":null},"geometry":{"type":"MultiPoint","coordinates":[[-47.4757,-19.9585]]}},{"type":"Feature","properties":{"id":1214,"id_bem":2536,"identifica":"Residência","co_iphan":"MG3156908BIED00005","no_logrado":"de Cipó","nu_logrado":null,"id_naturez":2,"ds_naturez":"Bem Imóvel","codigo_iph":"BI","id_classif":24,"ds_classif":"Arquitetura de transportes","id_tipo_be":8,"ds_tipo_be":"Edificação","sg_tipo_be":"ED","sintese_be":"Residência , localizado(a) no estado de Minas Gerais, cidade(s) de Sacramento, é um Bem Imóvel, do tipo Edificação, com estado de conservação Regular e de preservação Pouco Alterado.","dt_cadastr":"2017-04-26Z","id_proteca":0,"id_tipo_pr":0,"ds_tipo_pr":null,"id_condica":0,"ds_condica":null,"id_zrp":null},"geometry":{"type":"MultiPoint","coordinates":[[-47.4757,-19.9586]]}},{"type":"Feature","properties":{"id":1215,"id_bem":2537,"identifica":"Residência","co_iphan":"MG3156908BIED00006","no_logrado":"de Cipó","nu_logrado":null,"id_naturez":2,"ds_naturez":"Bem Imóvel","codigo_iph":"BI","id_classif":24,"ds_classif":"Arquitetura de transportes","id_tipo_be":8,"ds_tipo_be":"Edificação","sg_tipo_be":"ED","sintese_be":"Residência , localizado(a) no estado de Minas Gerais, cidade(s) de Sacramento, é um Bem Imóvel, do tipo Edificação, com estado de conservação Regular e de preservação Pouco Alterado.","dt_cadastr":"2017-04-26Z","id_proteca":0,"id_tipo_pr":0,"ds_tipo_pr":null,"id_condica":0,"ds_condica":null,"id_zrp":null},"geometry":{"type":"MultiPoint","coordinates":[[-47.4757,-19.9586]]}},{"type":"Feature","properties":{"id":1216,"id_bem":2538,"identifica":"Residência","co_iphan":"MG3156908BIED00007","no_logrado":"de Cipó","nu_logrado":null,"id_naturez":2,"ds_naturez":"Bem Imóvel","codigo_iph":"BI","id_classif":24,"ds_classif":"Arquitetura de transportes","id_tipo_be":8,"ds_tipo_be":"Edificação","sg_tipo_be":"ED","sintese_be":"Residência , localizado(a) no estado de Minas Gerais, cidade(s) de Sacramento, é um Bem Imóvel, do tipo Edificação, com estado de conservação Regular e de preservação Pouco Alterado.","dt_cadastr":"2017-04-26Z","id_proteca":0,"id_tipo_pr":0,"ds_tipo_pr":null,"id_condica":0,"ds_condica":null,"id_zrp":null},"geometry":{"type":"MultiPoint","coordinates":[[-47.4772,-19.9628]]}},{"type":"Feature","properties":{"id":1230,"id_bem":1678,"identifica":"Pátio da Estação Ferroviária de Mandaguari","co_iphan":"PR4114203BIED00006","no_logrado":"Luiz Trintinalha","nu_logrado":null,"id_naturez":2,"ds_naturez":"Bem Imóvel","codigo_iph":"BI","id_classif":24,"ds_classif":"Arquitetura de transportes","id_tipo_be":8,"ds_tipo_be":"Edificação","sg_tipo_be":"ED","sintese_be":"Pátio da Estação Ferroviária de Mandaguari, localizado(a) no estado de Paraná, cidade(s) de Mandaguari, é um Bem Imóvel, do tipo Edificação, com estado de conservação Regular e de preservação Pouco Alterado.","dt_cadastr":"2015-06-24Z","id_proteca":0,"id_tipo_pr":0,"ds_tipo_pr":null,"id_condica":0,"ds_condica":null,"id_zrp":null},"geometry":{"type":"MultiPoint","coordinates":[[-51.6809,-23.5224]]}},{"type":"Feature","properties":{"id":1244,"id_bem":1471,"identifica":"Pátio da Estação Ferroviária de São João del Rei","co_iphan":"MG3162500BIED00010","no_logrado":"Hermílio Alves","nu_logrado":"462 - 600","id_naturez":2,"ds_naturez":"Bem Imóvel","codigo_iph":"BI","id_classif":24,"ds_classif":"Arquitetura de transportes","id_tipo_be":8,"ds_tipo_be":"Edificação","sg_tipo_be":"ED","sintese_be":"Pátio da Estação Ferroviária de São João del Rei, localizado(a) no estado de Minas Gerais, cidade(s) de São João Del Rei, é um Bem Imóvel, do tipo Edificação, com estado de conservação Regular e de preservação Pouco Alterado.","dt_cadastr":"2015-06-22Z","id_proteca":0,"id_tipo_pr":0,"ds_tipo_pr":null,"id_condica":0,"ds_condica":null,"id_zrp":null},"geometry":{"type":"MultiPoint","coordinates":[[-44.2546,-21.1324]]}},{"type":"Feature","properties":{"id":1247,"id_bem":1708,"identifica":"Antiga Estação Ferroviária de Candeias, Candeias, MG","co_iphan":"MG3112000BIED00001","no_logrado":"Getúlio Vargas","nu_logrado":null,"id_naturez":2,"ds_naturez":"Bem Imóvel","codigo_iph":"BI","id_classif":73,"ds_classif":"Arquitetura de transportes","id_tipo_be":8,"ds_tipo_be":"Edificação","sg_tipo_be":"ED","sintese_be":"Estação  Ferroviária de Candeias, localizado(a) no estado de Minas Gerais, cidade(s) de Candeias, é um Bem Imóvel, do tipo Edificação, com estado de conservação Regular e de preservação Pouco Alterado.","dt_cadastr":"2015-11-06Z","id_proteca":0,"id_tipo_pr":0,"ds_tipo_pr":null,"id_condica":0,"ds_condica":null,"id_zrp":null},"geometry":{"type":"MultiPoint","coordinates":[[-45.2755,-20.7744]]}},{"type":"Feature","properties":{"id":1251,"id_bem":1462,"identifica":"Estação Central de Cruzeiro","co_iphan":"SP3513405BIED00003","no_logrado":"Engenheiro Antônio Penido","nu_logrado":"s/n","id_naturez":2,"ds_naturez":"Bem Imóvel","codigo_iph":"BI","id_classif":24,"ds_classif":"Arquitetura de transportes","id_tipo_be":8,"ds_tipo_be":"Edificação","sg_tipo_be":"ED","sintese_be":"Estação Central de Cruzeiro, localizada no estado de São Paulo, cidade de Cruzeiro, é um Bem Imóvel, do tipo Edificação, com estado de conservação Regular e de preservação Pouco Alterado.","dt_cadastr":"2015-06-22Z","id_proteca":0,"id_tipo_pr":0,"ds_tipo_pr":null,"id_condica":0,"ds_condica":null,"id_zrp":null},"geometry":{"type":"MultiPoint","coordinates":[[-44.9571,-22.5778]]}},{"type":"Feature","properties":{"id":1262,"id_bem":1461,"identifica":"Estação Ferroviária de Rufino de Almeida","co_iphan":"SP3513405BIED00002","no_logrado":"Doutor Avelino Júnior","nu_logrado":"s/n","id_naturez":2,"ds_naturez":"Bem Imóvel","codigo_iph":"BI","id_classif":24,"ds_classif":"Arquitetura de transportes","id_tipo_be":8,"ds_tipo_be":"Edificação","sg_tipo_be":"ED","sintese_be":"Estação Ferroviária de Rufino de Almeida, localizada no estado de São Paulo, cidade de Cruzeiro, é um Bem Imóvel, do tipo Edificação, com estado de conservação Regular e de preservação Pouco Alterado.","dt_cadastr":"2015-06-22Z","id_proteca":0,"id_tipo_pr":0,"ds_tipo_pr":null,"id_condica":0,"ds_condica":null,"id_zrp":null},"geometry":{"type":"MultiPoint","coordinates":[[-44.9993,-22.5652]]}},{"type":"Feature","properties":{"id":1274,"id_bem":2522,"identifica":"Faixa de terreno do Pátio da Estação Ferroviária de Perequê","co_iphan":"SP3513405BIED00005","no_logrado":"Capitão Neco","nu_logrado":null,"id_naturez":2,"ds_naturez":"Bem Imóvel","codigo_iph":"BI","id_classif":24,"ds_classif":"Arquitetura de transportes","id_tipo_be":8,"ds_tipo_be":"Edificação","sg_tipo_be":"ED","sintese_be":"Faixa de terreno do Pátio da Estação Ferroviária de Perequê, localizado(a) no estado de São Paulo, cidade(s) de Cruzeiro, é um Bem Imóvel, do tipo Edificação, com estado de conservação Regular e de preservação Pouco Alterado.","dt_cadastr":"2017-04-24Z","id_proteca":0,"id_tipo_pr":0,"ds_tipo_pr":null,"id_condica":0,"ds_condica":null,"id_zrp":null},"geometry":{"type":"MultiPoint","coordinates":[[-45.0013,-22.5029]]}},{"type":"Feature","properties":{"id":1287,"id_bem":1388,"identifica":"Estação Ferroviária de Guaranésia","co_iphan":"MG3128303BIED00001","no_logrado":"Acácio Pereira Dias","nu_logrado":"409 - 533","id_naturez":2,"ds_naturez":"Bem Imóvel","codigo_iph":"BI","id_classif":24,"ds_classif":"Arquitetura de transportes","id_tipo_be":8,"ds_tipo_be":"Edificação","sg_tipo_be":"ED","sintese_be":"Estação Ferroviária de Guaranésia, localizado(a) no estado de Minas Gerais, cidade(s) de Guaranésia, é um Bem Imóvel, do tipo Edificação, com estado de conservação Regular e de preservação Pouco Alterado.","dt_cadastr":"2015-06-22Z","id_proteca":0,"id_tipo_pr":0,"ds_tipo_pr":null,"id_condica":0,"ds_condica":null,"id_zrp":null},"geometry":{"type":"MultiPoint","coordinates":[[-46.8037,-21.3065]]}},{"type":"Feature","properties":{"id":1292,"id_bem":1675,"identifica":"Casa II","co_iphan":"PR4114203BIED00003","no_logrado":"Luiz Trintinalha","nu_logrado":null,"id_naturez":2,"ds_naturez":"Bem Imóvel","codigo_iph":"BI","id_classif":24,"ds_classif":"Arquitetura de transportes","id_tipo_be":8,"ds_tipo_be":"Edificação","sg_tipo_be":"ED","sintese_be":"Casa II, localizado(a) no estado de Paraná, cidade(s) de Mandaguari, é um Bem Imóvel, do tipo Edificação, com estado de conservação Regular e de preservação Pouco Alterado.","dt_cadastr":"2015-06-24Z","id_proteca":0,"id_tipo_pr":0,"ds_tipo_pr":null,"id_condica":0,"ds_condica":null,"id_zrp":null},"geometry":{"type":"MultiPoint","coordinates":[[-51.6809,-23.5223]]}},{"type":"Feature","properties":{"id":1293,"id_bem":1464,"identifica":"Pátio Ferroviário da Estação Central de Cruzeiro","co_iphan":"SP3513405BIED00004","no_logrado":"Engenheiro Antônio Penido","nu_logrado":"s/n","id_naturez":2,"ds_naturez":"Bem Imóvel","codigo_iph":"BI","id_classif":24,"ds_classif":"Arquitetura de transportes","id_tipo_be":8,"ds_tipo_be":"Edificação","sg_tipo_be":"ED","sintese_be":"Pátio Ferroviário da Estação Central de Cruzeiro, localizado no estado de São Paulo, cidade de Cruzeiro, é um Bem Imóvel, do tipo Edificação, com estado de conservação Regular e de preservação Pouco Alterado.","dt_cadastr":"2015-06-22Z","id_proteca":0,"id_tipo_pr":0,"ds_tipo_pr":null,"id_condica":0,"ds_condica":null,"id_zrp":null},"geometry":{"type":"MultiPoint","coordinates":[[-44.9574,-22.5785]]}},{"type":"Feature","properties":{"id":1295,"id_bem":2569,"identifica":"Rotunda","co_iphan":"SP3513405BIED00008","no_logrado":"Jorge Tibiriçá","nu_logrado":null,"id_naturez":2,"ds_naturez":"Bem Imóvel","codigo_iph":"BI","id_classif":24,"ds_classif":"Arquitetura de transportes","id_tipo_be":8,"ds_tipo_be":"Edificação","sg_tipo_be":"ED","sintese_be":"Rotunda, localizada no estado de São Paulo, cidade de Cruzeiro, é um Bem Imóvel, do tipo Edificação, com estado de conservação Regular e de preservação Pouco Alterado.","dt_cadastr":"2017-05-18Z","id_proteca":0,"id_tipo_pr":0,"ds_tipo_pr":null,"id_condica":0,"ds_condica":null,"id_zrp":null},"geometry":{"type":"MultiPoint","coordinates":[[-44.9615,-22.5841]]}},{"type":"Feature","properties":{"id":1306,"id_bem":2618,"identifica":"Área remanescente do terreno NBP 5000105-1   com 510,72 m²","co_iphan":"PR4112009BIED00002","no_logrado":"Getúlio Vargas","nu_logrado":"60","id_naturez":2,"ds_naturez":"Bem Imóvel","codigo_iph":"BI","id_classif":24,"ds_classif":"Arquitetura de transportes","id_tipo_be":8,"ds_tipo_be":"Edificação","sg_tipo_be":"ED","sintese_be":"Área remanescente do terreno NBP 5000105-1   com 510,72 m², localizado(a) no estado de Paraná, cidade(s) de Jaguariaíva, é um Bem Imóvel, do tipo Edificação, com estado de conservação Regular e de preservação Pouco Alterado.","dt_cadastr":"2017-05-22Z","id_proteca":0,"id_tipo_pr":0,"ds_tipo_pr":null,"id_condica":0,"ds_condica":null,"id_zrp":null},"geometry":{"type":"MultiPoint","coordinates":[[-49.7138,-24.2567]]}},{"type":"Feature","properties":{"id":1307,"id_bem":1537,"identifica":"Terreno da estação Ferroviária de Passa Quatro","co_iphan":"MG3147600BIED00011","no_logrado":"Arlíndo Luís","nu_logrado":"95","id_naturez":2,"ds_naturez":"Bem Imóvel","codigo_iph":"BI","id_classif":24,"ds_classif":"Arquitetura de transportes","id_tipo_be":8,"ds_tipo_be":"Edificação","sg_tipo_be":"ED","sintese_be":"Terreno da estação Ferroviária de Passa Quatro, localizado(a) no estado de Minas Gerais, cidade(s) de Passa Quatro, é um Bem Imóvel, do tipo Edificação, com estado de conservação Regular e de preservação Pouco Alterado.","dt_cadastr":"2015-06-23Z","id_proteca":0,"id_tipo_pr":0,"ds_tipo_pr":null,"id_condica":0,"ds_condica":null,"id_zrp":null},"geometry":{"type":"MultiPoint","coordinates":[[-44.9656,-22.3891]]}},{"type":"Feature","properties":{"id":1308,"id_bem":2635,"identifica":"Casa II","co_iphan":"PR4101408BIED00004","no_logrado":"(Confirmar Endereço)","nu_logrado":null,"id_naturez":2,"ds_naturez":"Bem Imóvel","codigo_iph":"BI","id_classif":24,"ds_classif":"Arquitetura de transportes","id_tipo_be":8,"ds_tipo_be":"Edificação","sg_tipo_be":"ED","sintese_be":"Casa II, localizado(a) no estado de Paraná, cidade(s) de Apucarana, é um Bem Imóvel, do tipo Edificação, com estado de conservação Regular e de preservação Pouco Alterado.","dt_cadastr":"2017-05-24Z","id_proteca":0,"id_tipo_pr":0,"ds_tipo_pr":null,"id_condica":0,"ds_condica":null,"id_zrp":null},"geometry":{"type":"MultiPoint","coordinates":[[-51.5366,-23.5615]]}},{"type":"Feature","properties":{"id":1315,"id_bem":2641,"identifica":"Edificação (Armazém)","co_iphan":"RJ3304201BIED00004","no_logrado":"(Confirmar Endereço)","nu_logrado":null,"id_naturez":2,"ds_naturez":"Bem Imóvel","codigo_iph":"BI","id_classif":24,"ds_classif":"Arquitetura de transportes","id_tipo_be":8,"ds_tipo_be":"Edificação","sg_tipo_be":"ED","sintese_be":"Edificação (Armazém) , localizado(a) no estado de Rio de Janeiro, cidade(s) de Resende, é um Bem Imóvel, do tipo Edificação, com estado de conservação Regular e de preservação Pouco Alterado.","dt_cadastr":"2017-05-24Z","id_proteca":0,"id_tipo_pr":0,"ds_tipo_pr":null,"id_condica":0,"ds_condica":null,"id_zrp":null},"geometry":{"type":"MultiPoint","coordinates":[[-44.6746,-22.505]]}},{"type":"Feature","properties":{"id":1317,"id_bem":2642,"identifica":"Terreno","co_iphan":"RJ3304201BIED00005","no_logrado":"(Confirmar Endereço)","nu_logrado":null,"id_naturez":2,"ds_naturez":"Bem Imóvel","codigo_iph":"BI","id_classif":24,"ds_classif":"Arquitetura de transportes","id_tipo_be":8,"ds_tipo_be":"Edificação","sg_tipo_be":"ED","sintese_be":"Terreno, localizado(a) no estado de Rio de Janeiro, cidade(s) de Resende, é um Bem Imóvel, do tipo Edificação, com estado de conservação Regular e de preservação Pouco Alterado.","dt_cadastr":"2017-05-24Z","id_proteca":0,"id_tipo_pr":0,"ds_tipo_pr":null,"id_condica":0,"ds_condica":null,"id_zrp":null},"geometry":{"type":"MultiPoint","coordinates":[[-44.4478,-22.4617]]}},{"type":"Feature","properties":{"id":1320,"id_bem":2644,"identifica":"Edificação (Carpintaria e Ferraria)","co_iphan":"RJ3304201BIED00007","no_logrado":"(Confirmar Endereço)","nu_logrado":null,"id_naturez":2,"ds_naturez":"Bem Imóvel","codigo_iph":"BI","id_classif":24,"ds_classif":"Arquitetura de transportes","id_tipo_be":8,"ds_tipo_be":"Edificação","sg_tipo_be":"ED","sintese_be":"Edificação (Carpintaria e Ferraria) , localizado(a) no estado de Rio de Janeiro, cidade(s) de Resende, é um Bem Imóvel, do tipo Edificação, com estado de conservação Regular e de preservação Pouco Alterado.","dt_cadastr":"2017-05-24Z","id_proteca":0,"id_tipo_pr":0,"ds_tipo_pr":null,"id_condica":0,"ds_condica":null,"id_zrp":null},"geometry":{"type":"MultiPoint","coordinates":[[-44.4475,-22.4611]]}},{"type":"Feature","properties":{"id":1322,"id_bem":2645,"identifica":"Edificação (Depósito e Banheiros)","co_iphan":"RJ3304201BIED00008","no_logrado":"(Confirmar Endereço)","nu_logrado":null,"id_naturez":2,"ds_naturez":"Bem Imóvel","codigo_iph":"BI","id_classif":24,"ds_classif":"Arquitetura de transportes","id_tipo_be":8,"ds_tipo_be":"Edificação","sg_tipo_be":"ED","sintese_be":"Edificação (Depósito e Banheiros) , localizado(a) no estado de Rio de Janeiro, cidade(s) de Resende, é um Bem Imóvel, do tipo Edificação, com estado de conservação Regular e de preservação Pouco Alterado.","dt_cadastr":"2017-05-24Z","id_proteca":0,"id_tipo_pr":0,"ds_tipo_pr":null,"id_condica":0,"ds_condica":null,"id_zrp":null},"geometry":{"type":"MultiPoint","coordinates":[[-44.4482,-22.4617]]}},{"type":"Feature","properties":{"id":1325,"id_bem":2634,"identifica":"Casa I","co_iphan":"PR4101408BIED00003","no_logrado":"(Confirmar Endereço)","nu_logrado":null,"id_naturez":2,"ds_naturez":"Bem Imóvel","codigo_iph":"BI","id_classif":24,"ds_classif":"Arquitetura de transportes","id_tipo_be":8,"ds_tipo_be":"Edificação","sg_tipo_be":"ED","sintese_be":"Casa I, localizado(a) no estado de Paraná, cidade(s) de Apucarana, é um Bem Imóvel, do tipo Edificação, com estado de conservação Regular e de preservação Pouco Alterado.","dt_cadastr":"2017-05-24Z","id_proteca":0,"id_tipo_pr":0,"ds_tipo_pr":null,"id_condica":0,"ds_condica":null,"id_zrp":null},"geometry":{"type":"MultiPoint","coordinates":[[-51.5381,-23.5625]]}},{"type":"Feature","properties":{"id":1327,"id_bem":1467,"identifica":"Prédio do antigo armazém da Carpintaria e Ferraria","co_iphan":"MG3162500BIED00008","no_logrado":"Hermílio Alves","nu_logrado":"462 - 600","id_naturez":2,"ds_naturez":"Bem Imóvel","codigo_iph":"BI","id_classif":24,"ds_classif":"Arquitetura de transportes","id_tipo_be":8,"ds_tipo_be":"Edificação","sg_tipo_be":"ED","sintese_be":"Prédio do antigo armazém da Carpintaria e Ferraria, localizado(a) no estado de Minas Gerais, cidade(s) de São João Del Rei, é um Bem Imóvel, do tipo Edificação, com estado de conservação Regular e de preservação Pouco Alterado.","dt_cadastr":"2015-06-22Z","id_proteca":0,"id_tipo_pr":0,"ds_tipo_pr":null,"id_condica":0,"ds_condica":null,"id_zrp":null},"geometry":{"type":"MultiPoint","coordinates":[[-44.2544,-21.1325]]}},{"type":"Feature","properties":{"id":1328,"id_bem":2636,"identifica":"Casa III","co_iphan":"PR4101408BIED00005","no_logrado":"(Confirmar Endereço)","nu_logrado":null,"id_naturez":2,"ds_naturez":"Bem Imóvel","codigo_iph":"BI","id_classif":24,"ds_classif":"Arquitetura de transportes","id_tipo_be":8,"ds_tipo_be":"Edificação","sg_tipo_be":"ED","sintese_be":"Casa III, localizado(a) no estado de Paraná, cidade(s) de Apucarana, é um Bem Imóvel, do tipo Edificação, com estado de conservação Regular e de preservação Pouco Alterado.","dt_cadastr":"2017-05-24Z","id_proteca":0,"id_tipo_pr":0,"ds_tipo_pr":null,"id_condica":0,"ds_condica":null,"id_zrp":null},"geometry":{"type":"MultiPoint","coordinates":[[-51.5366,-23.5615]]}},{"type":"Feature","properties":{"id":1330,"id_bem":2638,"identifica":"Terreno","co_iphan":"RJ3304201BIED00001","no_logrado":"(Confirmar Endereço)","nu_logrado":null,"id_naturez":2,"ds_naturez":"Bem Imóvel","codigo_iph":"BI","id_classif":24,"ds_classif":"Arquitetura de transportes","id_tipo_be":8,"ds_tipo_be":"Edificação","sg_tipo_be":"ED","sintese_be":"Terreno , localizado(a) no estado de Rio de Janeiro, cidade(s) de Resende, é um Bem Imóvel, do tipo Edificação, com estado de conservação Regular e de preservação Pouco Alterado.","dt_cadastr":"2017-05-24Z","id_proteca":0,"id_tipo_pr":0,"ds_tipo_pr":null,"id_condica":0,"ds_condica":null,"id_zrp":null},"geometry":{"type":"MultiPoint","coordinates":[[-44.6737,-22.5044]]}},{"type":"Feature","properties":{"id":1332,"id_bem":2643,"identifica":"Edificação situada no Pátio de Agulhas Negras (Estação Agulhas Negras), 80%","co_iphan":"RJ3304201BIED00006","no_logrado":"(Confirmar Endereço)","nu_logrado":null,"id_naturez":2,"ds_naturez":"Bem Imóvel","codigo_iph":"BI","id_classif":24,"ds_classif":"Arquitetura de transportes","id_tipo_be":8,"ds_tipo_be":"Edificação","sg_tipo_be":"ED","sintese_be":"Edificação situada no Pátio de Agulhas Negras (Estação Agulhas Negras), 80% , localizado(a) no estado de Rio de Janeiro, cidade(s) de Resende, é um Bem Imóvel, do tipo Edificação, com estado de conservação Regular e de preservação Pouco Alte","dt_cadastr":"2017-05-24Z","id_proteca":0,"id_tipo_pr":0,"ds_tipo_pr":null,"id_condica":0,"ds_condica":null,"id_zrp":null},"geometry":{"type":"MultiPoint","coordinates":[[-44.4486,-22.4617]]}},{"type":"Feature","properties":{"id":1334,"id_bem":2646,"identifica":"Edificação (Antigo Almoxarifado 317)","co_iphan":"RJ3304201BIED00009","no_logrado":"(Confirmar Endereço)","nu_logrado":null,"id_naturez":2,"ds_naturez":"Bem Imóvel","codigo_iph":"BI","id_classif":24,"ds_classif":"Arquitetura de transportes","id_tipo_be":8,"ds_tipo_be":"Edificação","sg_tipo_be":"ED","sintese_be":"Edificação (Antigo Almoxarifado 317), localizado(a) no estado de Rio de Janeiro, cidade(s) de Resende, é um Bem Imóvel, do tipo Edificação, com estado de conservação Regular e de preservação Pouco Alterado.","dt_cadastr":"2017-05-24Z","id_proteca":0,"id_tipo_pr":0,"ds_tipo_pr":null,"id_condica":0,"ds_condica":null,"id_zrp":null},"geometry":{"type":"MultiPoint","coordinates":[[-44.4498,-22.4614]]}},{"type":"Feature","properties":{"id":1339,"id_bem":1452,"identifica":"Antiga Subestação de Sumaré","co_iphan":"SP3552403BIED00001","no_logrado":"Antônio Jorge Chebab","nu_logrado":"s/n","id_naturez":2,"ds_naturez":"Bem Imóvel","codigo_iph":"BI","id_classif":24,"ds_classif":"Arquitetura de transportes","id_tipo_be":8,"ds_tipo_be":"Edificação","sg_tipo_be":"ED","sintese_be":"Antiga Subestação de Sumaré, localizado(a) no estado de São Paulo, cidade(s) de Sumaré, é um Bem Imóvel, do tipo Edificação, com estado de conservação Regular e de preservação Pouco Alterado.","dt_cadastr":"2015-06-22Z","id_proteca":0,"id_tipo_pr":0,"ds_tipo_pr":null,"id_condica":0,"ds_condica":null,"id_zrp":null},"geometry":{"type":"MultiPoint","coordinates":[[-47.2628,-22.8237]]}},{"type":"Feature","properties":{"id":1352,"id_bem":2394,"identifica":"Casa do Agente Ferroviário","co_iphan":"MG3112000BIED00002","no_logrado":"Getúlio Vargas","nu_logrado":null,"id_naturez":2,"ds_naturez":"Bem Imóvel","codigo_iph":"BI","id_classif":24,"ds_classif":"Arquitetura de transportes","id_tipo_be":8,"ds_tipo_be":"Edificação","sg_tipo_be":"ED","sintese_be":"Casa do Agente Ferroviário, localizado(a) no estado de Minas Gerais, cidade(s) de Candeias, é um Bem Imóvel, do tipo Edificação, com estado de conservação Regular e de preservação Pouco Alterado.","dt_cadastr":"2017-04-04Z","id_proteca":0,"id_tipo_pr":0,"ds_tipo_pr":null,"id_condica":0,"ds_condica":null,"id_zrp":null},"geometry":{"type":"MultiPoint","coordinates":[[-45.2759,-20.7743]]}},{"type":"Feature","properties":{"id":1353,"id_bem":1374,"identifica":"Armazém de alvenaria, edificado sobre o Terreno 9","co_iphan":"PR4122404BIED00002","no_logrado":"Presidente Bernardes","nu_logrado":"809","id_naturez":2,"ds_naturez":"Bem Imóvel","codigo_iph":"BI","id_classif":24,"ds_classif":"Arquitetura de transportes","id_tipo_be":8,"ds_tipo_be":"Edificação","sg_tipo_be":"ED","sintese_be":"Armazém de alvenaria com área de 277,20 m², edificado sobre o Terreno 9 - NBP 5003617 com área de 4., localizado(a) no estado de Paraná, cidade(s) de Rolândia, é um Bem Imóvel, do tipo Edificação, com estado de conservação Regular e de preser","dt_cadastr":"2015-06-22Z","id_proteca":0,"id_tipo_pr":0,"ds_tipo_pr":null,"id_condica":0,"ds_condica":null,"id_zrp":null},"geometry":{"type":"MultiPoint","coordinates":[[-51.3664,-23.3149]]}},{"type":"Feature","properties":{"id":1355,"id_bem":2567,"identifica":"Terreno I","co_iphan":"SP3513405BIED00006","no_logrado":"Capitão Neco","nu_logrado":null,"id_naturez":2,"ds_naturez":"Bem Imóvel","codigo_iph":"BI","id_classif":24,"ds_classif":"Arquitetura de transportes","id_tipo_be":8,"ds_tipo_be":"Edificação","sg_tipo_be":"ED","sintese_be":"Terreno I, localizado(a) no estado de São Paulo, cidade(s) de Cruzeiro, é um Bem Imóvel, do tipo Edificação, com estado de conservação Regular e de preservação Pouco Alterado.","dt_cadastr":"2017-05-18Z","id_proteca":0,"id_tipo_pr":0,"ds_tipo_pr":null,"id_condica":0,"ds_condica":null,"id_zrp":null},"geometry":{"type":"MultiPoint","coordinates":[[-44.9577,-22.5797]]}},{"type":"Feature","properties":{"id":1357,"id_bem":2552,"identifica":"Casa de madeira com 67,00m²","co_iphan":"PR4119400BIED00002","no_logrado":"José Fanchin","nu_logrado":"110","id_naturez":2,"ds_naturez":"Bem Imóvel","codigo_iph":"BI","id_classif":24,"ds_classif":"Arquitetura de transportes","id_tipo_be":8,"ds_tipo_be":"Edificação","sg_tipo_be":"ED","sintese_be":"Casa de madeira com 67,00m², localizado(a) no estado de Paraná, cidade(s) de Piraí do Sul, é um Bem Imóvel, do tipo Edificação, com estado de conservação Regular e de preservação Pouco Alterado.","dt_cadastr":"2017-04-27Z","id_proteca":0,"id_tipo_pr":0,"ds_tipo_pr":null,"id_condica":0,"ds_condica":null,"id_zrp":null},"geometry":{"type":"MultiPoint","coordinates":[[-49.9457,-24.5275]]}},{"type":"Feature","properties":{"id":1363,"id_bem":2633,"identifica":"Estação Ferroviária de Pirapó","co_iphan":"PR4101408BIED00002","no_logrado":"(Confirmar Endereço)","nu_logrado":null,"id_naturez":2,"ds_naturez":"Bem Imóvel","codigo_iph":"BI","id_classif":24,"ds_classif":"Arquitetura de transportes","id_tipo_be":8,"ds_tipo_be":"Edificação","sg_tipo_be":"ED","sintese_be":"Estação Ferroviária de Pirapó, localizado(a) no estado de Paraná, cidade(s) de Apucarana, é um Bem Imóvel, do tipo Edificação, com estado de conservação Regular e de preservação Pouco Alterado.","dt_cadastr":"2017-05-24Z","id_proteca":0,"id_tipo_pr":0,"ds_tipo_pr":null,"id_condica":0,"ds_condica":null,"id_zrp":null},"geometry":{"type":"MultiPoint","coordinates":[[-51.5371,-23.5621]]}},{"type":"Feature","properties":{"id":1374,"id_bem":2403,"identifica":"Galpão para seção de carros e vagões-Complexo Ferroviário","co_iphan":"MG3162500BIED00019","no_logrado":"Hermílio Alves","nu_logrado":"462-600","id_naturez":2,"ds_naturez":"Bem Imóvel","codigo_iph":"BI","id_classif":24,"ds_classif":"Arquitetura de transportes","id_tipo_be":8,"ds_tipo_be":"Edificação","sg_tipo_be":"ED","sintese_be":"Galpão para seção de carros e vagões , localizado(a) no estado de Minas Gerais, cidade(s) de São João Del Rei, é um Bem Imóvel, do tipo Edificação, com estado de conservação Regular e de preservação Pouco Alterado.","dt_cadastr":"2017-04-04Z","id_proteca":0,"id_tipo_pr":0,"ds_tipo_pr":null,"id_condica":0,"ds_condica":null,"id_zrp":null},"geometry":{"type":"MultiPoint","coordinates":[[-44.2565,-21.1328]]}},{"type":"Feature","properties":{"id":1377,"id_bem":2568,"identifica":"Terreno II","co_iphan":"SP3513405BIED00007","no_logrado":"Capitão Neco","nu_logrado":null,"id_naturez":2,"ds_naturez":"Bem Imóvel","codigo_iph":"BI","id_classif":24,"ds_classif":"Arquitetura de transportes","id_tipo_be":8,"ds_tipo_be":"Edificação","sg_tipo_be":"ED","sintese_be":"Terreno II, localizado(a) no estado de São Paulo, cidade(s) de Cruzeiro, é um Bem Imóvel, do tipo Edificação, com estado de conservação Regular e de preservação Pouco Alterado.","dt_cadastr":"2017-05-18Z","id_proteca":0,"id_tipo_pr":0,"ds_tipo_pr":null,"id_condica":0,"ds_condica":null,"id_zrp":null},"geometry":{"type":"MultiPoint","coordinates":[[-44.9594,-22.5842]]}},{"type":"Feature","properties":{"id":1385,"id_bem":1680,"identifica":"Estação Ferroviária de Ibiporã","co_iphan":"PR4109807BIED00001","no_logrado":"Maria de Meneses","nu_logrado":"2","id_naturez":2,"ds_naturez":"Bem Imóvel","codigo_iph":"BI","id_classif":24,"ds_classif":"Arquitetura de transportes","id_tipo_be":8,"ds_tipo_be":"Edificação","sg_tipo_be":"ED","sintese_be":"Estação Ferroviária de Ibiporã, localizado(a) no estado de Paraná, cidade(s) de Ibiporã, é um Bem Imóvel, do tipo Edificação, com estado de conservação Regular e de preservação Pouco Alterado.","dt_cadastr":"2015-06-24Z","id_proteca":0,"id_tipo_pr":0,"ds_tipo_pr":null,"id_condica":0,"ds_condica":null,"id_zrp":null},"geometry":{"type":"MultiPoint","coordinates":[[-51.0436,-23.2714]]}},{"type":"Feature","properties":{"id":1394,"id_bem":1475,"identifica":"Pátio da Estação Ferroviária de Chagas Dória","co_iphan":"MG3162500BIED00012","no_logrado":"Dr. Elói Réis","nu_logrado":"229 - 375","id_naturez":2,"ds_naturez":"Bem Imóvel","codigo_iph":"BI","id_classif":24,"ds_classif":"Arquitetura de transportes","id_tipo_be":8,"ds_tipo_be":"Edificação","sg_tipo_be":"ED","sintese_be":"Pátio da Estação Ferroviária de Chagas Dória, localizado(a) no estado de Minas Gerais, cidade(s) de São João Del Rei, é um Bem Imóvel, do tipo Edificação, com estado de conservação Regular e de preservação Pouco Alterado.","dt_cadastr":"2015-06-22Z","id_proteca":0,"id_tipo_pr":0,"ds_tipo_pr":null,"id_condica":0,"ds_condica":null,"id_zrp":null},"geometry":{"type":"MultiPoint","coordinates":[[-44.2422,-21.1277]]}},{"type":"Feature","properties":{"id":1400,"id_bem":1643,"identifica":"Casa de alvenaria, edificada sobre o Terreno 7","co_iphan":"PR4122404BIED00005","no_logrado":"Getúlio Vargas","nu_logrado":"S/N","id_naturez":2,"ds_naturez":"Bem Imóvel","codigo_iph":"BI","id_classif":24,"ds_classif":"Arquitetura de transportes","id_tipo_be":8,"ds_tipo_be":"Edificação","sg_tipo_be":"ED","sintese_be":"Casa de alvenaria, edificada sobre o Terreno 7, localizado(a) no estado de Paraná, cidade(s) de Rolândia, é um Bem Imóvel, do tipo Edificação, com estado de conservação Regular e de preservação Pouco Alterado.","dt_cadastr":"2015-06-24Z","id_proteca":0,"id_tipo_pr":0,"ds_tipo_pr":null,"id_condica":0,"ds_condica":null,"id_zrp":null},"geometry":{"type":"MultiPoint","coordinates":[[-51.3811,-23.32]]}},{"type":"Feature","properties":{"id":1403,"id_bem":1691,"identifica":"Terreno","co_iphan":"PR4101408BIED00001","no_logrado":"Centro Cívico José de Oliveira Rosa","nu_logrado":"25","id_naturez":2,"ds_naturez":"Bem Imóvel","codigo_iph":"BI","id_classif":24,"ds_classif":"Arquitetura de transportes","id_tipo_be":8,"ds_tipo_be":"Edificação","sg_tipo_be":"ED","sintese_be":"Terreno, localizado(a) no estado de Paraná, cidade(s) de Apucarana, é um Bem Imóvel, do tipo Edificação, com estado de conservação Regular e de preservação Pouco Alterado.","dt_cadastr":"2015-06-24Z","id_proteca":0,"id_tipo_pr":0,"ds_tipo_pr":null,"id_condica":0,"ds_condica":null,"id_zrp":null},"geometry":{"type":"MultiPoint","coordinates":[[-51.4676,-23.5539]]}},{"type":"Feature","properties":{"id":1408,"id_bem":2640,"identifica":"Edificação (Estação de Engenheiro Passos)","co_iphan":"RJ3304201BIED00003","no_logrado":"(Confirmar Endereço)","nu_logrado":null,"id_naturez":2,"ds_naturez":"Bem Imóvel","codigo_iph":"BI","id_classif":24,"ds_classif":"Arquitetura de transportes","id_tipo_be":8,"ds_tipo_be":"Edificação","sg_tipo_be":"ED","sintese_be":"Edificação (Estação de Engenheiro Passos) 60%, localizado(a) no estado de Rio de Janeiro, cidade(s) de Resende, é um Bem Imóvel, do tipo Edificação, com estado de conservação Regular e de preservação Pouco Alterado.","dt_cadastr":"2017-05-24Z","id_proteca":0,"id_tipo_pr":0,"ds_tipo_pr":null,"id_condica":0,"ds_condica":null,"id_zrp":null},"geometry":{"type":"MultiPoint","coordinates":[[-44.6749,-22.5048]]}},{"type":"Feature","properties":{"id":1414,"id_bem":1457,"identifica":"Estação Ferroviária de Ribeirão Preto","co_iphan":"SP3543402BIED00001","no_logrado":"Mogiana","nu_logrado":"S/N","id_naturez":2,"ds_naturez":"Bem Imóvel","codigo_iph":"BI","id_classif":24,"ds_classif":"Arquitetura de transportes","id_tipo_be":8,"ds_tipo_be":"Edificação","sg_tipo_be":"ED","sintese_be":"Estação Ferroviária de Ribeirão Preto, localizado(a) no estado de São Paulo, cidade(s) de Ribeirão Preto, é um Bem Imóvel, do tipo Edificação, com estado de conservação Regular e de preservação Pouco Alterado.","dt_cadastr":"2015-06-22Z","id_proteca":0,"id_tipo_pr":0,"ds_tipo_pr":null,"id_condica":0,"ds_condica":null,"id_zrp":null},"geometry":{"type":"MultiPoint","coordinates":[[-47.784,-21.1491]]}},{"type":"Feature","properties":{"id":1415,"id_bem":1434,"identifica":"Terreno da Estação Ferroviária de Manacá","co_iphan":"MG3147600BIED00005","no_logrado":"Lua Crescente","nu_logrado":"S/N","id_naturez":2,"ds_naturez":"Bem Imóvel","codigo_iph":"BI","id_classif":24,"ds_classif":"Arquitetura de transportes","id_tipo_be":8,"ds_tipo_be":"Edificação","sg_tipo_be":"ED","sintese_be":"Terreno da Estação Ferroviária de Manacá, localizado(a) no estado de Minas Gerais, cidade(s) de Passa Quatro, é um Bem Imóvel, do tipo Edificação, com estado de conservação Regular e de preservação Pouco Alterado.","dt_cadastr":"2015-06-22Z","id_proteca":0,"id_tipo_pr":0,"ds_tipo_pr":null,"id_condica":0,"ds_condica":null,"id_zrp":null},"geometry":{"type":"MultiPoint","coordinates":[[-44.9831,-22.4153]]}},{"type":"Feature","properties":{"id":1417,"id_bem":1458,"identifica":"Estação Ferroviária do Perequê","co_iphan":"SP3513405BIED00001","no_logrado":"Capitão Neco","nu_logrado":"118","id_naturez":2,"ds_naturez":"Bem Imóvel","codigo_iph":"BI","id_classif":24,"ds_classif":"Arquitetura de transportes","id_tipo_be":8,"ds_tipo_be":"Edificação","sg_tipo_be":"ED","sintese_be":"Estação Ferroviária do Perequê, localizado(a) no estado de São Paulo, cidade(s) de Cruzeiro, é um Bem Imóvel, do tipo Edificação, com estado de conservação Regular e de preservação Pouco Alterado.","dt_cadastr":"2015-06-22Z","id_proteca":0,"id_tipo_pr":0,"ds_tipo_pr":null,"id_condica":0,"ds_condica":null,"id_zrp":null},"geometry":{"type":"MultiPoint","coordinates":[[-45.0008,-22.5031]]}},{"type":"Feature","properties":{"id":1418,"id_bem":1635,"identifica":"Estação Ferroviária de Lídice","co_iphan":"RJ3304409BIED00001","no_logrado":"Ferroviário","nu_logrado":"Km 45,996","id_naturez":2,"ds_naturez":"Bem Imóvel","codigo_iph":"BI","id_classif":24,"ds_classif":"Arquitetura de transportes","id_tipo_be":8,"ds_tipo_be":"Edificação","sg_tipo_be":"ED","sintese_be":"Estação Ferroviária de Lídice, localizado(a) no estado de Rio de Janeiro, cidade(s) de Rio Claro, é um Bem Imóvel, do tipo Edificação, com estado de conservação Regular e de preservação Pouco Alterado.","dt_cadastr":"2015-06-24Z","id_proteca":0,"id_tipo_pr":0,"ds_tipo_pr":null,"id_condica":0,"ds_condica":null,"id_zrp":null},"geometry":{"type":"MultiPoint","coordinates":[[-44.2053,-22.8273]]}},{"type":"Feature","properties":{"id":1422,"id_bem":1450,"identifica":"Estação Ferroviária de São José do Rio Preto","co_iphan":"SP3549805BIED00001","no_logrado":"Roberto Andaló","nu_logrado":"50/60","id_naturez":2,"ds_naturez":"Bem Imóvel","codigo_iph":"BI","id_classif":24,"ds_classif":"Arquitetura de transportes","id_tipo_be":8,"ds_tipo_be":"Edificação","sg_tipo_be":"ED","sintese_be":"Estação Ferroviária de São José do Rio Preto, localizado(a) no estado de São Paulo, cidade(s) de São José do Rio Preto, é um Bem Imóvel, do tipo Edificação, com estado de conservação Regular e de preservação Pouco Alterado.","dt_cadastr":"2015-06-22Z","id_proteca":0,"id_tipo_pr":0,"ds_tipo_pr":null,"id_condica":0,"ds_condica":null,"id_zrp":null},"geometry":{"type":"MultiPoint","coordinates":[[-49.3773,-20.8086]]}},{"type":"Feature","properties":{"id":1428,"id_bem":1407,"identifica":"Armazém","co_iphan":"MG3156908BIED00001","no_logrado":"Sem Nome","nu_logrado":"S/N","id_naturez":2,"ds_naturez":"Bem Imóvel","codigo_iph":"BI","id_classif":24,"ds_classif":"Arquitetura de transportes","id_tipo_be":8,"ds_tipo_be":"Edificação","sg_tipo_be":"ED","sintese_be":"Armazém, localizado(a) no estado de Minas Gerais, cidade(s) de Sacramento, é um Bem Imóvel, do tipo Edificação, com estado de conservação Regular e de preservação Pouco Alterado.","dt_cadastr":"2015-06-22Z","id_proteca":0,"id_tipo_pr":0,"ds_tipo_pr":null,"id_condica":0,"ds_condica":null,"id_zrp":null},"geometry":{"type":"MultiPoint","coordinates":[[-47.4802,-19.9558]]}},{"type":"Feature","properties":{"id":1453,"id_bem":1716,"identifica":"Antiga Estação Ferroviária de Avaré","co_iphan":"SP3504503BIED00001","no_logrado":"Engenheiro Müler","nu_logrado":"48 - 88","id_naturez":2,"ds_naturez":"Bem Imóvel","codigo_iph":"BI","id_classif":24,"ds_classif":"Arquitetura de transportes","id_tipo_be":8,"ds_tipo_be":"Edificação","sg_tipo_be":"ED","sintese_be":"Antiga Estação Ferroviária de Avaré, localizado(a) no estado de São Paulo, cidade(s) de Avaré, é um Bem Imóvel, do tipo Edificação, com estado de conservação Regular e de preservação Pouco Alterado.","dt_cadastr":"2015-11-10Z","id_proteca":0,"id_tipo_pr":0,"ds_tipo_pr":null,"id_condica":0,"ds_condica":null,"id_zrp":null},"geometry":{"type":"MultiPoint","coordinates":[[-48.9165,-23.0976]]}},{"type":"Feature","properties":{"id":1454,"id_bem":1642,"identifica":"Edificação da Estação Ferroviária de Rolândia","co_iphan":"PR4122404BIED00004","no_logrado":"Presidente Getúlio Vargas","nu_logrado":"S/N","id_naturez":2,"ds_naturez":"Bem Imóvel","codigo_iph":"BI","id_classif":24,"ds_classif":"Arquitetura de transportes","id_tipo_be":8,"ds_tipo_be":"Edificação","sg_tipo_be":"ED","sintese_be":"Edificação da Estação Ferroviária de Rolândia, localizado(a) no estado de Paraná, cidade(s) de Rolândia, é um Bem Imóvel, do tipo Edificação, com estado de conservação Regular e de preservação Pouco Alterado.","dt_cadastr":"2015-06-24Z","id_proteca":0,"id_tipo_pr":0,"ds_tipo_pr":null,"id_condica":0,"ds_condica":null,"id_zrp":null},"geometry":{"type":"MultiPoint","coordinates":[[-51.3701,-23.3099]]}},{"type":"Feature","properties":{"id":1464,"id_bem":1411,"identifica":"Estação Ferroviária de Santanense","co_iphan":"MG3133808BIED00001","no_logrado":"Albino Santos","nu_logrado":"S/N","id_naturez":2,"ds_naturez":"Bem Imóvel","codigo_iph":"BI","id_classif":24,"ds_classif":"Arquitetura de transportes","id_tipo_be":8,"ds_tipo_be":"Edificação","sg_tipo_be":"ED","sintese_be":"Estação Ferroviária de Santanense, localizado(a) no estado de Minas Gerais, cidade(s) de Itaúna, é um Bem Imóvel, do tipo Edificação, com estado de conservação Regular e de preservação Pouco Alterado.","dt_cadastr":"2015-06-22Z","id_proteca":0,"id_tipo_pr":0,"ds_tipo_pr":null,"id_condica":0,"ds_condica":null,"id_zrp":null},"geometry":{"type":"MultiPoint","coordinates":[[-44.6054,-20.0742]]}},{"type":"Feature","properties":{"id":1468,"id_bem":1652,"identifica":"Estação Ferroviária de Castro","co_iphan":"PR4104907BIED00001","no_logrado":"Miguel Couto","nu_logrado":"S/N","id_naturez":2,"ds_naturez":"Bem Imóvel","codigo_iph":"BI","id_classif":24,"ds_classif":"Arquitetura de transportes","id_tipo_be":8,"ds_tipo_be":"Edificação","sg_tipo_be":"ED","sintese_be":"Estação Ferroviária de Castro, localizado(a) no estado de Paraná, cidade(s) de Castro, é um Bem Imóvel, do tipo Edificação, com estado de conservação Regular e de preservação Pouco Alterado.","dt_cadastr":"2015-06-24Z","id_proteca":0,"id_tipo_pr":0,"ds_tipo_pr":null,"id_condica":0,"ds_condica":null,"id_zrp":null},"geometry":{"type":"MultiPoint","coordinates":[[-50.0005,-24.7911]]}},{"type":"Feature","properties":{"id":1489,"id_bem":1379,"identifica":"Estação Ferroviária de Santa Mariana","co_iphan":"PR4123907BIED00002","no_logrado":"Liberato Spagolla","nu_logrado":"S/N","id_naturez":2,"ds_naturez":"Bem Imóvel","codigo_iph":"BI","id_classif":24,"ds_classif":"Arquitetura de transportes","id_tipo_be":8,"ds_tipo_be":"Edificação","sg_tipo_be":"ED","sintese_be":"Estação Ferroviária de Santa Mariana, localizado(a) no estado de Paraná, cidade(s) de Santa Mariana, é um Bem Imóvel, do tipo Edificação, com estado de conservação Regular e de preservação Pouco Alterado.","dt_cadastr":"2015-06-22Z","id_proteca":0,"id_tipo_pr":0,"ds_tipo_pr":null,"id_condica":0,"ds_condica":null,"id_zrp":null},"geometry":{"type":"MultiPoint","coordinates":[[-50.5225,-23.1452]]}},{"type":"Feature","properties":{"id":1490,"id_bem":1456,"identifica":"Estação Ferroviária de Bugios","co_iphan":"MG3126109BIED00004","no_logrado":"Sem Nome","nu_logrado":"S/N","id_naturez":2,"ds_naturez":"Bem Imóvel","codigo_iph":"BI","id_classif":24,"ds_classif":"Arquitetura de transportes","id_tipo_be":8,"ds_tipo_be":"Edificação","sg_tipo_be":"ED","sintese_be":"Estação Ferroviária de Bugios, localizado(a) no estado de Minas Gerais, cidade(s) de Formiga, é um Bem Imóvel, do tipo Edificação, com estado de conservação Regular e de preservação Pouco Alterado.","dt_cadastr":"2015-06-22Z","id_proteca":0,"id_tipo_pr":0,"ds_tipo_pr":null,"id_condica":0,"ds_condica":null,"id_zrp":null},"geometry":{"type":"MultiPoint","coordinates":[[-45.3771,-20.6672]]}},{"type":"Feature","properties":{"id":1492,"id_bem":1433,"identifica":"Terreno da Estação Ferroviária de Coronel Fulgêncio","co_iphan":"MG3147600BIED00004","no_logrado":"Divisória","nu_logrado":"S/N","id_naturez":2,"ds_naturez":"Bem Imóvel","codigo_iph":"BI","id_classif":24,"ds_classif":"Arquitetura de transportes","id_tipo_be":8,"ds_tipo_be":"Edificação","sg_tipo_be":"ED","sintese_be":"Terreno da Estação Ferroviária de Coronel Fulgêncio, localizado(a) no estado de Minas Gerais, cidade(s) de Passa Quatro, é um Bem Imóvel, do tipo Edificação, com estado de conservação Regular e de preservação Pouco Alterado.","dt_cadastr":"2015-06-22Z","id_proteca":0,"id_tipo_pr":0,"ds_tipo_pr":null,"id_condica":0,"ds_condica":null,"id_zrp":null},"geometry":{"type":"MultiPoint","coordinates":[[-45.0011,-22.461]]}},{"type":"Feature","properties":{"id":1493,"id_bem":2404,"identifica":"Instalação Sanitária-Complexo Ferroviário","co_iphan":"MG3162500BIED00020","no_logrado":"Hermílio Alves","nu_logrado":"462-600","id_naturez":2,"ds_naturez":"Bem Imóvel","codigo_iph":"BI","id_classif":24,"ds_classif":"Arquitetura de transportes","id_tipo_be":8,"ds_tipo_be":"Edificação","sg_tipo_be":"ED","sintese_be":"Instalação Sanitária , localizado(a) no estado de Minas Gerais, cidade(s) de São João Del Rei, é um Bem Imóvel, do tipo Edificação, com estado de conservação Regular e de preservação Pouco Alterado.","dt_cadastr":"2017-04-04Z","id_proteca":0,"id_tipo_pr":0,"ds_tipo_pr":null,"id_condica":0,"ds_condica":null,"id_zrp":null},"geometry":{"type":"MultiPoint","coordinates":[[-44.2563,-21.1329]]}},{"type":"Feature","properties":{"id":1496,"id_bem":1489,"identifica":"Estação Ferroviária de Itumirim","co_iphan":"MG3134301BIED00001","no_logrado":"Governador Valadares","nu_logrado":"2 - 26","id_naturez":2,"ds_naturez":"Bem Imóvel","codigo_iph":"BI","id_classif":24,"ds_classif":"Arquitetura de transportes","id_tipo_be":8,"ds_tipo_be":"Edificação","sg_tipo_be":"ED","sintese_be":"Estação Ferroviária de Itumirim, localizado(a) no estado de Minas Gerais, cidade(s) de Itumirim, é um Bem Imóvel, do tipo Edificação, com estado de conservação Regular e de preservação Pouco Alterado.","dt_cadastr":"2015-06-22Z","id_proteca":0,"id_tipo_pr":0,"ds_tipo_pr":null,"id_condica":0,"ds_condica":null,"id_zrp":null},"geometry":{"type":"MultiPoint","coordinates":[[-44.8693,-21.3176]]}},{"type":"Feature","properties":{"id":1497,"id_bem":1460,"identifica":"Estação de Monte Belo","co_iphan":"MG3143005BIED00001","no_logrado":"Quinze de Novembro","nu_logrado":"S/N","id_naturez":2,"ds_naturez":"Bem Imóvel","codigo_iph":"BI","id_classif":24,"ds_classif":"Arquitetura de transportes","id_tipo_be":8,"ds_tipo_be":"Edificação","sg_tipo_be":"ED","sintese_be":"Estação de Monte Belo, localizado(a) no estado de Minas Gerais, cidade(s) de Monte Belo, é um Bem Imóvel, do tipo Edificação, com estado de conservação Regular e de preservação Pouco Alterado.","dt_cadastr":"2015-06-22Z","id_proteca":0,"id_tipo_pr":0,"ds_tipo_pr":null,"id_condica":0,"ds_condica":null,"id_zrp":null},"geometry":{"type":"MultiPoint","coordinates":[[-46.37,-21.3251]]}},{"type":"Feature","properties":{"id":1498,"id_bem":1429,"identifica":"Estação Ferroviária","co_iphan":"MG3165305BIED00001","no_logrado":"Mal Floriano Peixoto","nu_logrado":null,"id_naturez":2,"ds_naturez":"Bem Imóvel","codigo_iph":"BI","id_classif":24,"ds_classif":"Arquitetura de transportes","id_tipo_be":8,"ds_tipo_be":"Edificação","sg_tipo_be":"ED","sintese_be":"Estação Ferroviária, localizado(a) no estado de Minas Gerais, cidade(s) de São Vicente de Minas, é um Bem Imóvel, do tipo Edificação, com estado de conservação Regular e de preservação Pouco Alterado.","dt_cadastr":"2015-06-22Z","id_proteca":0,"id_tipo_pr":0,"ds_tipo_pr":null,"id_condica":0,"ds_condica":null,"id_zrp":null},"geometry":{"type":"MultiPoint","coordinates":[[-44.439,-21.6996]]}},{"type":"Feature","properties":{"id":1503,"id_bem":1394,"identifica":"Estação Ferroviária de Juatuba","co_iphan":"MG3136652BIED00001","no_logrado":"José S. D. Resende","nu_logrado":"51","id_naturez":2,"ds_naturez":"Bem Imóvel","codigo_iph":"BI","id_classif":24,"ds_classif":"Arquitetura de transportes","id_tipo_be":8,"ds_tipo_be":"Edificação","sg_tipo_be":"ED","sintese_be":"Estação Ferroviária de Juatuba, localizado(a) no estado de Minas Gerais, cidade(s) de Juatuba, é um Bem Imóvel, do tipo Edificação, com estado de conservação Regular e de preservação Pouco Alterado.","dt_cadastr":"2015-06-22Z","id_proteca":0,"id_tipo_pr":0,"ds_tipo_pr":null,"id_condica":0,"ds_condica":null,"id_zrp":null},"geometry":{"type":"MultiPoint","coordinates":[[-44.3441,-19.9508]]}},{"type":"Feature","properties":{"id":1505,"id_bem":2406,"identifica":"Guarita para guarda - chaves-Complexo Ferroviário","co_iphan":"MG3162500BIED00022","no_logrado":"Hermílio Alves","nu_logrado":"462-600","id_naturez":2,"ds_naturez":"Bem Imóvel","codigo_iph":"BI","id_classif":24,"ds_classif":"Arquitetura de transportes","id_tipo_be":8,"ds_tipo_be":"Edificação","sg_tipo_be":"ED","sintese_be":"Guarita para guarda - chaves , localizado(a) no estado de Minas Gerais, cidade(s) de São João Del Rei, é um Bem Imóvel, do tipo Edificação, com estado de conservação Regular e de preservação Pouco Alterado.","dt_cadastr":"2017-04-04Z","id_proteca":0,"id_tipo_pr":0,"ds_tipo_pr":null,"id_condica":0,"ds_condica":null,"id_zrp":null},"geometry":{"type":"MultiPoint","coordinates":[[-44.2565,-21.1328]]}},{"type":"Feature","properties":{"id":1506,"id_bem":1427,"identifica":"Estação Ferroviária de Passa Quatro","co_iphan":"MG3147600BIED00001","no_logrado":"Paulo Frontin","nu_logrado":"80","id_naturez":2,"ds_naturez":"Bem Imóvel","codigo_iph":"BI","id_classif":24,"ds_classif":"Arquitetura de transportes","id_tipo_be":8,"ds_tipo_be":"Edificação","sg_tipo_be":"ED","sintese_be":"Estação Ferroviária de Passa Quatro, localizado(a) no estado de Minas Gerais, cidade(s) de Passa Quatro, é um Bem Imóvel, do tipo Edificação, com estado de conservação Regular e de preservação Pouco Alterado.","dt_cadastr":"2015-06-22Z","id_proteca":0,"id_tipo_pr":0,"ds_tipo_pr":null,"id_condica":0,"ds_condica":null,"id_zrp":null},"geometry":{"type":"MultiPoint","coordinates":[[-44.966,-22.3901]]}},{"type":"Feature","properties":{"id":1512,"id_bem":1474,"identifica":"Estação de Claúdio no Pátio da Estação de Claúdio, km 337,864","co_iphan":"MG3116605BIED00001","no_logrado":"MG - 260","nu_logrado":"363","id_naturez":2,"ds_naturez":"Bem Imóvel","codigo_iph":"BI","id_classif":24,"ds_classif":"Arquitetura de transportes","id_tipo_be":8,"ds_tipo_be":"Edificação","sg_tipo_be":"ED","sintese_be":"Estação de Claúdio no Pátio da Estação de Claúdio, km 337,864, localizado(a) no estado de Minas Gerais, cidade(s) de Cláudio, é um Bem Imóvel, do tipo Edificação, com estado de conservação Regular e de preservação Pouco Alterado.","dt_cadastr":"2015-06-22Z","id_proteca":0,"id_tipo_pr":0,"ds_tipo_pr":null,"id_condica":0,"ds_condica":null,"id_zrp":null},"geometry":{"type":"MultiPoint","coordinates":[[-44.7616,-20.4456]]}},{"type":"Feature","properties":{"id":1515,"id_bem":1469,"identifica":"Estação Ferroviária de São João Del Rei","co_iphan":"MG3162500BIED00009","no_logrado":"Hermílio Alves","nu_logrado":"462 - 600","id_naturez":2,"ds_naturez":"Bem Imóvel","codigo_iph":"BI","id_classif":24,"ds_classif":"Arquitetura de transportes","id_tipo_be":8,"ds_tipo_be":"Edificação","sg_tipo_be":"ED","sintese_be":"Estação Ferroviária de São João Del Rei, localizado(a) no estado de Minas Gerais, cidade(s) de São João Del Rei, é um Bem Imóvel, do tipo Edificação, com estado de conservação Regular e de preservação Pouco Alterado.","dt_cadastr":"2015-06-22Z","id_proteca":0,"id_tipo_pr":0,"ds_tipo_pr":null,"id_condica":0,"ds_condica":null,"id_zrp":null},"geometry":{"type":"MultiPoint","coordinates":[[-44.2572,-21.1333]]}},{"type":"Feature","properties":{"id":1516,"id_bem":1455,"identifica":"Estação Ferroviária de Formiga","co_iphan":"MG3126109BIED00003","no_logrado":"Gov. Benedito Valadares","nu_logrado":"S/N","id_naturez":2,"ds_naturez":"Bem Imóvel","codigo_iph":"BI","id_classif":24,"ds_classif":"Arquitetura de transportes","id_tipo_be":8,"ds_tipo_be":"Edificação","sg_tipo_be":"ED","sintese_be":"Estação Ferroviária de Formiga, localizado(a) no estado de Minas Gerais, cidade(s) de Formiga, é um Bem Imóvel, do tipo Edificação, com estado de conservação Regular e de preservação Pouco Alterado.","dt_cadastr":"2015-06-22Z","id_proteca":0,"id_tipo_pr":0,"ds_tipo_pr":null,"id_condica":0,"ds_condica":null,"id_zrp":null},"geometry":{"type":"MultiPoint","coordinates":[[-45.4321,-20.4607]]}},{"type":"Feature","properties":{"id":1520,"id_bem":1454,"identifica":"Estação Ferroviária de Timboré","co_iphan":"MG3126109BIED00002","no_logrado":"Direita","nu_logrado":"S/N","id_naturez":2,"ds_naturez":"Bem Imóvel","codigo_iph":"BI","id_classif":24,"ds_classif":"Arquitetura de transportes","id_tipo_be":8,"ds_tipo_be":"Edificação","sg_tipo_be":"ED","sintese_be":"Estação Ferroviária de Timboré, localizado(a) no estado de Minas Gerais, cidade(s) de Formiga, é um Bem Imóvel, do tipo Edificação, com estado de conservação Regular e de preservação Pouco Alterado.","dt_cadastr":"2015-06-22Z","id_proteca":0,"id_tipo_pr":0,"ds_tipo_pr":null,"id_condica":0,"ds_condica":null,"id_zrp":null},"geometry":{"type":"MultiPoint","coordinates":[[-45.4406,-20.5999]]}},{"type":"Feature","properties":{"id":1523,"id_bem":1647,"identifica":"Casa de alvenaria nº 2","co_iphan":"PR4124103BIED00004","no_logrado":"Topázio","nu_logrado":"76","id_naturez":2,"ds_naturez":"Bem Imóvel","codigo_iph":"BI","id_classif":24,"ds_classif":"Arquitetura de transportes","id_tipo_be":8,"ds_tipo_be":"Edificação","sg_tipo_be":"ED","sintese_be":"Casa de alvenaria nº 2, localizado(a) no estado de Paraná, cidade(s) de Santo Antônio da Platina, é um Bem Imóvel, do tipo Edificação, com estado de conservação Regular e de preservação Pouco Alterado. Construção em alvenaria com telhado em","dt_cadastr":"2015-06-24Z","id_proteca":0,"id_tipo_pr":0,"ds_tipo_pr":null,"id_condica":0,"ds_condica":null,"id_zrp":null},"geometry":{"type":"MultiPoint","coordinates":[[-50.0065,-23.3168]]}},{"type":"Feature","properties":{"id":1524,"id_bem":1430,"identifica":"Estação Ferroviária de coronel Fulgêncio","co_iphan":"MG3147600BIED00002","no_logrado":"Sem Nome","nu_logrado":"S/N","id_naturez":2,"ds_naturez":"Bem Imóvel","codigo_iph":"BI","id_classif":24,"ds_classif":"Arquitetura de transportes","id_tipo_be":8,"ds_tipo_be":"Edificação","sg_tipo_be":"ED","sintese_be":"Estação Ferroviária de coronel Fulgêncio, localizado(a) no estado de Minas Gerais, cidade(s) de Passa Quatro, é um Bem Imóvel, do tipo Edificação, com estado de conservação Regular e de preservação Pouco Alterado.","dt_cadastr":"2015-06-22Z","id_proteca":0,"id_tipo_pr":0,"ds_tipo_pr":null,"id_condica":0,"ds_condica":null,"id_zrp":null},"geometry":{"type":"MultiPoint","coordinates":[[-45.001,-22.461]]}},{"type":"Feature","properties":{"id":1527,"id_bem":1646,"identifica":"Casa de alvenaria nº 3","co_iphan":"PR4124103BIED00003","no_logrado":"Topázio","nu_logrado":"77","id_naturez":2,"ds_naturez":"Bem Imóvel","codigo_iph":"BI","id_classif":24,"ds_classif":"Arquitetura de transportes","id_tipo_be":8,"ds_tipo_be":"Edificação","sg_tipo_be":"ED","sintese_be":"Casa de alvenaria nº 3, localizado(a) no estado de Paraná, cidade(s) de Santo Antônio da Platina, é um Bem Imóvel, do tipo Edificação, com estado de conservação Regular e de preservação Pouco Alterado. \r\nConstrução em alvenaria com telhado e","dt_cadastr":"2015-06-24Z","id_proteca":0,"id_tipo_pr":0,"ds_tipo_pr":null,"id_condica":0,"ds_condica":null,"id_zrp":null},"geometry":{"type":"MultiPoint","coordinates":[[-50.0063,-23.3173]]}},{"type":"Feature","properties":{"id":1538,"id_bem":1645,"identifica":"Casa de alvenaria nº 4","co_iphan":"PR4124103BIED00002","no_logrado":"Topázio","nu_logrado":"78","id_naturez":2,"ds_naturez":"Bem Imóvel","codigo_iph":"BI","id_classif":24,"ds_classif":"Arquitetura de transportes","id_tipo_be":8,"ds_tipo_be":"Edificação","sg_tipo_be":"ED","sintese_be":"Casa de alvenaria nº 4, localizado(a) no estado de Paraná, cidade(s) de Santo Antônio da Platina, é um Bem Imóvel, do tipo Edificação, com estado de conservação Regular e de preservação Pouco Alterado.\r\nConstrução em alvenaria com telhado em","dt_cadastr":"2015-06-24Z","id_proteca":0,"id_tipo_pr":0,"ds_tipo_pr":null,"id_condica":0,"ds_condica":null,"id_zrp":null},"geometry":{"type":"MultiPoint","coordinates":[[-50.0064,-23.3171]]}},{"type":"Feature","properties":{"id":1561,"id_bem":1677,"identifica":"Casa IV","co_iphan":"PR4114203BIED00005","no_logrado":"Luiz Trintinalha","nu_logrado":null,"id_naturez":2,"ds_naturez":"Bem Imóvel","codigo_iph":"BI","id_classif":24,"ds_classif":"Arquitetura de transportes","id_tipo_be":8,"ds_tipo_be":"Edificação","sg_tipo_be":"ED","sintese_be":"Casa IV, localizado(a) no estado de Paraná, cidade(s) de Mandaguari, é um Bem Imóvel, do tipo Edificação, com estado de conservação Regular e de preservação Pouco Alterado.","dt_cadastr":"2015-06-24Z","id_proteca":235,"id_tipo_pr":3,"ds_tipo_pr":"Inscrição na lista do patrimônio cultural ferroviário","id_condica":1,"ds_condica":"Provisória","id_zrp":null},"geometry":{"type":"MultiPoint","coordinates":[[-51.681,-23.5224]]}},{"type":"Feature","properties":{"id":1565,"id_bem":2639,"identifica":"Edificação (Estação de Engenheiro Passos) 40%","co_iphan":"RJ3304201BIED00002","no_logrado":"(Confirmar Endereço)","nu_logrado":null,"id_naturez":2,"ds_naturez":"Bem Imóvel","codigo_iph":"BI","id_classif":24,"ds_classif":"Arquitetura de transportes","id_tipo_be":8,"ds_tipo_be":"Edificação","sg_tipo_be":"ED","sintese_be":"Edificação (Estação de Engenheiro Passos) 40%, localizado(a) no estado de Rio de Janeiro, cidade(s) de Resende, é um Bem Imóvel, do tipo Edificação, com estado de conservação Regular e de preservação Pouco Alterado.","dt_cadastr":"2017-05-24Z","id_proteca":648,"id_tipo_pr":3,"ds_tipo_pr":"Inscrição na lista do patrimônio cultural ferroviário","id_condica":1,"ds_condica":"Provisória","id_zrp":null},"geometry":{"type":"MultiPoint","coordinates":[[-44.6749,-22.5048]]}},{"type":"Feature","properties":{"id":1566,"id_bem":1690,"identifica":"Armazém II","co_iphan":"PR4114203BIED00008","no_logrado":"Dom Pedro II","nu_logrado":"44","id_naturez":2,"ds_naturez":"Bem Imóvel","codigo_iph":"BI","id_classif":24,"ds_classif":"Arquitetura de transportes","id_tipo_be":8,"ds_tipo_be":"Edificação","sg_tipo_be":"ED","sintese_be":"Armazém II, localizado(a) no estado de Paraná, cidade(s) de Mandaguari, é um Bem Imóvel, do tipo Edificação, com estado de conservação Regular e de preservação Pouco Alterado.","dt_cadastr":"2015-06-24Z","id_proteca":237,"id_tipo_pr":3,"ds_tipo_pr":"Inscrição na lista do patrimônio cultural ferroviário","id_condica":1,"ds_condica":"Provisória","id_zrp":null},"geometry":{"type":"MultiPoint","coordinates":[[-51.6806,-23.524]]}}]}